pre,post,plen,effconn,effconn_e,effconn_i,e_effconn,ad_effconn,ad_effconn_e,ad_effconn_i,ad_e_effconn
720575940630622509,720575940630622509,2,0.0021623042412102,0.0008591719,0.0013031327398493,0.0,0.0006677702185697,0.0006212734733708,4.649675611290149e-05,0.0
720575940630622509,720575940630622509,3,0.0003503961488604,0.00014949188,0.0002009042946156,0.0,0.0001904291857499,3.7499990867218e-05,0.0001529292203485,0.0
720575940630622509,720575940630622509,4,0.0001385141032039,7.9539925e-05,7.334884867304936e-05,0.0,5.3147641902587146e-05,2.9203078156569973e-05,2.496244997018948e-05,0.0
720575940630622509,720575940630622509,5,6.727192749120167e-05,3.828173e-05,3.665977055788972e-05,0.0,4.106751521879845e-05,2.1384919818956405e-05,2.0288658561185e-05,0.0
720575940622438621,720575940622438621,2,0.0010338691063225,0.0008893736,0.0001444954104954,0.0,0.0,0.0,0.0,0.0
720575940622438621,720575940622438621,3,0.0001497972989454,5.1444502e-05,9.835281525738536e-05,0.0,6.050166848581284e-05,8.118300684145652e-06,5.23833696206566e-05,0.0
720575940622438621,720575940622438621,4,5.284352641103479e-05,2.8763498e-05,2.6318462914787236e-05,0.0,1.632976818655152e-05,8.624567271908745e-06,7.705206371610984e-06,0.0
720575940622438621,720575940622438621,5,2.455193645008957e-05,1.2779463e-05,1.286647511733463e-05,0.0,6.991029387167071e-06,3.662874860310694e-06,3.4493173188820947e-06,0.0
720575940628899454,720575940628899454,2,0.0036065194290131,0.0011517013,0.0024548186920583,0.0011304015060886,3.2917123462539166e-05,3.2917123462539166e-05,0.0,1.424298625352094e-05
720575940628899454,720575940628899454,3,0.000509699108079,0.00024409019,0.000265608949121,9.169705299427731e-05,9.91341676126467e-06,3.5280786505609285e-06,6.385339474945795e-06,1.374052772007417e-06
720575940628899454,720575940628899454,4,0.0001611390652314,9.268049e-05,8.837036875775084e-05,1.6618122046433285e-05,9.623200991251892e-06,5.3591938922181726e-06,4.275000719644595e-06,5.398226905075002e-07
720575940628899454,720575940628899454,5,7.075586117771875e-05,3.8645405e-05,3.920937888324261e-05,3.695010829905345e-06,4.3321028526433446e-06,2.1135169845365454e-06,2.2405452000384685e-06,1.2448333005187396e-07
720575940612291682,720575940612291682,2,0.0003909672959707,0.00015867644,0.0002322907821508,0.000155170171638,2.7084465727966744e-06,2.7084465727966744e-06,0.0,0.0
720575940612291682,720575940612291682,3,8.261801849585027e-05,3.7129168e-05,4.548884317046032e-05,1.8453325537848286e-05,3.935238055419177e-06,2.4922273951233365e-06,1.443011569790542e-06,8.393686101726416e-08
720575940612291682,720575940612291682,4,3.57252400040771e-05,1.8348608e-05,1.807991247915197e-05,3.138469250721087e-06,4.3908280238041765e-06,2.007405782933347e-06,2.3914058147056494e-06,1.2685804051670857e-07
720575940612291682,720575940612291682,5,2.0932738821685745e-05,1.0916927e-05,1.0547304555075245e-05,7.335835061211901e-07,4.515472396980174e-06,2.273534391861176e-06,2.2511349015985616e-06,6.527293044959793e-08
720575940627800728,720575940627800728,2,0.0013970045838505,0.0004595558,0.0009374487563036,0.0,1.709869502519723e-05,1.207280178050496e-07,1.6977965060505085e-05,0.0
720575940627800728,720575940627800728,3,0.0003349155886098,0.00015583921,0.0001790761307347,0.0,0.0002597969723865,3.046834171982482e-05,0.0002293286670465,0.0
720575940627800728,720575940627800728,4,0.0002141041827344,0.00010563202,0.0001123314068536,0.0,0.0001662054027773,8.578681445214897e-05,8.041983528528363e-05,0.0
720575940627800728,720575940627800728,5,0.0001452006615121,7.125767e-05,7.633093628101051e-05,0.0,7.20762270535442e-05,3.412376099731773e-05,3.814141746261157e-05,0.0
720575940625586122,720575940625586122,2,0.0008896749932318,0.00035138978,0.0005382850649766,0.0,2.5743980586412363e-05,5.684935786121059e-06,2.005904752877541e-05,0.0
720575940625586122,720575940625586122,3,0.0002097484684782,0.00010336678,0.0001063818199327,0.0,2.427728395559825e-05,9.139783287537284e-06,1.5137501577555668e-05,0.0
720575940625586122,720575940625586122,4,0.000110927675663,5.865611e-05,5.602548480965197e-05,0.0,1.539927422843054e-05,6.914879122632556e-06,8.57337363413535e-06,0.0
720575940625586122,720575940625586122,5,7.25772999586433e-05,3.8101192e-05,3.6866742448182777e-05,0.0,1.087644185305575e-05,5.678418347088154e-06,5.33110141986981e-06,0.0
720575940659400577,720575940659400577,2,0.0064314636401832,0.0036152634,0.0028162007220089,0.0036050563212484,0.0001580079842824,8.939746476244181e-05,6.861052679596469e-05,8.939746476244181e-05
720575940659400577,720575940659400577,3,0.0008919104584492,0.00052094314,0.0003709674347192,0.0003628754348028,3.95000352000352e-05,2.449484782118816e-05,1.500518192187883e-05,4.896076461591292e-06
720575940659400577,720575940659400577,4,0.0003486095887043,0.00023824896,0.0001672452199272,0.0001115950605112,6.9762917596225445e-06,3.4481556667742552e-06,3.649261998361908e-06,4.9635636832587e-08
720575940659400577,720575940659400577,5,0.0001999676408365,0.00012696622,9.686042176326735e-05,5.058785244874985e-05,3.670688585848445e-06,1.7660424873611191e-06,1.995604407056817e-06,2.8118714018285003e-08
720575940636455280,720575940636455280,2,0.0045148227363824,0.0016206304,0.0028941929340362,0.0,3.917345020454377e-05,0.0,3.917345020454377e-05,0.0
720575940636455280,720575940636455280,3,0.0022198180668056,0.00077388855,0.0014459281228482,0.0,5.395817424869165e-05,1.0343762824049918e-06,5.292379864840768e-05,0.0
720575940636455280,720575940636455280,4,0.0019230098950115,0.0010202138,0.0009500727173872,0.0,2.49324154167469e-05,1.110386165237287e-05,1.3836073776474224e-05,0.0
720575940636455280,720575940636455280,5,0.0016313543794395,0.0008410019,0.0008614261751063,0.0,2.2788009872387456e-05,1.0709652087825816e-05,1.2136748409830034e-05,0.0
720575940629262380,720575940629262380,2,0.0001783263724064,0.00013624676,4.2079609556822106e-05,0.0001069199424819,0.0,0.0,0.0,0.0
720575940629262380,720575940629262380,3,4.6473975089611486e-05,2.463313e-05,2.1840845874976367e-05,1.3827743714500684e-05,1.2710188457276672e-05,8.128291483444627e-06,4.581896973832045e-06,8.128291483444627e-06
720575940629262380,720575940629262380,4,1.6010319458447025e-05,8.078956e-06,8.256057299149688e-06,2.575452310388837e-06,3.792806865021703e-06,1.124094751503435e-06,2.6687125682656188e-06,2.2742732141978197e-07
720575940629262380,720575940629262380,5,7.540625304830829e-06,3.9027927e-06,3.872579782182584e-06,5.142433598639864e-07,2.278627255576333e-06,1.3484487908499432e-06,9.324443226432776e-07,7.2555131680474e-08
720575940615281361,720575940615281361,2,0.003955943044275,0.0005727569,0.0033831838518381,0.0,0.0002441096148686,3.403016535230563e-06,0.0002407066203886,0.0
720575940615281361,720575940615281361,3,0.0014818168710917,0.00043443573,0.0010473815491423,0.0,0.0016050259582698,0.0001207455570693,0.0014842816162854,0.0
720575940615281361,720575940615281361,4,0.0007007630864258,0.00035610888,0.0003664885589387,0.0,0.0005723563879241,0.0002484003198333,0.0003240279329475,0.0
720575940615281361,720575940615281361,5,0.0004671380182361,0.00024372598,0.0002431403845548,0.0,0.0004419230899149,0.000211614620639,0.0002362686645938,0.0
720575940612468594,720575940612468594,2,0.006041404325515,0.0034024152,0.0026389895938336,0.0,1.4479176115855807e-06,0.0,1.4479176115855807e-06,0.0
720575940612468594,720575940612468594,3,0.0019922552164644,0.0011040509,0.0008882050169631,0.0,0.0001714645477477,0.0001421483175363,2.931618291768245e-05,0.0
720575940612468594,720575940612468594,4,0.0006784522088044,0.00038527002,0.0003511373652145,0.0,7.817975385474352e-05,4.971845191903412e-05,2.846331881301012e-05,0.0
720575940612468594,720575940612468594,5,0.0003110159423423,0.00017891808,0.0001737403945298,0.0,5.258774361920007e-05,2.7933383535128087e-05,2.5787468985072337e-05,0.0
720575940618870881,720575940618870881,2,0.000205194344744,0.00020519434,0.0,0.000205194344744,0.0,0.0,0.0,0.0
720575940618870881,720575940618870881,3,8.191365850507282e-06,6.9648527e-06,1.2265132909305976e-06,6.715003564750077e-06,2.1118730728630908e-06,8.791913614913938e-07,1.2326815976848593e-06,2.889277936901635e-07
720575940618870881,720575940618870881,4,9.27354753882877e-06,7.696535e-06,1.769509708537953e-06,6.065332411217081e-07,1.9683147911564447e-06,2.638339537952561e-07,1.7044808373611886e-06,4.757014693268503e-08
720575940618870881,720575940618870881,5,9.11106437886636e-06,5.3000385e-06,3.873354216921143e-06,1.312453321875941e-07,1.0862595509303612e-06,4.874239607488562e-07,6.025976517776144e-07,5.389555344654847e-08
720575940625962152,720575940625962152,2,0.0121390772983431,0.0061187074,0.0060203690081834,0.0061187054961919,0.0005278686876408,0.0004385912907309,8.927742601372302e-05,0.0004385912907309
720575940625962152,720575940625962152,3,0.0054113240912556,0.0022886205,0.0031227048020809,0.0009924282785505,0.0008180027361959,0.0003959183231927,0.0004220843256916,0.0003950829850509
720575940625962152,720575940625962152,4,0.0035226450756895,0.001866424,0.0018716880585998,0.0002885259365103,0.000464011585035,0.00029392138822,0.0001711933000478,0.0002069886829952
720575940625962152,720575940625962152,5,0.0023194745786365,0.0012979012,0.0012341545661911,7.622575569069711e-05,0.0001713907645434,0.0001010225823847,7.276624091900885e-05,5.33462847938769e-05
720575940621887841,720575940621887841,2,0.0004540310474112,0.00015580817,0.00029822284705,0.0001558081712573,0.0001060180875356,0.0,0.0001060180875356,0.0
720575940621887841,720575940621887841,3,0.000105250692286,6.787127e-05,3.737943188752979e-05,1.356460870738374e-05,3.2137191738002e-05,2.815380685206037e-05,3.983389888162492e-06,6.166984434230471e-08
720575940621887841,720575940621887841,4,4.1660810659784246e-05,2.24034e-05,2.0438379578990865e-05,2.302028660216019e-06,3.817564835500392e-06,1.6454096112283878e-06,2.2082565465098014e-06,1.847841701874131e-07
720575940621887841,720575940621887841,5,2.03523663242461e-05,1.0367894e-05,1.087238524632994e-05,6.146704225826735e-07,3.054966371275171e-06,1.4569716313417302e-06,1.6493371504111565e-06,7.678413392528205e-08
720575940614186090,720575940614186090,2,0.000741260650102,0.00024092663,0.0005003339610993,0.0002377405035076,8.170699584297836e-05,0.0,8.170699584297836e-05,0.0
720575940614186090,720575940614186090,3,0.0001812311675166,7.949051e-05,0.0001017406611936,1.1740090485545808e-05,1.5045658983581234e-05,6.6653647081693634e-06,8.380296094401274e-06,0.0
720575940614186090,720575940614186090,4,8.662536494508558e-05,4.7894544e-05,4.0369890484726056e-05,2.219409412147258e-06,1.1664600151917463e-05,7.398213710985146e-06,4.3564659790718e-06,1.7117736561544916e-08
720575940614186090,720575940614186090,5,4.712950879833845e-05,2.4577566e-05,2.372901508351788e-05,4.39206909769634e-07,6.250997201206035e-06,3.110108309556381e-06,3.2117741284309886e-06,5.4705324714632306e-09
720575940638890355,720575940638890355,2,0.0008428973378613,0.00049235177,0.0003505456261336,0.0004616038931999,0.0,0.0,0.0,0.0
720575940638890355,720575940638890355,3,0.0002086811291519,9.935366e-05,0.000109327454993,6.443129677791148e-05,2.0380148271215148e-05,9.028415661305187e-06,1.135173260990996e-05,2.6818861442734487e-06
720575940638890355,720575940638890355,4,7.771448346500842e-05,3.9864135e-05,4.236523091094568e-05,8.734979580724894e-06,5.271396275929874e-06,2.7079172468802426e-06,2.563479938544333e-06,2.482681793480879e-07
720575940638890355,720575940638890355,5,3.829579975017791e-05,2.04135e-05,2.060976657958236e-05,1.426111990509485e-06,2.83764535798797e-06,1.4193651622917969e-06,1.4561377383870422e-06,6.710012415137484e-08
720575940638098485,720575940638098485,2,0.0008220138261094,0.0006385271,0.0001834866998251,0.0006382551509886,0.0,0.0,0.0,0.0
720575940638098485,720575940638098485,3,9.968774975277483e-05,4.5033383e-05,5.4654403356835246e-05,3.0369581509148705e-05,6.060562327547814e-07,1.493340704428192e-07,4.567222617879452e-07,6.026199628195172e-08
720575940638098485,720575940638098485,4,4.096017364381405e-05,1.9580057e-05,2.298337494721636e-05,3.5994306843788416e-06,5.851132982570562e-07,2.980106899030943e-07,2.871025799322524e-07,1.9812146589970325e-08
720575940638098485,720575940638098485,5,2.207784978522642e-05,1.1655562e-05,1.1275275937805418e-05,7.792588119550806e-07,3.644223785484887e-07,1.884949369923561e-07,1.7809290397963198e-07,4.603884462495224e-09
720575940636696286,720575940636696286,2,0.0014101641718298,0.0007107304,0.0006994336727075,0.0006329205934889,6.772314372938126e-05,6.772314372938126e-05,0.0,6.772314372938126e-05
720575940636696286,720575940636696286,3,0.0003059678419958,8.9280366e-05,0.0002166872873203,4.904978777631186e-05,4.567250016407343e-06,2.2928634280106053e-06,2.274386361023062e-06,1.0780743195937248e-06
720575940636696286,720575940636696286,4,6.223778374629262e-05,3.3444376e-05,3.783358260989189e-05,6.907824048370454e-06,3.033983325565818e-06,1.5319687918236014e-06,1.5325183539971476e-06,5.2831815224342615e-08
720575940636696286,720575940636696286,5,2.50033618185525e-05,1.5150458e-05,1.4178769561112858e-05,1.3990293801050494e-06,2.7712319088644386e-06,1.3590200751423254e-06,1.4230640772439074e-06,4.132359122654126e-08
720575940616182155,720575940616182155,2,0.0015698390780016,0.0007084712,0.0008613682584837,0.0006264740950427,0.000129731328343,1.864725345512852e-05,0.0001110840676119,1.167505979537964e-05
720575940616182155,720575940616182155,3,0.0005582627491094,0.00015865426,0.0003996086888946,8.547865581931546e-05,3.2067189749795943e-05,1.2245313882885966e-05,1.982188041438349e-05,3.2584582640993176e-06
720575940616182155,720575940616182155,4,0.0002305102708445,0.000110505716,0.0001262180740013,1.6636425031760538e-05,2.217482450129056e-05,1.2868094927398488e-05,9.73794885794632e-06,4.90484729584258e-07
720575940616182155,720575940616182155,5,0.0001278645783196,7.242158e-05,6.164183287182823e-05,3.882525389275327e-06,1.4594536514860374e-05,8.199966032407247e-06,6.649743227171712e-06,2.188166604343625e-07
720575940632379467,720575940632379467,2,0.0007962117670103,0.00027437755,0.0005218341248109,0.000274377525784,2.6430578145664185e-05,0.0,2.6430578145664185e-05,0.0
720575940632379467,720575940632379467,3,0.0001523110549896,7.579285e-05,7.651823398191482e-05,2.984840830322355e-05,9.24618052522419e-06,4.530475052888505e-06,4.715706381830387e-06,1.078758504746702e-08
720575940632379467,720575940632379467,4,7.025907445004738e-05,3.738847e-05,3.4963035432156175e-05,4.506847582284668e-06,4.993810776749195e-06,3.049662154808175e-06,2.1156131424504565e-06,3.082543642562996e-08
720575940632379467,720575940632379467,5,3.881583474712362e-05,2.0541815e-05,1.9576025806600228e-05,9.484503481336702e-07,2.554194261018408e-06,1.2348561995167984e-06,1.391020305163693e-06,1.684621069496952e-08
720575940641782432,720575940641782432,2,0.000614007236436,0.0004917246,0.0001222827122546,0.0,1.032375257636886e-05,0.0,1.032375257636886e-05,0.0
720575940641782432,720575940641782432,3,7.396116416202858e-05,4.331731e-05,3.064385236939415e-05,0.0,7.505336725444067e-06,1.445926613996562e-06,6.059409315639641e-06,0.0
720575940641782432,720575940641782432,4,1.8206148113824863e-05,9.590992e-06,9.908705578709489e-06,0.0,2.27731694584607e-06,1.1216518487344729e-06,1.1666779755614698e-06,0.0
720575940641782432,720575940641782432,5,7.284595249564536e-06,3.8585767e-06,3.897783244610764e-06,0.0,2.669795409403239e-06,1.3715691693505503e-06,1.312350377702387e-06,0.0
720575940624574922,720575940624574922,2,0.0047021452337503,0.004624047,7.809772796463221e-05,0.0040621166117489,8.384869579458609e-05,0.0,8.384869579458609e-05,0.0
720575940624574922,720575940624574922,3,0.001760147861205,0.001667175,9.297301585320385e-05,0.0012805002043023,3.6866983919026097e-06,1.9949834495491814e-06,1.691714714979753e-06,0.0
720575940624574922,720575940624574922,4,0.0011105628745403,0.0010612544,9.486740600550549e-05,0.0006914181889257,1.1298368953616565e-06,9.246323315892369e-06,2.4200005555030657e-07,6.390914677467663e-07
720575940624574922,720575940624574922,5,0.0007141049356134,0.0006717154,8.774665911914781e-05,0.0003737309579282,9.655531398540257e-07,7.601663583045593e-07,1.0244983741358735e-06,5.2858027288493765e-08
720575940638549888,720575940638549888,2,0.000733871187549,0.00053320464,0.0002006666327361,0.0,0.0,0.0,0.0,0.0
720575940638549888,720575940638549888,3,0.0001421743800165,7.342282e-05,6.875160033814609e-05,0.0,5.678908200934529e-05,1.495397555117961e-05,4.183511191513389e-05,0.0
720575940638549888,720575940638549888,4,5.7931663468983086e-05,2.75148e-05,3.206051042070612e-05,0.0,3.043394099222496e-05,1.2837823305744678e-05,1.7596112229512073e-05,0.0
720575940638549888,720575940638549888,5,3.216106263874866e-05,1.6305428e-05,1.6801219317130744e-05,0.0,1.4176367939365297e-05,7.1412405304727145e-06,7.132118298613932e-06,0.0
720575940634166938,720575940634166938,2,0.0007192755583673,0.00015851003,0.0005607655621133,0.0,3.552145790308714e-05,0.0,3.552145790308714e-05,0.0
720575940634166938,720575940634166938,3,6.271086749620736e-05,3.5382713e-05,2.7328147552907467e-05,0.0,6.60831847199006e-06,5.34688615516643e-06,1.2614320894499542e-06,0.0
720575940634166938,720575940634166938,4,2.379050582956218e-05,1.2730886e-05,1.2391794371069407e-05,0.0,3.737014826233159e-06,1.7544095953780925e-06,1.9906165107386187e-06,0.0
720575940634166938,720575940634166938,5,1.2658831310305985e-05,6.4800356e-06,6.6329134824627545e-06,0.0,1.9828237776039434e-06,9.628720363252796e-07,1.0369258234277368e-06,0.0
720575940629845442,720575940629845442,2,0.0017950093606486,0.0002608429,0.0015341665130108,0.0,0.0001527460262877,0.0001153850535047,3.73609691450838e-05,0.0
720575940629845442,720575940629845442,3,0.0002105960593326,0.0001085433,0.0001020527706714,0.0,0.0001203375068143,5.0902290240628645e-05,6.943517655599862e-05,0.0
720575940629845442,720575940629845442,4,0.000126734402809,7.673924e-05,6.564891373272985e-05,0.0,6.010699250187864e-05,2.8913091227877885e-05,3.129012111457996e-05,0.0
720575940629845442,720575940629845442,5,7.994809913874553e-05,4.121208e-05,4.227179306326434e-05,0.0,3.564914456555098e-05,1.7393216694472358e-05,1.855692607932724e-05,0.0
720575940636135543,720575940636135543,2,0.0024466742761433,0.0024192804,2.73940840997966e-05,0.0023667523637413,2.2237873054109517e-05,0.0,2.2237873054109517e-05,0.0
720575940636135543,720575940636135543,3,0.0003525581851135,0.0003131662,3.93918962799944e-05,0.00028417177964,1.02560329651169e-06,8.368294288629841e-07,1.8877395291383442e-07,0.0
720575940636135543,720575940636135543,4,0.0001888644345156,0.00016110267,4.047152469865978e-05,0.0001209150062974,8.041305213854552e-07,2.3964489628269803e-06,6.244704877644836e-07,0.0
720575940636135543,720575940636135543,5,0.0001199170273837,9.114832e-05,3.525052306940779e-05,6.157122006100122e-05,1.1179675086479476e-06,4.128754653720535e-07,9.27059318200918e-07,3.668792353250794e-11
720575940637264617,720575940637264617,2,0.0031020154710859,0.0014333033,0.0016687129391357,0.0,4.863878712058067e-05,4.385570355225354e-05,4.78307902085362e-06,0.0
720575940637264617,720575940637264617,3,0.0014091114280745,0.00091089215,0.0004982199170626,0.0,5.125977259012871e-05,3.781280247494578e-05,1.3446973753161728e-05,0.0
720575940637264617,720575940637264617,4,0.0004129821405016,0.000259271,0.000176156318048,0.0,2.699547679939268e-05,1.3574896001955494e-05,1.3532317097997291e-05,0.0
720575940637264617,720575940637264617,5,0.000179890693316,0.00010026437,0.0001011363201541,0.0,1.5383365746252266e-05,7.822261068213265e-06,7.848208042560145e-06,0.0
720575940622476010,720575940622476010,2,0.0007896608440205,0.0004212663,0.0003683945687953,0.0004212662461213,4.2396237404318526e-05,0.0,4.2396237404318526e-05,0.0
720575940622476010,720575940622476010,3,0.0004911898868158,0.00023154898,0.0002596410340629,4.0343973523704335e-05,2.0235300326021388e-05,1.7894284610520117e-05,2.341018671359052e-06,0.0
720575940622476010,720575940622476010,4,0.0001735128377395,9.402111e-05,8.261945913545787e-05,4.13779792544406e-06,4.078222746524278e-06,1.4732438557985006e-06,2.676996700756717e-06,1.1435393743042255e-09
720575940622476010,720575940622476010,5,8.646321670623485e-05,4.5442932e-05,4.6188572014216334e-05,7.063310546250782e-07,2.0301974238873997e-06,1.096446112569538e-06,9.777743343875045e-07,2.0013688484255e-09
720575940628307706,720575940628307706,2,0.0021943373139947,0.0011005697,0.0010937673505395,0.0008794018067419,0.0,0.0,0.0,0.0
720575940628307706,720575940628307706,3,0.0008053009514696,0.00033335952,0.0004719411954283,0.0002497734094504,1.6206296322707203e-06,1.6206296322707203e-06,0.0,1.6206296322707203e-06
720575940628307706,720575940628307706,4,0.0004267421840964,0.00024150914,0.0002748202532529,0.0001085055455017,4.1324688027089e-07,3.1580447057422134e-07,9.74423812749592e-08,5.204945452419452e-08
720575940628307706,720575940628307706,5,0.0002347226181875,0.00015234039,0.0001592115149833,4.87030364578309e-05,4.226239374613588e-07,2.679973931662971e-07,1.5855206925152745e-07,2.8278039860207088e-08
720575940622629193,720575940622629193,2,0.0052817217074334,0.005237771,4.395367068354972e-05,0.005170106422156,1.3232435776444618e-05,0.0,1.3232435776444618e-05,0.0
720575940622629193,720575940622629193,3,0.0013503901427611,0.0012887387,6.165098602650687e-05,0.0012334110215306,8.903626280698518e-07,6.263243221837911e-07,2.640383627294796e-07,0.0
720575940622629193,720575940622629193,4,0.0006933769433817,0.0006812074,6.347107409965247e-05,0.0005756749755244,3.17386949077416e-07,1.348712658000295e-06,1.436625325368368e-07,0.0
720575940622629193,720575940622629193,5,0.0004115308994181,0.0003873634,5.794597018393688e-05,0.0003058553867154,2.205481180903109e-07,1.479181150898512e-07,2.261757998667236e-07,1.1763614971016524e-08
720575940613237758,720575940613237758,2,0.0016797537682577,0.0016092847,7.046839891700074e-05,0.001516968011856,5.942989082541317e-05,0.0,5.942989082541317e-05,0.0
720575940613237758,720575940613237758,3,0.0003184283559676,0.0002481533,7.027496758382767e-05,0.000208146564546,4.133888523938367e-06,3.25919813803921e-06,8.746903858991573e-07,0.0
720575940613237758,720575940613237758,4,0.0001827940955509,0.00013240927,5.986498945276253e-05,8.845387415078473e-05,1.0127722356477338e-06,5.575616341957357e-06,7.142930371628609e-07,0.0
720575940613237758,720575940613237758,5,0.0001186437003753,8.0118516e-05,4.6972509153420106e-05,4.388399834956305e-05,8.269305186027082e-07,4.99558268529654e-07,1.034018850987195e-06,4.014331367319101e-10
720575940644238496,720575940644238496,2,0.0039284657686948,0.0038359175,9.254856558982284e-05,0.0036866129375994,3.830205969279632e-05,0.0,3.830205969279632e-05,0.0
720575940644238496,720575940644238496,3,0.0012572390260174,0.001149015,0.0001082237940863,0.0009829052723944,2.1887906314077554e-06,9.431636271983734e-07,1.2456271178962195e-06,0.0
720575940644238496,720575940644238496,4,0.0007603150703563,0.0006901742,0.0001044433156494,0.0004979407842422,2.346618259321573e-06,4.086345143150538e-06,1.6613464595138794e-06,2.158175220756675e-07
720575940644238496,720575940644238496,5,0.0004931040755157,0.0004330638,9.290398156736046e-05,0.0002668645518671,1.3408084267814584e-06,8.154630677381647e-07,9.06496438801696e-07,1.052393656664208e-07
720575940631768121,720575940631768121,2,0.0023014470934867,0.00095300796,0.00134843820706,0.0,1.7551426935824566e-05,1.7325917269772615e-06,1.581883589096833e-05,0.0
720575940631768121,720575940631768121,3,0.0005286264931783,0.00026816397,0.0002604624023661,0.0,9.870183021121193e-06,4.6292047954921145e-06,5.240978680376429e-06,0.0
720575940631768121,720575940631768121,4,0.0001908554562786,0.000102558,9.813789802137762e-05,0.0,8.310052166095244e-06,4.535111202130793e-06,3.784604587053764e-06,0.0
720575940631768121,720575940631768121,5,9.724354157662788e-05,5.1918447e-05,5.167708150111139e-05,0.0,6.41819052008113e-06,3.185509285685839e-06,3.2475315947522176e-06,0.0
720575940611520947,720575940611520947,2,0.003568758489564,0.0034798854,8.887295552995056e-05,0.0,0.0,0.0,0.0,0.0
720575940611520947,720575940611520947,3,0.0002932713832706,8.6441054e-05,0.0002068303147098,0.0,7.324018224608153e-05,3.6627861845772713e-05,3.661232040030882e-05,0.0
720575940611520947,720575940611520947,4,0.0001102050452036,8.0591424e-05,5.598501957138069e-05,0.0,1.5632580470992252e-05,1.114642964239465e-05,4.486152647587005e-06,0.0
720575940611520947,720575940611520947,5,5.481551780939445e-05,2.989192e-05,3.2651420042384416e-05,0.0,5.081739861535837e-06,2.067326249743928e-06,3.277112909927382e-06,0.0
720575940617687067,720575940617687067,2,0.0023392769508063,0.0019085681,0.00043070880929,0.0,9.223062079399824e-06,9.223062079399824e-06,0.0,0.0
720575940617687067,720575940617687067,3,0.0003226819389965,0.00017349335,0.0001491885632276,0.0,1.1755249943234958e-05,8.323445399582852e-06,3.4318068173888605e-06,0.0
720575940617687067,720575940617687067,4,0.0001404134890205,7.205862e-05,7.810270471964031e-05,0.0,6.870120651657151e-06,4.225111752020894e-06,2.663801751623396e-06,0.0
720575940617687067,720575940617687067,5,6.021737217407233e-05,3.2092044e-05,3.282267425674945e-05,0.0,4.283914825446246e-06,2.1160444703127723e-06,2.2164172150951345e-06,0.0
720575940621167030,720575940621167030,2,0.0017776662716642,0.001728534,4.913202064926736e-05,0.0016615390777587,2.184048389608506e-05,0.0,2.184048389608506e-05,0.0
720575940621167030,720575940621167030,3,0.0002766417455859,0.00022192925,5.471250915434212e-05,0.0001899973722174,1.845866108851624e-06,1.696948856988456e-06,1.4891718080889405e-07,0.0
720575940621167030,720575940621167030,4,0.0001432642250491,0.00010597543,4.534474282991141e-05,7.147498544504658e-05,7.209342899961183e-07,2.2519586764246924e-06,4.08328332923702e-07,3.001613402275893e-09
720575940621167030,720575940621167030,5,9.009635679655088e-05,6.0725637e-05,3.5292534448672086e-05,3.375885788306863e-05,6.633777868835089e-07,3.15180614052224e-07,6.354077299874916e-07,1.0857096333083403e-09
720575940645303918,720575940645303918,2,0.0032099916134029,0.0031146738,9.531748219160364e-05,0.0028457769658416,0.0001071966617018,0.0,0.0001071966617018,0.0
720575940645303918,720575940645303918,3,0.0011708801612257,0.0010656684,0.0001052117513609,0.0008791124564595,7.105451459210599e-06,5.702269845642149e-06,1.4031818409421248e-06,0.0
720575940645303918,720575940645303918,4,0.0007271134826374,0.00065300456,0.0001013820947264,0.0004595191422011,1.09357321362797e-05,1.9703711586771533e-05,7.506778274546377e-07,1.219798151375073e-09
720575940645303918,720575940645303918,5,0.0004783436007094,0.00041637185,9.07158391783014e-05,0.0002490450906272,2.3255617149528537e-06,1.3174393416193195e-06,2.25706935452763e-06,1.600540677770823e-08
720575940614395538,720575940614395538,2,0.000406642910093,0.00029713585,0.0001095071202144,0.0002962821745313,0.0001292067754548,0.0,0.0001292067609028,0.0
720575940614395538,720575940614395538,3,5.832152601215057e-05,3.5853056e-05,2.2468466340797025e-05,2.063423380604945e-05,2.246038638986647e-05,2.119429336744361e-05,1.266092681362352e-06,0.0
720575940614395538,720575940614395538,4,2.0545102735115988e-05,1.0636371e-05,1.0618272426654585e-05,2.9237685824123403e-06,6.958650662025717e-06,2.0901861716993157e-06,4.897739017906133e-06,5.896579224895504e-09
720575940614395538,720575940614395538,5,1.0113192487455584e-05,4.584836e-06,5.92393826082116e-06,4.791712897729113e-07,2.36276419550278e-06,9.689981652627466e-07,1.453419599783956e-06,1.2004188754133338e-08
720575940637171684,720575940637171684,2,0.0031452700495719,0.0031137485,3.152271528961137e-05,0.0029996344819664,2.37361546169268e-05,0.0,2.37361546169268e-05,0.0
720575940637171684,720575940637171684,3,0.0009286711574532,0.00087967823,4.89927115268074e-05,0.0008274490246549,1.492313458584249e-06,9.749727496455307e-07,5.173407089387183e-07,0.0
720575940637171684,720575940637171684,4,0.0005310458685615,0.0005006285,5.248814704827964e-05,0.0004304381047768,3.832141245971099e-07,2.3774910005158745e-06,1.134019314008583e-07,2.5445196172313445e-08
720575940637171684,720575940637171684,5,0.0003301603837468,0.0002998144,4.865315349888988e-05,0.0002405808708443,4.3983517699037953e-07,2.909131922024244e-07,4.151519590323005e-07,7.935312851259368e-08
720575940630715979,720575940630715979,2,0.0037463391199707,0.00056689436,0.0031794446986168,0.0004695547977462,0.0002450279716867,6.669746653642505e-05,0.0001783304905984,5.150696961209178e-05
720575940630715979,720575940630715979,3,0.0005446376744657,0.00016882666,0.0003758109814953,5.62609602638986e-05,0.0001782011677278,7.385209028143436e-05,0.0001043490701704,6.662252872047247e-06
720575940630715979,720575940630715979,4,0.0002391784383056,0.00014241095,0.0001218160614371,1.0348452437798862e-05,7.162932585549175e-05,2.060831684502773e-05,5.125073585077189e-05,2.1040584661621367e-06
720575940630715979,720575940630715979,5,0.00011903411229,6.650445e-05,6.246007978916168e-05,2.5165608987531025e-06,3.758497316254302e-05,1.7724381905281916e-05,2.0415896869963035e-05,5.40280563358589e-07
720575940614684822,720575940614684822,2,0.0014007431454956,0.00023518458,0.0011655584676191,0.0002336929173907,0.0001760088780429,4.470492422115058e-05,0.0001313039538217,4.470492785912938e-05
720575940614684822,720575940614684822,3,0.0002284946967847,9.4893825e-05,0.0001336008426733,4.664554580813274e-05,3.145900336676277e-05,1.1636890121735632e-05,1.9822095055133104e-05,6.378706075338414e-06
720575940614684822,720575940614684822,4,0.0001175636526212,7.537307e-05,6.095729986554943e-05,8.74931607008914e-06,2.937566203885494e-05,1.4741902305104304e-05,1.555761082272511e-05,1.5327118718217585e-06
720575940614684822,720575940614684822,5,7.20483151567369e-05,4.030783e-05,3.7201109080342576e-05,2.278523952465195e-06,2.0992834326548223e-05,1.1055466529796831e-05,1.016242640616838e-05,5.935684495570336e-07
720575940615055144,720575940615055144,2,0.0009107693331316,0.00026765757,0.0006431117653846,0.0,0.0001423123903805,9.82300116447732e-05,4.408237509778701e-05,0.0
720575940615055144,720575940615055144,3,0.0002183184842579,0.00012680571,9.151278936769812e-05,0.0,3.9629609091207385e-05,1.860493648564443e-05,2.102467442455236e-05,0.0
720575940615055144,720575940615055144,4,0.0001001547323221,5.1974628e-05,5.024500569561496e-05,0.0,1.562230254042617e-05,7.0955875344225205e-06,8.638110557512846e-06,0.0
720575940615055144,720575940615055144,5,5.147830574576027e-05,2.600193e-05,2.6954689019476064e-05,0.0,8.434721295685561e-06,4.397468728711829e-06,4.120865924051032e-06,0.0
720575940622617748,720575940622617748,2,0.000328373076627,0.00021589223,0.0001124808695749,0.0002158922288799,0.0,0.0,0.0,0.0
720575940622617748,720575940622617748,3,0.0001352864346699,4.7386282e-05,8.790015999693424e-05,1.85457229235908e-05,0.00010879925685,5.351896834326908e-05,5.528027031687088e-05,1.4685671885672493e-05
720575940622617748,720575940622617748,4,8.47342662899781e-05,3.9152386e-05,4.66356759716291e-05,6.3256590539916425e-06,4.79035334137734e-05,1.7628655768930912e-05,3.0274881282821298e-05,2.699305923670181e-06
720575940622617748,720575940622617748,5,5.891319781494912e-05,2.9984922e-05,3.018461393367033e-05,1.8290732976270212e-06,2.54468815659291e-05,1.2990358300157824e-05,1.2554450222523885e-05,7.50709444412285e-07
720575940617273233,720575940617273233,2,0.0004301332228351,0.00013816821,0.0002919649996329,0.0,0.0001683979353401,7.86739619798027e-05,8.972396608442068e-05,0.0
720575940617273233,720575940617273233,3,0.0001401638437528,6.903484e-05,7.11290049366653e-05,0.0,8.457974035991356e-05,3.824650411843322e-05,4.633326170733199e-05,0.0
720575940617273233,720575940617273233,4,8.117623696366888e-05,4.2321804e-05,3.976516018155962e-05,0.0,5.976348964422776e-05,2.9930612072348595e-05,2.9871716833440587e-05,0.0
720575940617273233,720575940617273233,5,5.132790859866715e-05,2.6152919e-05,2.6021218218375e-05,0.0,3.925199205762857e-05,1.9438368326518685e-05,1.9897493984899484e-05,0.0
720575940608145026,720575940608145026,2,0.0004329925286583,0.00022383424,0.0002091582573484,0.0002216110151493,2.5121458747889847e-05,1.7158670743810944e-05,7.962788913573604e-06,1.7029635273502208e-05
720575940608145026,720575940608145026,3,0.0002021085529122,8.8631816e-05,0.0001134766935138,4.30817308370024e-05,0.0001168327216873,2.8524933441076428e-05,8.830777369439602e-05,1.96036617126083e-05
720575940608145026,720575940608145026,4,0.0001176987542091,5.7981284e-05,6.148785178083926e-05,1.1653425223472986e-05,5.868859809216611e-05,2.648093504831195e-05,3.222304803784937e-05,3.780769694962543e-06
720575940608145026,720575940608145026,5,8.949558698218211e-05,4.5508103e-05,4.5690561819355935e-05,3.7192432769806073e-06,4.632852012591585e-05,2.0923433112329803e-05,2.560177745181136e-05,1.3577992950892642e-06
720575940627584262,720575940627584262,2,0.0041467472910881,0.004128844,1.7903672414831817e-05,0.0041117779910564,1.936252374434844e-05,0.0,1.936252374434844e-05,0.0
720575940627584262,720575940627584262,3,0.0008350265561603,0.00080917444,2.585216861916706e-05,0.0007963773678056,6.221638386705308e-07,3.789216691529873e-07,2.432422263609624e-07,0.0
720575940627584262,720575940627584262,4,0.0003917856771778,0.00040002243,2.529905032133684e-05,0.0003546693004695,1.7338020872408389e-07,1.7715827880238066e-06,1.211141835710805e-07,8.840211895844162e-10
720575940627584262,720575940627584262,5,0.0002058519939368,0.00020347974,2.178523936890997e-05,0.0001738976908204,1.4309914310761108e-07,1.1956835521687026e-07,1.7904599758367112e-07,9.507670206687635e-10
720575940621187166,720575940621187166,2,0.0021731888409703,0.0021392326,3.3957148843910545e-05,0.0020965207368135,3.3916407119249925e-05,0.0,3.3916407119249925e-05,0.0
720575940621187166,720575940621187166,3,0.0004781653988175,0.00044364593,3.4519805922172964e-05,0.0004182081611361,1.6356414107576711e-06,7.765505642964854e-07,8.590910738348612e-07,0.0
720575940621187166,720575940621187166,4,0.0002243825712967,0.00020659395,2.9917249776190147e-05,0.00017411054384,3.864831473551961e-07,3.165654561598785e-06,2.3247147851179761e-07,8.796130046562212e-09
720575940621187166,720575940621187166,5,0.0001221019414588,0.000106928484,2.420536839053966e-05,8.200339317463294e-05,3.967106497473514e-07,3.190374400219298e-07,3.7407605191219773e-07,1.8616908015189886e-09
720575940639018147,720575940639018147,2,0.0022329345811158,0.002195424,3.7510744732571766e-05,0.0021446463651955,2.0560823031701148e-05,0.0,2.0560823031701148e-05,0.0
720575940639018147,720575940639018147,3,0.0002338277554372,0.0001941758,3.965200812672265e-05,0.0001714999089017,2.0279658201616257e-06,1.7767296185411396e-06,2.512365142592899e-07,0.0
720575940639018147,720575940639018147,4,0.0001223917289926,9.651908e-05,3.600912168622017e-05,6.602349667403858e-05,6.519878649882307e-07,2.104416580550605e-06,3.732916127319186e-07,2.0441907888635316e-10
720575940639018147,720575940639018147,5,7.766689797380196e-05,5.3842956e-05,2.8996913897572085e-05,3.19663823956503e-05,6.288969504664236e-07,3.648789288490661e-07,5.611105962088914e-07,6.376262295937352e-10
720575940622606315,720575940622606315,2,0.0034199228975921,0.003345528,7.439514592988417e-05,0.0031491443514823,5.0257676775800064e-05,0.0,5.0257676775800064e-05,0.0
720575940622606315,720575940622606315,3,0.0010699437698349,0.000979807,9.01370367500931e-05,0.0008063647546805,2.6837815312319435e-06,1.7751824543665862e-06,9.085989063351008e-07,0.0
720575940622606315,720575940622606315,4,0.0006578406869792,0.0005946257,9.205222158925608e-05,0.0004049893992778,7.688592140938047e-07,4.807248842553236e-06,4.2429530822118977e-07,0.0
720575940622606315,720575940622606315,5,0.0004425306386052,0.0003849436,8.449068991467357e-05,0.0002231460232036,1.064277225352406e-06,6.716692269037594e-07,9.198835186907672e-07,1.3012164679082616e-08
720575940627048522,720575940627048522,2,0.0060066878795623,0.005955129,5.155966937309131e-05,0.0053091770969331,0.0005336421309038,0.0004734848625957,6.015728649799712e-05,0.0
720575940627048522,720575940627048522,3,0.0027674820739775,0.0026976992,6.978309829719365e-05,0.002133262110874,8.743602847971488e-06,5.742515895690303e-06,3.0010860427864827e-06,0.0
720575940627048522,720575940627048522,4,0.0015930891257546,0.0015930312,7.248377369251102e-05,0.0010704251105337,1.828134069777961e-05,2.3022290406515825e-05,6.198739811225096e-06,1.0986982851290959e-10
720575940627048522,720575940627048522,5,0.0009372618633534,0.0009555983,6.672710878774524e-05,0.0005446989661764,1.244983041325805e-06,1.0801057896969724e-06,1.0472831490915269e-06,5.9265929053253785e-08
720575940637078106,720575940637078106,2,0.0002976248506456,7.7616794e-05,0.00022000809,7.761678716633469e-05,8.076559606706724e-05,4.322308541304665e-06,7.644329161848873e-05,4.322308541304665e-06
720575940637078106,720575940637078106,3,6.3772575231269e-05,3.0965635e-05,3.280694e-05,2.1306801500031725e-05,1.5021675608295482e-05,9.112402040045708e-06,5.909273113502422e-06,1.7224512021130067e-06
720575940637078106,720575940637078106,4,3.296010322801892e-05,1.7934399e-05,1.574611e-05,4.375872232991572e-06,1.2374585630099724e-05,6.317591214610729e-06,6.192343789734878e-06,3.296523324215581e-07
720575940637078106,720575940637078106,5,2.0220949665134582e-05,1.11024e-05,9.624441e-06,8.260697525397717e-07,7.188949025738047e-06,3.803913841693429e-06,3.455952537478879e-06,1.7896241615492586e-07
720575940619347777,720575940619347777,2,0.0003080721653532,0.00022953736,7.853476e-05,0.0,0.0,0.0,0.0,0.0
720575940619347777,720575940619347777,3,4.139976590522565e-05,2.1480188e-05,1.9919578e-05,0.0,3.493531039566733e-06,3.158130994052044e-06,3.353997328758851e-07,0.0
720575940619347777,720575940619347777,4,1.830716765541161e-05,9.28742e-06,9.675604e-06,0.0,6.403133284038631e-06,2.8917215786350425e-06,3.5114126148982905e-06,0.0
720575940619347777,720575940619347777,5,1.1834068577161498e-05,5.995715e-06,6.144176e-06,0.0,5.560274080869266e-06,2.8172937618364813e-06,2.744455514402944e-06,0.0
720575940612725466,720575940612725466,2,0.0053794872947037,0.00023563042,0.005143855,0.0,0.0001613639760762,2.555420360295102e-05,0.0001358097651973,0.0
720575940612725466,720575940612725466,3,0.0004301077278796,0.00014233678,0.0002877709,0.0,5.5774198699509725e-05,2.1858752006664872e-05,3.391544669284485e-05,0.0
720575940612725466,720575940612725466,4,0.0001258005891488,9.388609e-05,6.701372e-05,0.0,1.4536481960192351e-05,9.089802006201351e-06,5.479289029608481e-06,0.0
720575940612725466,720575940612725466,5,5.275396071352554e-05,3.1320713e-05,2.8332002e-05,0.0,7.1773342465953056e-06,3.565900442481506e-06,3.688641299959272e-06,0.0
720575940619146837,720575940619146837,2,0.003800701117143,0.0037287762,7.192557e-05,0.0036053941585123,4.759697549161501e-05,0.0,4.759697549161501e-05,0.0
720575940619146837,720575940619146837,3,0.001174813020043,0.0010893014,8.5511405e-05,0.0009769418975338,3.759018682103488e-06,2.95086033474945e-06,8.081581768237811e-07,0.0
720575940619146837,720575940619146837,4,0.0006556978846199,0.00060587126,8.4976265e-05,0.0004646577522009,9.570442443488271e-07,4.763744072988629e-06,4.1972270992118876e-07,0.0
720575940619146837,720575940619146837,5,0.0004072781151073,0.0003608154,7.732954e-05,0.0002386451108121,1.331064488174436e-06,7.497573619730247e-07,1.190160219266545e-06,3.968077422200622e-08
720575940632648612,720575940632648612,2,0.0819512903690338,0.00013460561,0.081816696,0.0,0.000307416630676,0.0001041128489305,0.0002033037599176,0.0
720575940632648612,720575940632648612,3,0.0331675559282302,0.0014389493,0.031728618,0.0,3.450518852332607e-05,1.3093156667309812e-05,2.1412026399048045e-05,0.0
720575940632648612,720575940632648612,4,0.0221297195624319,0.018599048,0.011774902,0.0,1.2303019464307132e-05,6.765932994312607e-06,5.782478183391504e-06,0.0
720575940632648612,720575940632648612,5,0.0132415793071151,0.014623794,0.005605014,0.0,5.208596646140704e-06,2.712497916945722e-06,2.6339562282373663e-06,0.0
720575940633774187,720575940633774187,2,0.0016755922697484,9.525625e-05,0.001580336,0.0,0.0,0.0,0.0,0.0
720575940633774187,720575940633774187,3,0.000586511392612,0.00019503913,0.00039147222,0.0,3.9365829707094246e-07,9.068915574061977e-08,3.029691697520321e-07,0.0
720575940633774187,720575940633774187,4,0.0002488619151937,0.000104306484,0.00016335478,0.0,9.344845466330298e-07,3.926481042526575e-07,5.41836357115244e-07,0.0
720575940633774187,720575940633774187,5,0.0001260498739711,5.994901e-05,8.4079154e-05,0.0,7.108450504401291e-07,3.45941543855588e-07,3.650968096735596e-07,0.0
720575940626871025,720575940626871025,2,0.0401961728930473,9.9854646e-05,0.04009632,0.0,3.252322130720131e-05,3.252322130720131e-05,0.0,0.0
720575940626871025,720575940626871025,3,0.0034325236920267,0.0009708709,0.002461653,0.0,4.59854118162184e-06,2.5530753191560507e-06,2.045465862465789e-06,0.0
720575940626871025,720575940626871025,4,0.0041562480495795,0.0055005956,0.0005739101,0.0,3.6970316169684376e-06,1.7907747178469435e-06,1.913817868626211e-06,0.0
720575940626871025,720575940626871025,5,0.0012845114758122,0.001027684,0.0006196207,0.0,2.0606427284995718e-06,1.0297568451278494e-06,1.043514089360542e-06,0.0
720575940605298121,720575940605298121,2,0.0059311464428901,0.00014432127,0.005786824,0.0,1.6590626046308898e-06,1.6590626046308898e-06,0.0,0.0
720575940605298121,720575940605298121,3,0.0006555484724231,0.00033635422,0.00031919425,0.0,1.1058112249884289e-05,3.2740947517595487e-06,7.784018634993117e-06,0.0
720575940605298121,720575940605298121,4,0.0005531277523264,0.00035870678,0.00025945005,0.0,9.65561970406583e-06,5.674836302205222e-06,4.008298674307298e-06,0.0
720575940605298121,720575940605298121,5,0.000323955188968,0.00017088681,0.00017280494,0.0,6.583047678307913e-06,3.3152759897348005e-06,3.344296146678971e-06,0.0
720575940636492358,720575940636492358,2,0.037220437079668,0.00023036932,0.036990065,0.0,4.078707206645049e-05,4.078707206645049e-05,0.0,0.0
720575940636492358,720575940636492358,3,0.0027805427089333,0.0009365729,0.0018439695,0.0,0.0005120402784086,0.0003498377918731,0.0001622024865355,0.0
720575940636492358,720575940636492358,4,0.0046580373943566,0.005854055,0.0004409245,0.0,0.0001450122298884,6.762866541976109e-05,7.741776062175632e-05,0.0
720575940636492358,720575940636492358,5,0.0012567355310183,0.00094441633,0.00059939944,0.0,7.525625938295926e-05,3.771060437429696e-05,3.822042708634399e-05,0.0
720575940625699992,720575940625699992,2,0.0067956261336803,0.00043524912,0.0063603777,0.0,5.9666140259651e-06,0.0,5.9666140259651e-06,0.0
720575940625699992,720575940625699992,3,0.0007860381156206,0.0003796575,0.00040638054,0.0,4.751949745696038e-06,2.035171974057448e-06,2.7167779990122654e-06,0.0
720575940625699992,720575940625699992,4,0.0007314694708424,0.0005085679,0.00030166015,0.0,4.23381043917352e-06,2.1500404727703426e-06,2.088462906613131e-06,0.0
720575940625699992,720575940625699992,5,0.0003094128250424,0.00015346767,0.00017833334,0.0,2.5795587709650102e-06,1.215740894622286e-06,1.3807390359943383e-06,0.0
720575940619905916,720575940619905916,2,0.0009710670565254,0.00075490156,0.00021616543,0.0,0.0004237288085278,0.0004237288085278,0.0,0.0
720575940619905916,720575940619905916,3,0.0020328941754996,4.5829423e-05,0.0019870645,0.0,0.0002303078799741,2.8622867830563337e-05,0.0002016850339714,0.0
720575940619905916,720575940619905916,4,0.00103052763004,0.00032730232,0.0007419789,0.0,0.0002104225301125,0.0001084422910935,0.0001022511569317,0.0
720575940619905916,720575940619905916,5,0.0007063067388165,0.00040981043,0.0003472219,0.0,6.989507524665015e-05,2.3857297492213547e-05,4.6905523049645126e-05,0.0
720575940625306603,720575940625306603,2,0.0025580816436558,0.0020765155,0.00048156545,0.0020661980379372,0.0004660118429455,0.0004513793101068,1.4632554666604848e-05,0.0004513793101068
720575940625306603,720575940625306603,3,0.0007341731106862,0.00037434333,0.00035982984,0.0002923227730207,7.41480544093065e-05,3.154245496261865e-05,4.260559217073023e-05,2.497613422747236e-05
720575940625306603,720575940625306603,4,0.000446080583882,0.00020566137,0.00025627945,8.626639078470484e-05,1.6909295224562814e-05,1.2088476069038734e-05,5.7699153330759145e-06,7.349684900745879e-06
720575940625306603,720575940625306603,5,0.000337959833031,0.00016714966,0.00018950594,2.7597303485575754e-05,5.786130892803824e-06,3.0390365282073617e-06,2.961541895274422e-06,7.058277336731101e-07
720575940612014131,720575940612014131,2,3.790158734773286e-05,4.309899e-06,3.359169e-05,4.309898940846324e-06,8.946744856075384e-06,8.946744856075384e-06,0.0,8.946744856075384e-06
720575940612014131,720575940612014131,3,2.76422179013025e-05,1.0291079e-05,1.7351143e-05,5.12876397351647e-07,3.038173645109054e-06,1.3525452686735662e-06,1.6856282627486507e-06,7.644326416311743e-08
720575940612014131,720575940612014131,4,1.3990122246657694e-05,6.3228035e-06,7.848546e-06,4.060011483515362e-07,1.541979188785935e-06,7.678248152842571e-07,7.789503229105321e-07,2.1113999039328864e-08
720575940612014131,720575940612014131,5,8.328859942523583e-06,4.390933e-06,4.1934472e-06,8.189124621183478e-08,6.568816270374425e-07,3.639224814833142e-07,2.974813071432436e-07,5.288314816073866e-09
720575940610499523,720575940610499523,2,0.0004188382008578,0.00017963878,0.00023919943,0.0,0.0002302003558725,0.0002112330694217,1.896728645078838e-05,0.0
720575940610499523,720575940610499523,3,0.0003237724886275,0.00017569607,0.0001480764,0.0,0.0004374630807433,0.0002032752090599,0.0002341879880987,0.0
720575940610499523,720575940610499523,4,0.0001123120275843,6.4012e-05,4.909463e-05,0.0,8.100038307327865e-05,4.269233613740653e-05,3.91348876291886e-05,0.0
720575940610499523,720575940610499523,5,4.444454162818976e-05,2.4166999e-05,2.1996124e-05,0.0,2.7843846917575933e-05,1.527687163616065e-05,1.4009465303388424e-05,0.0
720575940620249471,720575940620249471,2,0.0007431549020111,0.00012998922,0.00061316567,0.0,5.845218402100727e-05,5.845218402100727e-05,0.0,0.0
720575940620249471,720575940620249471,3,0.0003317342489026,0.00019290869,0.00013882566,0.0,9.52365189732518e-06,8.552498002245557e-06,9.711535540191107e-07,0.0
720575940620249471,720575940620249471,4,0.0003541075897837,0.00016739371,0.00018921428,0.0,1.7709616893466854e-06,9.583193332218798e-07,8.160590709849203e-07,0.0
720575940620249471,720575940620249471,5,0.0002714013891352,0.00013723622,0.00014072159,0.0,9.481861116405458e-07,4.3685201944754237e-07,5.249260084383423e-07,0.0
720575940639235300,720575940639235300,2,0.0007616823422722,0.0005589458,0.00020273656,0.0004981167148798,0.0,0.0,0.0,0.0
720575940639235300,720575940639235300,3,0.0004227355530019,0.00034980438,7.293122e-05,2.244959614472464e-05,5.369668724597432e-05,2.13641906157136e-05,3.233249663026072e-05,9.846123248280492e-06
720575940639235300,720575940639235300,4,0.0002384078968746,0.00015399347,8.748676e-05,5.877573933182406e-06,9.433968079974876e-05,5.586617407971062e-05,3.847351035801694e-05,2.503721816538018e-06
720575940639235300,720575940639235300,5,9.21639404822194e-05,5.383695e-05,4.384482e-05,2.1580156190607644e-06,3.559115988223551e-05,1.8737840946414508e-05,1.7702670447761193e-05,8.477534764888126e-07
720575940623478115,720575940623478115,2,0.001630978193134,0.0006823605,0.00094861886,0.0,0.0005236756987869,0.0002681435435079,0.000255532155279,0.0
720575940623478115,720575940623478115,3,0.0008231172687374,0.00043947867,0.00038363808,0.0,0.0002095920353895,8.927236194722354e-05,0.0001203196443384,0.0
720575940623478115,720575940623478115,4,0.0004420419137204,0.00022865809,0.00022076305,0.0,8.801403751724883e-05,4.1733776015462354e-05,4.675249510910362e-05,0.0
720575940623478115,720575940623478115,5,0.0002689495101352,0.00013848352,0.00014012812,0.0,4.165311171666453e-05,2.1523406758205965e-05,2.066785418719519e-05,0.0
720575940620804566,720575940620804566,2,0.0007116645574569,0.00061973126,9.1933354e-05,0.0004982588579878,1.8902697775047272e-05,1.8902697775047272e-05,0.0,1.8902697775047272e-05
720575940620804566,720575940620804566,3,8.101920684566721e-05,3.826571e-05,4.2753512e-05,1.1187762538611423e-05,1.2524690646387173e-05,4.639296548702987e-06,7.88539728091564e-06,1.7330475543531065e-07
720575940620804566,720575940620804566,4,4.988633151846559e-05,2.5835861e-05,2.5325418e-05,2.1898194303955315e-06,2.0416079589697035e-05,1.2261421034054363e-05,8.27315125206951e-06,3.1523906242855536e-07
720575940620804566,720575940620804566,5,3.6653840268094365e-05,1.8896757e-05,1.8511124e-05,6.749591929729489e-07,1.694711613515278e-05,8.789143976173364e-06,8.201012860808987e-06,1.479166095711952e-07
720575940629701737,720575940629701737,2,0.0031251169275492,0.0008832335,0.0022418844,0.0,0.0010555920889601,0.0004722398589365,0.0005833522300235,0.0
720575940629701737,720575940629701737,3,0.00102734437678,0.00045237062,0.00057497364,0.0,9.952672553481534e-05,6.512414256576449e-05,3.440259388298728e-05,0.0
720575940629701737,720575940629701737,4,0.0006812989227954,0.00038339855,0.00032396833,0.0,3.259689133235648e-05,1.739974868542049e-05,1.703305315459147e-05,0.0
720575940629701737,720575940629701737,5,0.0004915693537221,0.00025502322,0.00025950637,0.0,1.6869222131307947e-05,9.057229362952056e-06,8.385277396882884e-06,0.0
720575940624877360,720575940624877360,2,0.0008598307031206,0.0001416477,0.00071818306,0.0,3.054677654290572e-05,5.555300504056504e-06,2.4991471946123056e-05,0.0
720575940624877360,720575940624877360,3,0.0003612675063777,0.0001616186,0.00019964871,0.0,1.1856429409817792e-05,7.745865332253743e-06,4.110568170290208e-06,0.0
720575940624877360,720575940624877360,4,0.0002277612205519,0.000115272866,0.00011721911,0.0,6.461868584731151e-06,3.4228437471028883e-06,3.0537453312717844e-06,0.0
720575940624877360,720575940624877360,5,0.0001503225729867,7.756066e-05,7.86247e-05,0.0,3.93440499411072e-06,1.9975607301603304e-06,1.960189820238156e-06,0.0
720575940627444490,720575940627444490,2,0.0425440557301044,0.0018044824,0.040739574,0.0,0.0002572926459833,0.0001411566627211,0.0001161359687102,0.0
720575940627444490,720575940627444490,3,0.012594386935234,0.0016332467,0.010961139,0.0,0.0002349878195673,0.0002281442575622,6.843548362667207e-06,0.0
720575940627444490,720575940627444490,4,0.0061030522956816,0.0047955844,0.0038691727,0.0,1.3692559567553431e-05,8.969817827164661e-06,6.159003532957286e-06,0.0
720575940627444490,720575940627444490,5,0.0028826114593496,0.002715691,0.0017393158,0.0,4.63764295070498e-06,2.366263288422488e-06,6.06362027610885e-06,0.0
720575940614843275,720575940614843275,2,9.738165681483224e-05,4.4706598e-05,5.2675066e-05,4.470659405342303e-05,2.507189856260084e-05,1.0244431905448437e-05,1.48274675666471e-05,1.0244431905448437e-05
720575940614843275,720575940614843275,3,2.3346923626377247e-05,1.0311296e-05,1.30356275e-05,5.604332272923784e-06,4.592714049067581e-06,1.6331664483004715e-06,2.959546691272408e-06,8.487612035423808e-07
720575940614843275,720575940614843275,4,1.1218050665173396e-05,5.675988e-06,5.8769574e-06,1.2383341559796796e-06,2.6896365569192862e-06,1.0248985518046538e-06,1.6847587858137558e-06,3.618193977823122e-07
720575940614843275,720575940614843275,5,7.022546307501362e-06,3.5670685e-06,3.625093e-06,3.63548855261092e-07,1.4656306650538806e-06,7.623928581779182e-07,7.13272015673283e-07,1.2438919923384488e-07
720575940628393042,720575940628393042,2,0.0006926485802978,0.00045083222,0.00024181629,0.0,5.528061228687875e-05,0.0,5.528061228687875e-05,0.0
720575940628393042,720575940628393042,3,7.756541162962094e-05,4.0401435e-05,3.7163954e-05,0.0,2.4368131562368944e-05,1.677364343777299e-05,7.5944899435853586e-06,0.0
720575940628393042,720575940628393042,4,2.5590705197461333e-05,1.3122266e-05,1.3710498e-05,0.0,1.034276296695169e-05,5.2167406465741806e-06,5.140786015545018e-06,0.0
720575940628393042,720575940628393042,5,1.440962105766189e-05,7.187711e-06,7.629839e-06,0.0,5.414607568310071e-06,2.668226443347521e-06,2.7729597604775336e-06,0.0
720575940628017563,720575940628017563,2,0.0019160567317157,0.001778108,0.00013794875,0.0017596204997971,1.9389884982956573e-05,5.329638042894658e-06,1.4060247849556616e-05,5.329638042894658e-06
720575940628017563,720575940628017563,3,0.0002049985923804,0.00014879483,5.6203804e-05,0.000131881533889,2.910691728175152e-05,1.8285752958036028e-05,1.0821165233210197e-05,1.5273843018803746e-05
720575940628017563,720575940628017563,4,6.627332395863911e-05,4.5916597e-05,2.7663627e-05,2.5598547715565937e-05,1.2417621529615469e-05,6.256410415517166e-06,6.182162906043232e-06,1.4315413509748547e-06
720575940628017563,720575940628017563,5,3.201737320356071e-05,1.7891345e-05,1.6548169e-05,4.531430298092883e-06,9.67349411253658e-06,4.462552169570699e-06,5.252128175925464e-06,4.5465011880941284e-07
720575940634341587,720575940634341587,2,0.0098306201398372,0.00027626226,0.009554357,0.0,0.0006899616564624,0.0006600024644285,2.99591356451856e-05,0.0
720575940634341587,720575940634341587,3,0.0022743148729205,0.0006192646,0.001655051,0.0,9.071745444089174e-05,1.2888419405499008e-05,7.782904140185565e-05,0.0
720575940634341587,720575940634341587,4,0.0015459754889095,0.0013009342,0.00042113708,0.0,3.7768486122307496e-05,2.01337334146956e-05,1.933728708536364e-05,0.0
720575940634341587,720575940634341587,5,0.0007301581970086,0.0004957684,0.00031807576,0.0,2.592156855755031e-05,1.3346168998396024e-05,1.2974186574865598e-05,0.0
720575940610773782,720575940610773782,2,0.0056766145862638,0.001237048,0.0044395668,0.0,0.0028226152062416,0.000592398981098,0.0022302162833511,0.0
720575940610773782,720575940610773782,3,0.0008395782788284,0.00034776557,0.0004918126,0.0,0.0001198690151795,8.504719153279439e-05,3.482181637082249e-05,0.0
720575940610773782,720575940610773782,4,0.0002624284325666,0.00016438265,0.00014979775,0.0,0.0001201369737219,8.93919204827398e-05,5.7396828196942806e-05,0.0
720575940610773782,720575940610773782,5,0.000131914644229,7.700412e-05,7.594605e-05,0.0,4.188128120378952e-05,3.020704025402665e-05,1.5639887351426296e-05,0.0
720575940611462885,720575940611462885,2,0.0002428822481306,0.00017418797,6.8694295e-05,0.0001732355303829,0.0001000896882032,0.0001000896882032,0.0,0.0001000896882032
720575940611462885,720575940611462885,3,4.837925735046156e-05,2.045606e-05,2.7923197e-05,1.1603352504607756e-05,7.818824997229967e-06,4.262918082531542e-06,3.5559069146984257e-06,2.983058948302641e-06
720575940611462885,720575940611462885,4,2.1248418684988396e-05,1.13400165e-05,1.0725618e-05,2.2848157506827817e-06,4.011640096505212e-06,2.048185706371441e-06,2.292741555720568e-06,6.258815186719348e-07
720575940611462885,720575940611462885,5,1.3624196340881984e-05,7.2658013e-06,6.9639227e-06,9.239122482633148e-07,3.917925181066218e-06,2.2448907657235395e-06,1.7491187236373662e-06,1.0547089263547332e-06
720575940614730914,720575940614730914,2,0.002668745117262,0.0020640239,0.0006047214,0.00206083455123,0.0018319394439458,0.0016772940289229,0.0001546452695038,0.0016772940289229
720575940614730914,720575940614730914,3,0.0008395434706471,0.0004400313,0.000399512,0.0003061319002881,0.0003659208596218,0.0001820694742491,0.0001838516036514,0.0001546058192616
720575940614730914,720575940614730914,4,0.0003816369894193,0.00019277682,0.00020497316,4.734632328932147e-05,9.868550138007924e-05,4.8776644689496607e-05,5.480281106429175e-05,1.2238613851926987e-05
720575940614730914,720575940614730914,5,0.0002171649796277,0.00011405464,0.000116674215,1.1619342310817551e-05,4.245110354543606e-05,2.217300789197907e-05,2.402983227511868e-05,2.7445135729903995e-06
720575940606185090,720575940606185090,2,0.0011009405134245,0.00081649824,0.0002844424,0.0,0.0004296182014513,0.0004184650606475,1.1153119885420892e-05,0.0
720575940606185090,720575940606185090,3,0.0004696586693171,0.00022874076,0.00024091778,0.0,0.0003222625236958,0.0001284889876842,0.000193773623323,0.0
720575940606185090,720575940606185090,4,0.0003970702202914,0.00017002481,0.00023207592,0.0,0.0001939036153973,9.026048792293297e-05,0.0001044202363118,0.0
720575940606185090,720575940606185090,5,0.0002858812680967,0.00013979727,0.00015079229,0.0,0.0001393417118599,6.608413968933746e-05,7.395839929813519e-05,0.0
720575940616853853,720575940616853853,2,0.001301844837144,0.0006744348,0.0006274103,0.0005993389640934,2.977926851599477e-05,0.0,2.977926851599477e-05,0.0
720575940616853853,720575940616853853,3,0.000785035197623,0.00030074554,0.00048428995,0.0001620079856365,3.379750296517159e-06,2.3844031602493487e-06,9.9534713626781e-07,6.907448835136165e-08
720575940616853853,720575940616853853,4,0.0006441899414896,0.00031615765,0.00034621227,8.45885083935104e-05,1.0166595673750847e-06,4.65189913256836e-07,5.563529725804983e-07,5.820554704882853e-08
720575940616853853,720575940616853853,5,0.0005375831209342,0.0003060196,0.00026703242,4.681851729644093e-05,4.725382485540383e-07,2.3646140334676602e-07,2.448086604545097e-07,1.0044107669664197e-08
720575940626229337,720575940626229337,2,0.0017505605937913,0.00069411524,0.0010564455,0.0006941152387298,0.0,0.0,0.0,0.0
720575940626229337,720575940626229337,3,0.0002288918913109,0.0001579805,7.0911396e-05,4.225329394103028e-05,6.3333660364151e-05,5.235293428995647e-05,1.098072789318394e-05,8.742748036638659e-07
720575940626229337,720575940626229337,4,8.710748276391709e-05,4.9668648e-05,4.3000004e-05,9.879735377129914e-06,4.24101781391073e-05,3.169597766827792e-05,1.0714214113249907e-05,3.501814944684156e-07
720575940626229337,720575940626229337,5,4.758246375574274e-05,2.6185817e-05,2.4694045e-05,2.182184247015532e-06,1.3704634053016111e-05,7.4474191933404654e-06,6.659779955953127e-06,6.955790565821848e-08
720575940624437029,720575940624437029,2,0.0006307422881945,0.00012093808,0.00050980423,0.0,4.628431634046137e-05,7.587022537336452e-06,3.869729334837757e-05,0.0
720575940624437029,720575940624437029,3,0.0003552360285539,0.00024925364,0.00010598244,0.0,1.818787495722063e-05,1.303204226132948e-05,5.155830876901746e-06,0.0
720575940624437029,720575940624437029,4,0.0001658588238074,8.866081e-05,8.205552e-05,0.0,2.080766813539488e-05,8.810038707451895e-06,1.203631290991325e-05,0.0
720575940624437029,720575940624437029,5,0.0001191238615865,5.5268145e-05,7.225057e-05,0.0,1.5295083395063677e-05,6.914606274222024e-06,8.446115316473879e-06,0.0
720575940612058543,720575940612058543,2,0.0019076708704233,0.0015281622,0.0003795087,0.0015281621599569,2.488420795998536e-05,0.0,2.488420795998536e-05,0.0
720575940612058543,720575940612058543,3,0.0002029148163273,0.0001447171,5.8197606e-05,8.277944289147854e-05,3.504354754113592e-05,3.087576260440983e-05,4.167779479757883e-06,2.8957323650047332e-08
720575940612058543,720575940612058543,4,0.0001487439219201,0.0001227531,4.9773058e-05,1.71258431245433e-05,1.338489136179621e-05,7.489783456549048e-06,5.904472800466465e-06,1.1633044749714828e-07
720575940612058543,720575940612058543,5,0.0001025190252821,5.7036566e-05,5.4586446e-05,2.229833173817876e-06,1.0495923553991384e-05,4.078013716934947e-06,6.643371762038441e-06,1.2955020655825668e-08
720575940632626402,720575940632626402,2,0.0013106265105307,0.0001284229,0.0011822036,0.0001284228928852,9.128075907938182e-05,3.155698504997417e-05,5.972377402940765e-05,3.155698504997417e-05
720575940632626402,720575940632626402,3,0.0007661614799872,0.0006867842,7.937739e-05,9.01896237337496e-06,3.635805114754476e-05,2.1974366973154247e-05,1.438368417439051e-05,3.0581545615859795e-06
720575940632626402,720575940632626402,4,0.000362215360193,7.4466734e-05,0.00036589184,2.195407600671156e-06,1.630609494203245e-05,7.664269105589483e-06,8.655497367726639e-06,5.247310931241575e-07
720575940632626402,720575940632626402,5,0.0001357165267832,0.00013735612,7.6417426e-05,8.01592544413967e-07,9.255771038666008e-06,4.723659912997391e-06,4.596652615873609e-06,1.7476197587275146e-07
720575940639159797,720575940639159797,2,0.0010855051223188,0.00038719497,0.0006983101,0.0003829063498415,3.5703449157153955e-06,0.0,3.5703449157153955e-06,0.0
720575940639159797,720575940639159797,3,0.0002909763425122,9.282988e-05,0.00019814639,5.3764062613481656e-05,0.0001242851139977,6.799888979003299e-06,0.0001174852368421,3.934784217562992e-06
720575940639159797,720575940639159797,4,0.0001919836170028,9.9112774e-05,9.69497e-05,1.3575463613143e-05,5.871837673487443e-05,2.476431291142944e-05,3.395407838979736e-05,3.217693802071153e-06
720575940639159797,720575940639159797,5,0.0001438686036925,7.305094e-05,7.455888e-05,4.863660399577007e-06,3.728171881337357e-05,1.683113987382967e-05,2.067411332973279e-05,1.3587608531091684e-06
720575940611881139,720575940611881139,2,0.0001491317962063,0.000106607185,4.2524618e-05,0.0,3.681674570543692e-05,1.4880688468110748e-05,2.193605905631557e-05,0.0
720575940611881139,720575940611881139,3,9.403132571605964e-05,4.6391313e-05,4.7640027e-05,0.0,1.7284482964896597e-05,1.2860422430094332e-05,4.424061444296967e-06,0.0
720575940611881139,720575940611881139,4,4.349583493962665e-05,1.9533221e-05,2.443201e-05,0.0,7.975061910580341e-06,3.891333108185791e-06,4.104831987206126e-06,0.0
720575940611881139,720575940611881139,5,2.5620569381624875e-05,1.3544557e-05,1.3629771e-05,0.0,3.56757847460695e-06,1.8271623503096637e-06,1.7939285044121789e-06,0.0
720575940622579967,720575940622579967,2,0.0028977610636502,0.0015281739,0.0013695864,0.0015278720529749,0.0002114549133693,1.4280081813922152e-05,0.0001971748133655,1.4280081813922152e-05
720575940622579967,720575940622579967,3,0.0011312203714624,0.0003959205,0.0007352997,0.0001854757720138,0.000102510661236,6.733414193149656e-05,3.517653749440797e-05,1.9054375570704e-06
720575940622579967,720575940622579967,4,0.0010532847448831,0.00054502505,0.0005361368,4.468011339198219e-05,6.688439307563356e-05,3.2447936973767355e-05,3.483986802166328e-05,1.8660489084934174e-07
720575940622579967,720575940622579967,5,0.0008604757585577,0.0004852886,0.00040546592,1.1337479048480985e-05,3.318139596224993e-05,1.6852309272508137e-05,1.696373146842234e-05,5.131593001751047e-08
720575940626075517,720575940626075517,2,0.0028713068459182,0.00026147527,0.0026098322,0.0,0.0001841426128521,3.493111944408156e-05,0.0001492115115979,0.0
720575940626075517,720575940626075517,3,0.0009517702856101,0.0006378819,0.00031388836,0.0,6.709701119689271e-05,4.42830532847438e-05,2.2813961550127715e-05,0.0
720575940626075517,720575940626075517,4,0.0010401002791128,0.00090927485,0.00021228494,0.0,3.423153415899349e-05,1.7670157831162214e-05,1.7095553630497307e-05,0.0
720575940626075517,720575940626075517,5,0.0005633683757044,0.00030204066,0.00034692266,0.0,2.018748081393432e-05,1.0014529834734276e-05,1.0837042282219043e-05,0.0
720575940625187940,720575940625187940,2,5.9426227380754426e-05,2.0185931e-05,3.9240298e-05,2.018593113461975e-05,1.3652250345330684e-05,0.0,1.3652250345330684e-05,0.0
720575940625187940,720575940625187940,3,7.132733298931271e-05,2.4410483e-05,4.691683e-05,6.951309842406772e-06,1.2118000086047688e-05,8.894458005670458e-06,3.223542080377229e-06,6.480672709585633e-06
720575940625187940,720575940625187940,4,7.283363887957084e-05,4.0634106e-05,3.241649e-05,2.7698489576806017e-06,1.6568958581981158e-05,9.058447176357731e-06,7.529493359470507e-06,5.694123501598369e-07
720575940625187940,720575940625187940,5,6.080732429832325e-05,3.2763346e-05,2.9453226e-05,1.0652073971176745e-06,1.0419855952074737e-05,5.856922143721022e-06,4.5906535888207145e-06,4.286168527120724e-07
720575940621700789,720575940621700789,2,0.0008546438184566,0.00028112964,0.0005735141,0.0002165551559301,0.0,0.0,0.0,0.0
720575940621700789,720575940621700789,3,0.0001498545025242,8.685842e-05,6.299606e-05,5.694478750228882e-05,7.06141217960976e-05,4.394916322780773e-05,2.666494765435345e-05,4.0734466892899945e-05
720575940621700789,720575940621700789,4,0.0001012281304383,5.6254765e-05,5.212015e-05,1.0094122693675309e-05,9.346624574391171e-05,3.840740828309208e-05,5.505883746081963e-05,9.639829841034953e-06
720575940621700789,720575940621700789,5,7.920058206847429e-05,4.1744708e-05,3.9823888e-05,3.592981982011465e-06,5.301465342323287e-05,3.15467405016534e-05,2.201763345510699e-05,4.095562793161717e-06
720575940626571602,720575940626571602,2,0.0045996992848813,0.0033859774,0.0012137208,0.0031087670940905,0.0001171089970739,0.0001171089970739,0.0,0.0001171089970739
720575940626571602,720575940626571602,3,0.0005648140795528,0.00025532948,0.0003094846,7.740343426121399e-05,6.902791938045993e-05,4.208028258290142e-05,2.6947640435537323e-05,2.90339085040614e-05
720575940626571602,720575940626571602,4,0.000291198711538,0.00016620537,0.00015472915,1.5679528060425292e-05,2.3705960373058047e-05,1.5633886505383998e-05,8.091968993539922e-06,4.1863252424181445e-06
720575940626571602,720575940626571602,5,0.0001855435557701,0.00010057102,9.646974e-05,4.02220735794038e-06,1.2209333898704724e-05,6.98906478646677e-06,5.97861799178645e-06,6.541706716598806e-07
720575940622473292,720575940622473292,2,0.0066082132980227,0.00027839706,0.0063298168,0.0,0.0002017305232584,8.447571417491417e-06,0.0001932829327415,0.0
720575940622473292,720575940622473292,3,0.0004607681767083,0.00017193408,0.0002888341,0.0,4.030598211102188e-05,1.3811224562232384e-05,2.649475754878949e-05,0.0
720575940622473292,720575940622473292,4,0.0002329050760262,0.00016321293,0.00013652502,0.0,1.4481201399786506e-05,6.978482815611642e-06,7.657630703761242e-06,0.0
720575940622473292,720575940622473292,5,0.000141509280339,7.7689416e-05,7.7713135e-05,0.0,7.355754045170465e-06,3.728600859176368e-06,3.738803115993505e-06,0.0
720575940617997396,720575940617997396,2,0.0003755239595193,3.798605e-05,0.0003375379,0.0,4.883324436377734e-05,4.883324436377734e-05,0.0,0.0
720575940617997396,720575940617997396,3,1.9069997506449e-05,1.3038862e-05,6.031134e-06,0.0,1.8290368188900172e-06,8.440727583547414e-07,9.84964117378695e-07,0.0
720575940617997396,720575940617997396,4,5.6980856927025095e-06,3.2699422e-06,3.1106656e-06,0.0,4.606693076466602e-07,1.787372951866928e-07,2.843166839738842e-07,0.0
720575940617997396,720575940617997396,5,3.059910015445302e-06,1.6323692e-06,1.6172371e-06,0.0,3.163629277609187e-07,1.663967168497038e-07,1.509453682047024e-07,0.0
720575940633228172,720575940633228172,2,0.0009338455274701,0.0007654308,0.0001684147,0.0007574299816042,2.5458675736445e-06,1.1790729104177446e-07,2.427960225759307e-06,1.1790729104177446e-07
720575940633228172,720575940633228172,3,0.0007892686408013,0.00024199214,0.0005472766,0.0002218987501692,7.410183116007829e-07,3.022197176960617e-07,4.387986223264306e-07,7.807272339732664e-08
720575940633228172,720575940633228172,4,0.000426680917531,0.00016174032,0.00027622838,7.982212635104003e-05,2.058580394593184e-07,1.04052929827958e-07,1.0221334889592981e-07,3.561917774949621e-09
720575940633228172,720575940633228172,5,0.0003061442003304,0.00018920329,0.00015012028,3.154504981206522e-05,1.219632380702112e-07,5.69674512007623e-08,6.609300839954814e-08,1.395040730318385e-09
720575940625519091,720575940625519091,2,0.023468229919672,0.01400231,0.0094659235,0.0138533897697925,0.0243712663650512,0.0185968838632106,0.0057743811048567,0.0185769330710172
720575940625519091,720575940625519091,3,0.0087456060573458,0.0044875494,0.004258057,0.0026783507782965,0.006981860846281,0.0041067800484597,0.0028750812634825,0.0031237914226949
720575940625519091,720575940625519091,4,0.0035258010597903,0.0024213684,0.002026363,0.0004794512455123,0.0022534714613392,0.0019267322495579,0.0012741237878799,0.000436826511269
720575940625519091,720575940625519091,5,0.0018005879412115,0.001325761,0.0012408749,7.777544795526371e-05,0.0009198842574967,0.0008470161119475,0.0006574125727638,4.71840783937707e-05
720575940637612974,720575940637612974,2,0.0008486543083563,0.00046320818,0.0003854462,0.000418877985794,0.0002804794639814,1.4691797332488932e-05,0.0002657876757439,1.3504216440196616e-05
720575940637612974,720575940637612974,3,0.0003758261445909,0.0002311285,0.0001446975,0.0001339599839411,2.305813177372329e-05,1.2957543731317855e-05,1.010058622341603e-05,1.8466201936462312e-06
720575940637612974,720575940637612974,4,0.0002020720206385,0.000114054696,9.309179e-05,2.8834507261271777e-05,9.9978482383189e-06,4.841670488531236e-06,5.302183126332238e-06,2.974154398733173e-07
720575940637612974,720575940637612974,5,0.0001342019564666,7.47159e-05,6.6614564e-05,9.963620459918836e-06,5.861604231171488e-06,2.68218946075649e-06,3.248538632760756e-06,6.461982621285592e-08
720575940659340673,720575940659340673,2,0.0041719572618603,0.0016029957,0.0025689632,0.0,2.5457271476625465e-05,2.0222636521793905e-05,5.234636319073616e-06,0.0
720575940659340673,720575940659340673,3,0.0011378792114555,0.000627434,0.0005104451,0.0,2.986278195749037e-05,1.6540056094527245e-05,1.3322727681952529e-05,0.0
720575940659340673,720575940659340673,4,0.000467175467619,0.00024338107,0.0002741636,0.0,1.4321145959572158e-05,6.151148681965424e-06,8.197626812034287e-06,0.0
720575940659340673,720575940659340673,5,0.0002936178766473,0.0001540696,0.00017550826,0.0,1.2629746757936075e-05,6.648178896284662e-06,6.040832886355929e-06,0.0
720575940618519454,720575940618519454,2,0.0003690703888423,0.00034435783,2.4712508e-05,0.0003443578898441,8.78345326782437e-06,8.78345326782437e-06,0.0,8.78345326782437e-06
720575940618519454,720575940618519454,3,0.0001347160578006,9.9762125e-05,3.495394e-05,5.922677519265562e-05,1.4436128367378842e-05,1.2933433936268555e-05,1.5026960227260131e-06,8.516274192515993e-07
720575940618519454,720575940618519454,4,7.487061701179934e-05,4.1304866e-05,3.5101584e-05,1.8923840309517348e-05,1.11608804991201e-05,3.5617260891740443e-06,7.606457529618638e-06,2.992416263446701e-07
720575940618519454,720575940618519454,5,5.344877148922776e-05,2.8496457e-05,2.6810525e-05,6.249802030247013e-06,6.642780930009808e-06,3.083281626459211e-06,3.587828814488603e-06,5.2232924092084225e-08
720575940625872688,720575940625872688,2,0.0021438051480799,0.0014340107,0.00070979475,0.0014340105699375,1.7955642761080526e-05,0.0,1.7955642761080526e-05,0.0
720575940625872688,720575940625872688,3,0.0018437656108289,0.00011921492,0.0017245506,7.882533827796578e-05,9.993646381190048e-05,2.3859200155129656e-05,7.6077260018792e-05,9.073126420844346e-06
720575940625872688,720575940625872688,4,0.0001656812272679,0.00016732904,0.00015268226,1.1673118879501973e-05,1.5797227001102053e-05,9.84349117061356e-06,5.977456112304935e-06,1.259375153495057e-06
720575940625872688,720575940625872688,5,6.256994220667369e-05,0.0002814529,4.8401413e-05,4.928875415812687e-06,4.209155151144197e-06,2.380509386057384e-06,2.049050863206503e-06,1.12516762477248e-07
720575940622368792,720575940622368792,2,0.005958966910839,0.0035797774,0.002379188,0.0034677109215408,2.037352032857598e-06,1.8684742144614572e-06,1.688778468178498e-07,1.6727691445339588e-06
720575940622368792,720575940622368792,3,0.0021344234701246,0.0014292938,0.0007051297,0.0012120360042899,4.1980802052421495e-06,2.6784141482494306e-06,1.5196669664874207e-06,1.7329699630863615e-06
720575940622368792,720575940622368792,4,0.0012525431031967,0.00078708737,0.0005291221,0.0004953866351217,4.9106724850483295e-06,3.290201220806921e-06,1.6667967202010914e-06,8.690984431471905e-07
720575940622368792,720575940622368792,5,0.0008771927155477,0.0005189687,0.00042127795,0.0002137640028631,1.290577612485686e-05,5.50610275240615e-06,7.517324320360785e-06,7.778975371478577e-07
720575940620380449,720575940620380449,2,0.0010418500751256,0.0002987951,0.0007430548,0.0002966313331853,0.0009741382091306,3.111548721790314e-05,0.0009430227801203,2.8223494155099612e-05
720575940620380449,720575940620380449,3,0.0001609654718777,7.995106e-05,8.101434e-05,5.625978883472271e-05,0.0001045074823196,6.391169154085219e-05,4.059577622683719e-05,5.416805652203038e-05
720575940620380449,720575940620380449,4,8.02341420111458e-05,3.866676e-05,4.398466e-05,1.1749182462487152e-05,4.543071970509822e-05,2.0634170141420327e-05,2.6077210350194943e-05,8.023322649059936e-06
720575940620380449,720575940620380449,5,5.170900414099264e-05,2.6091977e-05,2.6911608e-05,3.5216501761385104e-06,2.4238971062634e-05,1.1680207535391672e-05,1.291703483730089e-05,1.596931239911973e-06
720575940627341156,720575940627341156,2,0.0051414011977612,0.003235516,0.0019058852,0.0,0.0013017655583098,0.0013017655583098,0.0,0.0
720575940627341156,720575940627341156,3,0.0011003913823515,0.0005031112,0.00059728045,0.0,0.0002347374975215,0.0001913762534968,4.336125493864529e-05,0.0
720575940627341156,720575940627341156,4,0.0006906792175548,0.00037160947,0.00039722706,0.0,0.0001297336122278,8.112782961688936e-05,5.34517275809776e-05,0.0
720575940627341156,720575940627341156,5,0.0003974543302293,0.00022779361,0.00022467342,0.0,8.500657676931291e-05,4.636075391317718e-05,4.467973849386908e-05,0.0
720575940625934094,720575940625934094,2,0.0180437564849853,0.00038387367,0.017659876,0.0,0.0026274526026099,0.0004983419785276,0.0021291091106832,0.0
720575940625934094,720575940625934094,3,0.0128959519788622,0.0016098034,0.011286141,0.0,0.0027035099919885,0.0026273154653608,7.619280222570524e-05,0.0
720575940625934094,720575940625934094,4,0.0098113987145482,0.0025119663,0.007713328,0.0,0.0002873327042274,0.0002516519743949,9.006843174574897e-05,0.0
720575940625934094,720575940625934094,5,0.0073974959604424,0.0026197885,0.0054670973,0.0,7.913063133487106e-05,4.367889050627127e-05,0.000301679567201,0.0
720575940610637786,720575940610637786,2,0.0003077510336879,0.00025414507,5.3605974e-05,0.0002204068587161,2.7596255677053705e-05,2.7596255677053705e-05,0.0,0.0
720575940610637786,720575940610637786,3,7.029055268503726e-05,3.5279212e-05,3.5011348e-05,1.7979193216888234e-05,6.092636340326862e-06,2.96224357043684e-06,3.1303939067584e-06,5.375458727030491e-07
720575940610637786,720575940610637786,4,2.764247017872193e-05,1.3411869e-05,1.4811456e-05,2.630257743504918e-06,7.148458283108359e-06,3.473764536465751e-06,3.708202712005004e-06,4.3344968503333803e-07
720575940610637786,720575940610637786,5,1.561184509234226e-05,8.102977e-06,8.034942e-06,6.240714818187392e-07,7.31572982144916e-06,3.578867563192034e-06,3.7524678191402927e-06,1.2837466003214002e-07
720575940628868907,720575940628868907,2,0.0017536408267915,0.00035274652,0.0014008944,0.0,0.0002453979686833,0.0001073695966624,0.000138028350193,0.0
720575940628868907,720575940628868907,3,0.0001989555166801,0.00012572338,7.323214e-05,0.0,8.065280417213216e-05,4.931603689328768e-05,3.1336763640865684e-05,0.0
720575940628868907,720575940628868907,4,7.04979214333884e-05,4.3365617e-05,3.5476987e-05,0.0,2.865748453265866e-05,1.580385105626192e-05,1.3179647794459017e-05,0.0
720575940628868907,720575940628868907,5,3.481233740806144e-05,1.8611094e-05,1.9538493e-05,0.0,1.1606927885937e-05,6.044149813533295e-06,5.88178090765723e-06,0.0
720575940627082500,720575940627082500,2,0.001564281177707,0.00061101525,0.00095326576,0.0,1.1469928722362964e-05,1.1469928722362964e-05,0.0,0.0
720575940627082500,720575940627082500,3,0.0009027305059134,0.00058911066,0.0003136198,0.0,8.809099381323904e-05,2.8789756470359865e-05,5.930125189479441e-05,0.0
720575940627082500,720575940627082500,4,0.0003766509386831,0.00019568259,0.0001890325,0.0,4.462113371733398e-05,1.870706546469592e-05,2.592274904600345e-05,0.0
720575940627082500,720575940627082500,5,0.0002622519516658,0.000132449,0.00014261321,0.0,2.425847258273424e-05,1.1307971362839451e-05,1.3098293493385428e-05,0.0
720575940618694638,720575940618694638,2,0.0028196678031235,0.00038005935,0.002439608,0.0003501866594888,0.000143751851283,0.000143751851283,0.0,0.000143751851283
720575940618694638,720575940618694638,3,0.0008582554291933,0.00049643056,0.000361825,6.249411671888083e-05,7.042326615191996e-05,6.283101538429037e-05,7.592240763187874e-06,6.269460573093966e-05
720575940618694638,720575940618694638,4,0.0005111464842611,0.00032383754,0.00022135666,1.0639077698056631e-05,1.0053527352778718e-05,4.555903615255375e-06,5.6135959312086925e-06,3.0929588787384903e-06
720575940618694638,720575940618694638,5,0.0002867027950601,0.000152124,0.0001581708,2.4365407582648144e-06,6.550233363524349e-06,2.610006049508229e-06,4.15626163885463e-06,5.197502986897985e-07
720575940615808342,720575940615808342,2,0.001035327790305,0.0006780823,0.00035724568,0.0006757175433449,0.000312379328534,0.0003120311012025,3.482409738353454e-07,0.0003119766188319
720575940615808342,720575940615808342,3,0.0001859746262198,8.67674e-05,9.920723e-05,4.311055818106979e-05,0.000112081914267,6.155793380457908e-05,5.0523954996606335e-05,1.840923141571693e-05
720575940615808342,720575940615808342,4,9.637317251876488e-05,5.074243e-05,4.9312614e-05,7.419836968618891e-06,5.875786135763742e-05,2.7952877644565888e-05,3.145676600979641e-05,4.411637017463815e-06
720575940615808342,720575940615808342,5,6.444513242381192e-05,3.3952827e-05,3.2548145e-05,1.970108122551033e-06,3.787189426668983e-05,1.9227805751143023e-05,1.9041879568248987e-05,1.3575307178738598e-06
720575940605068576,720575940605068576,2,0.0009315152419731,0.0001998846,0.0007316305,0.0001936631888383,0.0006409682100638,0.0001142984401667,0.0005266696680337,0.0001084444666048
720575940605068576,720575940605068576,3,0.0002344448585063,9.818661e-05,0.00013625827,3.26139124808833e-05,0.0001408516254741,7.285989704541862e-05,6.799174298066646e-05,1.7436521375202574e-05
720575940605068576,720575940605068576,4,0.0001202920904393,6.0658975e-05,6.302532e-05,6.924493877985256e-06,6.761474888859342e-05,2.865492569981143e-05,3.986965384683572e-05,3.4361045068282166e-06
720575940605068576,720575940605068576,5,6.965900319769403e-05,3.6500416e-05,3.550071e-05,1.881031870294042e-06,3.662562077259833e-05,1.8314243789063767e-05,1.891295141831506e-05,8.592291115556251e-07
720575940619610294,720575940619610294,2,0.0026967448648065,0.00075458165,0.0019421632,0.0,0.0002266411174787,2.711632077989634e-06,0.0002239294844912,0.0
720575940619610294,720575940619610294,3,0.0006248627905733,0.00031535304,0.00030950957,0.0,6.111707625677809e-05,3.5375109291635454e-05,2.5741970603121445e-05,0.0
720575940619610294,720575940619610294,4,0.0002943363703222,0.00015646468,0.00014770601,0.0,4.934021322160546e-05,2.597286584204994e-05,2.3443630198016763e-05,0.0
720575940619610294,720575940619610294,5,0.0001690605735016,8.876365e-05,8.6700704e-05,0.0,3.725665812797889e-05,1.8242884834762663e-05,1.9099237761111e-05,0.0
720575940642948887,720575940642948887,2,0.0030048303306102,0.0029836202,2.1210451e-05,0.0029462922830134,1.4298446330940353e-05,0.0,1.4298446330940353e-05,0.0
720575940642948887,720575940642948887,3,0.0006982420454733,0.0006647205,3.352142e-05,0.0006366621237248,1.6698855915819877e-06,7.640904300387774e-07,9.05795275230048e-07,0.0
720575940642948887,720575940642948887,4,0.0003304881169929,0.00031463124,3.393606e-05,0.0002709317967636,3.849757027514784e-07,1.6132461269080522e-06,1.9707275100699922e-07,3.1714940007532284e-08
720575940642948887,720575940642948887,5,0.0001840208029967,0.00016616912,3.013908e-05,0.0001323663674694,3.98547385642007e-07,2.582893330327352e-07,3.341878880291916e-07,2.2874031557762464e-08
720575940642262157,720575940642262157,2,0.0020555930677801,0.0010097416,0.0010458513,0.0,0.0002157099661417,0.0001061181174009,0.0001095918705686,0.0
720575940642262157,720575940642262157,3,0.0004780135932378,0.000261382,0.00021663164,0.0,0.0002710288390517,0.000168216676684,0.0001028120750561,0.0
720575940642262157,720575940642262157,4,0.0002744063804101,0.00013916555,0.00014405105,0.0,0.0001692228751461,6.859484710730612e-05,0.0001009023035294,0.0
720575940642262157,720575940642262157,5,0.000171063331198,8.683717e-05,8.994751e-05,0.0,0.0001065241224889,4.485891258809716e-05,6.231707811821252e-05,0.0
720575940613727399,720575940613727399,2,0.0043598073534667,0.004269631,9.017476e-05,0.0040139378979802,3.3683838410070166e-05,0.0,3.3683838410070166e-05,0.0
720575940613727399,720575940613727399,3,0.0014403007226064,0.0013255498,0.00011475094,0.0011350591666996,3.6115427519689543e-06,1.8223237248093935e-06,1.7892191408463989e-06,2.464628323650686e-07
720575940613727399,720575940613727399,4,0.0009034296223905,0.00082275155,0.000120494544,0.0005984655275548,5.159210092016296e-06,4.712425379693741e-06,3.804574362220592e-06,7.439516025442572e-07
720575940613727399,720575940613727399,5,0.0006146130122611,0.0005366546,0.00011445238,0.0003368392453469,2.153394722025103e-06,1.2165057796664769e-06,1.390183683724899e-06,1.0159185253299669e-07
720575940625747812,720575940625747812,2,0.0004522787930909,0.00024338362,0.00020889504,0.0,1.0237798960588408e-05,1.5895554952294333e-06,8.64824414748e-06,0.0
720575940625747812,720575940625747812,3,0.0001489533897256,7.5555916e-05,7.339746e-05,0.0,7.007054227869958e-05,2.4067105186986737e-05,4.600343527272344e-05,0.0
720575940625747812,720575940625747812,4,7.444568517789462e-05,3.9419836e-05,3.5640085e-05,0.0,1.5200874668069925e-05,7.42712745704921e-06,7.775901394779794e-06,0.0
720575940625747812,720575940625747812,5,5.061572762440771e-05,2.6074154e-05,2.520694e-05,0.0,7.459709469346e-06,3.714444346769597e-06,3.783232386922464e-06,0.0
720575940624537836,720575940624537836,2,0.0026212960947304,0.00256767,5.3625972e-05,0.0025168501306325,3.993954669567757e-05,0.0,3.993954669567757e-05,0.0
720575940624537836,720575940624537836,3,0.0003646605182439,0.00031954836,4.5112138e-05,0.000294601341011,2.4629534891573712e-06,1.5020024193290735e-06,9.609509561414598e-07,0.0
720575940624537836,720575940624537836,4,0.0001561950914373,0.00013249023,3.973325e-05,9.476451055193796e-05,4.036647716778175e-06,4.708312189904973e-06,3.0787991818215232e-06,8.909327675610258e-08
720575940624537836,720575940624537836,5,9.480337790720802e-05,7.129408e-05,3.2100612e-05,4.459689891891773e-05,7.524998546480145e-07,4.839317853111424e-07,6.887318590997893e-07,1.082990408463047e-08
720575940629285879,720575940629285879,2,0.0113274473696947,0.0013345738,0.009992872,0.0,0.0020064872223883,0.0002600963052827,0.0017463910626247,0.0
720575940629285879,720575940629285879,3,0.0033918691333383,0.0016025082,0.0017893589,0.0,0.0007320915465243,0.0003824162995442,0.0003496753051877,0.0
720575940629285879,720575940629285879,4,0.0017968419364176,0.0010407881,0.000903856,0.0,0.0003230805879083,0.0001787618093658,0.0001488589768996,0.0
720575940629285879,720575940629285879,5,0.0012042290216531,0.00065384735,0.0006501087,0.0,0.0001895032176516,9.666700498200952e-05,9.674271859694272e-05,0.0
720575940622403510,720575940622403510,2,0.0007718114648014,0.00059311045,0.00017870098,0.0005873244954273,0.0,0.0,0.0,0.0
720575940622403510,720575940622403510,3,7.901962817413732e-05,5.174923e-05,2.7270406e-05,3.0849136237520725e-05,6.314356141956523e-06,3.085142679992714e-06,3.22921141560073e-06,1.7454234466640628e-06
720575940622403510,720575940622403510,4,3.093618095405352e-05,1.7110302e-05,1.51873355e-05,4.8563042626835725e-06,6.207816113601439e-06,2.9253951652208343e-06,3.282420266259578e-06,4.3850519659827125e-07
720575940622403510,720575940622403510,5,1.646630247560312e-05,8.6543605e-06,8.385468e-06,9.956003773430736e-07,4.336176105903792e-06,2.007973307627253e-06,2.3335194327955837e-06,1.118569422028112e-07
720575940612044658,720575940612044658,2,0.0006639847997575,0.00014963484,0.0005143499,0.0,0.0,0.0,0.0,0.0
720575940612044658,720575940612044658,3,0.000299373146845,0.00014295611,0.00015641698,0.0,0.0001023916120175,1.8022214135271497e-05,8.436939970124513e-05,0.0
720575940612044658,720575940612044658,4,0.0001685455461546,7.615768e-05,9.445773e-05,0.0,9.1561654699035e-05,1.0232261956844011e-05,8.132941729854792e-05,0.0
720575940612044658,720575940612044658,5,0.0001040651971855,5.2170642e-05,5.450237e-05,0.0,2.4698258907384836e-05,1.1815602192655206e-05,1.3099743227940053e-05,0.0
720575940619667541,720575940619667541,2,0.0003461935848463,0.0001536799,0.0001925137,0.0001408518437528,9.992963168770076e-05,8.947955211624503e-05,1.045008593791863e-05,8.909795724321157e-05
720575940619667541,720575940619667541,3,0.0001043074371409,4.6548506e-05,5.7758967e-05,1.9442117263679396e-05,2.6440487999934703e-05,1.3403554476099089e-05,1.303694716625614e-05,3.6011381325806724e-06
720575940619667541,720575940619667541,4,5.7239782875344784e-05,2.8811295e-05,2.925325e-05,5.503142199041231e-06,2.6174042372182982e-05,1.2554030035971664e-05,1.36576436489122e-05,2.9062240143623983e-06
720575940619667541,720575940619667541,5,3.6154292942398e-05,1.8402236e-05,1.83925e-05,1.4925139003880003e-06,1.6666770961262868e-05,8.376782716368325e-06,8.322540452354588e-06,7.078816850242098e-07
720575940624615753,720575940624615753,2,0.1593012511730194,0.004,0.15530126,0.0,0.0,0.0,0.0,0.0
720575940624615753,720575940624615753,3,0.0049708536826074,0.0010977853,0.003873069,0.0,2.6758817739391816e-07,2.1901755076214613e-07,4.8570630184485715e-08,0.0
720575940624615753,720575940624615753,4,0.0089345669367992,0.031540576,0.0045440113,0.0,1.505487068342859e-09,4.49728088103285e-10,1.0557590357507252e-09,0.0
720575940624615753,720575940624615753,5,0.0016899494224756,0.0026100155,0.0009994647,0.0,6.910133840753439e-10,3.9507974669561453e-10,5.01477637193659e-10,0.0
720575940611354597,720575940611354597,2,0.0070370845496654,0.0024539896,0.0045830957,0.0014894342748448,0.0004727538034785,0.0004727538034785,0.0,9.43879276746884e-05
720575940611354597,720575940611354597,3,0.0016919623594731,0.0007468264,0.0009451356,0.0003024486650247,0.0001190523180412,7.910018757684156e-05,3.995211591245607e-05,2.962455982924439e-05
720575940611354597,720575940611354597,4,0.0007345629682024,0.00044002294,0.00039232976,7.260359968745793e-05,0.0001065078794674,3.104571078438312e-05,7.68613099353388e-05,6.447165768421316e-06
720575940611354597,720575940611354597,5,0.0003982871237136,0.00022114028,0.00023306916,2.086408105076764e-05,7.456785000709447e-05,4.03684753109701e-05,3.5758195735979825e-05,7.700420081952133e-06
720575940640757467,720575940640757467,2,0.0006022318848408,0.0003189215,0.0002833104,0.0002964039158541,0.0,0.0,0.0,0.0
720575940640757467,720575940640757467,3,9.788493480300532e-05,4.3489934e-05,5.4395023e-05,2.7660318664857183e-05,5.124553354107775e-06,3.935042059310945e-06,1.1895098168679397e-06,1.678271701166523e-06
720575940640757467,720575940640757467,4,3.785906723772935e-05,1.9365154e-05,2.0172412e-05,4.61767146079457e-06,5.885631253477186e-06,2.506399596313713e-06,3.379231202416122e-06,4.909826429866371e-07
720575940640757467,720575940640757467,5,2.081303230582331e-05,1.0990947e-05,1.0686316e-05,1.0275064155501146e-06,4.563921252340912e-06,2.258648919450934e-06,2.312803189852275e-06,1.0784716354339805e-07
720575940623356651,720575940623356651,2,0.0004802311304956,0.00010959484,0.00037063632,0.0,0.0001353936677332,0.0001247620239155,1.063163836079184e-05,0.0
720575940623356651,720575940623356651,3,0.0001682748988969,9.937798e-05,6.889697e-05,0.0,0.0001224993757205,7.406329677905887e-05,4.843605711357668e-05,0.0
720575940623356651,720575940623356651,4,0.0001132781031925,6.14827e-05,5.335337e-05,0.0,8.339269401750924e-05,4.49308063252829e-05,3.9092810766305774e-05,0.0
720575940623356651,720575940623356651,5,7.748687663333725e-05,3.9844632e-05,3.9148093e-05,0.0,5.532683728090664e-05,2.8879527235403657e-05,2.698139360290952e-05,0.0
720575940623650823,720575940623650823,2,0.0084886811673641,0.0001837888,0.008304899,0.0,0.001010607345961,0.0002471747866366,0.0007634325884282,0.0
720575940623650823,720575940623650823,3,0.0050448826514184,0.00045390934,0.0045909747,0.0,0.0004889583215117,0.0002003172703552,0.0002886410511564,0.0
720575940623650823,720575940623650823,4,0.0028364678088185,0.0009720272,0.00198558,0.0,0.000323728395354,0.0001503678795415,0.0001797302975319,0.0
720575940623650823,720575940623650823,5,0.0021992221570763,0.0010770026,0.0012836453,0.0,0.0002132054674337,9.926782513502984e-05,0.0001222853024955,0.0
720575940639515965,720575940639515965,2,0.0018764408305287,0.0018243999,5.204137e-05,0.001793049974367,5.817145211040042e-05,0.0,5.817145211040042e-05,0.0
720575940639515965,720575940639515965,3,0.0003106425574515,0.0002571875,5.345513e-05,0.0002357072808081,2.9660511700058123e-06,2.6191066808678443e-06,3.469446312465152e-07,0.0
720575940639515965,720575940639515965,4,0.0001744993000692,0.00013762481,4.6727713e-05,0.0001061979104895,8.690034783878511e-07,6.030834356351988e-06,6.370054848048312e-07,0.0
720575940639515965,720575940639515965,5,0.0001110751989296,8.0464364e-05,3.7647544e-05,5.4397348035343385e-05,7.228712918142143e-07,3.497736997815082e-07,9.819515298659098e-07,6.197704675858784e-12
720575940621023297,720575940621023297,2,0.0024038206320255,0.0023907344,1.3086274e-05,0.0023292780388146,8.823759344522841e-06,0.0,8.823759344522841e-06,0.0
720575940621023297,720575940621023297,3,0.0003362045681569,0.00030748447,2.872001e-05,0.0002774682943709,8.684990007168381e-07,6.484777372861572e-07,2.2002127764153561e-07,0.0
720575940621023297,720575940621023297,4,0.0001659196989012,0.00014525786,3.2629647e-05,0.0001070442704065,9.756804149739834e-07,1.2722279052468366e-06,5.830511327076238e-07,7.292804138359087e-10
720575940621023297,720575940621023297,5,0.0001046818922962,8.097373e-05,2.9380999e-05,5.377360285175245e-05,7.265048944237085e-07,3.060394249132514e-07,5.381513119573356e-07,5.921040879819373e-10
720575940630566487,720575940630566487,2,0.0010076162870973,0.00044232,0.0005652963,0.0003675759944599,0.0003034289693459,0.0002388156426604,6.461331940954551e-05,3.144476795569062e-05
720575940630566487,720575940630566487,3,0.0004412004782352,0.00022594503,0.00021525551,4.6058976295171306e-05,0.0002435326459817,0.0001567380677442,8.679459278937429e-05,5.7678244047565386e-06
720575940630566487,720575940630566487,4,0.0001944126108447,0.000103909915,9.3557435e-05,7.701247705646996e-06,0.0001117773722334,5.618845170829445e-05,5.613689427264035e-05,1.8311213392559648e-06
720575940630566487,720575940630566487,5,0.0001096913564341,5.6494522e-05,5.6673114e-05,1.646598276512029e-06,5.897174892796227e-05,2.872516779461876e-05,3.101951733697206e-05,3.9020051266007953e-07
720575940622865577,720575940622865577,2,0.0001700918510323,7.754355e-06,0.0001623375,0.0,3.605032543418929e-05,1.7215259049407905e-06,3.432880112086423e-05,0.0
720575940622865577,720575940622865577,3,3.4822296584025025e-05,1.461106e-05,2.0211244e-05,0.0,1.7428863429813646e-05,5.48381331100245e-06,1.1945046026085038e-05,0.0
720575940622865577,720575940622865577,4,2.2232489624141337e-05,1.2245916e-05,1.0505451e-05,0.0,1.1468165025811785e-05,5.358614998840494e-06,6.178245257615345e-06,0.0
720575940622865577,720575940622865577,5,1.5610749458420435e-05,7.990492e-06,7.881225e-06,0.0,9.279711771472992e-06,4.695149073086213e-06,4.686019565269817e-06,0.0
720575940624832743,720575940624832743,2,0.0059756897389888,0.004882463,0.0010932294,0.004115825984627,0.0072488752193748,0.0055646835826337,0.0016841903561726,0.0040698773227632
720575940624832743,720575940624832743,3,0.0037248162552714,0.002481216,0.0012435996,0.0017916845390573,0.003847956424579,0.0028016595169901,0.0010462976060807,0.0018064576433971
720575940624832743,720575940624832743,4,0.0029209024632374,0.0017246046,0.0012924474,0.0009101817278537,0.0023758715372616,0.0017983266152441,0.0007086943369358,0.0009771033240782
720575940624832743,720575940624832743,5,0.0024367665122825,0.0013988124,0.0011852504,0.0004690820869089,0.001499623673054,0.0011822080705314,0.0005122172879055,0.00052079326052
720575940630027372,720575940630027372,2,0.0003951225953642,0.00024434613,0.00015077644,0.0002422056131763,0.0001135820639319,9.731613681651652e-05,1.6265919839497656e-05,9.617659816285597e-05
720575940630027372,720575940630027372,3,0.0001157197257271,4.349647e-05,7.222328e-05,3.2498948712600395e-05,2.204994234489277e-05,7.210737749119289e-06,1.483919913880527e-05,5.3571911848848686e-06
720575940630027372,720575940630027372,4,6.239943337406227e-05,2.612453e-05,3.7479556e-05,6.897258842650306e-06,9.075226661845584e-06,4.10686061513843e-06,5.1968722800666e-06,7.140911960618291e-07
720575940630027372,720575940630027372,5,3.936585377858804e-05,2.0522224e-05,2.0323172e-05,1.8973516705756051e-06,4.616353837181575e-06,2.5251351871702354e-06,2.3161912849900546e-06,1.5395853979187742e-07
720575940624681360,720575940624681360,2,0.0011934367939829,0.00041099216,0.0007824447,0.0,8.949562470661476e-05,0.0,8.949561743065715e-05,0.0
720575940624681360,720575940624681360,3,0.0006874506361782,0.0004487166,0.00023873404,0.0,1.7691740140435286e-05,1.3200783541833516e-05,4.490956143854419e-06,0.0
720575940624681360,720575940624681360,4,0.0002392918976056,0.00013610352,0.00011247337,0.0,1.049865702102091e-05,4.717215688287979e-06,5.882997356820852e-06,0.0
720575940624681360,720575940624681360,5,0.0001263480617845,6.666621e-05,7.0662776e-05,0.0,6.254121020307471e-06,3.157587116220384e-06,3.2268917493638583e-06,0.0
720575940648783737,720575940648783737,2,0.0052981935441493,0.004655061,0.00064313255,0.0,5.9010976656281855e-06,0.0,5.9010976656281855e-06,0.0
720575940648783737,720575940648783737,3,0.0008882189868018,0.0005286343,0.00035958487,0.0,1.5278039427357726e-05,2.6724158033175627e-06,1.2605625670403242e-05,0.0
720575940648783737,720575940648783737,4,0.0004816356481973,0.0002885081,0.00025769445,0.0,7.500301918521085e-06,4.6784189180471e-06,2.823152271957952e-06,0.0
720575940648783737,720575940648783737,5,0.0002596987168865,0.00014883286,0.00014471659,0.0,3.339417933934765e-06,1.72091768035898e-06,1.644177814341674e-06,0.0
720575940627438076,720575940627438076,2,0.0018491230439394,0.00013953772,0.0017095848,0.0,7.109701255103573e-05,1.812380287447013e-05,5.29732096765656e-05,0.0
720575940627438076,720575940627438076,3,0.0004884669324383,0.00018258451,0.0003058825,0.0,3.4880300518125296e-05,1.5896019249339588e-05,1.8984281268785708e-05,0.0
720575940627438076,720575940627438076,4,0.0002761889196301,0.00016494017,0.00011786928,0.0,2.2367362538062567e-05,1.3126716112310532e-05,9.274925105273724e-06,0.0
720575940627438076,720575940627438076,5,0.0001773513366387,0.00010166647,8.113733e-05,0.0,1.2923728719001582e-05,7.532582003477728e-06,5.488172064360697e-06,0.0
720575940622012073,720575940622012073,2,0.0008258958696387,0.0006024473,0.00022344869,0.0,6.141316407592967e-05,2.7693158699548803e-05,3.372000719537027e-05,0.0
720575940622012073,720575940622012073,3,0.0003004015306942,0.00021844768,8.1953905e-05,0.0,7.160979293985292e-05,5.081140261609107e-05,2.0798401237698272e-05,0.0
720575940622012073,720575940622012073,4,0.0001430858167151,7.457038e-05,7.311453e-05,0.0,8.119350109870523e-05,3.724118869286031e-05,4.398278906592168e-05,0.0
720575940622012073,720575940622012073,5,8.904787228762211e-05,4.4555505e-05,4.7823596e-05,0.0,5.4632082449591033e-05,2.412745561741758e-05,3.070596358156763e-05,0.0
720575940619681006,720575940619681006,2,0.0034350077621638,0.0017355832,0.0016994245,0.0,0.0021947838831692,0.0011122259311378,0.0010825577192008,0.0
720575940619681006,720575940619681006,3,0.0005597745184786,0.00016805969,0.00039171465,0.0,0.0003184499510098,8.621629240224138e-05,0.0002322336658835,0.0
720575940619681006,720575940619681006,4,0.0002518427361991,0.00011951648,0.00015211035,0.0,0.0001623438705487,7.04623744240962e-05,9.839441190706566e-05,0.0
720575940619681006,720575940619681006,5,0.0001486611787245,7.401187e-05,8.336435e-05,0.0,7.860103467548988e-05,3.6956695112166926e-05,4.43395329057239e-05,0.0
720575940629073530,720575940629073530,2,0.0009392732754349,5.873966e-05,0.0008805336,0.0,9.462064190302044e-05,3.4798955311998725e-05,5.98216793150641e-05,0.0
720575940629073530,720575940629073530,3,0.0001737490674713,6.490323e-05,0.00010884577,0.0,1.1859437108796556e-05,8.555034582968801e-06,3.304401843706728e-06,0.0
720575940629073530,720575940629073530,4,7.201990005099592e-05,4.88667e-05,2.4787061e-05,0.0,5.780070071705108e-06,3.5904565720557e-06,2.221195472884574e-06,0.0
720575940629073530,720575940629073530,5,3.077612257030437e-05,1.8674746e-05,1.3137629e-05,0.0,3.1902948377785376e-06,1.5019398915683269e-06,1.712842276901938e-06,0.0
720575940627098249,720575940627098249,2,0.0012096761493012,0.00083540485,0.00037427133,0.0,0.0003624077653512,0.0003358538378961,2.6553880161372945e-05,0.0
720575940627098249,720575940627098249,3,0.0003552744165062,0.00019243594,0.00016283857,0.0,0.0001839109463617,8.146131585817784e-05,0.0001024496450554,0.0
720575940627098249,720575940627098249,4,0.0002187368850747,0.000106914136,0.00011395321,0.0,0.0001154776620545,4.935518518323079e-05,6.630401185248047e-05,0.0
720575940627098249,720575940627098249,5,0.0001407146630518,7.193937e-05,7.0986636e-05,0.0,6.575160935289849e-05,3.256136551499367e-05,3.343676507938653e-05,0.0
720575940624329037,720575940624329037,2,0.0009649504208937,0.00054037553,0.0004245749,0.0005371916340664,2.6110230464837517e-05,4.37997141489177e-06,2.1730258595198396e-05,4.37997141489177e-06
720575940624329037,720575940624329037,3,0.0001708798954496,7.44956e-05,9.6384305e-05,3.837955591734499e-05,1.3660175682161936e-05,6.299419510469306e-06,7.360757990682032e-06,3.6711412576551083e-07
720575940624329037,720575940624329037,4,7.91830162144927e-05,4.1913365e-05,4.0575018e-05,6.772770203256171e-06,7.462859602657591e-06,4.376753167889547e-06,3.253754812249099e-06,6.65302124572569e-08
720575940624329037,720575940624329037,5,3.963462534434196e-05,2.0933523e-05,2.0136558e-05,1.4475613177408515e-06,3.2931590154418977e-06,1.6944875369517831e-06,1.650163881095068e-06,2.3529081982852336e-08
720575940623759591,720575940623759591,2,0.0025952823925763,0.0016596658,0.0009356178,0.0,0.0006372323259711,0.0,0.0006372322677634,0.0
720575940623759591,720575940623759591,3,0.0012905775802209,0.00073280896,0.00055776874,0.0,0.0003522595216054,9.539367965771817e-06,0.0003427201299928,0.0
720575940623759591,720575940623759591,4,0.0007042718950293,0.00036159117,0.0003604741,0.0,5.762353382384697e-05,2.994925671373494e-05,2.8109980121371336e-05,0.0
720575940623759591,720575940623759591,5,0.0004329409353477,0.00022495822,0.0002289261,0.0,3.876362803494369e-05,2.8199056032462977e-05,1.1845143490063492e-05,0.0
720575940620889936,720575940620889936,2,0.0012458254350349,0.00040254783,0.0008432776,0.0003854108217637,0.0001882574579212,7.102587915142067e-06,0.000181154886377,6.511007995868567e-06
720575940620889936,720575940620889936,3,0.0003715218335855,0.00017450009,0.00019702183,5.3060568461660296e-05,8.360514766536653e-05,5.772191070718691e-05,2.588321513030678e-05,1.6661077097523957e-05
720575940620889936,720575940620889936,4,0.0001814693083256,9.108691e-05,9.43582e-05,1.378878044490584e-05,4.475329098209462e-05,2.135807881131768e-05,2.3546628654003143e-05,3.955449910898984e-06
720575940620889936,720575940620889936,5,0.0001159036872461,5.9157785e-05,5.958355e-05,4.537861462636696e-06,3.0244756987545568e-05,1.4726620065630414e-05,1.5647699910914525e-05,1.1902445060075252e-06
720575940637175349,720575940637175349,2,0.0014138150727376,0.00078624673,0.00062756834,0.0007848821696825,5.818987847305834e-05,3.4474847780074924e-05,2.371502705500461e-05,3.3719890780048445e-05
720575940637175349,720575940637175349,3,0.0005041296826675,0.00017381737,0.00033031224,0.0001348347723251,3.133204882033169e-05,1.899078779388219e-05,1.2341259207460098e-05,5.2303912525530905e-06
720575940637175349,720575940637175349,4,0.0001881042169571,8.329848e-05,0.000110993446,2.796416092440596e-05,2.047879040234313e-05,1.441092445020331e-05,6.1140763136791065e-06,6.896041219376071e-07
720575940637175349,720575940637175349,5,8.697063918247811e-05,4.7638212e-05,4.6011613e-05,6.586466089218117e-06,6.502670112419962e-06,3.519077381497482e-06,3.049822907996713e-06,1.36560921847049e-07
720575940629609457,720575940629609457,2,0.0040801288560032,0.00045040832,0.0036297205,0.0,0.000959436991252,0.0001754189870553,0.0007840179023332,0.0
720575940629609457,720575940629609457,3,0.0009990707039833,0.0002940554,0.0007050155,0.0,0.0001326502242591,4.269331111572683e-05,8.995686221169308e-05,0.0
720575940629609457,720575940629609457,4,0.0004406786287808,0.00024903353,0.0002137743,0.0,5.749547388024623e-05,3.232796734664589e-05,2.653160481713712e-05,0.0
720575940629609457,720575940629609457,5,0.0002433296118177,0.00014022108,0.000117324686,0.0,3.2361924844535804e-05,1.679524029896129e-05,1.681057983660139e-05,0.0
720575940628823746,720575940628823746,2,0.0010113837197422,0.0006062529,0.00040513097,0.0,0.0008678666781634,0.0005418247892521,0.0003260418889112,0.0
720575940628823746,720575940628823746,3,0.0002190994564443,0.00012403635,9.506302e-05,0.0,0.0001117331339628,6.886949995532632e-05,4.286364128347486e-05,0.0
720575940628823746,720575940628823746,4,0.0001111707796315,5.6197525e-05,5.7525205e-05,0.0,4.2303204211092485e-05,2.1669742636731822e-05,2.1585539798252285e-05,0.0
720575940628823746,720575940628823746,5,6.302833240156262e-05,3.1796077e-05,3.2616557e-05,0.0,2.5437687640468605e-05,1.277510091313161e-05,1.294271532970015e-05,0.0
720575940616483284,720575940616483284,2,0.0015099619049578,0.00062136597,0.0008885957,0.0,0.000641978054773,0.0005147742922417,0.0001272037334274,0.0
720575940616483284,720575940616483284,3,0.0006198050687089,0.0004138715,0.00020593373,0.0,0.0002068713656626,0.0001741318847052,3.2739495509304106e-05,0.0
720575940616483284,720575940616483284,4,0.000334968539439,0.00018812534,0.00015312282,0.0,8.471158633358213e-05,5.863953992957249e-05,2.69051524810493e-05,0.0
720575940616483284,720575940616483284,5,0.0002041522433612,0.00010386677,0.00010709437,0.0,4.902810356708825e-05,2.5190187443513423e-05,2.4628963728901e-05,0.0
720575940633095137,720575940633095137,2,0.0006137369782663,0.00013683032,0.0004769066,0.0001211331618833,0.0005902426782995,5.008911898585211e-07,0.0005897418013773,0.0
720575940633095137,720575940633095137,3,0.0001498367491876,7.204952e-05,7.778729e-05,1.7131384083768353e-05,8.215748675866053e-05,3.720902532222681e-05,4.494843597058207e-05,3.453363888183958e-06
720575940633095137,720575940633095137,4,0.000109265238061,6.422164e-05,4.685721e-05,4.8530651776460985e-06,7.863258911440284e-05,5.380491347750649e-05,2.612572461657692e-05,4.11776136388653e-06
720575940633095137,720575940633095137,5,8.827116739626076e-05,4.7294183e-05,4.2385836e-05,2.2893495199850222e-06,6.620780017865883e-05,3.72217436961364e-05,2.952223985630553e-05,3.179612067765543e-06
720575940621777390,720575940621777390,2,0.0041109034791588,0.00044495153,0.003665951,0.0,0.0014646829804405,0.000202719864319,0.0012619631597772,0.0
720575940621777390,720575940621777390,3,0.0007125737029127,0.0003022519,0.00041032204,0.0,0.0001406281662639,8.178483403753489e-05,5.884331767447293e-05,0.0
720575940621777390,720575940621777390,4,0.0004077090768258,0.0002145801,0.00022158073,0.0,7.582771706558664e-05,4.100759178982116e-05,3.744750210898928e-05,0.0
720575940621777390,720575940621777390,5,0.000237996888668,0.00012352233,0.00012972887,0.0,3.531847929119289e-05,1.7678303265711293e-05,1.8433465811540373e-05,0.0
720575940627402058,720575940627402058,2,0.0015352716436609,0.00071295403,0.0008223178,0.0006924293702468,0.0001082741582649,4.830247053178027e-05,5.997168773319572e-05,0.0
720575940627402058,720575940627402058,3,0.0005518553080037,0.00010917925,0.00044267596,5.431717727333307e-05,1.3233766367193311e-05,5.965984200884122e-06,7.267782166309189e-06,2.477022690072772e-06
720575940627402058,720575940627402058,4,0.0002376830766689,0.00011454022,0.00012958952,2.067531858424612e-05,1.3068150728947067e-05,7.539618309237994e-06,5.584403425018536e-06,2.1271732748573413e-06
720575940627402058,720575940627402058,5,0.0001202324057927,6.14318e-05,6.726885e-05,5.622499576879504e-06,8.944083588099127e-06,4.484953024075367e-06,4.483134034671821e-06,5.354707812185874e-07
720575940617672790,720575940617672790,2,0.0014350259443745,0.0006058125,0.0008292132,0.0006047849892638,1.3065798611933133e-06,1.3065798611933133e-06,0.0,0.0
720575940617672790,720575940617672790,3,0.0003422772279009,0.0001039231,0.00023835404,9.043244790518656e-05,5.024053848501353e-07,1.0632842162294764e-07,3.960768992783415e-07,3.1749236573119784e-09
720575940617672790,720575940617672790,4,8.125012072721021e-05,5.514457e-05,5.9767146e-05,1.4045679247192596e-05,1.6979235571269375e-06,1.0399170378150302e-06,6.591431542801729e-07,2.756373129741973e-09
720575940617672790,720575940617672790,5,2.103717413713948e-05,2.0944623e-05,1.5907568e-05,2.1442667580142978e-06,1.7287275511980852e-06,9.03236355043191e-07,8.270104672192247e-07,4.572362503202712e-09
720575940639278781,720575940639278781,2,0.0025138910859823,0.00039141256,0.0021224783,0.0,0.0013240815605968,2.05272990569938e-05,0.0013035541633144,0.0
720575940639278781,720575940639278781,3,0.0004862647911068,0.00018883357,0.0002974311,0.0,0.0002485517179593,4.598582745529711e-05,0.0002025657740887,0.0
720575940639278781,720575940639278781,4,0.0002030052867834,0.00010766226,0.00010804272,0.0,8.555621188360809e-05,3.5015673347515985e-05,5.3747713536722586e-05,0.0
720575940639278781,720575940639278781,5,0.0001047907149132,5.5796525e-05,5.595667e-05,0.0,3.492242123335662e-05,1.8164915672969076e-05,1.8304475815966725e-05,0.0
720575940623222712,720575940623222712,2,0.000256704428466,6.5336986e-05,0.00019136745,6.53369861538522e-05,0.0,0.0,0.0,0.0
720575940623222712,720575940623222712,3,2.8993201340199448e-05,9.42212e-06,1.9571087e-05,1.6185296090043266e-06,7.457244919351069e-07,4.389594892018067e-07,3.067649743115908e-07,4.1293128560937486e-07
720575940623222712,720575940623222712,4,1.0662771802006629e-05,5.9925774e-06,5.9621475e-06,2.2271761680964002e-07,7.912938144727377e-07,4.2470799144211924e-07,3.665857093437808e-07,1.1672239708104827e-07
720575940623222712,720575940623222712,5,4.5964036747266375e-06,2.4747721e-06,2.5991703e-06,6.2226828787142e-08,3.8695037000678905e-07,2.017218321270775e-07,1.866826551122358e-07,3.11523493751884e-08
720575940622929193,720575940622929193,2,0.0010341026354581,0.0010192916,1.4810952e-05,0.0009498309809714,0.0002661618636921,0.0002529185730963,1.3243279681773856e-05,0.0002436747163301
720575940622929193,720575940622929193,3,0.0001416115701431,0.000119471464,2.2140095e-05,0.0001120305023505,1.1399632057873532e-05,3.3233920930797467e-06,8.076240192167461e-06,1.7335220263703377e-06
720575940622929193,720575940622929193,4,6.317227297224835e-05,4.9636754e-05,2.467542e-05,3.280470158503832e-05,2.0389376859952828e-05,1.1333271686453372e-05,9.28211011341773e-06,6.231577957714378e-06
720575940622929193,720575940622929193,5,3.5923664264958375e-05,2.5362278e-05,1.752488e-05,1.1141251740693572e-05,1.679651821430004e-05,7.923541488707997e-06,9.036825758812483e-06,2.253637259578386e-06
720575940612432021,720575940612432021,2,0.0027988005895167,0.0021359734,0.00066282746,0.0021359731908887,0.0,0.0,0.0,0.0
720575940612432021,720575940612432021,3,0.0005065344157628,0.00026148997,0.00024504442,0.0002595342812128,1.6803880953375486e-07,0.0,1.6803880953375486e-07,0.0
720575940612432021,720575940612432021,4,9.594637686709843e-05,6.936943e-05,6.266626e-05,3.4059530352444734e-05,6.168052095745225e-07,3.3686751521599945e-07,2.799376090933947e-07,6.809215951503189e-12
720575940612432021,720575940612432021,5,1.9241637890348e-05,2.1810403e-05,1.5254721e-05,4.274147859275112e-06,4.728977811808681e-07,2.1678049222373375e-07,2.561282315127756e-07,1.4951984095290527e-09
720575940644464544,720575940644464544,2,0.0028736745007336,0.0018243548,0.0010493188,0.0017880458617582,0.0025287354364991,0.0018276011105626,0.000701134558767,0.0018257374176755
720575940644464544,720575940644464544,3,0.0015236655017361,0.0006212487,0.00090241706,9.286718704970554e-05,0.0009905215119943,0.0005717653548344,0.0004187559243291,5.987792246742174e-05
720575940644464544,720575940644464544,4,0.0010860492696288,0.00053788326,0.00057014095,2.563500698806931e-05,0.000444117863227,0.0002316535974387,0.0002243847702629,1.3883984239970196e-05
720575940644464544,720575940644464544,5,0.0009859816106821,0.0005283358,0.000512511,6.914201423066412e-06,0.0002726177473203,0.0001473688753321,0.0001404248760081,2.73855086621709e-06
720575940617917579,720575940617917579,2,0.0022745076566934,0.0009121121,0.0013623962,0.0009073403198271,0.0013963830424472,0.0009779568063095,0.0004184262943454,0.0009732038015499
720575940617917579,720575940617917579,3,0.0009352591005153,0.0005895628,0.00034569652,5.944778968114406e-05,0.0003126986848656,0.0002052147028734,0.0001074840474757,3.61293314199429e-05
720575940617917579,720575940617917579,4,0.0005793114514099,0.0003261704,0.00026708614,9.038921632349204e-06,0.0002012570610228,0.000118523115816,8.7141124822665e-05,2.5433096684073773e-06
720575940617917579,720575940617917579,5,0.0004394129770289,0.00022735406,0.0002325072,2.3290865168553365e-06,0.0001194992291881,6.137956370366737e-05,6.172952271299437e-05,5.114381278859217e-07
720575940647478148,720575940647478148,2,0.0005341365467756,0.00048824016,4.5896428e-05,0.0004882401553913,5.154993414180353e-05,5.154993414180353e-05,0.0,5.154993414180353e-05
720575940647478148,720575940647478148,3,7.50361432437785e-05,4.8600086e-05,2.6436039e-05,1.6052745195338503e-05,7.98240853328025e-06,5.478606908582151e-06,2.5038025341928005e-06,8.75285081747279e-07
720575940647478148,720575940647478148,4,5.255899906596575e-05,3.0581636e-05,2.4266787e-05,2.225551594763509e-06,7.837151983474567e-06,4.556217845674837e-06,3.3013261599990078e-06,3.659750441395921e-07
720575940647478148,720575940647478148,5,3.564326282485381e-05,1.7517737e-05,1.9376668e-05,5.226733748560836e-07,5.287233764512091e-06,3.089734036620939e-06,2.2266688119998435e-06,9.05116901284521e-08
720575940623899082,720575940623899082,2,0.0037985963281244,0.003565407,0.00023318962,0.0035625426098704,0.0,0.0,0.0,0.0
720575940623899082,720575940623899082,3,0.0003264792321715,0.00019636712,0.00013011214,0.0001674205850576,0.0001938690402312,4.262725997250527e-05,0.0001512417802587,1.0093415767187253e-05
720575940623899082,720575940623899082,4,0.0001056534376037,6.552404e-05,6.323034e-05,1.1258378729046676e-05,3.599478804972023e-05,1.5851406715228222e-05,2.0143381334492005e-05,3.006224233104149e-06
720575940623899082,720575940623899082,5,5.8957586391592576e-05,3.1004183e-05,3.300562e-05,2.2224950596599914e-06,2.151145444001208e-05,1.0770850167318711e-05,1.1145074495289007e-05,7.044429298100691e-07
720575940623137212,720575940623137212,2,0.0022606928832829,0.0017604331,0.0005002595,0.0016734870150685,7.547509449068457e-05,7.223226566566154e-05,3.2428226859337883e-06,7.223227294161916e-05
720575940623137212,720575940623137212,3,0.0006510008242912,0.00029623808,0.0003547626,0.0002074667136184,0.0002151382796,0.0001971992023754,1.7939082681550644e-05,0.0001917922199936
720575940623137212,720575940623137212,4,0.0004831813291005,0.0002374631,0.0002781105,5.884713564240287e-05,3.105106107589418e-05,2.337988189538009e-05,7.751894372631796e-06,1.7591146304109257e-05
720575940623137212,720575940623137212,5,0.0003292463367116,0.00019207459,0.00016829839,1.7818103548845775e-05,1.1255276668627303e-05,7.76711658545537e-06,4.847579930356005e-06,2.9630457999600645e-06
720575940623737525,720575940623737525,2,0.0042659938335418,0.00022379745,0.0040421956,0.0002067575842374,4.885476300842129e-06,2.762708163572825e-06,2.122768137269304e-06,2.762708163572825e-06
720575940623737525,720575940623737525,3,0.0005357927875593,0.00029060818,0.0002451849,3.729177115019411e-05,9.035933908307924e-05,4.831465776078403e-05,4.2044684960274026e-05,1.5034331227070652e-05
720575940623737525,720575940623737525,4,0.0002761476591905,0.00015525719,0.00014964506,8.154030110327228e-06,0.0002703919160414,3.9797454519430175e-05,0.0002306007663719,4.606515120651907e-06
720575940623737525,720575940623737525,5,0.0001588365220354,7.798402e-05,9.0854664e-05,2.2517310073768e-06,0.0001351754081033,6.264725379878655e-05,7.273842493304983e-05,1.5349358457427717e-06
720575940604470240,720575940604470240,2,0.0036566816270351,0.0003034234,0.003353257,0.0,0.0027722883969545,2.6406107281218283e-05,0.0027458823751658,0.0
720575940604470240,720575940604470240,3,0.001051556202583,0.00029411033,0.0007574462,0.0,0.0005898698582313,0.0001672788202995,0.0004225911106914,0.0
720575940604470240,720575940604470240,4,0.0005828155092943,0.0003080708,0.00030291668,0.0,0.0002288208332576,0.0001297907438129,0.0001075291511369,0.0
720575940604470240,720575940604470240,5,0.0003820592464316,0.00020720414,0.0001901009,0.0,0.0001188386273198,6.60473233438097e-05,5.68543400731869e-05,0.0
720575940610116581,720575940610116581,2,0.0047199442051351,0.00015987405,0.004560071,0.0,2.5274944164266344e-06,8.306063250529405e-07,1.696888034530275e-06,0.0
720575940610116581,720575940610116581,3,0.0008973499643616,0.00037253776,0.00052481185,0.0,0.000883313070517,0.0001792524853954,0.0007040606578812,0.0
720575940610116581,720575940610116581,4,0.0006021145660962,0.0003683812,0.00026302162,0.0,0.0004866981769033,0.0002709116961341,0.0002158076240448,0.0
720575940610116581,720575940610116581,5,0.0004643140246866,0.00021903365,0.0002592748,0.0,0.0001892023834872,8.011429599719122e-05,0.0001123455367633,0.0
720575940624342825,720575940624342825,2,0.0038850218988955,0.00048802156,0.0033970012,0.0,0.0003023041062988,0.0001351231039734,0.0001671810023253,0.0
720575940624342825,720575940624342825,3,0.00119386438746,0.00048601933,0.00070784485,0.0,0.0001001494165393,3.069593367399648e-05,6.94534755893983e-05,0.0
720575940624342825,720575940624342825,4,0.0004607433645969,0.00027091234,0.0002381756,0.0,3.8859226041566665e-05,2.089328700094484e-05,1.8339625967200845e-05,0.0
720575940624342825,720575940624342825,5,0.0002903858098391,0.00016301553,0.00015725155,0.0,2.351253825826234e-05,1.1391672160243616e-05,1.2350117685855366e-05,0.0
720575940637424547,720575940637424547,2,0.0001327544887317,3.1490734e-05,0.00010126375,3.1490733817918226e-05,0.0,0.0,0.0,0.0
720575940637424547,720575940637424547,3,0.0002149272768292,0.00017132788,4.359944e-05,7.146391908463556e-06,4.683167935581878e-05,3.834004019154236e-05,8.491639164276421e-06,4.680787242250517e-07
720575940637424547,720575940637424547,4,6.205672602458624e-05,4.0966544e-05,2.1670094e-05,2.2714569786652573e-06,1.0567287972662598e-05,5.972500730422325e-06,4.5947872422402725e-06,5.7328705338477455e-08
720575940637424547,720575940637424547,5,3.1055402492334695e-05,1.5793543e-05,1.7822556e-05,6.243342567980256e-07,2.378363806780137e-06,1.0488781754247611e-06,2.1462319637066685e-06,1.3520493930615768e-08
720575940626295396,720575940626295396,2,0.0027959169819951,0.0015311136,0.0012648029,0.0014440090162679,0.000149105748278,4.110109875909984e-05,0.0001080046495189,4.079355130670592e-05
720575940626295396,720575940626295396,3,0.0014703368069604,0.00051970675,0.00095063087,0.0004350117233116,5.5539818276884034e-05,1.894998422358185e-05,3.658982313936576e-05,1.539748154755216e-06
720575940626295396,720575940626295396,4,0.0010973287941857,0.0004431726,0.00068508345,0.0001636536360843,2.258467484178093e-05,1.1364145393599756e-05,1.1325337254675104e-05,8.334462241431895e-08
720575940626295396,720575940626295396,5,0.0008251438056297,0.0004618651,0.00041895898,6.723973033807766e-05,1.2415656772245666e-05,6.535488410008838e-06,6.047062925063074e-06,1.5857214957402253e-08
720575940646100020,720575940646100020,2,0.0010797402355819,0.0009161829,0.00016355736,0.0,0.0002397288917563,0.0002397288917563,0.0,0.0
720575940646100020,720575940646100020,3,0.0001718868443276,5.7291727e-05,0.00011459509,0.0,5.350209539756179e-05,9.561472325003706e-07,5.254595089354552e-05,0.0
720575940646100020,720575940646100020,4,0.0001169340906341,4.698083e-05,7.556715e-05,0.0,0.0001111419376676,1.0762152669485658e-05,0.0001006411257549,0.0
720575940646100020,720575940646100020,5,5.765127818757114e-05,2.5959518e-05,3.4127483e-05,0.0,2.4874596920858102e-05,7.260319762281142e-06,1.76636349351611e-05,0.0
720575940618342966,720575940618342966,2,0.0062515661120414,0.0045400057,0.0017115606,0.0,0.0057378341443836,0.0049035865813493,0.0008342490182258,0.0
720575940618342966,720575940618342966,3,0.0020696253050118,0.0014854278,0.00058419676,0.0,0.0017848098650574,0.0009919597068801,0.0007928501581773,0.0
720575940618342966,720575940618342966,4,0.0015870738222267,0.000875365,0.00078188843,0.0,0.0008447334696165,0.0003883510653395,0.0005134671228006,0.0
720575940618342966,720575940618342966,5,0.0010732024310591,0.0005113157,0.00062751,0.0,0.0003900513355508,0.000224637275096,0.0002070598129648,0.0
720575940632413970,720575940632413970,2,0.0004339781880844,0.0002833351,0.00015064311,0.0,0.0,0.0,0.0,0.0
720575940632413970,720575940632413970,3,8.357410843018442e-05,6.8802205e-05,1.4771891e-05,0.0,1.345425880572293e-05,1.0322713933419436e-05,3.1315450996771688e-06,0.0
720575940632413970,720575940632413970,4,4.654735397048194e-05,2.504759e-05,2.3642398e-05,0.0,6.948474947421346e-06,4.366794200905133e-06,2.581680746516213e-06,0.0
720575940632413970,720575940632413970,5,2.667686561800112e-05,1.289821e-05,1.5124102e-05,0.0,5.687697265489698e-06,3.92288166040089e-06,1.832766884035664e-06,0.0
720575940624154604,720575940624154604,2,0.000282660126686,0.00023140693,5.125321e-05,0.0,5.606481136055663e-05,5.606481136055663e-05,0.0,0.0
720575940624154604,720575940624154604,3,0.0001277314586332,5.1820803e-05,7.591068e-05,0.0,9.621980279916896e-05,2.398432661721017e-05,7.223548163892701e-05,0.0
720575940624154604,720575940624154604,4,0.0001435829058767,5.3320513e-05,9.081672e-05,0.0,2.259926334358207e-05,9.946294994733762e-06,1.2766638974426314e-05,0.0
720575940624154604,720575940624154604,5,0.000104700171384,5.404641e-05,5.1837073e-05,0.0,1.4229765372071607e-05,6.407925866369624e-06,8.058856110437773e-06,0.0
720575940610000964,720575940610000964,2,0.0028119620401412,0.0008392649,0.0019726974,0.0008243637275882,0.0002564158348832,6.194561865413561e-05,0.000194470223505,5.921281990595162e-05
720575940610000964,720575940610000964,3,0.0008767142426222,0.00027392904,0.00060278515,0.0001353088300675,0.0001580130483489,5.189624062040821e-05,0.0001061167786247,1.6937690816121176e-05
720575940610000964,720575940610000964,4,0.0006440887386553,0.00041418173,0.00031721935,4.119052156005129e-05,0.0001047565275398,5.337550101103261e-05,5.25434224982746e-05,4.362784212106663e-06
720575940610000964,720575940610000964,5,0.0005374548359096,0.00031959137,0.00026845906,1.273349006065207e-05,6.643337069685198e-05,3.460257357801311e-05,3.377725079189986e-05,8.590808945935782e-07
720575940627087646,720575940627087646,2,0.0037252146285027,0.0015852703,0.002139944,0.0,0.0001897962356451,0.0001459839695598,4.381225153338164e-05,0.0
720575940627087646,720575940627087646,3,0.0013307252665981,0.00073569024,0.0005950356,0.0,0.0001662967115407,9.699336806079371e-05,6.930331437615678e-05,0.0
720575940627087646,720575940627087646,4,0.0006746845224624,0.00033195585,0.00037333556,0.0,5.097911309275e-05,2.798619607347064e-05,2.3220080038299784e-05,0.0
720575940627087646,720575940627087646,5,0.0003709082143037,0.00019206385,0.0002060557,0.0,2.5399314864623637e-05,1.2827094906242564e-05,1.3104521713103168e-05,0.0
720575940615583650,720575940615583650,2,0.0013364466140046,0.0009436155,0.00039283105,0.0009386851452291,3.88943990401458e-05,1.9076871467405e-05,1.98175275727408e-05,1.781562423275318e-05
720575940615583650,720575940615583650,3,0.0005704011418856,0.00028207712,0.000288324,7.784159970469773e-05,6.56768461340107e-05,3.038133763766382e-05,3.5295499401399866e-05,1.2633312508114614e-05
720575940615583650,720575940615583650,4,0.0003364345864169,0.00018678003,0.00015723796,1.5641827776488703e-05,5.364523733334884e-05,2.37881213251967e-05,2.992053487105295e-05,2.685607191010977e-06
720575940615583650,720575940615583650,5,0.0002496442088083,0.0001359644,0.00012471128,4.221506802652924e-06,3.398685254429034e-05,1.701178916846402e-05,1.736031481414102e-05,7.125422076403001e-07
720575940627032851,720575940627032851,2,0.000384007464163,0.00029794007,8.606748e-05,0.0,0.0002304348890902,0.0002298753533978,5.595306902250741e-07,0.0
720575940627032851,720575940627032851,3,0.0002202578907599,0.00010093275,0.000119325094,0.0,0.0001903649826999,5.406523268902674e-05,0.0001362997427349,0.0
720575940627032851,720575940627032851,4,0.0001829880460633,6.306686e-05,0.00012056982,0.0,4.31541381509487e-05,2.3262786271516237e-05,1.999561754928436e-05,0.0
720575940627032851,720575940627032851,5,0.0001321175271312,6.486439e-05,6.9763555e-05,0.0,2.4814915378680715e-05,1.084865380107658e-05,1.485925713495817e-05,0.0
720575940619857902,720575940619857902,2,0.0037777214311063,0.002861634,0.0009160874,0.0,0.0,0.0,0.0,0.0
720575940619857902,720575940619857902,3,0.0012394016375765,0.00080276583,0.00043663592,0.0,0.000177356734639,1.7626072803977877e-05,0.0001597306836629,0.0
720575940619857902,720575940619857902,4,0.0005761706461462,0.00029834744,0.00032501866,0.0,8.0943587818183e-05,4.190759500488639e-05,3.90359818993602e-05,0.0
720575940619857902,720575940619857902,5,0.0003283404479831,0.00017777631,0.00018846855,0.0,2.896957224647848e-05,1.4668486983282492e-05,1.4979472325649112e-05,0.0
720575940631469452,720575940631469452,2,0.0039456165395677,0.0017209146,0.0022247015,0.0,0.0,0.0,0.0,0.0
720575940631469452,720575940631469452,3,0.0003919377049896,0.00022700331,0.00016493448,0.0,1.4898448171152268e-05,6.538990419358015e-06,8.35945684229955e-06,0.0
720575940631469452,720575940631469452,4,0.0001079009437425,6.9906026e-05,6.412188e-05,0.0,1.1974820154136978e-05,3.6883809571008896e-06,8.28643715067301e-06,0.0
720575940631469452,720575940631469452,5,6.040255900662712e-05,3.3849017e-05,3.3120363e-05,0.0,5.805159732765182e-06,3.456955710134934e-06,2.3595141556143062e-06,0.0
720575940645538158,720575940645538158,2,0.0014474395429715,0.001127865,0.00031957516,0.0,0.0004337590071372,0.0004090646107215,2.4694374587852508e-05,0.0
720575940645538158,720575940645538158,3,0.00074427225627,0.00041435644,0.0003299161,0.0,0.0002921634295489,0.0001414061989635,0.000150757128722,0.0
720575940645538158,720575940645538158,4,0.0005658631550954,0.0002558621,0.00031707605,0.0,0.0001698093195652,6.439474236685783e-05,0.000105928244011,0.0
720575940645538158,720575940645538158,5,0.0003619711972263,0.00018026413,0.00019107346,0.0,8.686757916604738e-05,4.21760996687226e-05,4.5539476559497416e-05,0.0
720575940631342073,720575940631342073,2,0.0412624478340148,0.0008870872,0.040375322,0.0,9.141647024080156e-05,8.339922715094872e-06,8.307654206873849e-05,0.0
720575940631342073,720575940631342073,3,0.0169751420617103,0.0019454256,0.015029707,0.0,6.966713044675998e-06,3.2298573842126643e-06,3.736856569958036e-06,0.0
720575940631342073,720575940631342073,4,0.0118558387287542,0.0064967023,0.0075404095,0.0,3.3780045900302023e-06,1.4168867892294656e-06,1.9809926925518084e-06,0.0
720575940631342073,720575940631342073,5,0.0083848372960536,0.0052783657,0.0050006616,0.0,1.3566630975690735e-06,6.595212198590161e-07,7.093288445503276e-07,0.0
720575940632945177,720575940632945177,2,0.0045880028046667,0.0028941615,0.0016938418,0.0,0.0024509015493094,0.0022067183163017,0.0002441832912154,0.0
720575940632945177,720575940632945177,3,0.0045075882226228,0.0038661317,0.00064145756,0.0,0.0002556839608587,6.735721399309114e-05,0.0001883267250377,0.0
720575940632945177,720575940632945177,4,0.0020517241246014,0.0011098979,0.0010127247,0.0,9.326812784767598e-05,7.220135012175888e-05,3.119967004749924e-05,0.0
720575940632945177,720575940632945177,5,0.0013006955102323,0.00066798844,0.000834251,0.0,3.778644143861041e-05,1.8989983800565824e-05,2.176368798245676e-05,0.0
720575940608471900,720575940608471900,2,0.0059458171017467,0.004749433,0.0011963849,0.0046241991221904,0.0007134519401006,0.0006053987308405,0.0001080530928447,0.0006049654330126
720575940608471900,720575940608471900,3,0.0018561835167929,0.0010437043,0.00081247883,0.0006382477586157,3.1938081519911066e-05,1.6464349755551666e-05,1.5473733583348803e-05,6.118895726103801e-06
720575940608471900,720575940608471900,4,0.0009289303971873,0.0005264992,0.0004633406,0.0001565181086277,1.4675151960140027e-05,8.304807124659419e-06,7.951523002702743e-06,3.2018569204536325e-06
720575940608471900,720575940608471900,5,0.0005167604708398,0.0002952364,0.00027220664,3.841051085290765e-05,5.577275916740178e-06,2.8965102956135524e-06,3.0422631880355766e-06,3.7954647887219545e-07
720575940625310793,720575940625310793,2,0.0008848264114931,0.00045622286,0.00042860344,0.0,0.0002250876277685,4.441293185664108e-06,0.000220646339585,0.0
720575940625310793,720575940625310793,3,0.0002773262967821,0.0001570104,0.00012031592,0.0,9.467893687542528e-05,6.606537499465048e-05,2.8613565518753603e-05,0.0
720575940625310793,720575940625310793,4,0.0001429474445053,8.109481e-05,6.405602e-05,0.0,4.3427741516942246e-05,2.709558975766413e-05,1.641246853978373e-05,0.0
720575940625310793,720575940625310793,5,9.003013623802084e-05,4.7039634e-05,4.479273e-05,0.0,3.7598311623189934e-05,2.1385803847806528e-05,1.633555075386539e-05,0.0
720575940624967612,720575940624967612,2,0.0003218089696019,0.00010097626,0.00022083272,0.0,0.0,0.0,0.0,0.0
720575940624967612,720575940624967612,3,0.0001757343416102,9.4628456e-05,8.1105914e-05,0.0,0.0,0.0,0.0,0.0
720575940624967612,720575940624967612,4,8.220176233408137e-05,4.3571992e-05,4.250883e-05,0.0,0.0,0.0,0.0,0.0
720575940624967612,720575940624967612,5,3.990642378412098e-05,2.186033e-05,2.3197766e-05,0.0,0.0,0.0,0.0,0.0
720575940615244595,720575940615244595,2,0.0019460964249446,0.00096315745,0.0009829388,0.0005473226774483,0.0004228093894198,0.0001518372300779,0.0002709722029976,0.0001518372300779
720575940615244595,720575940615244595,3,0.0013679600087925,0.0006109404,0.0007570197,8.983456791611388e-05,0.0002746869577094,4.961823287885636e-05,0.0002250687102787,5.2043683353986125e-06
720575940615244595,720575940615244595,4,0.0008808652821048,0.00040114945,0.00049784756,2.312361369275497e-05,0.0001041910181507,5.013198097003624e-05,5.464406058308669e-05,1.196953565697138e-06
720575940615244595,720575940615244595,5,0.0006428955311061,0.00032765607,0.0003482006,5.867924168897445e-06,5.8710330453866696e-05,3.035445479326881e-05,3.046025085495785e-05,2.1258692057995157e-07
720575940623676394,720575940623676394,2,0.0074650216847658,0.0049349023,0.002530118,0.0,0.0056171459145843,0.0019074813462793,0.0037096641026437,0.0
720575940623676394,720575940623676394,3,0.0024007738102227,0.0015099776,0.0008907964,0.0,0.0011048380983993,0.000639975303784,0.0004648629110306,0.0
720575940623676394,720575940623676394,4,0.0014202118405463,0.00072892825,0.00078039046,0.0,0.0005529938924464,0.0002862381807062,0.0003057620488107,0.0
720575940623676394,720575940623676394,5,0.0009992230645348,0.0005236966,0.0005543531,0.0,0.0003237019155596,0.0001758002472342,0.0001726365298964,0.0
720575940629598935,720575940629598935,2,0.0009868403431028,0.00058554276,0.00040129758,0.0005848145810887,0.0003435738617554,0.0001566838036524,0.000186890058103,0.0001558601215947
720575940629598935,720575940629598935,3,0.000307283422444,9.110935e-05,0.00021617406,5.306866296450608e-05,6.671989103779197e-05,2.8361904696794227e-05,3.835797178908251e-05,8.375001016247552e-06
720575940629598935,720575940629598935,4,0.000200609104937,0.00010358545,0.000107439475,1.3919844353546869e-05,2.414952814176577e-05,1.183407221105881e-05,1.260531189473113e-05,2.2429469822399624e-06
720575940629598935,720575940629598935,5,0.0001630420874413,0.000108278895,7.031601e-05,3.090101265808828e-06,1.1307992666308995e-05,5.7786910474533215e-06,5.790090654045343e-06,4.398922196515362e-07
720575940614908010,720575940614908010,2,0.0014355237362906,0.00021455719,0.0012209662,0.0,0.0003185964887961,4.785282726516016e-06,0.0003138112369924,0.0
720575940614908010,720575940614908010,3,0.0002316297468496,7.9500656e-05,0.00015212916,0.0,4.816699947696179e-05,5.68548512092093e-06,4.248151526553556e-05,0.0
720575940614908010,720575940614908010,4,8.303617238019014e-05,4.167356e-05,4.752213e-05,0.0,1.0317824117806312e-05,4.322063432482537e-06,6.214116638147971e-06,0.0
720575940614908010,720575940614908010,5,4.07364987554298e-05,2.1348844e-05,2.1962562e-05,0.0,4.891686208424322e-06,2.447349288559053e-06,2.555333594500553e-06,0.0
720575940621917645,720575940621917645,2,0.0018641339847818,0.0010867529,0.0007773801,0.0010501679498702,0.0002931404160335,0.0001600242394488,0.0001331161911366,0.0001406253577442
720575940621917645,720575940621917645,3,0.0004863263166043,0.00019709478,0.00028923142,0.0001283697783946,7.220462430268526e-05,2.859971937141381e-05,4.36049303971231e-05,1.4004525837663095e-05
720575940621917645,720575940621917645,4,0.0002340373540144,0.00010942592,0.00013232509,2.798981534150577e-05,3.0021995376732487e-05,1.4242030374589376e-05,1.6555275578866713e-05,1.67503099687244e-06
720575940621917645,720575940621917645,5,0.0001427849518748,7.520875e-05,7.468216e-05,7.074126732748644e-06,1.499929907024602e-05,7.930604624561965e-06,7.736192856100388e-06,3.15626302338319e-07
720575940629484791,720575940629484791,2,0.0008875161292962,0.0001073624,0.0007801538,0.0001064355164999,2.230345126008615e-05,0.0,2.230345126008615e-05,0.0
720575940629484791,720575940629484791,3,0.0001125681446865,2.155952e-05,9.100858e-05,8.835705557430629e-06,8.55424423207296e-06,2.1241919512249297e-06,6.430052053474356e-06,4.194927516465441e-09
720575940629484791,720575940629484791,4,2.913674212182375e-05,2.2896576e-05,1.648258e-05,1.1835475144644597e-06,5.066040138478788e-06,2.4909463718358893e-06,2.580039335953188e-06,3.4554162198219274e-08
720575940629484791,720575940629484791,5,1.2142141485569984e-05,8.403704e-06,6.1171004e-06,2.1934374782954377e-07,3.766224136657616e-06,1.8378243566985477e-06,1.9687493022502167e-06,2.0366217889018817e-08
720575940628471916,720575940628471916,2,0.0006674991454929,0.0003299862,0.00033751293,0.0,0.0001172986376332,0.0001055561297107,1.1742509741452524e-05,0.0
720575940628471916,720575940628471916,3,0.0006149430992081,0.00023266567,0.00038227753,0.0,0.0003237540659029,9.491560194874182e-05,0.0002288384712301,0.0
720575940628471916,720575940628471916,4,0.0003214488746736,0.00013602637,0.00018691274,0.0,6.016008643241508e-05,2.5702953280415383e-05,3.46945998899173e-05,0.0
720575940628471916,720575940628471916,5,0.0001972949163745,0.00010754027,9.8212215e-05,0.0,3.117674924100124e-05,1.6566373233217746e-05,1.5138967683014926e-05,0.0
720575940614669707,720575940614669707,2,0.0014952648198232,0.0009887745,0.0005064906,0.0,6.247362762223929e-05,5.282558413455263e-05,9.648039849707857e-06,0.0
720575940614669707,720575940614669707,3,0.0001275913091376,5.7367462e-05,7.022386e-05,0.0,1.1008569344994612e-05,7.466288025170797e-06,3.5422804103291128e-06,0.0
720575940614669707,720575940614669707,4,4.1463137847048025e-05,2.2567529e-05,2.4912362e-05,0.0,4.446596660505352e-06,2.6473746856936486e-06,1.8485934560885653e-06,0.0
720575940614669707,720575940614669707,5,2.126111790769521e-05,1.1352564e-05,1.1512209e-05,0.0,2.7749981146225093e-06,1.3844114619132597e-06,1.4341961787067703e-06,0.0
720575940647030324,720575940647030324,2,0.0044750897213816,0.0014298799,0.0030452085,0.0014212334062904,0.0015436115209013,0.0001787539804354,0.0013648576568812,0.0001784838677849
720575940647030324,720575940647030324,3,0.0018615716835483,0.0004915889,0.0013699825,0.0002870877797249,0.0005734979640692,0.0001019000046653,0.0004715978284366,4.9198588385479525e-05
720575940647030324,720575940647030324,4,0.0008921666573455,0.0003739703,0.0005655329,7.622826446966727e-05,0.0001731588677302,6.86483399476856e-05,0.0001088664430426,1.193417512982333e-05
720575940647030324,720575940647030324,5,0.0005279029932452,0.00028331665,0.00029090536,2.057668025937937e-05,8.044278235486443e-05,4.18430645368062e-05,4.384141357149929e-05,2.8706764681835746e-06
720575940631299855,720575940631299855,2,0.0066988165490329,0.0063475664,0.00035124976,0.0063467063009738,0.0006031962111592,0.0001387784868711,0.0004644177679438,0.0001387784868711
720575940631299855,720575940631299855,3,0.0006082691252231,0.00046953664,0.00013873237,0.0004490995488595,3.665316398837604e-05,2.267043964820914e-05,1.3982722521177491e-05,1.1417359019105788e-05
720575940631299855,720575940631299855,4,0.0003272261483001,0.00028540177,0.00011263566,0.0001908427992688,1.5310884661082265e-05,8.367843292944599e-06,7.867899512348231e-06,3.1610296498206565e-06
720575940631299855,720575940631299855,5,0.0001471269907935,0.00010660405,6.202253e-05,4.8403169843252205e-05,6.256879534543742e-06,3.2706325328035746e-06,3.1989231956686126e-06,6.260206229509856e-07
720575940626143806,720575940626143806,2,0.0099342446774244,0.0071396455,0.002794599,0.0067641423083841,6.390156613633735e-06,3.162766915920656e-06,3.227389697713079e-06,4.283154169115733e-07
720575940626143806,720575940626143806,3,0.0044971439056098,0.0030445629,0.0014525804,0.0024612920824438,2.473046151862945e-05,1.514282303105574e-05,9.587638487573711e-06,1.1990871371381218e-06
720575940626143806,720575940626143806,4,0.002361567889414,0.001469982,0.0010500577,0.0008407478044475,2.5336475669047858e-05,1.247060026798863e-05,1.287294890062185e-05,7.919231396409459e-07
720575940626143806,720575940626143806,5,0.0016911844412693,0.0010033991,0.0008562657,0.0003103813537053,2.909221301471213e-05,1.3391295397013891e-05,1.5878442354733124e-05,6.847862118588586e-07
720575940610173048,720575940610173048,2,0.0010136383352801,0.0005545406,0.00045909794,0.0,8.297283784486353e-05,4.7333669499494135e-05,3.563917562132701e-05,0.0
720575940610173048,720575940610173048,3,0.0002645447093527,0.00015142687,0.0001131179,0.0,3.0347344363690357e-05,1.7244386981474236e-05,1.3102955563226716e-05,0.0
720575940610173048,720575940610173048,4,0.000171950578619,9.064111e-05,8.726944e-05,0.0,2.2957731087138647e-05,1.1861882740049625e-05,1.1223741239518858e-05,0.0
720575940610173048,720575940610173048,5,0.0001332253298533,6.902129e-05,6.943777e-05,0.0,1.3706761969929714e-05,6.996809588599717e-06,6.97113091518986e-06,0.0
720575940622156976,720575940622156976,2,0.0063653453253209,0.0007938668,0.0055714743,0.0,0.0028586699627339,7.9187720984919e-06,0.0028507513925433,0.0
720575940622156976,720575940622156976,3,0.0010865980293601,0.00038300094,0.00070359634,0.0,0.0007765470072627,0.0001069132486009,0.0006696339114569,0.0
720575940622156976,720575940622156976,4,0.0003758656701471,0.00023399065,0.00018613723,0.0,0.0001621605173638,9.44456405704841e-05,7.601055403938517e-05,0.0
720575940622156976,720575940622156976,5,0.000213436698637,0.00012078043,0.00010916573,0.0,9.592791254997685e-05,5.52195415366441e-05,4.551438905764371e-05,0.0
720575940631022336,720575940631022336,2,0.0015919554280117,0.0010856572,0.00050629803,0.0010442073689773,0.0002015035715885,0.0001505929976701,5.091058847028762e-05,0.0001472910080337
720575940631022336,720575940631022336,3,0.0004109911096747,0.00020532192,0.00020566912,0.000142098593642,9.999012399930508e-05,3.6339675716590136e-05,6.365044100675732e-05,2.463981763867196e-05
720575940631022336,720575940631022336,4,0.0002560449150951,0.00013880411,0.0001239085,3.549510416504581e-05,4.373468789083872e-05,2.107188629452139e-05,2.28411918214988e-05,5.143692531843733e-06
720575940631022336,720575940631022336,5,0.00016612294902,8.508611e-05,8.544873e-05,1.1524484240824812e-05,2.3080863872020077e-05,1.1919532880710904e-05,1.1361645192664582e-05,1.3164186590982762e-06
720575940626445852,720575940626445852,2,0.0048910928890109,0.004453981,0.00043711095,0.0044407155364751,0.0005923879216425,0.0001844861981226,0.0004079015925526,0.0001817132724681
720575940626445852,720575940626445852,3,0.0004048651026096,0.00017588779,0.0002289774,0.0001188307796837,0.0002026847214438,8.46740003908053e-05,0.0001180107501568,5.86913047300186e-05
720575940626445852,720575940626445852,4,0.000343196496456,0.00019270263,0.00018553392,5.585816010640096e-05,0.0001773723474769,8.804597746348009e-05,9.05431661522016e-05,3.613332122727528e-05
720575940626445852,720575940626445852,5,0.0002806723056897,0.00014792841,0.00014705541,2.341516009328617e-05,0.0001395306729308,6.873589882161468e-05,7.16311187716201e-05,1.5910522650291232e-05
720575940608606933,720575940608606933,2,0.0008485987782478,0.00022965702,0.0006189416,0.0,3.930957245756872e-05,2.6519883249420676e-05,1.2789688298653346e-05,0.0
720575940608606933,720575940608606933,3,0.0002309977862751,0.00010752669,0.00012347108,0.0,2.1333544282242656e-05,4.688408807851374e-06,1.6645131836412475e-05,0.0
720575940608606933,720575940608606933,4,9.758778295507832e-05,5.1204544e-05,5.084256e-05,0.0,1.246146734091443e-05,7.615043159603374e-06,5.228897407505428e-06,0.0
720575940608606933,720575940608606933,5,5.901351000871072e-05,3.1165335e-05,3.076141e-05,0.0,8.183734025083199e-06,4.091561095265206e-06,4.342226020526141e-06,0.0
720575940623272328,720575940623272328,2,0.0586651787161827,0.00081478717,0.057850387,0.0,4.021111453766935e-05,1.828148924687412e-05,2.1929627109784636e-05,0.0
720575940623272328,720575940623272328,3,0.0114344889298081,0.0057710195,0.0056634704,0.0,8.4953528130427e-05,3.3501019061077386e-05,5.1452501793392e-05,0.0
720575940623272328,720575940623272328,4,0.0153605206664105,0.019106954,0.0012276965,0.0,4.92428204693538e-05,3.0257786420406774e-05,1.906739635160193e-05,0.0
720575940623272328,720575940623272328,5,0.0047817237277344,0.003945938,0.0032675345,0.0,2.5236975651828608e-05,1.265045466425363e-05,1.3003318599658089e-05,0.0
720575940630548751,720575940630548751,2,0.014160051010549,0.0038498593,0.0103101935,0.0,0.0058185420930385,0.0042205671779811,0.0015979753807187,0.0
720575940630548751,720575940630548751,3,0.0051436987705528,0.002389108,0.0027545886,0.0,0.0014482226688414,0.0008258530870079,0.0006223692907951,0.0
720575940630548751,720575940630548751,4,0.0036900385012267,0.0019927332,0.0020458475,0.0,0.0006023275117224,0.0003224075189791,0.0003271263558417,0.0
720575940630548751,720575940630548751,5,0.0025937278735742,0.0013792592,0.00151863,0.0,0.0002935144974143,0.0001708144845906,0.0001502353552496,0.0
720575940621369468,720575940621369468,2,0.0010213255882263,0.00028994214,0.00073138333,0.0002875325153581,4.928360795020126e-05,3.620634743128903e-05,1.3077264156891031e-05,3.5346161894267425e-05
720575940621369468,720575940621369468,3,0.0002692928828764,9.631876e-05,0.00017297403,3.1500567274633795e-05,6.558855238836259e-05,2.4957553250715137e-05,4.063099186168984e-05,1.1207745274077752e-06
720575940621369468,720575940621369468,4,0.0001073566097169,5.519252e-05,5.4637574e-05,5.761007708180998e-06,1.4401552457408662e-05,6.55394160276046e-06,7.871419256844092e-06,1.848949413640013e-07
720575940621369468,720575940621369468,5,5.5540950978499954e-05,3.0227213e-05,2.7793463e-05,1.191276607629642e-06,9.427059629584756e-06,5.316191163728945e-06,4.430990884429775e-06,1.1501104561437509e-07
720575940613066536,720575940613066536,2,0.0014179880963638,0.00035604445,0.0010619437,0.0003535309224389,1.0293148989148904e-05,0.0,1.0293148989148904e-05,0.0
720575940613066536,720575940613066536,3,0.0001867953105829,9.2557166e-05,9.42382e-05,2.646802931849379e-05,4.926425390294753e-05,3.455155456322245e-05,1.4712702068209182e-05,0.0
720575940613066536,720575940613066536,4,8.186024686946941e-05,4.6274905e-05,3.8872873e-05,3.754445558051818e-06,2.0199008902408105e-05,8.891825928003527e-06,1.1331447240081616e-05,4.8057704482573635e-09
720575940613066536,720575940613066536,5,4.509376268526395e-05,2.3043967e-05,2.3468006e-05,7.681933587771858e-07,9.07063810679809e-06,4.693442406278336e-06,4.472492491913727e-06,2.726487036142089e-09
720575940618247333,720575940618247333,2,0.0006735223578289,0.0005830708,9.04514e-05,0.0005830709123983,8.013566912268288e-06,0.0,8.013566912268288e-06,0.0
720575940618247333,720575940618247333,3,0.0001318065915256,9.38935e-05,3.7913043e-05,8.497393719153479e-05,4.939154223393416e-06,2.2510498638439458e-06,2.688104814296821e-06,7.831505399735761e-07
720575940618247333,720575940618247333,4,3.6239778538198736e-05,2.1757312e-05,1.5930134e-05,1.5073258283352974e-05,3.3351852667179858e-06,1.7926508917298634e-06,1.5820996850379745e-06,6.320886996036279e-07
720575940618247333,720575940618247333,5,1.4706810347549756e-05,8.0086065e-06,7.3883216e-06,3.295436863788009e-06,2.060901854118801e-06,1.1127616517114802e-06,9.79768628894817e-07,2.1038712568970885e-07
720575940625971204,720575940625971204,2,0.0021778685040771,0.0010012214,0.001176647,0.0009989760583266,0.0017760922200977,0.0010217813542112,0.0007543107494711,0.0010179786477237
720575940625971204,720575940625971204,3,0.000545286166016,0.00014550454,0.00039978154,0.00011004825501,0.0005366161931306,0.0001813805283745,0.0003552356502041,0.0001479662896599
720575940625971204,720575940625971204,4,0.0002569306645485,0.000157023,0.00012102395,2.043002352991607e-05,0.0002062450683577,9.932903049048036e-05,0.0001175313373096,3.014294267335484e-05
720575940625971204,720575940625971204,5,0.0001074156959197,7.642815e-05,4.358034e-05,4.285023660302986e-06,8.585380960689141e-05,5.156914266990498e-05,4.212872227071784e-05,6.134016386047943e-06
720575940628181520,720575940628181520,2,0.0045404541306197,0.0026395172,0.0019009365,0.0025550900027155,0.0,0.0,0.0,0.0
720575940628181520,720575940628181520,3,0.00118350435514,0.00064382714,0.00053967733,0.0004681514401454,5.715250495086366e-07,4.477378752199002e-07,1.2378721692130057e-07,3.956717762321205e-07
720575940628181520,720575940628181520,4,0.0007205125875829,0.0003895932,0.00037500245,0.0001523726573959,1.758727989908948e-06,1.1595486739679473e-06,5.991790317239065e-07,2.1178135511945587e-07
720575940628181520,720575940628181520,5,0.0005555055974949,0.0003119242,0.00027881068,6.403197257450505e-05,9.769126760179226e-06,4.022578195872484e-06,5.755463917012094e-06,3.941076349518957e-07
720575940616941201,720575940616941201,2,0.0020287884399294,0.0017091896,0.0003195986,0.0016808513319119,0.0009589671972207,0.0008302183705382,0.0001287488121306,0.0008282279595732
720575940616941201,720575940616941201,3,0.0004598135710693,0.00027417316,0.0001856406,0.0002390107983956,5.4747957619838417e-05,2.849104203050956e-05,2.6256937417201694e-05,2.270342520205304e-05
720575940616941201,720575940616941201,4,0.0001503481444541,7.7532226e-05,7.9688674e-05,3.92707960266642e-05,2.6556331638936376e-05,1.4601839211536571e-05,1.342655195912812e-05,6.488594031834019e-06
720575940616941201,720575940616941201,5,7.008120263296073e-05,3.6352027e-05,3.7423924e-05,8.693821730576932e-06,1.4794652623966642e-05,7.304586688405834e-06,7.813900992914569e-06,1.5001932984593507e-06
720575940619410671,720575940619410671,2,0.0018664300441741,0.00062458974,0.00124184,0.0006219208007678,0.0014137043617665,0.0007169895106926,0.0006967149092815,0.0007128769066184
720575940619410671,720575940619410671,3,0.0004954228061251,0.00012501416,0.00037040847,9.269763540942222e-05,0.0004124809347558,0.0001397028536302,0.0002727780956774,0.0001177963640657
720575940619410671,720575940619410671,4,0.0002524566315447,0.0001622707,0.000108788394,1.913199013931162e-05,0.0001667045991972,8.475026697851717e-05,9.005377069115639e-05,2.414706540951387e-05
720575940619410671,720575940619410671,5,0.0001042392270641,7.541374e-05,4.006807e-05,4.754224676068788e-06,7.04971157472531e-05,4.420655750436708e-05,3.20354629366193e-05,5.212679905921305e-06
720575940639175869,720575940639175869,2,0.0002797489869408,0.00015811411,0.00012163489,0.0001581141114002,1.6836971781231114e-06,0.0,1.6836971781231114e-06,0.0
720575940639175869,720575940639175869,3,5.524836524273269e-05,2.703927e-05,2.8209102e-05,8.436002644884866e-06,2.5418719360459363e-06,1.9687076928676106e-06,5.73164129491488e-07,6.118802353682895e-09
720575940639175869,720575940639175869,4,2.402171157686964e-05,1.2691265e-05,1.16947285e-05,1.5583420641428217e-06,2.2256448936713588e-06,7.518900133618445e-07,1.4753107961951173e-06,1.1598054072692321e-08
720575940639175869,720575940639175869,5,1.4292659193944869e-05,7.247252e-06,7.389468e-06,4.176534456925306e-07,1.5711111294931702e-06,8.486135811835993e-07,7.314056347240694e-07,3.469477991805989e-09
720575940626840368,720575940626840368,2,0.0007618649397045,0.0005851707,0.00017669445,0.0005775233730673,0.0001550488523207,8.943714419729076e-06,0.0001461051433579,0.0
720575940626840368,720575940626840368,3,0.0001935540203703,0.000106073356,8.748068e-05,8.122529834508896e-05,2.3091473849490285e-05,9.424084055353887e-06,1.366738615615759e-05,1.8989996988239e-06
720575940626840368,720575940626840368,4,8.396160641462379e-05,4.0657535e-05,4.509769e-05,1.8623050151584797e-05,1.370268561657674e-05,6.589807071577525e-06,7.489789823011961e-06,3.6593692698261293e-07
720575940626840368,720575940626840368,5,4.471652936600546e-05,2.2304133e-05,2.3818826e-05,5.039798807497525e-06,7.9143672941972e-06,4.167666702414863e-06,3.90433206121088e-06,1.873515719190908e-07
720575940620609739,720575940620609739,2,0.0028630506712943,0.0011620515,0.0017009991,0.0,6.501905318145873e-06,7.704256859142333e-07,5.73147963223164e-06,0.0
720575940620609739,720575940620609739,3,0.0011179185239598,0.00057307485,0.00054484396,0.0,0.0001173441851278,3.555008879629895e-05,8.179411088349298e-05,0.0
720575940620609739,720575940620609739,4,0.0007162485091834,0.00035888285,0.0003749441,0.0,0.0001412333920418,6.37543635093607e-05,7.747911149635911e-05,0.0
720575940620609739,720575940620609739,5,0.0004968489065554,0.00025276892,0.00026281152,0.0,9.186150603253912e-05,4.5370830775937065e-05,4.6695546188857406e-05,0.0
720575940625949212,720575940625949212,2,0.0016303213778883,0.0011166446,0.00051367667,0.0010978238424286,0.0,0.0,0.0,0.0
720575940625949212,720575940625949212,3,0.0002363900857744,0.000103122045,0.00013326808,6.0764807130908594e-05,4.9287823458143976e-06,3.1021563700051047e-06,1.8266265442434813e-06,1.534478286657759e-07
720575940625949212,720575940625949212,4,8.245605990029379e-05,4.6763023e-05,4.6265955e-05,8.50699332146206e-06,2.3778479771863203e-06,1.2646162304008612e-06,1.1132324289064854e-06,3.6248447798925554e-08
720575940625949212,720575940625949212,5,3.631570684818505e-05,2.0418778e-05,2.0003725e-05,1.5920240617568543e-06,2.304813451256259e-06,1.2156875754953944e-06,1.0953017408610322e-06,2.741855930226724e-08
720575940605307936,720575940605307936,2,0.0017127473838627,0.00050479325,0.001207954,0.0005023307166993,5.572837108047679e-05,0.0,5.572837108047679e-05,0.0
720575940605307936,720575940605307936,3,0.0001834888244047,5.8283607e-05,0.0001252052,3.874602043651976e-05,3.068975274800323e-05,2.002535984502174e-05,1.0664391083992086e-05,8.525979865225963e-06
720575940605307936,720575940605307936,4,6.035640200833294e-05,3.427809e-05,3.2245644e-05,5.913893362247525e-06,2.0220630884356837e-05,1.1176753105246462e-05,9.169024451693986e-06,2.122455953212921e-06
720575940605307936,720575940605307936,5,3.170670397694533e-05,1.84265e-05,1.556589e-05,1.218224514835873e-06,1.1381549620771514e-05,6.087613655836321e-06,5.382653398555704e-06,3.894816951203169e-07
720575940630349583,720575940630349583,2,0.0007018240285106,0.00010916235,0.00059266173,9.698353824205697e-05,0.0001561464741826,2.424450485705165e-06,0.0001537220232421,2.424450485705165e-06
720575940630349583,720575940630349583,3,0.000173148146132,6.474874e-05,0.00010839942,2.096749267366249e-05,3.570977060007863e-05,1.5028605957922991e-05,2.0681169189629145e-05,8.573169907322153e-06
720575940630349583,720575940630349583,4,7.293528179348903e-05,4.0546867e-05,3.455979e-05,5.156274622429045e-06,3.566439468440405e-05,1.9946510292356837e-05,1.58073289640015e-05,2.4526144263542902e-06
720575940630349583,720575940630349583,5,5.091265419435832e-05,2.6854546e-05,2.5775362e-05,1.7776809631528086e-06,2.1156791043427185e-05,1.2184718798380343e-05,9.025392500916496e-06,1.1946687909058683e-06
720575940611812835,720575940611812835,2,0.0046670576557517,0.0046047294,6.233007e-05,0.0043314695358276,8.450188033748418e-06,0.0,8.450188033748418e-06,0.0
720575940611812835,720575940611812835,3,0.0017918968806043,0.001701097,9.0799695e-05,0.0014147832989692,3.4362021779088536e-06,3.209733677067561e-06,2.2646848663043786e-07,0.0
720575940611812835,720575940611812835,4,0.0011069595239912,0.0010539636,9.660509e-05,0.0007497284222901,3.530542210246752e-06,2.9992827421665424e-06,1.281602976632712e-06,8.351970137709942e-08
720575940611812835,720575940611812835,5,0.0007020897396962,0.0006565534,9.016138e-05,0.000400826990484,1.8989095809329009e-06,1.0075752925331471e-06,1.2316634183662245e-06,2.8013525721348745e-08
720575940612869269,720575940612869269,2,0.0199934244155883,0.0002533363,0.019740084,0.0002269786637043,0.0008359575294889,0.0007905627135187,4.539473593467847e-05,0.0007849459652788
720575940612869269,720575940612869269,3,0.0119851063936948,0.011590652,0.00039446,3.2418080081697553e-05,0.0001260494464077,6.290783494478092e-05,6.314160418696702e-05,5.682664050254971e-05
720575940612869269,720575940612869269,4,0.0077015655598564,0.0013687318,0.0070603318,1.0577705970462896e-05,0.0001180864429643,4.866339804721065e-05,7.126381387934089e-05,1.8206906494186597e-05
720575940612869269,720575940612869269,5,0.0049518494811348,0.004442092,0.0015419348,4.07970091981042e-06,7.989416719216288e-05,3.1401919841300696e-05,4.943540261592716e-05,3.5024765923773038e-06
720575940637798771,720575940637798771,2,0.0013079158961772,0.00028024125,0.0010276748,0.0,0.0003096325381193,9.19769227039069e-05,0.0002176556008635,0.0
720575940637798771,720575940637798771,3,0.0003432675730437,0.0002384146,0.000104853025,0.0,0.0001507630513515,6.738611409673467e-05,8.337696635862812e-05,0.0
720575940637798771,720575940637798771,4,0.0001119330012906,6.412952e-05,5.2737145e-05,0.0,4.132395914437618e-05,2.100137498928234e-05,2.082184619212057e-05,0.0
720575940637798771,720575940637798771,5,6.125785551160298e-05,3.193099e-05,3.3949527e-05,0.0,2.1243507161418188e-05,1.0585326890577562e-05,1.1058831660193393e-05,0.0
720575940620482182,720575940620482182,2,0.0011673372937366,0.00038045328,0.0007868839,0.0003792867355514,1.7742362615535967e-05,1.0191810133619583e-06,1.672318103373982e-05,1.0191810133619583e-06
720575940620482182,720575940620482182,3,0.0003817673132289,0.00018634454,0.00019542282,3.9451817428926006e-05,3.452462988207117e-05,2.763303018582519e-05,6.891602424730081e-06,6.781355921248179e-08
720575940620482182,720575940620482182,4,0.0002065361743317,0.000115280796,9.5483025e-05,8.02845436789836e-06,1.461098055157281e-05,6.88758518663235e-06,7.806296707713045e-06,3.7832378818280366e-08
720575940620482182,720575940620482182,5,0.0001215472813637,6.271727e-05,6.2921536e-05,1.991850029588716e-06,6.299635027793168e-06,3.296609975222964e-06,3.2466336961078923e-06,4.702404056941842e-09
720575940605073342,720575940605073342,2,0.0017382573569193,0.00015642554,0.0015818316,0.0001297528215218,0.0,0.0,0.0,0.0
720575940605073342,720575940605073342,3,0.0003127368399873,0.00016401368,0.00014872315,1.9431396140134893e-05,4.9394904635846615e-05,1.207108380185673e-05,3.7323810829548165e-05,6.557411779795075e-06
720575940605073342,720575940605073342,4,0.0002112929483809,0.0001174579,0.00010193407,6.515964268172261e-06,4.044396337121725e-05,2.095249146805145e-05,1.9491462808218785e-05,2.443686298647662e-06
720575940605073342,720575940605073342,5,0.0001289006987931,6.602316e-05,6.692416e-05,2.105451179376164e-06,2.905733198860687e-05,1.4787437066843268e-05,1.4333711078506894e-05,7.933447453253889e-07
720575940623807932,720575940623807932,2,0.0032758128363639,0.0016664027,0.0016094102,0.0015807093586772,0.0,0.0,0.0,0.0
720575940623807932,720575940623807932,3,0.0011530575575307,0.0005380262,0.0006150317,0.0002375748881604,5.811450591863832e-06,5.727686129830545e-06,8.376439097901311e-08,0.0
720575940623807932,720575940623807932,4,0.0007112449778905,0.0003989349,0.00034342133,3.5053818659725925e-05,9.81294761004392e-07,4.784538987223641e-07,5.028408054386091e-07,0.0
720575940623807932,720575940623807932,5,0.0004368109703853,0.00025502083,0.00021151258,5.735571744243291e-06,9.32053311970305e-07,4.665739652409684e-07,4.668666235829733e-07,5.595198082630759e-09
720575940612327446,720575940612327446,2,0.0030031176283955,0.0010087914,0.0019943258,0.0010087912669405,0.0002228223602287,0.0002228223602287,0.0,0.0002228223602287
720575940612327446,720575940612327446,3,0.0006465030601248,0.0003245086,0.00032199442,7.326821651076898e-05,4.6191547880880535e-05,2.9075119527988136e-05,1.7116431990871206e-05,2.8972381187486466e-05
720575940612327446,720575940612327446,4,0.000416932541641,0.00025967398,0.0001964575,1.373187127398931e-05,1.8237351285593698e-05,6.395151103788521e-06,1.1955403351748828e-05,5.078116598656706e-06
720575940612327446,720575940612327446,5,0.000225425763897,0.000124347,0.00011932554,2.893724723399964e-06,6.136065213570585e-06,2.610157935123425e-06,3.736114649655065e-06,7.328248150341728e-07
720575940621588139,720575940621588139,2,0.0003042025782633,0.00021005158,9.415095e-05,0.0001907131663756,5.577518095378764e-06,2.166668309655506e-06,3.410849785723258e-06,1.8933625369754736e-06
720575940621588139,720575940621588139,3,8.206112397601828e-05,4.581249e-05,3.6248646e-05,2.950906309706625e-05,1.6204479834414087e-05,1.098685334000038e-05,5.217624675424304e-06,8.470854595543642e-07
720575940621588139,720575940621588139,4,4.891488785973548e-05,2.4436033e-05,2.497223e-05,7.716663872090547e-06,1.5442857372208083e-05,9.728584700496867e-06,5.716759005736094e-06,9.286241575572912e-07
720575940621588139,720575940621588139,5,3.4944375718114074e-05,1.7730981e-05,1.7699233e-05,2.538890197576498e-06,1.0560486588474966e-05,5.645773853757419e-06,4.944471584167332e-06,3.449195477554098e-07
720575940625576080,720575940625576080,2,0.0032247439958155,0.0031378348,8.690977e-05,0.0028600613586604,7.494948658859357e-05,0.0,7.494948658859357e-05,0.0
720575940625576080,720575940625576080,3,0.0013024443760514,0.0011927265,0.0001097178,0.0009615997551009,5.612442691926844e-06,3.2917876069404883e-06,2.320655539733707e-06,0.0
720575940625576080,720575940625576080,4,0.0008467987069908,0.0007598004,0.000113340415,0.0005252950180463,1.3341354110530212e-06,7.422395356115885e-06,5.669634219884756e-07,4.077722159934183e-09
720575940625576080,720575940625576080,5,0.0005684509038713,0.0004939916,0.00010468756,0.0002910908049692,1.4589323714644092e-06,1.0412826441097425e-06,1.3477540505846264e-06,3.15999066913264e-08
720575940622321251,720575940622321251,2,0.0041833473369479,0.0041091554,7.419137e-05,0.0039514824748039,6.430386565625668e-05,0.0,6.430386565625668e-05,0.0
720575940622321251,720575940622321251,3,0.0013790492666885,0.0012779925,0.00010105771,0.001110439770855,6.156746167107485e-06,4.181306849204702e-06,1.975438863155432e-06,0.0
720575940622321251,720575940622321251,4,0.0008429007913431,0.00077574473,0.00010279933,0.0005740077855334,4.554957532157036e-06,8.607561539974995e-06,1.6573524135310436e-06,3.723305894709483e-07
720575940622321251,720575940622321251,5,0.000549830843507,0.0004895106,9.440772e-05,0.0003110619422769,1.6408454663689644e-06,1.0591443242446983e-06,1.4637446383858332e-06,1.2047448194607568e-07
720575940621956317,720575940621956317,2,0.0003764802240766,0.00017913406,0.0001973462,0.0001791340473573,0.0002952591748908,0.0,0.0002952591748908,0.0
720575940621956317,720575940621956317,3,0.0001287570485146,6.272355e-05,6.603349e-05,2.569345997471828e-05,8.774707384873182e-05,9.126173608819954e-06,7.862089842092246e-05,1.262157525161456e-07
720575940621956317,720575940621956317,4,7.141840201650595e-05,3.791164e-05,3.4361434e-05,3.5379267805990227e-06,3.215763023789186e-05,1.2460395737434736e-05,1.987989162444137e-05,5.4204988941819465e-08
720575940621956317,720575940621956317,5,4.85646149033936e-05,2.5223799e-05,2.4481078e-05,7.764973927279629e-07,1.938272578615349e-05,1.1078471288783476e-05,8.556555258110166e-06,4.341033957464906e-08
720575940610290162,720575940610290162,2,0.0003011909720953,0.00014305656,0.0001581344,0.0001383076887577,0.0,0.0,0.0,0.0
720575940610290162,720575940610290162,3,5.6434961152262986e-05,2.5816487e-05,3.0618463e-05,1.2013812920486089e-05,1.8847907767849392e-06,3.04663757333401e-07,1.5801271047166663e-06,5.0602594114934625e-08
720575940610290162,720575940610290162,4,2.351627257145306e-05,1.1898341e-05,1.2192681e-05,2.546487240365876e-06,2.171821506635752e-06,1.2514634590843343e-06,9.203583886119304e-07,9.36824307018469e-08
720575940610290162,720575940610290162,5,1.2198962978610988e-05,6.2744257e-06,6.315976e-06,5.916054147246886e-07,1.642694847325217e-06,8.34870434118784e-07,8.101076787170314e-07,2.2057373580155762e-08
720575940623959477,720575940623959477,2,0.0016474801814183,0.00041768505,0.0012297954,0.0004176850197836,0.0001194529540953,4.724112295662053e-05,7.22118275007233e-05,4.724112295662053e-05
720575940623959477,720575940623959477,3,0.0002410270681139,8.802027e-05,0.00015300681,4.471982174436562e-05,1.0993749128829222e-05,3.768882606891566e-06,7.2248631113325246e-06,5.400732447924383e-07
720575940623959477,720575940623959477,4,9.01343107221942e-05,5.6814286e-05,4.40934e-05,7.80873871838769e-06,8.48188268594966e-06,4.030103355034953e-06,4.625238943845034e-06,7.329270071932068e-07
720575940623959477,720575940623959477,5,3.710545957307424e-05,2.2283628e-05,1.868858e-05,1.7704311589866085e-06,4.404460286473295e-06,2.285194113937905e-06,2.19926050704089e-06,3.707085911311835e-07
720575940624243006,720575940624243006,2,0.0016340783331543,0.0005036177,0.0011304608,0.0005036177462898,4.0801816794555634e-05,0.0,4.0801816794555634e-05,0.0
720575940624243006,720575940624243006,3,0.0002048727910732,7.4358875e-05,0.00013051394,4.073691525263712e-05,1.0752104572020473e-05,7.640473086212296e-06,3.1116312584345e-06,0.0
720575940624243006,720575940624243006,4,7.799561631861206e-05,4.8537364e-05,3.8945658e-05,6.185027644638259e-06,5.6012045501076295e-06,2.839202352333814e-06,2.773130290734116e-06,9.537654932501029e-08
720575940624243006,720575940624243006,5,3.1351182988616845e-05,1.9050713e-05,1.5527356e-05,1.1960180960617371e-06,2.834986385961104e-06,1.491785042162519e-06,1.36281209961453e-06,6.101928562429748e-08
720575940624649964,720575940624649964,2,0.0005756668979302,0.00019284828,0.0003828186,0.0001928482961375,6.318734085652977e-05,0.0,6.318734085652977e-05,0.0
720575940624649964,720575940624649964,3,0.0001093060564016,5.3621952e-05,5.568408e-05,2.036059413512703e-05,9.36869764700532e-06,8.30618773761671e-06,1.0625117283780128e-06,0.0
720575940624649964,720575940624649964,4,5.025955549706249e-05,2.6957043e-05,2.4505673e-05,2.921789057741163e-06,4.252033786636746e-06,2.313474396942184e-06,2.1896330508752726e-06,3.7038713762704845e-10
720575940624649964,720575940624649964,5,2.937233154915801e-05,1.5198884e-05,1.4858511e-05,5.889926258308862e-07,1.8153700368175585e-06,9.388919011144026e-07,9.775615126272896e-07,2.2629897955539488e-10
720575940633502618,720575940633502618,2,0.0051773833110928,0.003579594,0.0015977896,0.0035633433144539,0.0047975219786167,0.002694106195122,0.0021034162491559,0.0026807615067809
720575940633502618,720575940633502618,3,0.0009960229508578,0.00051605626,0.00047996678,0.0003967285447288,0.0006930010858923,0.0003099190071225,0.0003830820787698,0.0002063065621769
720575940633502618,720575940633502618,4,0.0003037130438766,0.00018921317,0.00017114385,4.990687343185236e-05,0.0001363648585386,8.974647789727896e-05,8.41244327602908e-05,1.5300431898166085e-05
720575940633502618,720575940633502618,5,0.0001164366524317,7.0721e-05,6.885613e-05,7.009492361809926e-06,3.960728074603277e-05,2.5794792236411013e-05,2.5078017642954364e-05,1.2806457046046732e-06
720575940620382400,720575940620382400,2,0.0043867607600986,0.0040913937,0.00029536686,0.0040706228464841,0.0003917495778296,0.0001838363677961,0.0002079132245853,0.0001745931949699
720575940620382400,720575940620382400,3,0.0003308475425001,0.00023118943,9.965805e-05,0.0002051386982202,2.9876824555685744e-05,5.269857865641825e-06,2.4606964871054515e-05,2.1908448388785478e-07
720575940620382400,720575940620382400,4,6.935448375261312e-05,6.43395e-05,3.8488593e-05,1.36289467200451e-05,1.0508529624790998e-05,5.542242433875799e-06,5.691734259016812e-06,6.90637326243648e-08
720575940620382400,720575940620382400,5,3.0020212703227706e-05,1.8846064e-05,1.6745067e-05,2.222148192698753e-06,5.187477068786778e-06,2.68769372269162e-06,2.837173497027834e-06,1.6012443403586894e-08
720575940628226697,720575940628226697,2,0.001883141696453,0.001656182,0.00022695953,0.0,0.0026074692141264,0.0026074689812958,0.0,0.0
720575940628226697,720575940628226697,3,0.0004607377341017,0.00020091767,0.00025982,0.0,0.00039805835695,0.0001881875505205,0.0002098709228448,0.0
720575940628226697,720575940628226697,4,0.0004239086168513,0.00019548245,0.00023512851,0.0,0.0005394535372935,0.0002337360347155,0.000313427997753,0.0
720575940628226697,720575940628226697,5,0.0002427618151467,0.000117521864,0.0001310472,0.0,0.0002546532504204,0.0001208120811497,0.0001398518215864,0.0
720575940626366748,720575940626366748,2,0.0016271553467959,0.0015830309,4.412402e-05,0.0015485706971958,2.365066939091776e-05,0.0,2.365066939091776e-05,0.0
720575940626366748,720575940626366748,3,0.0002461662807036,0.00019504214,5.1124178e-05,0.0001687054900685,2.097659034916433e-06,1.9045319277211088e-06,1.9312693666506678e-07,0.0
720575940626366748,720575940626366748,4,0.0001390265469247,0.00010260215,4.413141e-05,7.148989370269589e-05,1.0887283141693776e-06,2.4511070932931034e-06,7.377114457085554e-07,0.0
720575940626366748,720575940626366748,5,8.91800045726646e-05,6.042533e-05,3.4660752e-05,3.503071237249428e-05,8.163849369608297e-07,3.3154083212139085e-07,8.033092626646976e-07,4.031110445446018e-10
720575940615904802,720575940615904802,2,0.0054657319560647,0.00076718,0.004698553,0.0007331738015636,0.0009607329848222,0.0005231755785644,0.0004375574644654,0.0005196505226194
720575940615904802,720575940615904802,3,0.0005672247498296,0.00018286018,0.0003843645,7.74218060541898e-05,8.024527051020414e-05,1.804428575269412e-05,6.220098293852061e-05,7.103255029505817e-06
720575940615904802,720575940615904802,4,0.0001292484212762,0.000112067086,7.8866666e-05,1.2520039671921412e-05,1.663786638188286e-05,8.60858017404098e-06,9.12431005417602e-06,1.122621640625017e-06
720575940615904802,720575940615904802,5,4.875292309160018e-05,3.3917197e-05,3.0444633e-05,2.599207406351187e-06,6.826102108905529e-06,3.491944198685814e-06,3.542828835634282e-06,2.2414663211594205e-07
720575940626191108,720575940626191108,2,0.0051239696331322,0.0051024496,2.1521684e-05,0.0050982083193957,2.695076364034321e-05,0.0,2.695076364034321e-05,0.0
720575940626191108,720575940626191108,3,0.0012383419089019,0.001208594,2.9748095e-05,0.001198784681037,9.144791874859948e-07,3.490403344130755e-07,5.654388814946287e-07,0.0
720575940626191108,720575940626191108,4,0.0005708483672717,0.0005934567,2.9407845e-05,0.0005306866709679,1.3776709040210946e-07,2.4322846456925618e-06,9.860366390057609e-08,6.1789879879370355e-09
720575940626191108,720575940626191108,5,0.0002899956764452,0.00029789374,2.5410704e-05,0.0002548785176877,1.6209496567151258e-07,1.2963963058609806e-07,2.2666935706183722e-07,1.4742858045480032e-09
720575940620544182,720575940620544182,2,0.0020907444413751,0.0020564804,3.4264765e-05,0.0020377552136778,1.58993079821812e-05,0.0,1.58993079821812e-05,0.0
720575940620544182,720575940620544182,3,0.0005493865464814,0.00050632167,4.306492e-05,0.0004826133372262,1.984023811019142e-06,1.0736487183748975e-06,9.103750926442444e-07,0.0
720575940620544182,720575940620544182,4,0.0003024085847613,0.0002725206,4.1262785e-05,0.00023637609854,1.1140262219964618e-06,2.1796670353069203e-06,3.4615476351973484e-07,3.000271249220532e-07
720575940620544182,720575940620544182,5,0.0001820536713197,0.00015588234,3.5813773e-05,0.0001237172899157,7.915425188398464e-07,3.7925906326563563e-07,6.202512281561212e-07,5.5614343352772266e-08
720575940604518944,720575940604518944,2,0.0033141495659947,0.0025903233,0.0007238261,0.0025754114612936,0.0,0.0,0.0,0.0
720575940604518944,720575940604518944,3,0.0008029423770494,0.0003293822,0.00047356024,0.0003149709664285,2.3137657990446318e-05,0.0,2.3137657990446318e-05,0.0
720575940604518944,720575940604518944,4,0.000344673209114,0.00019023317,0.00022731315,0.0001045879356308,2.592621967778541e-06,1.4653479638582212e-06,1.1272743449808331e-06,1.8424589853793805e-08
720575940604518944,720575940604518944,5,0.0001692551990807,0.00011392143,0.00011523295,4.002618945197204e-05,2.214310500886253e-06,8.126343686853943e-07,1.4048664525034835e-06,1.5355952953655105e-08
720575940630410321,720575940630410321,2,0.0013905643718317,0.0010107005,0.00037986378,0.0009512819815427,0.0,0.0,0.0,0.0
720575940630410321,720575940630410321,3,0.0004972038441337,0.0002489816,0.0002482221,0.0001959049259312,0.0,0.0,0.0,0.0
720575940630410321,720575940630410321,4,0.0002635837269148,0.00014360291,0.00015337736,7.75136957855535e-05,5.705356329599454e-07,3.248514417464321e-07,2.456842196352227e-07,0.0
720575940630410321,720575940630410321,5,0.0001454748078986,8.952389e-05,9.1544294e-05,3.421284130682516e-05,3.106826227394777e-07,1.6336986163878464e-07,1.4731278952240245e-07,5.351532106345758e-09
720575940616287377,720575940616287377,2,0.0013190375175327,0.001311311,7.726431e-06,0.0012861909344792,0.0,0.0,0.0,0.0
720575940616287377,720575940616287377,3,0.0001868177641881,0.00012446927,6.234846e-05,0.000108763713797,2.934934127551969e-05,3.056421292058076e-06,2.6292917027603835e-05,3.056421292058076e-06
720575940616287377,720575940616287377,4,9.375370259166668e-05,5.2425054e-05,4.7407477e-05,3.692009515284138e-05,6.600485903618392e-06,1.464264983042085e-06,5.136220806889469e-06,8.456815692170495e-08
720575940616287377,720575940616287377,5,5.0900559780801496e-05,2.9003299e-05,2.9885206e-05,1.413690590082704e-05,4.37907568433923e-06,1.4782201560592512e-06,2.906321924456279e-06,2.241454297078097e-08
720575940614640031,720575940614640031,2,0.0008465790888294,0.00074752345,9.905572e-05,0.0007302647572942,0.0,0.0,0.0,0.0
720575940614640031,720575940614640031,3,9.977634181268512e-05,4.38523e-05,5.5924087e-05,2.5383775209775195e-05,5.355338998924708e-06,1.7605543689569458e-06,3.594784629967762e-06,1.0141013717657188e-06
720575940614640031,720575940614640031,4,3.328872136241387e-05,1.6127457e-05,1.8542825e-05,3.349012427826499e-06,1.6792218957562e-06,1.0723277910074105e-06,6.068940479053708e-07,2.613214533653263e-08
720575940614640031,720575940614640031,5,1.4701272407016835e-05,7.651918e-06,7.725113e-06,6.514158870212481e-07,1.5297777692239044e-06,7.241857247208827e-07,8.110195039989776e-07,2.0748722839156213e-08
720575940630564712,720575940630564712,2,0.0008638426079414,0.0005234587,0.00034038385,0.0,0.0003157376195304,0.0001791686663636,0.0001365689386148,0.0
720575940630564712,720575940630564712,3,0.0002602576569188,0.000114611365,0.00014564632,0.0,4.3259609810775146e-05,2.0334880900918503e-05,2.2924732547835447e-05,0.0
720575940630564712,720575940630564712,4,0.0001091853180922,5.7493802e-05,5.574272e-05,0.0,1.376845314596889e-05,6.581870366062503e-06,7.29620251149754e-06,0.0
720575940630564712,720575940630564712,5,5.328119525361571e-05,2.8105724e-05,2.7436952e-05,0.0,4.5258450259602864e-06,2.235864030808443e-06,2.3703091756033245e-06,0.0
720575940606810057,720575940606810057,2,0.0002951086207758,0.00023545584,5.9652783e-05,0.0002299355983268,0.0,0.0,0.0,0.0
720575940606810057,720575940606810057,3,5.219902595854364e-05,2.709877e-05,2.5100258e-05,1.6060113921412267e-05,4.285733211872866e-06,7.263368502208323e-07,3.5593966458691284e-06,2.275046426802874e-07
720575940606810057,720575940606810057,4,2.3678348203517807e-05,1.22576785e-05,1.1885797e-05,2.4411918627001853e-06,2.587220023997361e-06,1.3235116966825444e-06,1.2637083273148164e-06,2.14252196428788e-07
720575940606810057,720575940606810057,5,1.4143727198470575e-05,7.254923e-06,7.201308e-06,5.486750098498462e-07,1.6116078966916469e-06,8.630960337541183e-07,7.573406719529885e-07,2.5147556741413165e-08
720575940634523255,720575940634523255,2,0.0001234111696248,6.9852336e-05,5.355883e-05,6.971721450099722e-05,2.5835299311438572e-05,0.0,2.5835299311438572e-05,0.0
720575940634523255,720575940634523255,3,5.302817226038314e-05,1.9363782e-05,3.3664397e-05,1.2351621080597395e-05,1.8221366190118715e-05,3.950256541429553e-06,1.427110873919446e-05,4.787496621361242e-08
720575940634523255,720575940634523255,4,2.3794691691662663e-05,1.1011611e-05,1.3185339e-05,2.596156320474596e-06,6.313864489802558e-06,3.5062139431829564e-06,2.9559073482232634e-06,1.2905197799284453e-08
720575940634523255,720575940634523255,5,1.3913790291981932e-05,7.2822477e-06,7.086346e-06,6.9448094328031e-07,3.227972225257237e-06,1.8286925751453964e-06,1.5426884374392102e-06,6.826159499680517e-09
720575940629232322,720575940629232322,2,0.0008624051697552,0.00060011575,0.00026228934,0.0006001157453283,0.0,0.0,0.0,0.0
720575940629232322,720575940629232322,3,0.0001946230768226,8.244796e-05,0.00011217516,3.4204625990241766e-05,0.0001101585876313,2.010020398302004e-05,9.005839820019901e-05,1.8325571318200675e-06
720575940629232322,720575940629232322,4,8.485365021002931e-05,4.3890293e-05,4.2908767e-05,7.775283057156025e-06,4.003863432444632e-05,1.967280695680529e-05,2.0365827367641032e-05,2.381268132012337e-06
720575940629232322,720575940629232322,5,5.051640674982995e-05,2.6761081e-05,2.5772133e-05,2.0549913333524e-06,2.697357287916341e-05,1.3358584510569926e-05,1.397411870129872e-05,6.430283450219039e-07
720575940648804217,720575940648804217,2,0.0011541519779711,0.00078632694,0.00036782504,0.0007667305762879,0.0,0.0,0.0,0.0
720575940648804217,720575940648804217,3,0.0001810284593375,0.00010351017,7.7518314e-05,2.8914029826410115e-05,0.0,0.0,0.0,0.0
720575940648804217,720575940648804217,4,0.0001419397689842,7.548979e-05,7.4701675e-05,4.798027846791046e-06,0.0,0.0,0.0,0.0
720575940648804217,720575940648804217,5,9.021906618991574e-05,4.765026e-05,4.7990703e-05,1.0788290763355489e-06,0.0,0.0,0.0,0.0
720575940622273868,720575940622273868,2,0.0190385542809963,0.010440862,0.008597693,0.0,0.0055541386827826,0.0044130147434771,0.0011411240557208,0.0
720575940622273868,720575940622273868,3,0.0066321305930614,0.0031604166,0.0034717163,0.0,0.0011809049174189,0.0006465222104452,0.000534382648766,0.0
720575940622273868,720575940622273868,4,0.0040147177023712,0.002249317,0.0022222018,0.0,0.0004968494519776,0.000282903725747,0.0002593427780084,0.0
720575940622273868,720575940622273868,5,0.0026043535076524,0.0014724019,0.0014884231,0.0,0.0001913056476427,9.970008250093088e-05,0.0001124718037317,0.0
720575940625604098,720575940625604098,2,0.0020580261480063,0.0018261556,0.00023187035,0.0,0.0002212261024396,0.0,0.0002212261024396,0.0
720575940625604098,720575940625604098,3,0.0008775523747317,0.00040065148,0.0004769008,0.0,2.8670046958723105e-05,8.800775503914338e-06,1.986927236430347e-05,0.0
720575940625604098,720575940625604098,4,0.000524091709515,0.00025927508,0.00027845282,0.0,1.2386465686095547e-05,6.529653546749614e-06,5.91517618886428e-06,0.0
720575940625604098,720575940625604098,5,0.0003445471122336,0.00016959207,0.00019149296,0.0,5.096879349967997e-06,2.4994769773911685e-06,2.633124040585244e-06,0.0
720575940640681680,720575940640681680,2,0.0018878862028941,0.00058566494,0.0013022212,0.0002069466718239,0.0,0.0,0.0,0.0
720575940640681680,720575940640681680,3,0.0012678381754085,0.0006505675,0.0006172706,1.9467410311335694e-05,0.0,0.0,0.0,0.0
720575940640681680,720575940640681680,4,0.0005852362671658,0.00030244444,0.00030739568,2.371673039118104e-06,0.0,0.0,0.0,0.0
720575940640681680,720575940640681680,5,0.0003377069927656,0.0001867912,0.00019116234,4.995214879799664e-07,0.0,0.0,0.0,0.0
720575940618165019,720575940618165019,2,0.001434244797565,0.0010251813,0.00040906365,0.0010090082651004,0.0,0.0,0.0,0.0
720575940618165019,720575940618165019,3,0.0006368932081386,0.0002910724,0.00034582068,0.0002081355196423,0.0,0.0,0.0,0.0
720575940618165019,720575940618165019,4,0.0003572890476414,0.00018328922,0.00019372687,4.994881736320318e-05,0.0,0.0,0.0,0.0
720575940618165019,720575940618165019,5,0.0002536076449132,0.00014280592,0.00013545855,1.2265644794440208e-05,0.0,0.0,0.0,0.0
720575940632790753,720575940632790753,2,0.000160681825946,8.322897e-05,7.7452845e-05,0.0,1.697817242529709e-05,1.626811172172893e-05,7.10060930941836e-07,0.0
720575940632790753,720575940632790753,3,4.256781539879739e-05,2.9922663e-05,1.2645145e-05,0.0,6.5081194406957366e-06,5.264890205580741e-06,1.2432288940544822e-06,0.0
720575940632790753,720575940632790753,4,2.746285351263828e-05,1.5225515e-05,1.2767632e-05,0.0,3.67872801020345e-06,1.8683251710172044e-06,1.8949816649183049e-06,0.0
720575940632790753,720575940632790753,5,1.8735154189185043e-05,9.117839e-06,1.01314035e-05,0.0,2.266840076119201e-06,1.0078238119604066e-06,1.3212772955739638e-06,0.0
720575940632832301,720575940632832301,2,0.0006277410429902,0.0002192181,0.00040852302,0.0,0.0003065833589062,0.0002315471210749,7.503621600335464e-05,0.0
720575940632832301,720575940632832301,3,0.0002040739927906,0.000106128646,9.794542e-05,0.0,8.967944449977949e-05,3.706193092511967e-05,5.261755723040551e-05,0.0
720575940632832301,720575940632832301,4,0.0001051383313793,5.4383006e-05,5.225225e-05,0.0,3.313235784773166e-05,1.763774525898043e-05,1.5742485629743896e-05,0.0
720575940632832301,720575940632832301,5,6.118703282705998e-05,3.1114057e-05,3.1513584e-05,0.0,1.4393333783561794e-05,7.399024070764426e-06,7.309461580007337e-06,0.0
720575940614525078,720575940614525078,2,0.0013934765011072,0.00036725288,0.001026224,0.0003666692064143,0.0,0.0,0.0,0.0
720575940614525078,720575940614525078,3,0.0002682674385141,0.00011737731,0.00015089012,3.1487044907407835e-05,1.2446224673112738e-06,8.864352025739208e-07,3.581871794722247e-07,0.0
720575940614525078,720575940614525078,4,0.0001255130243355,7.370724e-05,5.7810234e-05,4.023074094481102e-06,1.7382168380208896e-06,7.662869165869779e-07,9.719296940602362e-07,1.2922868108944385e-07
720575940614525078,720575940614525078,5,6.806812693831354e-05,3.5813897e-05,3.5402114e-05,6.953189650425477e-07,1.366619532852962e-06,6.872623430353997e-07,6.838237140982528e-07,5.3371710606597844e-08
720575940639806296,720575940639806296,2,0.0008385328110307,0.00015799829,0.00068053463,0.0,0.0,0.0,0.0,0.0
720575940639806296,720575940639806296,3,0.0001223985309479,4.2277847e-05,8.01207e-05,0.0,7.315579296118813e-06,3.532426035235403e-06,3.783151896641357e-06,0.0
720575940639806296,720575940639806296,4,4.37420643014433e-05,2.3606053e-05,2.1673859e-05,0.0,5.894753485335968e-06,3.247277845730423e-06,2.6474760943528963e-06,0.0
720575940639806296,720575940639806296,5,2.2472980078786494e-05,1.2165992e-05,1.1049801e-05,0.0,4.156776110260806e-06,2.2260821879172e-06,1.9400254132051487e-06,0.0
720575940630006735,720575940630006735,2,0.0005216365680098,0.00013862297,0.00038301357,0.0,2.197402500314638e-05,1.6509186025359668e-05,5.464839432534063e-06,0.0
720575940630006735,720575940630006735,3,0.0001256663090316,6.287615e-05,6.279016e-05,0.0,9.441826477996074e-06,8.511134183208924e-06,9.306908168582596e-07,0.0
720575940630006735,720575940630006735,4,4.6744542315378645e-05,2.4094934e-05,2.3514665e-05,0.0,4.810618774069423e-06,2.598648961793515e-06,2.2368415102391737e-06,0.0
720575940630006735,720575940630006735,5,2.283618211266833e-05,1.1919887e-05,1.1511392e-05,0.0,3.575015311764828e-06,1.7532508991280338e-06,1.844070766310324e-06,0.0
720575940625703114,720575940625703114,2,0.0006684200488962,0.00024034188,0.00042807817,0.0002176442358177,0.000140584888868,0.0,0.000140584888868,0.0
720575940625703114,720575940625703114,3,0.0002590643707662,0.00010940667,0.00014965764,2.8219759769854136e-05,8.143286686390638e-05,5.9875150327570736e-05,2.155768743250519e-05,3.336058966851852e-07
720575940625703114,720575940625703114,4,0.0001147646067622,6.288383e-05,5.546301e-05,4.732799672578589e-06,2.510606668035853e-05,1.6281288480968215e-05,9.562322702549864e-06,7.094375575888989e-08
720575940625703114,720575940625703114,5,6.374669892851352e-05,3.477797e-05,3.2459593e-05,1.0199337677638145e-06,9.3495482485712e-06,4.852699021284934e-06,5.178279479878256e-06,2.45115959922567e-08
720575940619434432,720575940619434432,2,0.002903563901782,0.0008635107,0.002040053,0.000860545784235,0.0018855852540582,0.0006201592041179,0.0012654263991862,0.0006151052657514
720575940619434432,720575940619434432,3,0.000603059423156,0.00014338995,0.00045966945,9.281425445806236e-05,0.0004867118550464,0.0001349921512883,0.0003517196746543,0.0001018635375658
720575940619434432,720575940619434432,4,0.0003093651026629,0.00021233254,0.00012689231,1.87694146769376e-05,0.0002024559448785,0.0001114488550228,0.0001017332251649,2.391406410691931e-05
720575940619434432,720575940619434432,5,0.0001235884992575,9.1087306e-05,4.77551e-05,4.520528410004232e-06,8.62152636001377e-05,5.5764990975148976e-05,3.749434108613059e-05,5.1126373538697904e-06
720575940636351118,720575940636351118,2,0.0003908700018655,0.00019491478,0.00019595517,0.0,6.688710709568113e-05,0.0,6.688711437163875e-05,0.0
720575940636351118,720575940636351118,3,0.0001180063409265,5.968994e-05,5.8316353e-05,0.0,3.9270362321985886e-05,1.723332934489008e-05,2.203704025305342e-05,0.0
720575940636351118,720575940636351118,4,5.4422816585401065e-05,2.697311e-05,2.8216957e-05,0.0,2.057845636639307e-05,1.153084940597182e-05,9.058583600562995e-06,0.0
720575940636351118,720575940636351118,5,3.403960622752097e-05,1.712098e-05,1.7572616e-05,0.0,1.517657478942385e-05,7.40932682674611e-06,7.804891538398806e-06,0.0
720575940624019992,720575940624019992,2,0.0002341220388188,0.000109805595,0.00012431643,7.602895493619144e-05,0.0002298934559803,0.0,0.0002298934559803,0.0
720575940624019992,720575940624019992,3,7.830902904970571e-05,4.9843897e-05,2.8465123e-05,2.635184682731051e-05,1.2200985111121554e-05,9.248184142052196e-06,2.952800969069358e-06,1.6057644103284474e-08
720575940624019992,720575940624019992,4,2.9518165986650424e-05,1.7311582e-05,1.2613676e-05,1.4901749341615991e-06,3.957950231206245e-06,2.221852355432929e-06,2.0227635104674846e-06,8.40495744114378e-08
720575940624019992,720575940624019992,5,1.2911767701641263e-05,6.5673403e-06,6.683368e-06,2.117067964789655e-07,4.033633180178127e-06,1.8936726746687784e-06,2.1951045710011385e-06,5.7397167864697824e-08
720575940655628705,720575940655628705,2,0.0001966138952411,6.232261e-05,0.00013429124,0.0,3.6538669519359246e-05,1.4662660760222934e-05,2.1876008759136312e-05,0.0
720575940655628705,720575940655628705,3,5.598764619207941e-05,2.946057e-05,2.652709e-05,0.0,1.964642433449626e-05,1.2307655197218992e-05,7.33877050151932e-06,0.0
720575940655628705,720575940655628705,4,2.4740950730907443e-05,1.2511273e-05,1.2520658e-05,0.0,1.2021194381843376e-05,4.965297193848528e-06,7.063906195980962e-06,0.0
720575940655628705,720575940655628705,5,1.5009854918924106e-05,7.5761213e-06,7.6878405e-06,0.0,6.433699779588022e-06,3.1565102744934848e-06,3.297886451036902e-06,0.0
720575940624860599,720575940624860599,2,0.00081535364734,0.00020592044,0.00060943305,0.0,0.0001821399928303,0.0001573855988681,2.475438304827549e-05,0.0
720575940624860599,720575940624860599,3,0.0001585441787028,8.3855215e-05,7.468903e-05,0.0,7.118093344615772e-05,3.303877747384831e-05,3.814217052422464e-05,0.0
720575940624860599,720575940624860599,4,8.091023841212223e-05,4.0653533e-05,4.2009895e-05,0.0,5.081984903090408e-05,2.5768102204892784e-05,2.5459881726419557e-05,0.0
720575940624860599,720575940624860599,5,4.74007373836297e-05,2.3923785e-05,2.461055e-05,0.0,3.143580797316539e-05,1.592620537849143e-05,1.578984665684402e-05,0.0
720575940622107928,720575940622107928,2,0.0011807617265731,0.00014278929,0.0010379724,0.0,2.0419414795469493e-05,0.0,2.0419414795469493e-05,0.0
720575940622107928,720575940622107928,3,0.0001898011541925,8.153279e-05,0.000108268374,0.0,8.824547694530338e-05,2.3767091988702305e-05,6.447837949963287e-05,0.0
720575940622107928,720575940622107928,4,7.829178816510604e-05,4.3576583e-05,3.791946e-05,0.0,3.043639758770551e-05,1.5826262824703008e-05,1.4618821296608075e-05,0.0
720575940622107928,720575940622107928,5,4.375723886408346e-05,2.3396971e-05,2.2035652e-05,0.0,1.761696663134665e-05,9.190262062475084e-06,8.615157639724202e-06,0.0
720575940612779237,720575940612779237,2,0.0005696889711543,0.00024082852,0.00032886045,0.0002408285363344,2.547767508076504e-05,0.0,2.5477673261775635e-05,0.0
720575940612779237,720575940612779237,3,0.0001031052524922,2.8415394e-05,7.468989e-05,1.808516935852822e-05,4.437501502252417e-06,2.7843475436384324e-06,1.6531541859876595e-06,2.779067198588336e-09
720575940612779237,720575940612779237,4,3.806515076525588e-05,1.9818075e-05,2.0134958e-05,2.520914268994524e-06,2.5694782609384884e-06,1.7845130741989124e-06,9.40655525027978e-07,4.538381226382171e-09
720575940612779237,720575940612779237,5,1.7203120066990565e-05,1.0072208e-05,8.06722e-06,4.1245240456978006e-07,1.9624545190884884e-06,8.625744953860703e-07,1.1517702205310345e-06,9.970891031862242e-09
720575940629549049,720575940629549049,2,0.001533270580694,0.00064811384,0.00088515633,0.0006453486275859,0.0013163514668121,0.0007814458222128,0.0005349055863916,0.0007753503741696
720575940629549049,720575940629549049,3,0.0004430052940733,0.0001144467,0.0003285586,8.168761996785179e-05,0.000421503529651,0.0001504682586528,0.0002710352418944,0.0001113900580094
720575940629549049,720575940629549049,4,0.0002035168309091,0.000120023935,9.937139e-05,1.5089790281716294e-05,0.0001634099286534,7.710677164141089e-05,9.332663466921076e-05,2.0538639534252408e-05
720575940629549049,720575940629549049,5,8.945871858007131e-05,6.223517e-05,3.7251855e-05,3.246396852822522e-06,7.208457267530188e-05,4.245627496857196e-05,3.523845589370467e-05,4.280199731581994e-06
720575940624540967,720575940624540967,2,0.0008296843152493,0.0006518396,0.00017784465,0.000651839596685,8.95808534551179e-06,0.0,8.95808534551179e-06,0.0
720575940624540967,720575940624540967,3,9.554965799907222e-05,5.539444e-05,4.0155217e-05,3.693888720590621e-05,2.7787907583842757e-06,9.503808655608736e-07,1.8284098359799827e-06,4.777397748512158e-07
720575940624540967,720575940624540967,4,1.9320329240028515e-05,1.0439129e-05,1.0135787e-05,4.014675166153138e-06,1.6990205783803896e-06,7.406877102766884e-07,9.584500730852596e-07,1.69333205235489e-07
720575940624540967,720575940624540967,5,7.449448713476063e-06,4.040159e-06,3.9122215e-06,7.214218763470698e-07,1.7096749697815197e-06,9.044687772075122e-07,8.127441333272145e-07,4.5419150308663074e-08
720575940625752451,720575940625752451,2,0.0006165179074741,0.00013590317,0.00048061478,0.0001359031593892,0.0,0.0,0.0,0.0
720575940625752451,720575940625752451,3,8.42346198624e-05,2.0842184e-05,6.339241e-05,9.989667887566611e-06,1.557283866304715e-07,4.1944193895915305e-08,1.1378416786556045e-07,9.412378432216428e-09
720575940625752451,720575940625752451,4,3.4545553813377125e-05,2.7958602e-05,9.17556e-06,1.556289726963908e-06,2.2473881244877705e-07,9.478536355800317e-08,1.299534488907739e-07,7.934778167850709e-09
720575940625752451,720575940625752451,5,9.03680355566953e-06,6.346967e-06,3.459489e-06,2.9492604040114346e-07,3.255588803777245e-07,1.694603355417712e-07,1.5670451603000404e-07,9.332601292242264e-09
720575940631394519,720575940631394519,2,0.0009730354649946,0.00041480796,0.00055822724,0.0,1.4293342246674e-05,1.355411222903058e-05,7.392310976683802e-07,0.0
720575940631394519,720575940631394519,3,0.0003829779452644,7.8675606e-05,0.00030430223,0.0,3.127499439870007e-05,1.4472087059402838e-05,1.6802907339297235e-05,0.0
720575940631394519,720575940631394519,4,8.308352182957633e-05,3.8405506e-05,4.7155332e-05,0.0,1.3329833755479435e-05,4.916235411656089e-06,8.417559001827613e-06,0.0
720575940631394519,720575940631394519,5,4.180451777396397e-05,2.1864604e-05,2.3159755e-05,0.0,9.26474328808588e-06,3.96784525946714e-06,5.498518476088066e-06,0.0
720575940604624998,720575940604624998,2,0.0001926570403156,0.00010909049,8.3566556e-05,0.0,4.289935168344528e-05,4.289935168344528e-05,0.0,0.0
720575940604624998,720575940604624998,3,2.2790974981035102e-05,1.1639212e-05,1.11517675e-05,0.0,2.863812142095412e-06,7.069258458614058e-07,2.156886466764263e-06,0.0
720575940604624998,720575940604624998,4,1.1896043728057866e-05,6.012438e-06,6.0941893e-06,0.0,2.286175758765573e-06,9.68737481343851e-07,1.3241418628240351e-06,0.0
720575940604624998,720575940604624998,5,8.44867670413622e-06,3.7158793e-06,4.8820884e-06,0.0,1.7335551805551052e-06,8.644935292068112e-07,8.766861014919414e-07,0.0
720575940626745392,720575940626745392,2,0.0004869978874921,0.00037107524,0.000115922645,0.000370989087969,0.0,0.0,0.0,0.0
720575940626745392,720575940626745392,3,9.522238542558624e-05,5.0051167e-05,4.517116e-05,4.615116267814301e-05,2.407290367045789e-07,5.1176147763953856e-08,1.8955287828248402e-07,1.045664888010833e-09
720575940626745392,720575940626745392,4,3.672025991961152e-05,1.8515453e-05,2.0628351e-05,8.927752983443432e-06,6.777517569389602e-07,3.66677113561309e-07,3.1107475706448895e-07,8.587402788862165e-08
720575940626745392,720575940626745392,5,1.943530246674219e-05,1.0454278e-05,1.0100509e-05,2.295451241711502e-06,1.1269480933080284e-06,6.575440352207806e-07,4.7032452243911393e-07,1.8004935496146057e-07
720575940609058628,720575940609058628,2,0.0006119806785136,0.00021743466,0.0003945461,0.0002141012664651,0.0,0.0,0.0,0.0
720575940609058628,720575940609058628,3,9.252289601136e-05,3.5235837e-05,5.728704e-05,1.7677155483397655e-05,4.305628067413636e-07,3.269849173648254e-07,1.035779106928203e-07,0.0
720575940609058628,720575940609058628,4,3.905259158321878e-05,2.3428376e-05,1.764081e-05,3.5486936927197324e-06,8.105159849947086e-07,4.138725557822909e-07,3.966435997426744e-07,1.2122605141939856e-08
720575940609058628,720575940609058628,5,2.161415562729173e-05,1.2327771e-05,1.0028463e-05,9.541354570002176e-07,9.119863210161754e-07,4.576066032768722e-07,4.55777353636222e-07,1.2711658392561276e-08
720575940628337103,720575940628337103,2,0.0025074437726289,0.0017169362,0.00079050724,0.0017130824271589,0.0027817566879093,0.0020875064656138,0.0006942499312572,0.0020817099139094
720575940628337103,720575940628337103,3,0.0005351364379748,0.0001916298,0.0003435067,0.0001577638904564,0.0005788085400126,0.0002668990346137,0.0003119095927104,0.0002249082026537
720575940628337103,720575940628337103,4,0.0002120506196823,0.000120193574,0.00011119873,2.52540724867725e-05,0.0001989160485838,0.0001042868534568,0.0001117342471843,3.747828771882876e-05
720575940628337103,720575940628337103,5,9.145571580754544e-05,6.249981e-05,4.031773e-05,5.358443743645167e-06,8.280481323054996e-05,4.94580453960225e-05,4.3257845391053706e-05,7.394480822967091e-06
720575940627623467,720575940627623467,2,0.0007097122143022,0.0001759283,0.0005337839,0.0001759282895363,6.28638663329184e-05,0.0,6.28638663329184e-05,0.0
720575940627623467,720575940627623467,3,0.0001219278783537,2.5986426e-05,9.594145e-05,1.5277484635589644e-05,6.975681571930181e-06,3.973822003899841e-06,3.0018600227776915e-06,0.0
720575940627623467,720575940627623467,4,4.724512238488941e-05,2.8598322e-05,2.2587585e-05,2.1509377510132542e-06,3.0602110794257243e-06,2.3480683921661694e-06,1.2567210205816082e-06,5.921923396101647e-09
720575940627623467,720575940627623467,5,2.0565244159842427e-05,1.3170549e-05,8.890705e-06,3.979408993051365e-07,1.917520639086481e-06,8.40700920434756e-07,1.215412453348108e-06,1.5336517833475227e-08
720575940634721272,720575940634721272,2,0.0006609261035919,0.00026546943,0.0003954568,0.000263788679149,4.642380736186169e-05,0.0,4.642380372388288e-05,0.0
720575940634721272,720575940634721272,3,0.0001114832048187,4.6776815e-05,6.470639e-05,2.2741574866813608e-05,1.072712711902568e-05,7.894493137428071e-06,2.8326328447292326e-06,1.338371902193103e-07
720575940634721272,720575940634721272,4,3.725363416057827e-05,2.1003067e-05,1.8167091e-05,3.281321298725673e-06,4.973163643271102e-06,3.100524736510124e-06,2.013342736972845e-06,3.514946200766644e-08
720575940634721272,720575940634721272,5,1.825822681786272e-05,1.0005995e-05,9.058378e-06,7.707735669710813e-07,3.246290490093872e-06,1.457222197132069e-06,1.8504427998777828e-06,1.89304112085128e-08
720575940624911548,720575940624911548,2,0.0032542741391807,0.0021586977,0.001095575,0.0,0.0038919993676245,0.001196423661895,0.002695576287806,0.0
720575940624911548,720575940624911548,3,0.001109285512939,0.000661214,0.0004480716,0.0,0.001001228345558,0.0005571158835664,0.0004441119963303,0.0
720575940624911548,720575940624911548,4,0.0008109769480516,0.00035606226,0.00048405863,0.0,0.0007591434083033,0.0003362640272825,0.0004439452022779,0.0
720575940624911548,720575940624911548,5,0.0005527511414058,0.00027538295,0.00029732255,0.0,0.0003304732985543,0.0001686617906671,0.0001735354890115,0.0
720575940626322746,720575940626322746,2,0.0115337781608104,0.0028208164,0.008712961,0.0,0.0072923758998513,0.0044674323871731,0.0028249423485249,0.0
720575940626322746,720575940626322746,3,0.0049443948082625,0.0029246616,0.002019732,0.0,0.0018953697290271,0.0014481050893664,0.0004472648142836,0.0
720575940626322746,720575940626322746,4,0.0036029677489742,0.002254032,0.0016037798,0.0,0.0007340996045404,0.000448467064416,0.0003783591091632,0.0
720575940626322746,720575940626322746,5,0.002967977431287,0.0015783934,0.0016604165,0.0,0.000329643395894,0.0001815879368223,0.0002055749064311,0.0
720575940627084905,720575940627084905,2,0.0019724846351891,0.00045848644,0.0015139979,0.0003780815459322,0.0006035230471752,0.0001444845402147,0.0004590385360643,6.287424184847623e-05
720575940627084905,720575940627084905,3,0.0003617637848947,0.00011195493,0.00024980874,4.669394184020348e-05,0.0001377773296553,2.6302452170057226e-05,0.0001114748738473,3.448977167863632e-06
720575940627084905,720575940627084905,4,0.0001460954262667,8.913838e-05,8.356012e-05,9.15166280715763e-06,3.6045930346697845e-05,1.7195881810039282e-05,2.0855259208474308e-05,5.253872805979272e-07
720575940627084905,720575940627084905,5,7.52097054109204e-05,4.6426052e-05,4.052912e-05,2.201610642546716e-06,1.4575597159149168e-05,8.009404155018274e-06,7.427089258271735e-06,1.9465049709690098e-07
720575940620625646,720575940620625646,2,0.0005394156905822,0.00026515438,0.00027426143,0.0002200459712184,8.570150384912267e-05,1.7084692444768734e-05,6.861680594738573e-05,7.81888320489088e-06
720575940620625646,720575940620625646,3,0.0002097672404488,8.752642e-05,0.00012224072,4.484096280066297e-05,5.00646565342322e-05,2.0045517885591835e-05,3.0019149562576786e-05,7.422555427183397e-06
720575940620625646,720575940620625646,4,9.915981312049717e-05,4.803092e-05,5.3227915e-05,8.67716672550875e-06,1.939837293358897e-05,1.0492759429325815e-05,9.373286957270466e-06,5.016049312817339e-07
720575940620625646,720575940620625646,5,6.056844238149711e-05,3.2543234e-05,3.031957e-05,2.1188756633113868e-06,9.370077852398715e-06,5.106314802105771e-06,4.669890131481225e-06,1.0468301119617769e-07
720575940623037720,720575940623037720,2,0.0315079428255558,0.00054397195,0.03096398,0.0,8.521741983713582e-05,4.017142146039987e-06,8.120027632685378e-05,0.0
720575940623037720,720575940623037720,3,0.0150123657658696,0.0015965251,0.013415837,0.0,3.5261759876448195e-06,1.5080530602062936e-06,2.018123041125364e-06,0.0
720575940623037720,720575940623037720,4,0.0120231240221678,0.005672362,0.007617188,0.0,1.8970701066312145e-06,1.4463639672612771e-06,4.670609143886395e-07,0.0
720575940623037720,720575940623037720,5,0.0091679877000039,0.005316519,0.0051101027,0.0,6.70437734281027e-07,3.998520412551443e-07,2.744966991485853e-07,0.0
720575940615011782,720575940615011782,2,0.003383558942005,0.00091906317,0.0024644958,0.000908124668058,0.0034266114234924,0.0001307840866502,0.003295827191323,0.0001300114527111
720575940615011782,720575940615011782,3,0.0014481625985354,0.00033415097,0.0011140109,8.628522482467815e-05,0.0008750588749535,0.00030803665868,0.0005670224782079,1.3007969755562954e-05
720575940615011782,720575940615011782,4,0.0009783193929363,0.00056792924,0.00045469345,1.918763821941911e-05,0.0005469801780687,0.0004474240995477,0.0001514348259661,2.0285316172577944e-06
720575940615011782,720575940615011782,5,0.0007298311479419,0.0004815515,0.00031136288,5.246850797790467e-06,0.0002262611790977,0.0001524863328086,0.0001152675176854,2.721269223225373e-07
720575940638364750,720575940638364750,2,0.0022029743995517,0.00060034444,0.0016026301,0.0005893560010008,6.438972923206165e-05,6.204181772773154e-06,5.818554200232029e-05,6.204181772773154e-06
720575940638364750,720575940638364750,3,0.0006452887901104,0.000102209735,0.00054307893,9.952806976798456e-06,3.599541378207505e-05,1.549714033899363e-05,2.0498273443081416e-05,2.307145450686221e-06
720575940638364750,720575940638364750,4,0.0003098687276752,0.00019814182,0.00014463314,2.9656443825292176e-06,1.566047980112008e-05,7.606721283082152e-06,8.116327080642805e-06,2.718828288335888e-07
720575940638364750,720575940638364750,5,0.0002054458571553,0.00013333028,9.524577e-05,7.98688424950438e-07,7.543867228780764e-06,3.971807018388063e-06,3.6954638744646218e-06,4.7746017290991e-08
720575940627099322,720575940627099322,2,0.0006726040737703,0.00028157065,0.00039103354,0.000274657853879,9.781620065041352e-06,8.108369911496993e-06,1.6732494714233326e-06,8.108370820991695e-06
720575940627099322,720575940627099322,3,0.0001528884022263,7.9517915e-05,7.337052e-05,2.455009416735265e-05,3.906057099811733e-05,2.2742737201042477e-05,1.6317848348990083e-05,2.985006858580164e-06
720575940627099322,720575940627099322,4,0.0001172471353662,4.856819e-05,7.127128e-05,5.6859605072396335e-06,0.0001552691932626,3.1863753974903375e-05,0.0001234238879987,2.565955946877644e-06
720575940627099322,720575940627099322,5,7.488705189886886e-05,3.6394544e-05,4.006629e-05,1.8199211573742904e-06,5.879713929696277e-05,2.9359522159211338e-05,2.9555889341281727e-05,9.678614290433071e-07
720575940640550563,720575940640550563,2,0.0067249690182507,0.000382171,0.006342799,0.0,8.48387717269361e-05,5.950617924099788e-05,2.5332594304927625e-05,0.0
720575940640550563,720575940640550563,3,0.0009194785379804,0.0002727738,0.0006467051,0.0,2.9707875000895e-05,1.8051463484880514e-05,1.1656409697025085e-05,0.0
720575940640550563,720575940640550563,4,0.0003706135551313,0.00027941825,0.00015023688,0.0,2.700001169027641e-05,1.482675361330621e-05,1.2381671695038676e-05,0.0
720575940640550563,720575940640550563,5,0.0001706558131844,0.00010281041,8.699315e-05,0.0,2.2435513444136557e-05,1.03432666946901e-05,1.2222018995089456e-05,0.0
720575940618901231,720575940618901231,2,0.0004994594492018,0.00019881758,0.0003006419,0.0001925204123836,7.31178661226295e-05,6.6993134169024415e-06,6.641855725320056e-05,6.357587153615896e-06
720575940618901231,720575940618901231,3,0.0002095082309097,4.9698654e-05,0.0001598096,2.916896301030647e-05,2.814790786942467e-05,5.973894985800143e-06,2.2174022888066247e-05,1.1824467947008088e-06
720575940618901231,720575940618901231,4,0.0001823837144752,9.286328e-05,9.394239e-05,6.739585347966586e-06,1.2690262051556075e-05,6.1973150877747685e-06,6.740534445270896e-06,2.5679164311674765e-07
720575940618901231,720575940618901231,5,0.0001421048476061,7.92305e-05,6.964427e-05,1.9527867810728533e-06,7.011124082324185e-06,4.124926817894448e-06,3.1918752938508987e-06,4.1836302096356895e-08
720575940624485828,720575940624485828,2,0.0007679577684029,0.0006077311,0.00016022669,0.0005867774016223,2.5610464945202693e-05,1.339351547358092e-05,1.2216948562127072e-05,1.339351547358092e-05
720575940624485828,720575940624485828,3,0.000186547244084,8.075435e-05,0.00010579293,4.440625707502477e-05,8.872896614775527e-06,3.554879640432773e-06,5.318016974342754e-06,0.0
720575940624485828,720575940624485828,4,5.454709231512837e-05,2.5818768e-05,3.081043e-05,5.43189850717778e-06,5.052536023743639e-06,2.304750751136453e-06,2.777825784505694e-06,3.2618519133645955e-08
720575940624485828,720575940624485828,5,2.6306930494629944e-05,1.4363681e-05,1.37518e-05,9.960418473609798e-07,4.159359492302709e-06,2.367231445532525e-06,1.8562076320449703e-06,1.981032222978069e-08
720575940607474443,720575940607474443,2,0.0004033367149531,0.00024168492,0.00016165175,0.0002416849310975,0.0,0.0,0.0,0.0
720575940607474443,720575940607474443,3,9.262521780328824e-05,3.6328347e-05,5.6296893e-05,2.1035379177192223e-05,4.22586390413926e-06,4.16756802223972e-06,5.829623361819358e-08,0.0
720575940607474443,720575940607474443,4,3.813014506408785e-05,1.8693969e-05,2.028393e-05,3.781141300949063e-06,2.19531307266152e-06,7.1278566338151e-07,1.4825275229668478e-06,6.271405617042092e-09
720575940607474443,720575940607474443,5,2.076024219012471e-05,1.1075621e-05,1.0377822e-05,8.807435593263708e-07,1.29556252036533e-06,5.955893129794276e-07,7.047765961942787e-07,1.2249069314407281e-08
720575940628372613,720575940628372613,2,0.0015657418407499,0.0014239051,0.00014183669,0.0014230766100808,0.0,0.0,0.0,0.0
720575940628372613,720575940628372613,3,9.199168562190609e-05,6.038197e-05,3.160972e-05,4.735259062726982e-05,0.0,0.0,0.0,0.0
720575940628372613,720575940628372613,4,6.234905069797401e-05,3.8458544e-05,3.221386e-05,1.333306361794542e-05,0.0,0.0,0.0,0.0
720575940628372613,720575940628372613,5,3.246701407948704e-05,1.733342e-05,1.6955051e-05,2.897741965437668e-06,0.0,0.0,0.0,0.0
720575940629543409,720575940629543409,2,0.0019153540488332,0.0014542389,0.000461115,0.0013822135515511,0.0001920606155181,4.0365190216107294e-05,0.0001516954362159,3.9962222217582166e-05
720575940629543409,720575940629543409,3,0.0007122210226953,0.0004287219,0.00028349942,0.0002833382459357,5.283658902044408e-05,3.312016269774176e-05,1.9716409951797687e-05,1.874056033557281e-05
720575940629543409,720575940629543409,4,0.0003455487887604,0.00019201357,0.00016930795,5.7746928724114376e-05,2.2884729656379377e-05,1.3174883861211129e-05,9.948897059075534e-06,2.5860248705839383e-06
720575940629543409,720575940629543409,5,0.0002303372288957,0.00012931105,0.00011897431,1.4126331216621724e-05,9.05602790059056e-06,4.684788564190967e-06,4.483064913074486e-06,4.1043634957612476e-07
720575940618666142,720575940618666142,2,0.0264539774507284,0.026107369,0.00034660718,0.0191700030118227,0.0,0.0,0.0,0.0
720575940618666142,720575940618666142,3,0.0030676377937197,0.0028512403,0.00021640012,0.0001337460125796,8.696569580024516e-07,6.74784530474426e-07,1.94872455949735e-07,2.993265866280126e-07
720575940618666142,720575940618666142,4,0.0004403714357724,0.0012300262,0.0001132213,1.914426314768167e-05,1.0781623132061211e-06,6.569287620550313e-07,4.212335511510901e-07,9.125132294229844e-08
720575940618666142,720575940618666142,5,9.980012131124196e-05,0.00025955297,5.543787e-05,5.543448404702176e-06,5.983032477318205e-07,3.08890918176985e-07,2.9077563112878124e-07,5.2015328086792354e-08
720575940624539993,720575940624539993,2,0.001210820977576,0.0011642235,4.659735e-05,0.0011642234167084,9.248983019460866e-07,0.0,9.248983019460866e-07,0.0
720575940624539993,720575940624539993,3,9.517396392766386e-05,4.9834864e-05,4.5339097e-05,3.837333497358486e-05,2.363213297940092e-06,1.5836196780583125e-06,7.795937335686176e-07,1.3541514576331792e-08
720575940624539993,720575940624539993,4,9.072176482842916e-05,3.9891154e-05,5.7774025e-05,7.081006255404972e-06,2.112639582298598e-06,1.2069342574250186e-06,9.075485536413908e-07,6.780638983627797e-08
720575940624539993,720575940624539993,5,6.548771976108785e-05,3.705044e-05,3.5949204e-05,2.18591911689104e-06,1.86342104661279e-06,9.598284123057963e-07,9.110264045375516e-07,3.668640596851103e-08
720575940625711626,720575940625711626,2,0.0010787799255922,0.00090405485,0.00017472522,0.0,1.2560289178509263e-05,1.2560289178509263e-05,0.0,0.0
720575940625711626,720575940625711626,3,0.0001793236879166,6.199711e-05,0.00011732657,0.0,5.752478318754584e-05,1.3564302207669243e-05,4.3960477341897786e-05,0.0
720575940625711626,720575940625711626,4,0.000101578123392,4.346462e-05,6.3935964e-05,0.0,2.8809145069316004e-05,1.0475444469193462e-05,1.83362681127619e-05,0.0
720575940625711626,720575940625711626,5,5.3151585659040944e-05,2.5695459e-05,3.01573e-05,0.0,1.330563490875787e-05,5.210053132032044e-06,8.162804078892805e-06,0.0
720575940625345328,720575940625345328,2,0.0037412939127534,0.0027527376,0.0009885556,0.0,0.004750404972583,0.0042775901965796,0.0004728136700578,0.0
720575940625345328,720575940625345328,3,0.0011496209772303,0.0006692387,0.0004803825,0.0,0.0009395378292538,0.0003977570158895,0.0005417807260528,0.0
720575940625345328,720575940625345328,4,0.0010477196836288,0.000554175,0.0005300386,0.0,0.0004760502996426,0.0002519486297387,0.000260658445768,0.0
720575940625345328,720575940625345328,5,0.00085939441674,0.00040074857,0.00048793032,0.0,0.0002344409298883,0.0001351721293758,0.0001161128020612,0.0
720575940607541955,720575940607541955,2,0.0030713253654539,0.0015707882,0.0015005375,0.0,0.0002502502466086,0.0002502502466086,0.0,0.0
720575940607541955,720575940607541955,3,0.0010681487619876,0.0005634234,0.0005047254,0.0,6.267675780691206e-05,4.489326602197252e-05,1.778350087988656e-05,0.0
720575940607541955,720575940607541955,4,0.0005029895732695,0.00025469277,0.0002830288,0.0,4.08118837164678e-05,2.55149989243364e-05,1.5444382370333187e-05,0.0
720575940607541955,720575940607541955,5,0.0003005048016793,0.00016269641,0.00016606778,0.0,1.586109910872206e-05,7.301914592972025e-06,8.767410690779798e-06,0.0
720575940627466746,720575940627466746,2,0.0005179492873139,0.0005058328,1.211649e-05,0.0004675429372582,0.0,0.0,0.0,0.0
720575940627466746,720575940627466746,3,0.0002886210859287,0.00010540512,0.00018321596,7.627542072441429e-05,2.8676935471594334e-05,2.1446810933412053e-05,7.230125447676983e-06,1.3624591019834045e-06
720575940627466746,720575940627466746,4,0.0001171928758206,6.883703e-05,4.9427872e-05,1.6894836252234704e-05,1.002850513032172e-05,5.473795226862421e-06,4.554709448711947e-06,4.17928958995617e-07
720575940627466746,720575940627466746,5,7.221666341095778e-05,3.7079182e-05,3.8380284e-05,4.683659884401357e-06,6.403919945254505e-06,3.1605068215867504e-06,3.4047711778839584e-06,1.0061405279830409e-07
720575940611768803,720575940611768803,2,0.0005470842006616,0.00049051986,5.656428e-05,0.0,5.725409209844656e-05,5.725409209844656e-05,0.0,0.0
720575940611768803,720575940611768803,3,0.0002218451554654,0.00016794424,5.3900923e-05,0.0,0.0004728893691208,0.0003943723277188,7.85170414019376e-05,0.0
720575940611768803,720575940611768803,4,0.0001180205208828,5.9857965e-05,5.9016456e-05,0.0,7.434916355984269e-05,2.5021679903147746e-05,4.946458284393884e-05,0.0
720575940611768803,720575940611768803,5,9.552372052882448e-05,4.6061374e-05,5.1336843e-05,0.0,4.081410153022177e-05,1.980240995180793e-05,2.152550769096706e-05,0.0
720575940643524808,720575940643524808,2,0.0004937350749969,0.00018668165,0.00030705344,0.0,0.0,0.0,0.0,0.0
720575940643524808,720575940643524808,3,5.136402614880353e-05,4.0341878e-05,1.102215e-05,0.0,4.210621227684896e-06,2.269280685140984e-06,1.941340769917588e-06,0.0
720575940643524808,720575940643524808,4,3.1631510060390696e-05,1.4460076e-05,1.7713475e-05,0.0,5.277547643345315e-06,2.8265781111258548e-06,2.450969759593136e-06,0.0
720575940643524808,720575940643524808,5,2.3333650587272767e-05,1.16840965e-05,1.2137514e-05,0.0,4.235380533311297e-06,2.146369752153987e-06,2.092860313496203e-06,0.0
720575940625799513,720575940625799513,2,0.0033008158206939,0.0010026293,0.0022981858,0.0003634376334957,0.0,0.0,0.0,0.0
720575940625799513,720575940625799513,3,0.0013959496282041,0.0007533028,0.00064264657,3.316615766379982e-05,0.0,0.0,0.0,0.0
720575940625799513,720575940625799513,4,0.0007414683861469,0.00039039587,0.00040011064,4.611240811016365e-06,0.0,0.0,0.0,0.0
720575940625799513,720575940625799513,5,0.0004430181937171,0.00024684763,0.00025091675,8.20656077467503e-07,0.0,0.0,0.0,0.0
720575940629239934,720575940629239934,2,0.0023499312810599,0.0004101838,0.0019397477,0.0,0.0004882460925728,4.063528831466101e-05,0.0004476107715163,0.0
720575940629239934,720575940629239934,3,0.0004178849630989,0.0002031088,0.00021477602,0.0,0.0003218038764316,0.0001769113587215,0.000144892532262,0.0
720575940629239934,720575940629239934,4,0.0002366362209778,0.00013968829,0.00011208873,0.0,6.122305677543831e-05,3.608752740547061e-05,2.549195232859347e-05,0.0
720575940629239934,720575940629239934,5,0.0001615538003807,8.449917e-05,8.57265e-05,0.0,2.582141665041925e-05,1.3664086509379558e-05,1.2789416359737515e-05,0.0
720575940638109668,720575940638109668,2,0.0011108464095741,0.00013037569,0.0009804707,0.0,0.0001199661419377,3.264699444116559e-06,0.0001167014415841,0.0
720575940638109668,720575940638109668,3,0.0003007083432748,0.00015614106,0.00014456724,0.0,4.23680576204788e-05,2.9169161280151457e-05,1.319889815931674e-05,0.0
720575940638109668,720575940638109668,4,0.0001194674065989,7.098538e-05,5.7011835e-05,0.0,8.641873623020755e-06,4.437360075826291e-06,4.239316240273183e-06,0.0
720575940638109668,720575940638109668,5,7.90473913632804e-05,4.1082094e-05,4.397689e-05,0.0,4.3362153873248576e-06,2.1376113181759138e-06,2.251968680866412e-06,0.0
720575940637742150,720575940637742150,2,0.0007424040231853,0.00045841793,0.00028398616,0.0004527438431978,0.0004345099150668,2.415345261397306e-05,0.0004103564133401,2.415345261397306e-05
720575940637742150,720575940637742150,3,0.0008693591225892,0.00021596989,0.0006533891,0.0001010074702207,0.0001202482380904,7.796962017891929e-05,4.22786470153369e-05,6.548967212438583e-05
720575940637742150,720575940637742150,4,0.0003842494001894,0.0001505554,0.00024224794,1.071003303845576e-05,1.3457652441004458e-05,7.684308002353646e-06,6.396987373591401e-06,5.249333496698468e-07
720575940637742150,720575940637742150,5,0.0003378648082757,0.00025770866,0.00015090713,3.351028597935752e-06,5.669243242502931e-06,3.1780573408468622e-06,2.9299735615495592e-06,6.57554136099311e-08
720575940630697078,720575940630697078,2,0.0025447530206292,0.00044421913,0.0021005347,0.0,3.392875078134239e-05,1.520903970231302e-05,1.8719711079029366e-05,0.0
720575940630697078,720575940630697078,3,0.0008240544702857,0.00022135336,0.0006027009,0.0,0.0001083581955754,6.775610381737351e-05,4.0602099034003913e-05,0.0
720575940630697078,720575940630697078,4,0.0003692493687915,0.00013845749,0.0003069319,0.0,2.3627294036519622e-05,1.3153617146599572e-05,1.0491662578715475e-05,0.0
720575940630697078,720575940630697078,5,0.0002309446492714,0.00011007981,0.00016918985,0.0,1.5370175343399743e-05,8.16306874185102e-06,7.945969628053717e-06,0.0
720575940619588568,720575940619588568,2,0.02499077655375,0.00034569355,0.02464508,0.0,0.0002382557140663,0.0002325537934666,5.701924237655476e-06,0.0
720575940619588568,720575940619588568,3,0.0102287111803889,0.0005107777,0.009717932,0.0,0.0002473458007443,0.0001775475247995,6.979827594477683e-05,0.0
720575940619588568,720575940619588568,4,0.0072658834313244,0.0039336793,0.0045494856,0.0,0.0001335699664656,7.492145232390612e-05,5.886789585929364e-05,0.0
720575940619588568,720575940619588568,5,0.0045877046912792,0.0034367647,0.0022916992,0.0,8.18505349750956e-05,4.259546039975248e-05,4.019718471681699e-05,0.0
720575940635690391,720575940635690391,2,0.0032901505474001,0.0006264311,0.0026637195,0.0,0.0002105142339132,0.0001273362431675,8.317800529766828e-05,0.0
720575940635690391,720575940635690391,3,0.0014249797677621,0.0008066619,0.00061831786,0.0,0.0003559994511306,0.0001908092090161,0.0001651902130106,0.0
720575940635690391,720575940635690391,4,0.0009153086117127,0.000531865,0.00043791768,0.0,0.0001462210385181,6.267444405239075e-05,8.371990406885743e-05,0.0
720575940635690391,720575940635690391,5,0.0005633158441125,0.0003077336,0.0003028887,0.0,7.322423179276006e-05,3.348728932905942e-05,4.122989776078612e-05,0.0
720575940612866410,720575940612866410,2,0.0025987178087234,0.00091149716,0.0016872204,0.0,8.298959073727019e-06,0.0,8.298959073727019e-06,0.0
720575940612866410,720575940612866410,3,0.0006265841075219,0.00034944242,0.00027714172,0.0,3.399434717721306e-05,2.043462336587254e-05,1.3559718354372308e-05,0.0
720575940612866410,720575940612866410,4,0.0003553037048547,0.0001820864,0.00020286982,0.0,2.638225743331826e-05,1.1546881069079973e-05,1.4835831279924603e-05,0.0
720575940612866410,720575940612866410,5,0.0002173821293135,0.00010778573,0.00012810883,0.0,1.6258031662497215e-05,8.408707799389958e-06,7.93165872892132e-06,0.0
720575940632780359,720575940632780359,2,0.0263726860284805,0.013388417,0.012984276,0.0,0.0370426215231418,0.0178852044045925,0.0191574208438396,0.0
720575940632780359,720575940632780359,3,0.0050980639643967,0.0036799845,0.0014180795,0.0,0.0056356932036578,0.0045317159965634,0.0011039766250178,0.0
720575940632780359,720575940632780359,4,0.0013090612699589,0.0010809614,0.001143015,0.0,0.0010090516257331,0.001337164081633,0.0014115375233814,0.0
720575940632780359,720575940632780359,5,0.0004270660216574,0.0003871222,0.00043534307,0.0,0.0002838439534546,0.0003738074447028,0.0004661586717702,0.0
720575940615906388,720575940615906388,2,0.0006188791012391,0.00013268492,0.00048619416,0.0,1.4160455066303257e-06,0.0,1.4160455066303257e-06,0.0
720575940615906388,720575940615906388,3,0.0003225258260499,0.000110139976,0.00021238581,0.0,2.4818393285386264e-05,1.60207328008255e-05,8.797660484560765e-06,0.0
720575940615906388,720575940615906388,4,0.0001153552941388,5.6391997e-05,6.321863e-05,0.0,3.008681517583716e-05,1.3429509635898285e-05,1.665873423917219e-05,0.0
720575940615906388,720575940615906388,5,7.156811039564394e-05,3.7026704e-05,4.289628e-05,0.0,2.290697557967376e-05,9.976809451472946e-06,1.3130405022820923e-05,0.0
720575940639183805,720575940639183805,2,0.0007414927240461,0.00038154854,0.0003599441,0.0003810360794886,4.169698513578624e-05,1.5149908904277254e-05,2.6547077141003683e-05,1.5149908904277254e-05
720575940639183805,720575940639183805,3,0.0001376868895022,6.326575e-05,7.4421114e-05,2.9744511266471815e-05,8.777202310739085e-06,4.221152266836725e-06,4.55605004390236e-06,8.151091606123373e-07
720575940639183805,720575940639183805,4,5.353392841218493e-05,2.942668e-05,2.6306068e-05,4.927801830832251e-06,3.828054133560246e-06,1.8790867670759328e-06,1.9821768546535168e-06,9.074974224148947e-08
720575940639183805,720575940639183805,5,2.781233477995074e-05,1.4554113e-05,1.4616372e-05,1.1843090387221856e-06,1.963973694274753e-06,9.488766750109788e-07,1.0410130926175043e-06,3.681835462253246e-08
720575940618674379,720575940618674379,2,0.0002239115419797,0.00010743973,0.00011647181,0.0001061449656845,2.749985651462339e-05,0.0,2.749985651462339e-05,0.0
720575940618674379,720575940618674379,3,5.945446537225507e-05,1.5695445e-05,4.375902e-05,1.103394060919527e-05,9.28336157812737e-06,2.3470952328352723e-06,6.936266800039448e-06,0.0
720575940618674379,720575940618674379,4,2.3551658932593445e-05,1.24153885e-05,1.4131223e-05,1.966782973075175e-06,5.519628978700939e-06,2.88398450720706e-06,2.8956428650417365e-06,2.1304893493834245e-07
720575940618674379,720575940618674379,5,1.2241020316254223e-05,7.647119e-06,6.0814746e-06,4.4749287405722193e-07,3.2110210933026093e-06,1.59714863912086e-06,1.7348661458527204e-06,9.007888479573013e-08
720575940632126506,720575940632126506,2,0.0005795258330181,0.0005178118,6.1713996e-05,0.0005178118008188,1.0340192602598108e-05,0.0,1.0340192602598108e-05,0.0
720575940632126506,720575940632126506,3,0.0001270214124815,8.686338e-05,4.015806e-05,7.835246651666239e-05,4.527222699834965e-05,1.997763683903031e-05,2.529459015931934e-05,9.784726898942608e-06
720575940632126506,720575940632126506,4,5.877532443153433e-05,3.1267897e-05,2.934015e-05,1.6609412005487425e-05,3.588420649454623e-05,1.2907644304505084e-05,2.3177908587967977e-05,1.6037226941989502e-06
720575940632126506,720575940632126506,5,3.621621306963796e-05,1.9021229e-05,1.8958674e-05,5.280333025451776e-06,2.3042369796336968e-05,1.1174442079209255e-05,1.2170579793746583e-05,1.553218714962576e-06
720575940625733453,720575940625733453,2,0.0035516871139407,0.0030948713,0.00045681684,0.0030948703642934,0.0033534760586917,0.0031017297878861,0.0002517464745324,0.0031017297878861
720575940625733453,720575940625733453,3,0.0010682673892006,0.0006652048,0.0004030623,0.0005514929071068,0.0004786535864695,0.0001970120356418,0.0002816415799316,0.0001290623331442
720575940625733453,720575940625733453,4,0.0004878593270104,0.00024542763,0.0002693001,0.0001240021418415,0.0002801922363178,9.622110519558193e-05,0.000202609153348,1.5656752530280173e-05
720575940625733453,720575940625733453,5,0.0002711973962846,0.00014130425,0.00015380987,4.917566228086703e-05,0.0001302845450135,5.9049518313258886e-05,7.998799264896661e-05,3.709152239779426e-06
720575940609880900,720575940609880900,2,0.0011645151535049,0.000934096,0.00023041913,0.0009170403936877,0.0,0.0,0.0,0.0
720575940609880900,720575940609880900,3,0.0001330331724602,6.7106645e-05,6.592653e-05,4.374348645796999e-05,9.753908670973033e-06,4.512459327088436e-06,5.241448889137246e-06,7.683552638582114e-08
720575940609880900,720575940609880900,4,4.834230252306574e-05,2.4871206e-05,2.5819578e-05,4.914882859124627e-06,4.834545052290196e-06,2.393985141679877e-06,2.44056082010502e-06,6.478305891732816e-08
720575940609880900,720575940609880900,5,2.584701524276323e-05,1.338712e-05,1.33334115e-05,9.8036117719269e-07,2.3089913998365285e-06,1.1466170235507889e-06,1.1790152711910196e-06,2.4168384900737346e-08
720575940641562587,720575940641562587,2,0.0040463143959641,0.0014999021,0.0025464115,0.0,0.0009325100108981,0.0006326912553049,0.0002998187846969,0.0
720575940641562587,720575940641562587,3,0.0010571323800832,0.000581993,0.00047513947,0.0,0.0003171288408339,0.0001271200017072,0.0001900087372632,0.0
720575940641562587,720575940641562587,4,0.0004846651297561,0.00025565596,0.00025700743,0.0,8.632309601322731e-05,4.578378502628766e-05,4.204673314234242e-05,0.0
720575940641562587,720575940641562587,5,0.000263466399385,0.00013764485,0.00014249323,0.0,3.1986984109767935e-05,1.5235862520057708e-05,1.816426811274141e-05,0.0
720575940635089945,720575940635089945,2,0.0012071813689544,0.0007388287,0.00046835194,0.0,7.245539018185809e-05,5.619531293632463e-06,6.683586980216205e-05,0.0
720575940635089945,720575940635089945,3,0.0005540514248423,0.00033628475,0.000217766,0.0,0.0003148541145492,0.0001498627389082,0.0001649913901928,0.0
720575940635089945,720575940635089945,4,0.0004606027105393,0.00024503595,0.00022493543,0.0,0.000402501479506,0.0002688933454919,0.000133615991217,0.0
720575940635089945,720575940635089945,5,0.0004361848289352,0.00022256646,0.00022235396,0.0,0.0003826734742952,0.0002017516235355,0.0001811761903809,0.0
720575940625123514,720575940625123514,2,0.0002213994448538,8.543611e-05,0.00013596335,8.351827273145318e-05,9.15025157155469e-06,0.0,9.15025157155469e-06,0.0
720575940625123514,720575940625123514,3,3.190891584381461e-05,1.3094237e-05,1.8814677e-05,6.898087576701073e-06,1.743563188938424e-06,7.186157517935499e-07,1.024947209771199e-06,1.472834867399797e-07
720575940625123514,720575940625123514,4,1.514127117062873e-05,7.604728e-06,8.091187e-06,1.4244941002473049e-06,1.2255389183370256e-06,5.773763405159116e-07,6.729160304530524e-07,5.538640834856778e-08
720575940625123514,720575940625123514,5,8.435096382941041e-06,4.4106146e-06,4.318639e-06,3.832980259059977e-07,1.1310369331830412e-06,5.533715921046678e-07,5.967593779132585e-07,3.8378155933803394e-08
720575940608610652,720575940608610652,2,0.0003655615728348,0.00022049814,0.00014506336,0.0002200645394623,4.43433818873018e-05,0.0,4.43433818873018e-05,0.0
720575940608610652,720575940608610652,3,8.062653068918735e-05,2.49956e-05,5.5630924e-05,1.976322710106615e-05,8.849056030157954e-06,3.303586254332913e-06,5.54546977582504e-06,0.0
720575940608610652,720575940608610652,4,2.995843818819485e-05,1.5344267e-05,1.8411109e-05,3.1796671570880487e-06,5.472721652873989e-06,3.231611572118709e-06,2.6503983008296927e-06,3.497606542168797e-07
720575940608610652,720575940608610652,5,1.4800888304073523e-05,9.265419e-06,7.525324e-06,6.32747682212491e-07,3.1676420966644023e-06,1.5227808489726158e-06,1.784603909982252e-06,1.1626345752802081e-07
720575940636531118,720575940636531118,2,0.00085294037126,0.00028012728,0.00057281303,0.0002545144525356,0.0003324585268273,0.0,0.0003324584977235,0.0
720575940636531118,720575940636531118,3,0.0002376486372668,0.0001094786,0.00012817001,3.4259253880009055e-05,7.555045885965228e-05,5.459074600366876e-05,2.095971285598353e-05,3.345843197166687e-06
720575940636531118,720575940636531118,4,0.0001272786702388,6.906646e-05,6.1595914e-05,7.48816678801185e-06,3.45132774293134e-05,1.9595452613430094e-05,1.6506723113707267e-05,1.828375246759606e-07
720575940636531118,720575940636531118,5,7.246433139970948e-05,3.8041333e-05,3.7117203e-05,1.6452566376455745e-06,1.3713534320519705e-05,6.95645894666086e-06,7.547369932581205e-06,2.8647630777188024e-08
720575940609764818,720575940609764818,2,0.0005258820019662,8.138369e-05,0.00044449838,7.683472358621657e-05,0.0005355227622203,0.0001190702969324,0.00041645244346,0.0001190702969324
720575940609764818,720575940609764818,3,0.0002246281364932,0.00010660943,0.0001180187,2.118612428603228e-05,0.0002108720364049,0.0001006113016046,0.000110260763904,3.9112961530918255e-05
720575940609764818,720575940609764818,4,0.0001128485778468,6.0647188e-05,5.3861135e-05,3.291096479994848e-06,4.2924142305680434e-05,2.4750832380959764e-05,1.932443046825938e-05,1.1378453131989463e-06
720575940609764818,720575940609764818,5,6.07857145205307e-05,3.137634e-05,3.133491e-05,7.300536669028364e-07,1.6257772290311377e-05,9.06902914721286e-06,8.021967914828565e-06,2.108960627548171e-07
720575940616565365,720575940616565365,2,0.0025112642906606,0.0017285387,0.0007827258,0.0016955346800386,0.0001621471019461,1.777109173417557e-05,0.0001443760120309,1.777109173417557e-05
720575940616565365,720575940616565365,3,0.0003304586571175,0.00016991512,0.00016054348,9.631559805711733e-05,4.300648652133532e-05,2.165501609852072e-05,2.13514704228146e-05,6.218213570718945e-07
720575940616565365,720575940616565365,4,0.0001265186830094,7.1978386e-05,6.678967e-05,9.663168939871157e-06,2.0953993877779105e-05,1.0557926543697247e-05,1.0446219675941393e-05,9.604456541349257e-08
720575940616565365,720575940616565365,5,6.775403769937649e-05,3.6421283e-05,3.5771893e-05,1.7517063973110482e-06,1.0105144173808142e-05,5.279933702695416e-06,4.986107342119794e-06,2.437804124920518e-08
720575940621371252,720575940621371252,2,0.0012767097214236,0.0005127715,0.0007639385,0.0004704505845438,8.691998664289713e-05,7.907688268460333e-05,7.843102139304392e-06,1.8863296645577066e-05
720575940621371252,720575940621371252,3,0.000439199298853,0.00018746388,0.0002517355,4.095063923159614e-05,3.4238175430800766e-05,2.49636905209627e-05,9.274483090848662e-06,4.2157555668609354e-08
720575940621371252,720575940621371252,4,0.0001512973445208,8.147326e-05,7.43865e-05,6.5405565952779495e-06,1.1636280173777282e-05,4.885724592895713e-06,7.129293408070225e-06,6.65785381040697e-08
720575940621371252,720575940621371252,5,7.086490098806518e-05,3.7201447e-05,3.7992024e-05,1.485779078301398e-06,5.343000758566164e-06,2.8965191631868947e-06,2.657631512192893e-06,1.0892923565660612e-08
720575940612612094,720575940612612094,2,0.0001961692760232,0.000106474916,8.969437e-05,0.0001026792015181,3.637995905592106e-05,1.832217094488442e-06,3.45477310474962e-05,1.0612319556457803e-06
720575940612612094,720575940612612094,3,8.311256533488631e-05,3.193498e-05,5.1177507e-05,1.263403919438133e-05,3.6762517993338406e-05,1.587640326761175e-05,2.0886120182694867e-05,3.7509257708734367e-06
720575940612612094,720575940612612094,4,5.476498302059827e-05,2.6759928e-05,2.8656908e-05,3.911345717990465e-06,1.7779574371013113e-05,9.146112461166922e-06,8.64271441969322e-06,1.1947426882509727e-06
720575940612612094,720575940612612094,5,3.9203831266259234e-05,2.0431424e-05,1.9618588e-05,1.828430996264328e-06,1.6030562536178006e-05,8.511531632393599e-06,7.568670298496727e-06,1.6354974740723838e-06
720575940637241566,720575940637241566,2,0.0003246662672609,0.00017116457,0.0001535017,0.0001711645600153,0.0,0.0,0.0,0.0
720575940637241566,720575940637241566,3,7.145765266614035e-05,2.7211243e-05,4.4246422e-05,1.5501476809731685e-05,8.922886991058476e-06,2.7608102755039e-06,6.162077625049278e-06,1.0920833659611163e-07
720575940637241566,720575940637241566,4,4.117919468299231e-05,2.1370253e-05,2.0471354e-05,3.3821631491316328e-06,4.596949565893738e-06,3.0726773729838897e-06,1.5242719655361725e-06,1.5156173205355117e-08
720575940637241566,720575940637241566,5,2.4473959978950025e-05,1.2821516e-05,1.2169203e-05,8.03580946036556e-07,2.1086901370077456e-06,1.0072443501485395e-06,1.1358664551153197e-06,6.79788543730976e-09
720575940639756240,720575940639756240,2,0.0010861778864637,0.00095644157,0.00012973652,0.0009564415668137,0.0,0.0,0.0,0.0
720575940639756240,720575940639756240,3,0.0001155688078142,6.725433e-05,4.831449e-05,5.096449604025111e-05,3.5495215797709534e-06,3.104924871877301e-06,4.445969352673274e-07,3.143333344723942e-07
720575940639756240,720575940639756240,4,4.449675752038045e-05,2.5728104e-05,2.2146538e-05,9.75041585030856e-06,1.5311621837099665e-06,6.515440418297658e-07,8.796185397841327e-07,4.6959762300957664e-08
720575940639756240,720575940639756240,5,2.287911516234488e-05,1.2069334e-05,1.2002809e-05,2.860400393253856e-06,1.1777027800239252e-06,6.349292789309402e-07,5.470517407957232e-07,4.6928806399505664e-08
720575940633923298,720575940633923298,2,0.0009572359849698,0.00041544478,0.0005417913,0.000415444781538,0.0,0.0,0.0,0.0
720575940633923298,720575940633923298,3,0.0001114673214033,5.502868e-05,5.6438665e-05,3.4702086850302294e-05,1.4190908586897422e-05,1.29414584080223e-05,1.2494519978645258e-06,3.5034809116041288e-06
720575940633923298,720575940633923298,4,5.3715576278004506e-05,2.6493275e-05,2.9644845e-05,5.001182934998357e-06,2.136554576281924e-05,5.83334440307226e-06,1.5532190445810556e-05,1.026198333420325e-06
720575940633923298,720575940633923298,5,2.6565682594682645e-05,1.2492135e-05,1.5035699e-05,9.579121603916388e-07,1.7401763444668562e-05,5.162848538020626e-06,1.2248064194864128e-05,2.038585976160735e-07
720575940627692677,720575940627692677,2,0.0056233946233987,0.0053104525,0.00031294196,0.005310452543199,0.0005708577227778,0.0005708577227778,0.0,0.0005708577227778
720575940627692677,720575940627692677,3,0.0007470332784578,0.0006166684,0.0001303649,0.0006093217525631,2.794905071823451e-07,7.775548027666447e-08,2.017350198002532e-07,7.775548027666447e-08
720575940627692677,720575940627692677,4,0.0001641136990465,0.00016396547,5.957154e-05,0.0001022070609815,6.102961837597861e-07,6.436222292904858e-07,2.925524711372418e-07,1.8697261378402197e-07
720575940627692677,720575940627692677,5,4.446567160393036e-05,4.3220556e-05,2.22531e-05,1.8560778410212324e-05,7.68335918343886e-07,4.239332156430464e-07,3.449978862590797e-07,2.278062355940136e-07
720575940617010905,720575940617010905,2,0.0014191534137353,0.00035061114,0.0010685424,0.0003506110806483,0.0006276796921156,0.0,0.0006276796921156,0.0
720575940617010905,720575940617010905,3,0.0002116663672495,6.4061824e-05,0.00014760456,3.682241367641837e-05,2.081828824884724e-05,1.2518205039668828e-05,8.300084118673112e-06,1.095552235597097e-07
720575940617010905,720575940617010905,4,6.161765668173489e-05,4.02988e-05,3.2859924e-05,5.33713263070014e-06,9.114115989052475e-06,7.97892516857246e-06,3.160904270771425e-06,2.3575685759169573e-07
720575940617010905,720575940617010905,5,2.3660776061222183e-05,1.5712116e-05,1.2120463e-05,1.0696182820220592e-06,3.388657634037928e-06,1.928786787175341e-06,1.7779052541300189e-06,9.426199520029065e-08
720575940627975952,720575940627975952,2,0.0017916560173034,0.0010216101,0.00077004585,0.0010216102236881,0.0,0.0,0.0,0.0
720575940627975952,720575940627975952,3,0.0002542153815738,9.335222e-05,0.00016086313,7.977302448125556e-05,3.958228717237944e-06,1.319413740930031e-06,2.6388147489342373e-06,0.0
720575940627975952,720575940627975952,4,7.148394902912218e-05,6.546565e-05,4.590595e-05,1.045924403872374e-05,1.997524122998584e-06,1.2302627965254942e-06,7.67261667533603e-07,9.280410040446441e-08
720575940627975952,720575940627975952,5,2.8856612286582654e-05,2.4676447e-05,1.6069585e-05,2.005040043176503e-06,1.756614096349564e-06,9.387182444697828e-07,8.286549473268678e-07,8.77146035804799e-08
720575940623989941,720575940623989941,2,0.001288304454647,0.0003678751,0.0009204293,0.0003678750945255,4.963293031323701e-05,0.0,4.963293031323701e-05,0.0
720575940623989941,720575940623989941,3,0.0001958006032509,6.535357e-05,0.000130447,3.718436710187234e-05,1.4155621101963334e-05,9.99244730337523e-06,4.163174253335456e-06,0.0
720575940623989941,720575940623989941,4,7.28703679753087e-05,4.7735106e-05,3.361176e-05,5.450324654329363e-06,9.942095810506978e-06,5.262527338345535e-06,4.726211955130566e-06,3.007003499533312e-07
720575940623989941,720575940623989941,5,3.067113880192728e-05,1.908645e-05,1.4651255e-05,1.133974848363395e-06,5.745560608508962e-06,3.104009238086292e-06,2.674717052286724e-06,1.5629699134933617e-07
720575940611711461,720575940611711461,2,0.0018905774923041,0.0008995926,0.0009909851,0.0008995923562906,4.514545435085893e-05,0.0,4.514545435085893e-05,0.0
720575940611711461,720575940611711461,3,0.0002871737524401,0.00011114207,0.0001760317,9.07617577468045e-05,3.7587035421893233e-06,2.592610371721093e-06,1.1660931704682298e-06,1.0736221867091444e-07
720575940611711461,720575940611711461,4,8.406253287576455e-05,8.2621475e-05,4.630579e-05,1.3930126207988385e-05,4.170354237178396e-06,2.4469497930112998e-06,1.7390420907759108e-06,3.0012103025001124e-07
720575940611711461,720575940611711461,5,3.481065165558269e-05,2.9230276e-05,1.8102724e-05,2.652708574397509e-06,3.1383843762579338e-06,1.6736314591980772e-06,1.4768238543183545e-06,1.1143300844288317e-07
720575940628662519,720575940628662519,2,0.0010563040850684,0.00031794014,0.00073836406,0.0003179401392117,6.942025265743723e-08,0.0,6.942025265743723e-08,0.0
720575940628662519,720575940628662519,3,0.0001626470620976,6.123478e-05,0.00010141228,3.2939566153800115e-05,1.346595490758773e-05,9.826404493651353e-06,3.639549504441675e-06,3.145381954894333e-09
720575940628662519,720575940628662519,4,6.21452354561289e-05,3.8363214e-05,2.9449116e-05,4.803336020536119e-06,4.707467282854866e-06,2.743681534411735e-06,1.963973318197532e-06,1.7167134558349065e-07
720575940628662519,720575940628662519,5,2.791655936623811e-05,1.6825812e-05,1.31902e-05,9.6510300543229e-07,2.901616036016448e-06,1.7011775526043491e-06,1.212697156915965e-06,1.0190492492530001e-07
720575940645730852,720575940645730852,2,0.0009150638361461,0.00033133573,0.0005837281,0.0003296001232229,1.1778480256907642e-05,0.0,1.1778480256907642e-05,0.0
720575940645730852,720575940645730852,3,0.0001667033793637,6.226641e-05,0.00010443694,4.0806280594551936e-05,6.469215350080049e-06,4.462827291717986e-06,2.006387830988388e-06,3.89983625836976e-07
720575940645730852,720575940645730852,4,6.064578494405177e-05,3.3438322e-05,3.133312e-05,5.723554114996103e-06,3.3198236890696247e-06,1.5917430573608726e-06,1.730073563521728e-06,1.4145338411708508e-07
720575940645730852,720575940645730852,5,2.6667323370324503e-05,1.5663534e-05,1.29528635e-05,1.1586178700461746e-06,2.25311254337346e-06,1.2540365332824877e-06,1.007166929412051e-06,9.179453384259077e-08
720575940643399534,720575940643399534,2,0.0002970101195387,0.00024357546,5.3434618e-05,0.000242906899075,2.4633939119667048e-06,2.4633939119667048e-06,0.0,2.4633939119667048e-06
720575940643399534,720575940643399534,3,9.771378245204688e-05,5.556509e-05,4.214867e-05,4.5662814954994246e-05,2.5969255148083903e-05,1.429458279744722e-05,1.1674674169626089e-05,1.2432522453309502e-05
720575940643399534,720575940643399534,4,5.548815203824856e-05,2.8880784e-05,2.7602984e-05,1.6857321419637347e-05,3.899403357338352e-05,2.2664085918222557e-05,1.6329950085491873e-05,1.272186939588474e-05
720575940643399534,720575940643399534,5,3.046373481855347e-05,1.5686244e-05,1.5486175e-05,5.333439893082405e-06,2.366985202384863e-05,1.2843080185120924e-05,1.08795466076117e-05,5.660018116601371e-06
720575940631100416,720575940631100416,2,0.0007692650542594,0.0006229686,0.00014629652,0.00062186823925,0.0006651324220001,0.0006051724194549,5.996006439090706e-05,0.0006037086714059
720575940631100416,720575940631100416,3,0.0001392539561493,8.3230436e-05,5.6023542e-05,7.819766324246302e-05,0.000148814782733,9.508099174126984e-05,5.373379462980665e-05,9.313126065535472e-05
720575940631100416,720575940631100416,4,4.215167456689675e-05,1.979614e-05,2.5117648e-05,1.1931029796019831e-05,3.921961003498293e-05,1.7450562154408544e-05,2.4227858375525105e-05,1.196173568999018e-05
720575940631100416,720575940631100416,5,1.7770905695016693e-05,9.289328e-06,1.010129e-05,2.78371796243243e-06,1.4714381600418868e-05,8.170879482349847e-06,8.008028999029193e-06,2.531444159025415e-06
720575940623283753,720575940623283753,2,0.001131871715188,0.0007914998,0.0003403719,0.0,0.0,0.0,0.0,0.0
720575940623283753,720575940623283753,3,0.0001008800900308,5.173727e-05,4.914282e-05,0.0,6.607212981180055e-07,5.871314101568714e-07,7.358997322626237e-08,0.0
720575940623283753,720575940623283753,4,1.7377027171826505e-05,1.0262784e-05,1.0899173e-05,0.0,3.7206309571047314e-06,2.042366077148472e-06,1.6782644252089085e-06,0.0
720575940623283753,720575940623283753,5,6.246182934619697e-06,3.4467953e-06,3.573781e-06,0.0,2.143887143255411e-06,1.0302371720172232e-06,1.1143051779072266e-06,0.0
720575940632722527,720575940632722527,2,0.0006857143598608,0.00032748174,0.00035823265,0.0,0.0,0.0,0.0,0.0
720575940632722527,720575940632722527,3,8.609842188889161e-05,5.0268765e-05,3.5829664e-05,0.0,1.05501558209653e-05,3.11536859953776e-06,7.434788585669594e-06,0.0
720575940632722527,720575940632722527,4,3.578137838395378e-05,2.2505772e-05,1.7204835e-05,0.0,7.993061444722116e-06,4.320932021073531e-06,3.67212714991183e-06,0.0
720575940632722527,720575940632722527,5,2.37803788381264e-05,1.2648061e-05,1.2482122e-05,0.0,4.392221675861798e-06,2.150923137378413e-06,2.3177840375865344e-06,0.0
720575940605114046,720575940605114046,2,0.0005746282986365,0.00043871455,0.00013591371,0.0004387146327644,7.309941429411992e-05,7.309941429411992e-05,0.0,7.309941429411992e-05
720575940605114046,720575940605114046,3,0.0001132167381001,5.0040486e-05,6.317621e-05,4.343943146523088e-05,2.8442242182791236e-05,1.5928213542792946e-05,1.2514026821008883e-05,1.4463063962466547e-05
720575940605114046,720575940605114046,4,3.654166533894389e-05,1.6676171e-05,2.1417072e-05,6.401496962699142e-06,6.321843743501617e-06,2.532869075366761e-06,3.962901246268302e-06,9.13785722075406e-07
720575940605114046,720575940605114046,5,1.66953228006605e-05,9.158203e-06,8.583628e-06,1.250382976544256e-06,3.153165467431239e-06,1.9125664039165717e-06,1.3655071597895585e-06,2.2561176542433914e-07
720575940612006257,720575940612006257,2,0.0008576803375035,0.0003618941,0.0004957859,0.0003523945633787,4.727630584966391e-05,0.0,4.727630584966391e-05,0.0
720575940612006257,720575940612006257,3,0.0002067519671982,9.516928e-05,0.0001115826,2.9709697628277357e-05,3.5626049793791026e-05,2.3617936676600948e-05,1.200810947921127e-05,1.7060870050045196e-06
720575940612006257,720575940612006257,4,0.0001121338481321,5.961817e-05,5.4777665e-05,5.729528084607316e-06,1.4863962736449689e-05,7.507447207899531e-06,7.560462108813226e-06,2.427729839382664e-07
720575940612006257,720575940612006257,5,6.657295869648742e-05,3.4261826e-05,3.39422e-05,1.4683620221399786e-06,7.208912101035383e-06,3.733361154445447e-06,3.641272542154184e-06,3.731182806015188e-08
720575940645460260,720575940645460260,2,0.0005272884154692,0.00011644536,0.0004108431,0.0001159523089881,0.0005917854141443,0.0,0.0005917854141443,0.0
720575940645460260,720575940645460260,3,0.0001331803796347,2.1073683e-05,0.00011210664,1.140230415330734e-05,0.0001281735894735,3.2123487017088337e-06,0.0001249612687388,5.841704009412752e-08
720575940645460260,720575940645460260,4,2.978368979960256e-05,1.2884268e-05,1.8986939e-05,1.7317449417387893e-06,1.4926906325570689e-05,7.679018381168135e-06,9.766893526830245e-06,1.2921898928652809e-07
720575940645460260,720575940645460260,5,1.393316331172346e-05,7.4632667e-06,7.777641e-06,4.068303715403219e-07,6.918855779022159e-06,4.203368462185608e-06,4.0663171603227966e-06,1.1710659365679253e-07
720575940620175040,720575940620175040,2,0.0003744196146726,0.00028937758,8.504206e-05,0.0002864119305741,1.0048393050965387e-05,8.505527659963263e-08,9.963337106455585e-06,0.0
720575940620175040,720575940620175040,3,9.78399402811192e-05,5.0028422e-05,4.781148e-05,3.9206915971590206e-05,6.519421276607318e-06,2.913206117227673e-06,3.6062162962480215e-06,1.011743933077014e-07
720575940620175040,720575940620175040,4,5.107711073733138e-05,2.4284847e-05,2.771896e-05,8.277266861698276e-06,6.123373127937066e-06,3.147685902149533e-06,3.0260875973908696e-06,1.7975384025703536e-07
720575940620175040,720575940620175040,5,3.310993368746914e-05,1.6893144e-05,1.7040527e-05,2.519354737345913e-06,4.276232890143867e-06,2.3569687073177192e-06,1.9631618215498747e-06,9.628729395475265e-08
720575940634874266,720575940634874266,2,0.0009543540072627,0.00023338385,0.00072097033,0.0,6.696293712593615e-05,6.61363810650073e-05,8.265600968115905e-07,0.0
720575940634874266,720575940634874266,3,0.0002591241209302,0.00014392316,0.00011520106,0.0,0.0001789149391697,0.0001438572217011,3.505767381284386e-05,0.0
720575940634874266,720575940634874266,4,0.000123829019253,7.2727715e-05,5.404013e-05,0.0,9.802574338494966e-05,5.097228495287709e-05,4.708506821771152e-05,0.0
720575940634874266,720575940634874266,5,7.43240874943585e-05,3.822235e-05,3.8589835e-05,0.0,6.552746527976097e-05,3.167117392877117e-05,3.4296932426514104e-05,0.0
720575940618245797,720575940618245797,2,5.905787838855758e-05,3.5171135e-05,2.3886745e-05,3.517113509587944e-05,3.8053708522056695e-06,0.0,3.8053708522056695e-06,0.0
720575940618245797,720575940618245797,3,2.138710806320887e-05,6.080024e-06,1.5307085e-05,4.217767582304077e-06,6.979760655667633e-06,4.792369736605906e-07,6.500524250441231e-06,5.662516855409194e-08
720575940618245797,720575940618245797,4,9.223526572022442e-06,3.815286e-06,5.54709e-06,8.088781116414209e-07,2.682050680139912e-06,1.2049996485075098e-06,1.5030831264084554e-06,7.742954721834394e-09
720575940618245797,720575940618245797,5,5.496222974151392e-06,2.8454356e-06,2.8213717e-06,2.091351124562746e-07,1.632992366518726e-06,9.55571636040986e-07,7.248523843372823e-07,1.0541777095370835e-08
720575940618129573,720575940618129573,2,0.0008465782739222,0.00018267793,0.0006639006,0.0001714835088932,4.391699621919543e-05,0.0,4.391699621919543e-05,0.0
720575940618129573,720575940618129573,3,0.0002688254753593,0.00010872295,0.00016010259,1.2597362001542932e-05,1.347841043752851e-05,8.35889750305796e-06,5.119509751239093e-06,2.8577636257409722e-08
720575940618129573,720575940618129573,4,0.00014726634466,7.528065e-05,7.6223354e-05,1.919466091201284e-06,8.565210937714453e-06,4.397389147925424e-06,4.1828802750387695e-06,5.2813287965136624e-08
720575940618129573,720575940618129573,5,0.0001061563611135,5.9457238e-05,5.0850744e-05,4.682888278574541e-07,5.695090547949608e-06,3.057980620724265e-06,2.721593318710802e-06,1.4733833162167682e-08
720575940634334559,720575940634334559,2,0.0003427159390412,0.0001884167,0.00015429925,0.000185869183042,1.6448087990283966e-05,8.53336496220436e-06,7.914722118584905e-06,7.063578323140973e-06
720575940634334559,720575940634334559,3,0.0001330376107944,4.458298e-05,8.845466e-05,3.188963819411583e-05,1.532381611468736e-05,4.304604772187304e-06,1.1019208614015952e-05,1.0429671419842634e-06
720575940634334559,720575940634334559,4,8.817731716760095e-05,3.733477e-05,5.415764e-05,8.033754094848356e-06,1.0534173864849765e-05,5.156874067324679e-06,5.422787580755539e-06,1.8533995236117924e-07
720575940634334559,720575940634334559,5,6.62896362875393e-05,3.626812e-05,3.4928744e-05,2.26184766840538e-06,6.50056989317801e-06,3.738970690392307e-06,3.20946128340438e-06,3.8621034360252744e-08
720575940623509577,720575940623509577,2,0.0007006525993347,0.0004433709,0.00025728182,0.0004422007186803,0.0001205720691359,6.754253263352439e-07,0.0001198966492665,6.754253263352439e-07
720575940623509577,720575940623509577,3,0.0003708875738084,9.795501e-05,0.0002729324,6.523004412883893e-05,3.600792842917144e-05,1.667449760134332e-05,1.933342718984932e-05,8.946259981712501e-07
720575940623509577,720575940623509577,4,0.000291886531367,0.000109703535,0.00018595724,1.8852675475603445e-05,1.875426024974548e-05,1.2000054084637668e-05,7.298585842363536e-06,1.363228398324541e-07
720575940623509577,720575940623509577,5,0.0002325051495434,0.00012779751,0.0001141087,5.4035762324358615e-06,1.0299779087014702e-05,5.8711257224786095e-06,5.61159413337009e-06,2.6665668153370223e-08
720575940624179175,720575940624179175,2,0.0018854574300348,0.00059478683,0.00129067,0.0003049671067856,0.0013647675514221,0.0001206636516144,0.0012441038852557,0.0
720575940624179175,720575940624179175,3,0.0002284997026436,0.000113811344,0.00011468833,3.400963032618165e-05,0.000174367101863,0.0001261335855815,4.823350900551304e-05,2.6154923489229982e-06
720575940624179175,720575940624179175,4,0.0001493708423042,8.790931e-05,7.3865776e-05,7.430429300879118e-06,0.0001121801708074,7.766202907077968e-05,3.982678026659414e-05,4.897713665741321e-07
720575940624179175,720575940624179175,5,0.0001191190975381,6.574509e-05,6.0446604e-05,2.1914499773601e-06,6.032151721184255e-05,3.302840195829049e-05,3.4084740036632866e-05,9.853258899021429e-08
720575940609806126,720575940609806126,2,0.0002769421844277,0.0001464533,0.00013048894,0.0001446731912437,5.06414107803721e-05,1.2985603461856954e-05,3.765580913750455e-05,1.2985603461856954e-05
720575940609806126,720575940609806126,3,8.284609066322446e-05,3.6056023e-05,4.6790083e-05,2.8315160307101905e-05,1.0568423931545112e-05,2.6226675799989607e-06,7.945756806293502e-06,1.035328978105099e-06
720575940609806126,720575940609806126,4,3.3446024921723456e-05,1.6164684e-05,1.7954217e-05,5.986299403127714e-06,5.19246414418328e-06,2.410710976619157e-06,2.9062321118544787e-06,6.284723879421388e-07
720575940609806126,720575940609806126,5,1.7240393235245453e-05,8.914223e-06,8.8301385e-06,1.537166480690898e-06,3.439751326650694e-06,1.7735823121256544e-06,1.7194645351992222e-06,2.248492786932044e-07
720575940638096959,720575940638096959,2,0.0003006398619618,9.5953415e-05,0.0002046864,9.451645746594296e-05,1.595626599737443e-05,0.0,1.595626599737443e-05,0.0
720575940638096959,720575940638096959,3,8.739456825423986e-05,3.5005167e-05,5.2389412e-05,6.327397841232596e-06,8.049364623730071e-06,7.532925792474998e-06,5.164407070878951e-07,0.0
720575940638096959,720575940638096959,4,4.333559817128773e-05,2.4366327e-05,1.9933046e-05,1.6091600519225114e-06,6.255277238785094e-06,3.8916969060665e-06,2.53567441177438e-06,3.874178311491505e-09
720575940638096959,720575940638096959,5,2.6985173731640368e-05,1.3824447e-05,1.4014355e-05,5.331452993453107e-07,3.3399209639900963e-06,1.4816168913966976e-06,1.9158137547492515e-06,1.569819274571671e-09
720575940619840427,720575940619840427,2,0.0021915938705205,0.0015690397,0.0006225546,0.0015598791651427,0.0007445832598023,0.0005472445627674,0.0001973386388272,0.0005435076891444
720575940619840427,720575940619840427,3,0.0005260710022412,0.00022035741,0.00030571388,0.0001225419837282,0.0001258252741536,6.765851867385209e-05,5.816676275571808e-05,2.12543091038242e-05
720575940619840427,720575940619840427,4,0.0002997130729785,0.00013494169,0.00017390943,1.91260259887555e-05,6.509625604578557e-05,3.515951902954839e-05,3.164417285006493e-05,2.9561290825834327e-06
720575940619840427,720575940619840427,5,0.0001956596747188,0.00010322606,9.9207944e-05,4.020650216499629e-06,3.977133227763751e-05,2.0834671886404976e-05,2.006277645705268e-05,4.808370320016916e-07
720575940627275602,720575940627275602,2,0.0022584190592169,0.0003493571,0.0019090634,0.0002853293553926,0.0003494415723253,0.0001481791550759,0.0002012623735936,0.0001175802608486
720575940627275602,720575940627275602,3,0.0005275375442579,0.00028212243,0.00024541523,3.0603845516452566e-05,0.0001774906704667,0.0001160024185082,6.148825923446566e-05,9.57909560383996e-06
720575940627275602,720575940627275602,4,0.0002214663790958,0.0001356229,0.000101597674,6.401005579493729e-06,6.090259359146498e-05,3.387322067283094e-05,2.774205495370552e-05,1.7319321574481151e-06
720575940627275602,720575940627275602,5,0.0001171156533183,6.254647e-05,6.2376195e-05,1.3712780872815537e-06,2.6154574409482213e-05,1.3379232768784275e-05,1.3481075257004704e-05,4.289310192997884e-07
720575940639012836,720575940639012836,2,0.0017133094370365,0.0013130746,0.00040023457,0.0,1.9339286154718135e-05,1.8922541130450558e-05,4.167442000380106e-07,0.0
720575940639012836,720575940639012836,3,0.0004965249681845,0.00013638675,0.0003601384,0.0,0.0005682815099135,7.570157322334126e-06,0.0005607114871963,0.0
720575940639012836,720575940639012836,4,0.0001551514177704,6.682635e-05,9.4707226e-05,0.0,6.364733424054696e-05,2.054210563073866e-05,4.311270822654478e-05,0.0
720575940639012836,720575940639012836,5,6.656452740620903e-05,3.8211496e-05,3.4440818e-05,0.0,2.3777000495311043e-05,1.2394222721923144e-05,1.3597098586615177e-05,0.0
720575940627679306,720575940627679306,2,0.0007266130414791,0.0002580767,0.0004685362,0.0002442533441353,0.000121393793961,0.0,0.000121393793961,0.0
720575940627679306,720575940627679306,3,0.0001987219438888,9.598516e-05,0.000102736754,2.5454162823734805e-05,3.614058732637204e-05,2.0450912415981293e-05,1.568967491039075e-05,0.0
720575940627679306,720575940627679306,4,9.498717638103954e-05,5.0225746e-05,4.741061e-05,5.852715816089638e-06,1.5685873742961757e-05,7.926325451990124e-06,7.906319297035225e-06,1.06368148067304e-07
720575940627679306,720575940627679306,5,5.404112486530237e-05,2.8221577e-05,2.7593676e-05,1.339955119078648e-06,6.33921067889794e-06,3.1553918233839795e-06,3.33635193783266e-06,1.4829818262285244e-08
720575940639687027,720575940639687027,2,0.0020309379324316,0.00050463557,0.0015263025,0.0,0.0,0.0,0.0,0.0
720575940639687027,720575940639687027,3,0.0003561648773029,0.00022163501,0.00013452992,0.0,5.073650754638948e-06,1.86157069492765e-06,3.2120801733981352e-06,0.0
720575940639687027,720575940639687027,4,0.0001423739865675,7.163243e-05,7.644088e-05,0.0,4.686493866756791e-06,2.684736500668805e-06,2.0017575934616616e-06,0.0
720575940639687027,720575940639687027,5,7.488111146687017e-05,3.904325e-05,3.930927e-05,0.0,1.621757614357989e-06,7.569139484076004e-07,8.702218678990903e-07,0.0
720575940638874202,720575940638874202,2,0.000914255680982,0.0001734666,0.000740789,0.0001727873604977,6.646609108429402e-05,6.088658483349718e-05,5.579512617259752e-06,6.074246266507544e-05
720575940638874202,720575940638874202,3,0.0002028358285315,9.808705e-05,0.00010474876,3.280585951870307e-05,0.000161442294484,6.699418008793145e-05,9.444811439607292e-05,2.994379610754549e-05
720575940638874202,720575940638874202,4,0.0001543925854679,7.950011e-05,8.134549e-05,1.1836618036942626e-05,0.0001110058932406,5.344173041521572e-05,5.757069811807014e-05,1.04737848882965e-05
720575940638874202,720575940638874202,5,0.0001166797271691,6.0247577e-05,5.8994738e-05,4.379674658557963e-06,7.789894422329506e-05,3.989219112554565e-05,3.8216639950405806e-05,3.673772005363458e-06
720575940608987605,720575940608987605,2,0.0005276541924104,0.0001403282,0.00038732594,0.0001239471021108,2.880429929064121e-05,0.0,2.880429929064121e-05,0.0
720575940608987605,720575940608987605,3,0.0001855053124018,8.727995e-05,9.822544e-05,1.4587476471206172e-05,3.36828816216439e-05,1.488003817939898e-05,1.8802840713760816e-05,3.229017409012158e-07
720575940608987605,720575940608987605,4,8.879035433229486e-05,4.8196816e-05,4.296904e-05,3.0489319763241185e-06,1.3259060084053872e-05,6.549851605086587e-06,6.87284182276926e-06,9.402131695424033e-08
720575940608987605,720575940608987605,5,5.082586607851162e-05,2.640731e-05,2.6384616e-05,6.873880279507845e-07,6.233628191792871e-06,3.2825091693666764e-06,3.142733476124704e-06,9.895028104610103e-09
720575940614424287,720575940614424287,2,0.0003479830338619,0.000107244785,0.00024073821,0.0,4.0103468563756905e-06,0.0,4.0103468563756905e-06,0.0
720575940614424287,720575940614424287,3,9.650705032981932e-05,6.139501e-05,3.5112054e-05,0.0,1.734693069010973e-05,3.898014256265014e-06,1.3448914614855312e-05,0.0
720575940614424287,720575940614424287,4,4.8158417563080814e-05,2.4304443e-05,2.4591183e-05,0.0,1.5943669085475633e-05,5.0577218644320965e-06,1.0888050383073278e-05,0.0
720575940614424287,720575940614424287,5,2.686072416914309e-05,1.3047278e-05,1.448106e-05,0.0,8.439511902165246e-06,4.306155460653827e-06,4.172119588474743e-06,0.0
720575940631763148,720575940631763148,2,0.0009202738292515,0.0006009945,0.00031927938,0.000590831390582,8.001346577657387e-05,3.345836375956424e-05,4.655510201700963e-05,2.345407301618252e-05
720575940631763148,720575940631763148,3,0.0002241693873656,0.0001085423,0.000115627096,8.05218587629497e-05,5.214156044530682e-05,1.876821625046432e-05,3.3373340556863695e-05,7.52837149775587e-06
720575940631763148,720575940631763148,4,0.0001089042811209,5.177353e-05,5.9289458e-05,1.867556736835173e-05,2.672080897088337e-05,1.2707546375168022e-05,1.4367887160915416e-05,1.4593625110419957e-06
720575940631763148,720575940631763148,5,6.33354610473454e-05,3.2207376e-05,3.300078e-05,4.961818624586944e-06,1.5314077132444477e-05,8.115514901874121e-06,7.624893441970926e-06,2.945801852472951e-07
720575940628188471,720575940628188471,2,0.0008282225462608,0.00014848227,0.00067974,0.0,2.75436195806833e-06,0.0,2.75436195806833e-06,0.0
720575940628188471,720575940628188471,3,0.0001159265739261,4.377502e-05,7.215155e-05,0.0,3.912960892193951e-06,2.553415015427163e-06,1.3595450809589238e-06,0.0
720575940628188471,720575940628188471,4,4.446836300815716e-05,2.391732e-05,2.2408709e-05,0.0,2.693203042623443e-06,1.607110334589379e-06,1.0864575870073168e-06,0.0
720575940628188471,720575940628188471,5,2.149619295735709e-05,1.1517413e-05,1.0794685e-05,0.0,2.120205285533156e-06,1.0784913229144877e-06,1.047489377015154e-06,0.0
720575940633190703,720575940633190703,2,0.0007090949802659,0.00044635904,0.00026273585,0.0,9.20342208701186e-05,3.806768290814944e-05,5.396653796196915e-05,0.0
720575940633190703,720575940633190703,3,0.0002376349730184,0.0001316008,0.00010603412,0.0,0.0001081675582099,7.605758582940325e-05,3.210997238056734e-05,0.0
720575940633190703,720575940633190703,4,0.0001246643877546,6.571723e-05,6.1217885e-05,0.0,3.105101187768054e-05,1.426171547791455e-05,1.6947025869740173e-05,0.0
720575940633190703,720575940633190703,5,7.928792263483456e-05,4.0964493e-05,4.047487e-05,0.0,1.665164692185643e-05,7.298271157196723e-06,9.581513040757272e-06,0.0
720575940626449082,720575940626449082,2,0.0059088198468089,0.004016737,0.0018920832,0.00399652402848,0.0043080216273665,0.0040549249388277,0.0002530968922656,0.0040524946525692
720575940626449082,720575940626449082,3,0.0018430890049785,0.0012017735,0.0006413151,0.0005754606099799,0.0005953360232524,0.0001524507970316,0.0004428852407727,0.000139484895044
720575940626449082,720575940626449082,4,0.0012227680096076,0.0006489101,0.0006656917,0.0001185404325545,0.0004103098098343,0.0003215073083993,0.0001138218503911,3.4179835679462315e-05
720575940626449082,720575940626449082,5,0.0009674621827897,0.00055387616,0.0004890043,3.117360335969181e-05,0.0002817552487359,9.844900341704488e-05,0.0001926347904372,3.743262426339209e-06
720575940623582867,720575940623582867,2,0.0004837155283894,0.00014283146,0.00034088411,0.0001240642159245,4.2459345422685146e-05,1.4951590856071562e-05,2.7507754566613585e-05,1.3846292858943343e-05
720575940623582867,720575940623582867,3,8.399848593398929e-05,3.6526442e-05,4.7472044e-05,1.2106806934752967e-05,2.620795567054301e-05,1.3139204384060577e-05,1.3068753105471842e-05,2.102539383486146e-06
720575940623582867,720575940623582867,4,4.6742647824549824e-05,2.4832683e-05,2.284081e-05,3.88011986309072e-06,1.3828694013553556e-05,7.690699021623004e-06,6.227223821042571e-06,1.1353953248013511e-06
720575940623582867,720575940623582867,5,3.264480323435789e-05,1.7045757e-05,1.6175014e-05,1.3247196018453917e-06,1.0312198675093286e-05,5.267052074486855e-06,5.125184998178156e-06,3.83971387081421e-07
720575940602415584,720575940602415584,2,0.0003402541624382,0.00025454548,8.570865e-05,0.0,7.157985965022817e-05,7.157985965022817e-05,0.0,0.0
720575940602415584,720575940602415584,3,7.823419582564384e-05,5.348393e-05,2.4750254e-05,0.0,1.0606503565213645e-05,1.0006502634496428e-05,6.000006465001206e-07,0.0
720575940602415584,720575940602415584,4,2.957810972242588e-05,1.5163012e-05,1.6053584e-05,0.0,1.4698407268236284e-05,5.078758931631455e-06,9.961897376342677e-06,0.0
720575940602415584,720575940602415584,5,2.082143073441969e-05,9.633274e-06,1.23361215e-05,0.0,1.1286319987209598e-05,4.6987074711069e-06,6.868259333714377e-06,0.0
720575940611810453,720575940611810453,2,0.0005939433467574,0.0002555332,0.0003384101,0.0002493550709914,0.0002815751358866,0.0,0.0002815751358866,0.0
720575940611810453,720575940611810453,3,0.0002196373097831,8.6238346e-05,0.00013339895,4.752707900479436e-05,0.0002246738877147,7.904831727501005e-05,0.0001456255849916,4.717212505056523e-05
720575940611810453,720575940611810453,4,9.522774953067776e-05,4.363942e-05,5.275038e-05,1.0726648029090448e-05,6.4656129235063e-05,2.646497159730643e-05,3.838604243355803e-05,8.771756256464869e-06
720575940611810453,720575940611810453,5,5.0075330283056775e-05,2.5126421e-05,2.5984062e-05,3.1787992724892944e-06,2.399945851813357e-05,1.1008166438841728e-05,1.3227105227997528e-05,1.613077725621387e-06
720575940627942010,720575940627942010,2,0.0009537344449199,8.169128e-05,0.00087204314,0.0,0.0003345145960338,9.995425352826716e-05,0.0002345603425055,0.0
720575940627942010,720575940627942010,3,0.0002553439408075,9.6348194e-05,0.00015899583,0.0,0.0001473950687795,0.0001023535223794,4.504153912421316e-05,0.0
720575940627942010,720575940627942010,4,0.0001522305986553,8.138214e-05,7.379573e-05,0.0,8.974082272424834e-05,4.630175681086257e-05,4.381789403851144e-05,0.0
720575940627942010,720575940627942010,5,9.654584712735412e-05,5.243371e-05,4.6122826e-05,0.0,6.221155282784237e-05,3.435399412410334e-05,2.827013668138534e-05,0.0
720575940609774434,720575940609774434,2,0.0052384012378752,0.00467091,0.00056749105,0.000153246888658,8.533879736205563e-06,8.533879736205563e-06,0.0,8.533879736205563e-06
720575940609774434,720575940609774434,3,0.0003309488820377,0.00021546206,0.00011548684,2.116997893608641e-05,5.805849468742963e-06,5.233302090346115e-06,5.725467531192407e-07,5.1166398407076485e-06
720575940609774434,720575940609774434,4,0.0001567520935877,0.00014074851,7.0957176e-05,4.132919890815842e-06,3.454381516769605e-06,2.2992219328443757e-06,1.1582433216972277e-06,1.3883168907606608e-06
720575940609774434,720575940609774434,5,6.765703350685263e-05,4.341727e-05,3.7011716e-05,8.763324337690524e-07,5.72240769556154e-06,1.083270490198629e-06,4.645965418603737e-06,1.892243799024452e-07
720575940629276751,720575940629276751,2,0.0010631137993186,0.00068798306,0.00037513077,0.0006879828870296,2.219679117843043e-06,0.0,2.219679117843043e-06,0.0
720575940629276751,720575940629276751,3,0.0001595612993696,5.8113717e-05,0.00010144761,4.057769911014475e-05,4.4805699417338484e-07,3.80111401909744e-07,6.794560647449543e-08,0.0
720575940629276751,720575940629276751,4,5.301184754497501e-05,2.5726276e-05,3.0354104e-05,6.337319644395685e-06,2.71388278148184e-06,1.3126518751960248e-06,1.4043077953829195e-06,1.0839188462341554e-06
720575940629276751,720575940629276751,5,2.4720442363838865e-05,1.3115352e-05,1.3196748e-05,1.2179382009938287e-06,2.832645045666383e-06,7.878697374508192e-07,2.04704861062055e-06,9.056712002575297e-08
720575940627426407,720575940627426407,2,0.0008028285228647,0.00026458266,0.0005382459,0.0,0.0007091911393217,7.741656008874997e-05,0.0006317745428532,0.0
720575940627426407,720575940627426407,3,5.235080243437551e-05,2.7214843e-05,2.5135956e-05,0.0,2.429794039926492e-05,1.5678957424825057e-05,8.61898297443986e-06,0.0
720575940627426407,720575940627426407,4,1.895773005180797e-05,1.1234051e-05,1.0193837e-05,0.0,6.62443335267695e-06,4.758655904879561e-06,3.1408731047122278e-06,0.0
720575940627426407,720575940627426407,5,9.393419644511213e-06,5.102689e-06,4.8462325e-06,0.0,3.951996680989997e-06,2.2864651327836327e-06,1.8289541685589936e-06,0.0
720575940610249426,720575940610249426,2,0.0111277075484395,0.004781658,0.0063460455,0.0045840051025152,0.0006932276883162,0.0006932276301085,0.0,0.0005084396689198
720575940610249426,720575940610249426,3,0.0037774420343339,0.001379082,0.00239836,0.0007944390526972,0.0011164159514009,2.0681281966972165e-05,0.0010957346530631,6.7976961872773245e-06
720575940610249426,720575940610249426,4,0.0021819821361955,0.0013280378,0.0011575357,0.000255329857891,0.0003791782947384,0.0002170590450987,0.000163227727171,2.383821912649418e-05
720575940610249426,720575940610249426,5,0.0015728743182773,0.0009171077,0.0008728048,7.794573303175532e-05,0.0002695869102993,0.0001057815970852,0.0001685462339082,1.0632100909289953e-06
720575940626449158,720575940626449158,2,0.0349339731037616,0.0034141582,0.03151981,0.0,0.0006054597324691,4.441661076270975e-06,0.0006010181386955,0.0
720575940626449158,720575940626449158,3,0.0079892892390489,0.0035443055,0.0044449857,0.0,0.0028777453117072,0.0005671125254593,0.0023106324952095,0.0
720575940626449158,720575940626449158,4,0.004443969532788,0.0046780608,0.0016720189,0.0,0.0037695132801069,0.0014481439720839,0.0023222775198519,0.0
720575940626449158,720575940626449158,5,0.0022281208793465,0.0017823654,0.0014396948,0.0,0.0012855947709804,0.0006457638810388,0.000655630370602,0.0
720575940612283373,720575940612283373,2,0.0004318809660617,0.00020363826,0.00022824266,0.0,2.1729683794546872e-05,0.0,2.1729683794546872e-05,0.0
720575940612283373,720575940612283373,3,0.0002011645847233,0.00012588329,7.528129e-05,0.0,3.860543802147731e-05,2.249094359285664e-05,1.6114496247610077e-05,0.0
720575940612283373,720575940612283373,4,8.403264381773973e-05,4.297738e-05,4.259291e-05,0.0,2.0029077873845787e-05,1.0601153007883111e-05,9.430397767573597e-06,0.0
720575940612283373,720575940612283373,5,4.604030517326266e-05,2.3683317e-05,2.3970118e-05,0.0,9.464755912430772e-06,4.733556124847382e-06,4.78702395412256e-06,0.0
720575940621492044,720575940621492044,2,0.0004192745836917,0.00031269947,0.000106575106,0.0,0.0001150670359493,7.029778498690575e-05,4.476925096241757e-05,0.0
720575940621492044,720575940621492044,3,0.0001566300488775,0.00010244419,5.4185846e-05,0.0,0.000105202278064,5.3919062338536605e-05,5.128320844960399e-05,0.0
720575940621492044,720575940621492044,4,7.984697330954964e-05,4.166962e-05,3.9075974e-05,0.0,4.636094243313478e-05,2.634650081745349e-05,2.0067012883373536e-05,0.0
720575940621492044,720575940621492044,5,4.917492105489894e-05,2.4271822e-05,2.6461435e-05,0.0,1.9751608889434466e-05,9.578752724337392e-06,1.0333696991438046e-05,0.0
720575940637197710,720575940637197710,2,0.000326133595081,0.00014954228,0.00017659132,0.0001490950235165,2.095897116305423e-06,2.095897116305423e-06,0.0,2.095897116305423e-06
720575940637197710,720575940637197710,3,0.0001541793753858,7.047141e-05,8.370811e-05,2.1083193132653832e-05,1.0854032552742863e-05,9.942875294655096e-06,9.11156121219392e-07,4.0219453012468886e-07
720575940637197710,720575940637197710,4,0.0001101261083859,5.513053e-05,5.587197e-05,4.097968133819508e-06,4.962858146788082e-06,1.4650252069259295e-06,3.498137175483862e-06,1.9242309808737946e-07
720575940637197710,720575940637197710,5,7.836630432567938e-05,4.325407e-05,3.6876023e-05,8.996309505553842e-07,2.268883819846935e-06,1.1511525599416927e-06,1.124209916270047e-06,2.97620766720498e-08
720575940626682129,720575940626682129,2,0.0004246298631187,0.00033334654,9.1283175e-05,0.0003305581631138,2.6900988814304583e-05,2.6900988814304583e-05,0.0,2.6685656848712824e-05
720575940626682129,720575940626682129,3,0.0002340888167964,9.990701e-05,0.00013418173,7.430245750583708e-05,2.861249595298432e-05,7.21172318662866e-06,2.140077776857652e-05,4.441197688720422e-06
720575940626682129,720575940626682129,4,0.0001795567443144,7.524539e-05,0.0001068798,2.0379635624658948e-05,2.2882177056009772e-05,9.68599215411814e-06,1.3204254173615482e-05,1.087840633268291e-06
720575940626682129,720575940626682129,5,0.0001563392343217,7.9974256e-05,8.124035e-05,6.25915850648356e-06,1.7542840060213885e-05,9.65593608270865e-06,8.135644748108461e-06,2.806387951410924e-07
720575940622182669,720575940622182669,2,0.0003965268551837,0.0001660465,0.00023048032,0.0001610147010069,4.492898733587936e-05,1.3759577086602803e-05,3.116940933978185e-05,1.287465238419827e-05
720575940622182669,720575940622182669,3,0.0001608093443792,6.175852e-05,9.905079e-05,2.495939770597033e-05,5.614833935396746e-05,2.6779960535350256e-05,2.9368384275585413e-05,1.7738990436555468e-06
720575940622182669,720575940622182669,4,7.971636045855425e-05,3.8744256e-05,4.2296255e-05,4.659596229987227e-06,1.947571112732454e-05,7.512297543144086e-06,1.1989806807832792e-05,5.563849079064433e-07
720575940622182669,720575940622182669,5,4.6305414453532425e-05,2.425633e-05,2.333735e-05,1.093588797473983e-06,1.2944063136859254e-05,6.702691734972177e-06,6.432600912376074e-06,2.279444969215881e-07
720575940625367102,720575940625367102,2,0.0006958191515877,0.00025566813,0.00044015102,0.0,0.0002111213252646,0.0001313894754275,7.973184256115928e-05,0.0
720575940625367102,720575940625367102,3,0.0002631319512147,9.434904e-05,0.00016878314,0.0,0.0004596252692863,5.66155395063106e-05,0.0004030096752103,0.0
720575940625367102,720575940625367102,4,0.0001161096503921,5.34551e-05,6.386344e-05,0.0,9.888093779585891e-05,3.675518382806331e-05,6.221047806320712e-05,0.0
720575940625367102,720575940625367102,5,6.825630869422043e-05,3.4302044e-05,3.515471e-05,0.0,4.885008611644153e-05,2.417828727629967e-05,2.502722418284975e-05,0.0
720575940609681198,720575940609681198,2,0.0004686742613557,0.00034683297,0.00012184128,0.0003417326370254,4.686312604462728e-05,1.273865291295806e-05,3.4124470403185114e-05,1.250780223926995e-05
720575940609681198,720575940609681198,3,0.000148798993905,6.058687e-05,8.821211e-05,4.908200571662746e-05,2.658280027389992e-05,8.153043381753378e-06,1.8429758711135943e-05,2.4513103653589496e-06
720575940609681198,720575940609681198,4,7.578279148439265e-05,3.1169668e-05,4.5730136e-05,1.06029713353836e-05,1.3691878439501273e-05,6.81464325680281e-06,7.122973784134956e-06,4.029800751277544e-07
720575940609681198,720575940609681198,5,4.334349391818611e-05,2.2130385e-05,2.2474007e-05,2.745428102523925e-06,8.42973721103513e-06,4.888946023129392e-06,3.768397164094495e-06,1.4048204438325605e-07
720575940628404227,720575940628404227,2,0.0009443464223295,0.00022631719,0.00071802933,0.0002263171627419,6.476083217421547e-05,0.0,6.476083217421547e-05,0.0
720575940628404227,720575940628404227,3,0.0003217443882022,0.00014544645,0.00017629797,2.9130280381650664e-05,7.515921606682241e-05,3.1922609196044505e-05,4.323661414673552e-05,2.73215533752591e-07
720575940628404227,720575940628404227,4,0.000165585983954,8.8956745e-05,8.380084e-05,5.643449942760156e-06,3.0434043038270065e-05,1.712056837277487e-05,1.368677658319939e-05,3.566809709809604e-07
720575940628404227,720575940628404227,5,0.0001044583758248,5.811225e-05,5.2436604e-05,1.5038597614960845e-06,1.4976622674971948e-05,8.524955774191767e-06,7.362805263255723e-06,1.0614917272937199e-07
720575940625096240,720575940625096240,2,0.0021164605859667,0.0016926328,0.00042382634,0.0016879932954907,0.0001672673242865,0.0001064120151568,6.085529821575619e-05,0.000105096711195
720575940625096240,720575940625096240,3,0.0004772156244143,0.00016142995,0.0003157857,9.324576967628671e-05,4.207531674182974e-05,1.3992010281071998e-05,2.8083308279747143e-05,4.371820978121832e-06
720575940625096240,720575940625096240,4,0.0001940832539685,8.706587e-05,0.00011313117,1.4098814789738532e-05,1.9071194847215905e-05,9.571083865012042e-06,9.621111530577764e-06,7.10963608993646e-07
720575940625096240,720575940625096240,5,0.0001014558947666,5.5056254e-05,5.043359e-05,3.205407715263395e-06,1.2378916901613377e-05,6.937631042092107e-06,5.589216016232967e-06,2.13005152730062e-07
720575940620478958,720575940620478958,2,0.0002705027291085,0.00015091753,0.00011958522,0.0,5.2249197324272245e-06,5.2249197324272245e-06,0.0,0.0
720575940620478958,720575940620478958,3,7.392872794298455e-05,5.0408096e-05,2.3520668e-05,0.0,4.386146429169457e-06,2.6953196083923103e-06,1.6908270481508223e-06,0.0
720575940620478958,720575940620478958,4,2.8940173538342354e-05,1.4730911e-05,1.4591513e-05,0.0,2.308898161494619e-06,9.88364263321273e-07,1.3275396213430213e-06,0.0
720575940620478958,720575940620478958,5,1.3087036123082597e-05,6.440094e-06,6.9402577e-06,0.0,1.693721862522813e-06,9.170142334369302e-07,7.855733201722614e-07,0.0
720575940624879911,720575940624879911,2,0.0068096802569925,0.0020364353,0.0047732433,0.0014487412991002,4.610749783751089e-06,4.610749783751089e-06,0.0,0.0
720575940624879911,720575940624879911,3,0.0025775735266506,0.001462803,0.0011147701,0.0007467239629477,2.0550434783217497e-05,3.8917455640330445e-06,1.6658688764437102e-05,3.003179642746545e-07
720575940624879911,720575940624879911,4,0.001948938199122,0.0011039821,0.0009179651,0.0003794451260638,4.72417580055444e-05,3.202537845936604e-05,1.5223965419863816e-05,1.921720104292035e-05
720575940624879911,720575940624879911,5,0.001637745415769,0.00089859485,0.0008217674,0.0002017355845777,4.710142717984407e-05,1.9256791347288527e-05,2.796439002850093e-05,1.139221522677501e-06
720575940603636913,720575940603636913,2,0.0046679722145199,0.0002986246,0.004369348,0.0002953977091237,0.0017708833329379,0.0,0.0017708832165226,0.0
720575940603636913,720575940603636913,3,0.0015190774574875,0.0006590833,0.0008599944,2.0219882571836933e-05,0.0003283799742348,0.0003125456860288,1.583428638696205e-05,4.143022920288786e-07
720575940603636913,720575940603636913,4,0.0009566545777234,0.0006449005,0.00036006648,4.917663476163943e-06,0.0001388344495286,5.2578208851628006e-05,9.71798290265724e-05,2.0144865686688723e-07
720575940603636913,720575940603636913,5,0.0006360197733214,0.0003486154,0.00032566767,1.2483330410412135e-06,6.652125698904976e-05,3.9780115912435576e-05,3.26607478200458e-05,8.461478632708149e-08
720575940624087283,720575940624087283,2,0.0030619886238127,0.00013299407,0.002928994,0.000129569802084,0.0010868494864553,0.0,0.0010868493700399,0.0
720575940624087283,720575940624087283,3,0.0011949957115575,0.00040513277,0.000789863,1.307901129621314e-05,0.0002319234481547,0.0002151838270947,1.6739639249863103e-05,5.475673106047907e-07
720575940624087283,720575940624087283,4,0.0007724354229876,0.0004975833,0.00030456192,2.8543124051614563e-06,0.0001215539934081,5.5801028793212026e-05,7.39780007279478e-05,8.531289807933717e-08
720575940624087283,720575940624087283,5,0.0004824472387287,0.00026338594,0.0002457407,8.140969885501477e-07,5.55152495601882e-05,3.0919447453925386e-05,2.9220494980108924e-05,3.2341420532419744e-08
720575940626730115,720575940626730115,2,0.0025782762095332,0.0007976615,0.0017806147,0.0,0.00026499046362,0.0001799313467927,8.50591022754088e-05,0.0
720575940626730115,720575940626730115,3,0.0011552002979442,0.0006064879,0.0005487124,0.0,4.207505480735563e-05,1.698900814517401e-05,2.508604848117102e-05,0.0
720575940626730115,720575940626730115,4,0.0005333674394592,0.00026758524,0.00030341867,0.0,1.799637458255944e-05,8.918294042814523e-06,9.351795597467571e-06,0.0
720575940626730115,720575940626730115,5,0.0002952456476926,0.00015658823,0.00017088527,0.0,5.221087880057313e-06,2.861958137145848e-06,2.520407178963069e-06,0.0
720575940625683176,720575940625683176,2,0.019417380914092,0.017873442,0.0015439369,0.0178734436631202,0.0,0.0,0.0,0.0
720575940625683176,720575940625683176,3,0.0086437705904245,0.0066815955,0.0019621747,0.0065523432567715,0.0002927609020844,0.0002046455192612,8.81153900991194e-05,0.0
720575940625683176,720575940625683176,4,0.0036762631974199,0.0029213147,0.0015142839,0.0019436129111364,0.0001052522929967,8.165145118255168e-05,2.360085090913344e-05,1.128179105691629e-09
720575940625683176,720575940625683176,5,0.0016940001404998,0.0014319471,0.0010138367,0.0004649354881801,4.581828349018403e-05,2.2960939531913027e-05,2.8700564143946394e-05,1.1060170557186666e-09
720575940645212980,720575940645212980,2,0.0006623668596148,0.00023685415,0.00042551267,0.0002362988598179,1.166374886452104e-06,9.04754699604382e-07,2.6162013000430306e-07,0.0
720575940645212980,720575940645212980,3,0.0001150077659985,2.5058467e-05,8.9949324e-05,1.5580499166389927e-05,1.0716581527958624e-05,1.183216909339535e-06,9.533364391245414e-06,9.549869162128745e-08
720575940645212980,720575940645212980,4,3.181964269243592e-05,2.105177e-05,1.8960072e-05,2.272832573016148e-06,3.859138730369329e-06,1.6676219729561126e-06,2.1928647129243477e-06,7.338557139746626e-08
720575940645212980,720575940645212980,5,1.3365082853383346e-05,8.703597e-06,6.8811564e-06,4.585485813927328e-07,2.3963585021902195e-06,1.261935722141061e-06,1.172551606032357e-06,3.9055281275668046e-08
720575940621414676,720575940621414676,2,0.0003901984018739,0.00015183623,0.00023836218,0.0001487953122705,0.0,0.0,0.0,0.0
720575940621414676,720575940621414676,3,0.0001713880192255,6.0930695e-05,0.00011045727,3.9458886021748185e-05,0.0,0.0,0.0,0.0
720575940621414676,720575940621414676,4,0.0001482993116508,5.9441278e-05,9.145988e-05,1.194759704006147e-05,3.2349641969631197e-06,2.1560008462984115e-06,1.078963691725221e-06,1.0920873094732997e-08
720575940621414676,720575940621414676,5,0.0001164001026805,6.27924e-05,5.7406523e-05,4.784791804053916e-06,2.8818130886065774e-06,1.473785232519731e-06,1.40802717396582e-06,1.749666012074158e-08
720575940623433725,720575940623433725,2,0.0005008493317291,0.00031306612,0.00018778325,0.0003097201115451,4.031283606309444e-05,1.8428527255309746e-05,2.188430880778469e-05,1.7500942703918554e-05
720575940623433725,720575940623433725,3,0.0001841592165874,6.7926754e-05,0.0001162326,4.304350659367629e-05,2.936785131169017e-05,7.294619535969105e-06,2.2073229047236964e-05,1.9333358522999333e-06
720575940623433725,720575940623433725,4,9.775584178436814e-05,4.5688874e-05,5.3485284e-05,1.1308240349236748e-05,1.5263632880033844e-05,7.592210749862716e-06,7.741084118606523e-06,1.0261003700109524e-06
720575940623433725,720575940623433725,5,5.9309472096693455e-05,3.1498508e-05,2.9684676e-05,3.168320641755177e-06,8.185090708177876e-06,4.50315064881579e-06,3.8339849197654985e-06,2.433306672015153e-07
720575940638370237,720575940638370237,2,0.0013401248725131,0.0005378029,0.0008023219,0.0005256220465525,0.0002311301213921,0.0001716725382721,5.945756856817752e-05,0.0001687776966718
720575940638370237,720575940638370237,3,0.0002558180131018,8.451757e-05,0.00017130034,5.742487337556668e-05,3.0021108614164405e-05,7.912905857665464e-06,2.2108206394477747e-05,4.362515483080642e-06
720575940638370237,720575940638370237,4,8.811299526871289e-05,4.332998e-05,4.959722e-05,1.0426562109695882e-05,1.1671457482849325e-05,5.388097633840516e-06,6.4620426201145165e-06,1.1591910532628029e-06
720575940638370237,720575940638370237,5,4.24969621802412e-05,2.2962075e-05,2.1815009e-05,2.384844240313363e-06,6.868052946150162e-06,3.4515758216002723e-06,3.50148093275493e-06,4.42638152551111e-07
720575940636045175,720575940636045175,2,0.004436548333615,0.004341832,9.471536e-05,0.0041370587423443,8.180359873222187e-05,0.0,8.180359873222187e-05,0.0
720575940636045175,720575940636045175,3,0.0014289808459579,0.0013212474,0.000107733846,0.0011418614303693,6.506044428533642e-06,5.222881554800551e-06,1.2831631011067657e-06,0.0
720575940636045175,720575940636045175,4,0.0008403758485053,0.000773599,0.00010855736,0.0005729541532587,2.7522896683138444e-06,9.689167200122029e-06,1.2177314374639536e-06,3.606531322475348e-07
720575940636045175,720575940636045175,5,0.0005407988221548,0.00047656646,0.00010068719,0.0003048761770553,1.945796364754538e-06,1.1824861303466605e-06,1.8019235312749515e-06,3.611276255810481e-08
720575940637316029,720575940637316029,2,0.0045517380349338,0.0044784457,7.329309e-05,0.0041326261125504,4.054613600601442e-05,0.0,4.054613600601442e-05,0.0
720575940637316029,720575940637316029,3,0.0013175366912037,0.0012281651,8.937162e-05,0.0010280973510816,8.351587894139811e-06,3.206256906196358e-06,5.145329851075076e-06,0.0
720575940637316029,720575940637316029,4,0.0007823182980063,0.00073000387,9.525451e-05,0.0005176654217401,4.227580583885375e-06,6.320044576568762e-06,1.949385023181094e-06,5.095747113159632e-08
720575940637316029,720575940637316029,5,0.0005059920380178,0.00045037153,9.022325e-05,0.0002765856006996,2.927278338919113e-06,1.744297833283781e-06,1.8883299617300509e-06,5.8066436992021415e-08
720575940605362610,720575940605362610,2,0.0031836044508963,0.003151195,3.2409935e-05,0.0030995996203273,2.311514617758803e-05,0.0,2.311514617758803e-05,0.0
720575940605362610,720575940605362610,3,0.0007583135156892,0.0007155593,4.275445e-05,0.0006789298495277,1.3749220215686364e-06,1.0030918247139198e-06,3.718301968547167e-07,0.0
720575940605362610,720575940605362610,4,0.0003923991777834,0.00036973192,4.3076398e-05,0.0003156693107515,3.67687536806613e-07,2.548199972807197e-06,1.2372679236705153e-07,8.130450979138004e-09
720575940605362610,720575940605362610,5,0.0002299183656102,0.0002056678,3.849007e-05,0.0001629450755158,2.877712922738503e-07,1.7563596088621125e-07,3.674626896099653e-07,2.129304732534365e-09
720575940631880217,720575940631880217,2,0.0026997812092304,0.0026763845,2.339805e-05,0.0026630198117345,1.2270540537429042e-05,0.0,1.2270540537429042e-05,0.0
720575940631880217,720575940631880217,3,0.0006765092839486,0.00063971785,3.6791447e-05,0.0006158236647024,1.0838175512617454e-06,7.125651677597489e-07,3.712523835019965e-07,0.0
720575940631880217,720575940631880217,4,0.0003842123282915,0.00036146853,3.897523e-05,0.0003187004056682,9.975865957730164e-07,1.7346434333376235e-06,4.86133558297297e-07,7.51348991911982e-08
720575940631880217,720575940631880217,5,0.0002377450746307,0.00021359834,3.6204125e-05,0.0001763478092765,5.26886766291348e-07,2.781655723538279e-07,4.041950205646572e-07,2.078327021592941e-08
720575940621413926,720575940621413926,2,0.004352172371,0.00426292,8.9253066e-05,0.0040401308797299,7.928656850708649e-05,0.0,7.928656850708649e-05,0.0
720575940621413926,720575940621413926,3,0.0014326740056276,0.0013268796,0.00010579436,0.0011622058227658,6.336376827675849e-06,3.977374490204966e-06,2.359002110097208e-06,0.0
720575940621413926,720575940621413926,4,0.0008570416598492,0.00078598456,0.000109655346,0.0005881168087434,2.059843369404639e-06,9.40442259889096e-06,5.591232365986798e-07,2.742110183362456e-08
720575940621413926,720575940621413926,5,0.0005645067417063,0.00049537484,0.00010351889,0.0003199145782108,1.3735894067140598e-06,1.0480138143975637e-06,1.3666964377989643e-06,3.7291563614871854e-08
720575940620273023,720575940620273023,2,0.0026615965180099,0.002618656,4.294108e-05,0.0025940139312297,4.23891433456447e-05,0.0,4.23891433456447e-05,0.0
720575940620273023,720575940620273023,3,0.0003727813600562,0.00032313453,4.964684e-05,0.0003007591003552,1.7101176581491018e-06,1.381763013341697e-06,3.283546448074049e-07,0.0
720575940620273023,720575940620273023,4,0.0001791004925165,0.00014973595,4.4441393e-05,0.0001135757959361,8.082652193177827e-07,4.475724836083828e-06,5.581056825576525e-07,0.0
720575940620273023,720575940620273023,5,0.000109386423916,8.132029e-05,3.6358753e-05,5.463621525590264e-05,8.188612602038177e-07,4.174551690994122e-07,7.996874273885624e-07,6.113102385407743e-11
720575940617368347,720575940617368347,2,0.0005212121177464,8.299633e-05,0.00043821576,6.803166616009548e-05,0.0,0.0,0.0,0.0
720575940617368347,720575940617368347,3,9.748127195052804e-05,3.570338e-05,6.177789e-05,8.459282980766147e-06,2.4664403099450283e-05,2.163089084206149e-05,3.033511802641442e-06,8.598175895713212e-07
720575940617368347,720575940617368347,4,4.306635425402949e-05,2.2113192e-05,2.1769965e-05,1.607589567778518e-06,9.487651368544904e-06,3.522770384734031e-06,5.964881438558223e-06,2.2855687120681978e-07
720575940617368347,720575940617368347,5,2.605727227319782e-05,1.3437712e-05,1.318488e-05,3.800602425011287e-07,6.0997630001697e-06,2.943058916571317e-06,3.168310286127962e-06,8.183039192258601e-08
720575940615513086,720575940615513086,2,0.0061399317346513,0.00095680455,0.0051831277,0.0,0.0029237472917884,0.0018910152139142,0.0010327317286282,0.0
720575940615513086,720575940615513086,3,0.001605775556527,0.0006578184,0.00094795716,0.0,0.0009001789148896,0.000481036840938,0.0004191422485746,0.0
720575940615513086,720575940615513086,4,0.0014748352704605,0.000861289,0.0007148308,0.0,0.0004996691131939,0.0002502930292394,0.0002769838902167,0.0
720575940615513086,720575940615513086,5,0.0011680248166043,0.0006135943,0.0006322096,0.0,0.0003622190422674,0.000181658702786,0.0002067111054202,0.0
720575940622930957,720575940622930957,2,0.0022065294906497,0.0021631457,4.338304e-05,0.0021270220167934,3.272144385846332e-05,0.0,3.272144385846332e-05,0.0
720575940622930957,720575940622930957,3,0.0003370814083609,0.00028980235,4.7279133e-05,0.0002631893439684,2.2195461042429088e-06,1.7376423784298822e-06,4.819038963432831e-07,0.0
720575940622930957,720575940622930957,4,0.0001742905838923,0.00014241971,4.331717e-05,0.0001069038937873,6.237587118483832e-07,3.607251073844964e-06,2.783540651307703e-07,0.0
720575940622930957,720575940622930957,5,0.0001097360824418,8.11356e-05,3.5760997e-05,5.350297436561823e-05,7.102752535466307e-07,3.309119449568243e-07,7.184003720794863e-07,3.8647807176772625e-10
720575940618807454,720575940618807454,2,0.0010500391945242,0.00043367964,0.00061635964,0.0004166171129327,0.0001963032991625,7.661613926757127e-05,0.0001196871598949,7.63390344218351e-05
720575940618807454,720575940618807454,3,0.0003978338791057,0.00017258947,0.00022524415,9.330517787020652e-05,0.0002622648316901,0.0001135522179538,0.0001487127738073,6.264413241297007e-05
720575940618807454,720575940618807454,4,0.0002762277039509,0.0001352329,0.00014379743,2.5811375058074337e-05,0.0001955825993149,9.9282682640478e-05,9.6403164207004e-05,1.682447874318053e-05
720575940618807454,720575940618807454,5,0.0002165826816647,0.00011089118,0.00010857497,9.934861587838469e-06,0.0001490622914371,7.43217533454299e-05,7.511703734053299e-05,7.776518937468146e-06
720575940627568646,720575940627568646,2,0.0020809732377529,0.002032971,4.8002737e-05,0.0019536004401743,3.614329398260452e-05,0.0,3.614329398260452e-05,0.0
720575940627568646,720575940627568646,3,0.0003440198779571,0.00028801686,5.6002926e-05,0.0002530580386519,2.0682732611021493e-06,1.6698522813385352e-06,3.9842120713728956e-07,4.900062133827987e-09
720575940627568646,720575940627568646,4,0.0001862451814287,0.00014693543,5.022934e-05,0.0001064121347633,1.079914596337651e-06,4.21063850808423e-06,4.722254232092382e-07,2.773548724022134e-09
720575940627568646,720575940627568646,5,0.0001193726031967,8.605645e-05,4.1093936e-05,5.391828159758287e-05,7.625933569327914e-07,3.279201337136328e-07,8.138564453474828e-07,4.4448533943972044e-10
720575940636551086,720575940636551086,2,0.0019780322909355,0.0019494172,2.8614859e-05,0.0018747438443824,1.8238180928165093e-05,0.0,1.8238180928165093e-05,0.0
720575940636551086,720575940636551086,3,0.0002776870678644,0.00024077379,3.6913436e-05,0.0002135715913027,7.949071800794627e-07,6.788003474866855e-07,1.1610678996021306e-07,0.0
720575940636551086,720575940636551086,4,0.0001456165352718,0.00011997069,3.4795252e-05,8.810645120280949e-05,3.2398469307329466e-07,1.9810609046544414e-06,1.6100605648716737e-07,1.0365652780564003e-09
720575940636551086,720575940636551086,5,9.24335836154466e-05,6.859223e-05,2.9252906e-05,4.44175345965195e-05,5.163421902184807e-07,1.9665077388708601e-07,4.97201085636334e-07,4.4692996525874657e-10
720575940627109202,720575940627109202,2,0.0019346738699823,0.00013783481,0.0017968393,0.0,0.0005987829063087,6.364911678247154e-05,0.0005351337604224,0.0
720575940627109202,720575940627109202,3,0.000292143842671,0.00012500118,0.00016714267,0.0,6.865288014523685e-05,4.0495608118362725e-05,2.815727566485293e-05,0.0
720575940627109202,720575940627109202,4,0.0001369973062626,8.598949e-05,6.299769e-05,0.0,2.9988905865205155e-05,1.7921760445460677e-05,1.3793482139590196e-05,0.0
720575940627109202,720575940627109202,5,7.200286498872021e-05,3.8215483e-05,3.8517916e-05,0.0,2.1016240249245533e-05,9.039682481670752e-06,1.2356601473584304e-05,0.0
720575940633013412,720575940633013412,2,0.0055461190640926,0.0020300848,0.0035160342,0.002024786081165,0.0026996470987796,0.0002938203397206,0.0024058267008513,0.0002938203397206
720575940633013412,720575940633013412,3,0.0015998176531866,0.001019198,0.0005806198,0.0001533906615804,0.0003711626050062,0.0001416110899299,0.0002295515296282,0.0001080355286831
720575940633013412,720575940633013412,4,0.0008867931568523,0.00048070573,0.00045371064,2.675365263374136e-05,0.0001704281259868,0.0001078402710845,7.589397137053311e-05,1.1554633840226671e-05
720575940633013412,720575940633013412,5,0.000514826620571,0.00026963837,0.0002789065,4.790958718403521e-06,5.276992292376772e-05,3.32236522808671e-05,2.297022001584992e-05,8.454006854207836e-07
720575940628810071,720575940628810071,2,0.000971500237938,0.00057451136,0.0003969888,0.0005740808555856,0.0,0.0,0.0,0.0
720575940628810071,720575940628810071,3,0.0005867009749636,0.00013940403,0.000447297,6.347987073240802e-05,1.8614666259964e-05,1.700720895314589e-05,1.6074559425760526e-06,0.0
720575940628810071,720575940628810071,4,0.0003197433150487,0.00016431908,0.00016094478,9.914962222713177e-06,4.602526587405009e-06,3.230054744562949e-06,1.3724716154683847e-06,2.813061339423939e-09
720575940628810071,720575940628810071,5,0.0002101600905374,0.00012446134,9.542782e-05,1.8847938209717744e-06,5.292043976144029e-06,3.099173000009614e-06,2.2564192931895377e-06,5.059862306922014e-09
720575940627279674,720575940627279674,2,0.0020773189608007,0.0006472107,0.0014301079,0.0,0.0005516160745173,0.0005452564219012,6.359622148011113e-06,0.0
720575940627279674,720575940627279674,3,0.0002422301622573,0.00014311852,9.911182e-05,0.0,2.069619768008124e-05,1.584613164595794e-05,4.850071945838863e-06,0.0
720575940627279674,720575940627279674,4,0.0001058520058952,5.735163e-05,5.5005705e-05,0.0,2.00516042987415e-05,1.096184496418573e-05,9.622281140764244e-06,0.0
720575940627279674,720575940627279674,5,5.776985244789549e-05,2.948803e-05,3.0527088e-05,0.0,1.2875079791412113e-05,6.423627382901032e-06,6.56027714285301e-06,0.0
720575940630826660,720575940630826660,2,0.000616897305008,7.186584e-05,0.00054503133,7.163279951782897e-05,0.0005345453391782,0.0,0.0005345453391782,0.0
720575940630826660,720575940630826660,3,0.0001312283566221,2.3281773e-05,0.000107946595,9.131297701969744e-06,2.7522235541255213e-05,5.852506546943914e-06,2.16697280848166e-05,1.522625552752288e-06
720575940630826660,720575940630826660,4,4.151170440979299e-05,2.1594042e-05,2.3545785e-05,1.528490569384994e-06,1.4287685744296e-05,6.515434506582096e-06,9.291099559050052e-06,4.687779551204585e-07
720575940630826660,720575940630826660,5,2.8079959650928865e-05,1.8573062e-05,1.1334123e-05,5.293389033672053e-07,8.751572068086607e-06,4.789862941834144e-06,4.146638730162522e-06,3.601561207290477e-07
720575940604737708,720575940604737708,2,0.0010533070890232,0.0005816866,0.00047162062,0.0005812923191115,0.0004014333535451,3.764551001950167e-05,0.0003637878398876,3.722922701854259e-05
720575940604737708,720575940604737708,3,0.0003619572671595,0.00019332906,0.00016862799,0.0001004627338261,0.0001206166343763,6.234632746782154e-05,5.82703432883136e-05,1.5696259652031586e-05
720575940604737708,720575940604737708,4,0.0001698516273217,8.960224e-05,9.028397e-05,2.2656379686824937e-05,6.224656396531134e-05,2.575653707026504e-05,3.744005880434997e-05,6.211828758215826e-06
720575940604737708,720575940604737708,5,0.0001162764847704,6.1421524e-05,6.056702e-05,7.51449586487213e-06,4.721085630516575e-05,2.333319207536988e-05,2.44247930822894e-05,2.939695541633109e-06
720575940629805071,720575940629805071,2,0.0006040142616257,6.863406e-05,0.00053538027,6.863405724288896e-05,0.0,0.0,0.0,0.0
720575940629805071,720575940629805071,3,0.0002987697371281,0.00016779949,0.0001309702,5.57062139705522e-06,1.4560639556293609e-06,5.259092290543776e-07,9.301548971052398e-07,1.6909901034978247e-08
720575940629805071,720575940629805071,4,0.0001018978305189,6.7842826e-05,3.687777e-05,5.645280245710657e-07,3.0585401873395317e-06,1.6125918591569643e-06,1.44594866924308e-06,9.144214629941416e-08
720575940629805071,720575940629805071,5,3.747853355067364e-05,1.8213468e-05,2.2656075e-05,8.86079024658944e-08,2.633110622935604e-06,1.309039589614258e-06,1.3262616676001926e-06,4.717403576033992e-08
720575940622713897,720575940622713897,2,0.0007555999909527,0.00022016684,0.000535433,0.0002201668394263,0.0002189780934713,0.0,0.0002189780934713,0.0
720575940622713897,720575940622713897,3,0.0001618479291209,6.13329e-05,0.00010051502,1.3318736819201147e-05,9.516703721601516e-05,3.573433332348941e-06,9.159359615296124e-05,4.2682920309289336e-08
720575940622713897,720575940622713897,4,8.749694451909278e-05,5.027884e-05,4.0554318e-05,4.476999966776568e-06,2.595083071673185e-05,7.626574188179802e-06,1.8507424101699144e-05,1.3278950383721622e-08
720575940622713897,720575940622713897,5,6.115887613917346e-05,3.170294e-05,3.227348e-05,1.0580467670256848e-06,9.012459717421924e-06,5.251694346952718e-06,3.950104201067006e-06,1.1081286563415686e-08
720575940631071559,720575940631071559,2,0.0004133724723942,0.00019735936,0.00021601311,0.0,4.304351023165509e-05,4.120169614907354e-05,1.8418104446027428e-06,0.0
720575940631071559,720575940631071559,3,0.0001561466051498,9.311075e-05,6.303586e-05,0.0,7.121023372747004e-05,4.826347867492586e-05,2.294675687153358e-05,0.0
720575940631071559,720575940631071559,4,7.245670014649613e-05,3.60081e-05,3.7284113e-05,0.0,3.12954903118486e-05,1.3086184480926022e-05,1.830878682085313e-05,0.0
720575940631071559,720575940631071559,5,4.093325288455968e-05,2.0788928e-05,2.1109181e-05,0.0,1.834102649586684e-05,9.289669833378866e-06,9.211566066369414e-06,0.0
720575940632190412,720575940632190412,2,0.0025380831211805,0.0008617074,0.0016763752,0.0,0.0008090212941169,0.0002243577910121,0.0005846634157933,0.0
720575940632190412,720575940632190412,3,0.0008667421061545,0.0003764864,0.00049025554,0.0,0.000227346579777,9.632024739403278e-05,0.0001310264196945,0.0
720575940632190412,720575940632190412,4,0.0005356397742684,0.00024272864,0.00031131256,0.0,0.0001152746176034,5.49359610886313e-05,6.311513425316662e-05,0.0
720575940632190412,720575940632190412,5,0.0003628820338101,0.00017111254,0.00020614907,0.0,6.45843645963221e-05,3.117747473879717e-05,3.460099833318964e-05,0.0
720575940624064295,720575940624064295,2,0.0019741952419281,0.001400364,0.00057383097,0.0013759591383859,0.0007797655998729,0.0006848138873465,9.49517561821267e-05,0.0006848138873465
720575940624064295,720575940624064295,3,0.0004972711903974,0.00026736862,0.00022990248,0.0002474224893376,0.0002394248149357,0.0001577902876306,8.163455640897155e-05,0.0001533714385004
720575940624064295,720575940624064295,4,0.0002132362428459,0.00012569487,0.00012400371,5.2962266246245535e-05,9.63417691133374e-05,6.469135405495763e-05,5.1833434554282576e-05,3.357569776479378e-05
720575940624064295,720575940624064295,5,0.0001104424386502,7.20275e-05,6.75494e-05,1.0581770803474416e-05,3.773147186579977e-05,2.875505197152961e-05,2.365012369409669e-05,5.376939450654971e-06
720575940626187672,720575940626187672,2,0.000448530743597,0.00020254836,0.00024598234,0.0,0.0001407337549608,2.2774303943151608e-05,0.0001179594473796,0.0
720575940626187672,720575940626187672,3,0.0001275361719308,7.1807444e-05,5.572874e-05,0.0,2.5510231353109702e-05,1.9522016373230144e-05,5.988211796648102e-06,0.0
720575940626187672,720575940626187672,4,6.658007245573978e-05,3.4301207e-05,3.2888776e-05,0.0,2.327432907791297e-05,1.1357897164998576e-05,1.1954483852605335e-05,0.0
720575940626187672,720575940626187672,5,4.351407967471954e-05,2.2014701e-05,2.2112461e-05,0.0,2.222881945962965e-05,1.0998386642313562e-05,1.1267165973549709e-05,0.0
720575940631884883,720575940631884883,2,0.0017421361990272,0.0011788135,0.0005633225,0.000895335804671,0.0005540166748687,0.0005540166748687,0.0,0.0005540166748687
720575940631884883,720575940631884883,3,0.0003654950123745,0.0002092573,0.00015623777,0.0001755584380589,0.0002321306237718,0.0001250166678801,0.0001071139558916,0.000121108656458
720575940631884883,720575940631884883,4,0.000155929284614,9.073534e-05,8.4562605e-05,3.5506388068730384e-05,7.329227157354069e-05,4.645799344871193e-05,4.201208503218368e-05,2.274413462349423e-05
720575940631884883,720575940631884883,5,8.605488926740932e-05,5.2346906e-05,4.9444527e-05,7.384803775025091e-06,2.6564921713384112e-05,2.1258776541799307e-05,1.7823927919380367e-05,3.36964138014464e-06
720575940615513995,720575940615513995,2,0.0004851275589317,0.00028273033,0.00020239706,0.0,0.0001960391382453,0.0001960391382453,0.0,0.0
720575940615513995,720575940615513995,3,9.853375377133489e-05,6.050516e-05,3.8028622e-05,0.0,5.897815935895778e-05,3.036584530491382e-05,2.8612314054043964e-05,0.0
720575940615513995,720575940615513995,4,3.770400031576039e-05,2.0071193e-05,1.8515166e-05,0.0,2.094842636734456e-05,1.086721931642387e-05,1.0301402653567491e-05,0.0
720575940615513995,720575940615513995,5,2.0907744965328424e-05,1.0695327e-05,1.0811573e-05,0.0,8.586045578892347e-06,4.065568646183237e-06,4.661405000661034e-06,0.0
720575940629967212,720575940629967212,2,0.0001396503794239,5.2879666e-05,8.677071e-05,0.0,0.0,0.0,0.0,0.0
720575940629967212,720575940629967212,3,3.428652780712582e-05,2.1426986e-05,1.2859532e-05,0.0,4.2204860619676765e-06,3.622662347879668e-07,3.858219770336291e-06,0.0
720575940629967212,720575940629967212,4,1.1262930046989745e-05,5.111087e-06,6.426574e-06,0.0,2.4012313133425778e-06,1.1795129921665648e-06,1.2217179801154998e-06,0.0
720575940629967212,720575940629967212,5,5.664206067122843e-06,2.9184707e-06,2.9357857e-06,0.0,1.352561654506133e-06,6.792405997657625e-07,6.751333785359748e-07,0.0
720575940649033593,720575940649033593,2,0.0003019652795046,0.00017652419,0.00012544105,0.0,6.2284125306177884e-06,4.2173501242359634e-06,2.0110626337555004e-06,0.0
720575940649033593,720575940649033593,3,9.820702689466998e-05,6.568157e-05,3.2525477e-05,0.0,4.349280789028853e-05,2.9363025532802567e-05,1.4129784176475368e-05,0.0
720575940649033593,720575940649033593,4,4.9710180257515935e-05,2.526464e-05,2.5063546e-05,0.0,2.00197640466988e-05,8.907352821552195e-06,1.1113742402812932e-05,0.0
720575940649033593,720575940649033593,5,2.7773423751051785e-05,1.3860469e-05,1.4459738e-05,0.0,1.1467428390605952e-05,5.5781529226806015e-06,5.9216931731498335e-06,0.0
720575940615084339,720575940615084339,2,0.0069288210943341,0.0063010207,0.00062780204,0.0062860394828021,0.0119810281321406,0.011975041590631,5.986620180919999e-06,0.0119665572419762
720575940615084339,720575940615084339,3,0.0012074710102751,0.0008031359,0.00040433533,0.0007196867954917,0.0013064185623079,0.0011577764526009,0.0001486414839746,0.0011088667670264
720575940615084339,720575940615084339,4,0.0006215061826101,0.0003707253,0.00031436596,0.0001449200877805,0.0003820731824943,0.0003214154858142,0.00020468691946,0.0001019514426776
720575940615084339,720575940615084339,5,0.0004280629569044,0.00023104287,0.00022637141,4.164450814193518e-05,0.0002170655946068,0.0001502009981777,0.0001035487512126,2.6701975477179573e-05
720575940643567652,720575940643567652,2,0.0080908825621008,0.0037101489,0.0043807323,0.0037023911718279,0.0,0.0,0.0,0.0
720575940643567652,720575940643567652,3,0.0041420990601181,0.0012416306,0.0029004687,0.0012225519167259,1.0971725572517245e-07,1.0971725572517245e-07,0.0,0.0
720575940643567652,720575940643567652,4,0.0019001082654175,0.0010551739,0.0015173538,0.0004127154438803,5.825488642585697e-07,1.7403785079750378e-08,5.651450010191184e-07,1.2965573503720408e-08
720575940643567652,720575940643567652,5,0.0008161123711907,0.0007861374,0.0007326756,0.0001337629449838,5.122924821119396e-07,3.0423004204749304e-07,2.089460622300976e-07,1.1303063374157318e-08
720575940634643886,720575940634643886,2,0.0001921229559229,8.510016e-05,0.00010702277,8.457339572487399e-05,4.5691773266298696e-05,0.0,4.5691773266298696e-05,0.0
720575940634643886,720575940634643886,3,5.637195135932416e-05,2.1046366e-05,3.5325596e-05,5.58816054763156e-06,5.752960532845464e-06,2.4092780677165138e-06,3.34368246512895e-06,0.0
720575940634643886,720575940634643886,4,3.355856425526701e-05,1.7774792e-05,1.6696005e-05,1.0067763224115336e-06,3.68182072213369e-06,2.2627643829764565e-06,1.7339070836897008e-06,4.6485705951226925e-08
720575940634643886,720575940634643886,5,2.4709537725110705e-05,1.4054434e-05,1.1619945e-05,2.773553215996863e-07,3.094311972172368e-06,1.6674899825375178e-06,1.596714582774439e-06,2.46715732288294e-08
720575940626831620,720575940626831620,2,0.0041483389213681,0.0030266172,0.0011217219,0.0029517863877117,0.0008156039984896,0.0002947837347164,0.0005208202637732,0.0002555811661295
720575940626831620,720575940626831620,3,0.0024030655622482,0.0009381389,0.001464927,0.000757607340347,0.0010304768802598,8.349024574272335e-05,0.0009469865472055,4.4622105633607134e-05
720575940626831620,720575940626831620,4,0.0011301535807169,0.0005393971,0.00063840125,0.0002652487013319,0.0003450570938982,0.0001751766685629,0.0001725334004731,0.0001072163338842
720575940626831620,720575940626831620,5,0.0006652815870244,0.00035984255,0.0003678195,8.443379449080864e-05,0.0002738950882781,0.0001289816282223,0.000158273789566,1.1811145381320642e-05
720575940628462927,720575940628462927,2,0.0051811789162456,0.0016858493,0.00349533,0.0,0.0024187183007597,0.0002015961217693,0.0022171223536133,0.0
720575940628462927,720575940628462927,3,0.0019485116936266,0.0008576067,0.0010909045,0.0,0.001324376091361,0.0005512006464414,0.0007731751538813,0.0
720575940628462927,720575940628462927,4,0.0013255865937803,0.00064885675,0.0007612683,0.0,0.0007646447775182,0.0003857064875774,0.0004205593722872,0.0
720575940628462927,720575940628462927,5,0.000951828127866,0.0004962183,0.0005322664,0.0,0.0004352420690375,0.0002207710058428,0.0002542511792853,0.0
720575940639935963,720575940639935963,2,0.0110554890707135,0.0056041228,0.0054513677,0.005576433148235,0.0,0.0,0.0,0.0
720575940639935963,720575940639935963,3,0.0057860766537487,0.0018670227,0.0039190534,0.0018201288767158,4.306474465920474e-07,4.306474465920474e-07,0.0,0.0
720575940639935963,720575940639935963,4,0.0026875385018909,0.0014399727,0.0021290246,0.0006023537983222,1.8710046560954648e-06,2.3203332588650486e-08,1.847801286203321e-06,1.1863033222425656e-08
720575940639935963,720575940639935963,5,0.0011679430518805,0.0010758629,0.0010511053,0.0001922884190988,1.0646683781928031e-06,7.789566893734445e-07,2.8947027885806165e-07,1.5553654364452996e-08
720575940624226440,720575940624226440,2,0.0001990985620068,0.0001247106,7.4387965e-05,0.0001182527339551,5.551854428631486e-06,0.0,5.551854428631486e-06,0.0
720575940624226440,720575940624226440,3,5.623567994916812e-05,2.334615e-05,3.2889526e-05,1.4668631592940072e-05,5.393070750869811e-06,3.424410351726692e-06,1.9686599443957675e-06,5.292754963193147e-07
720575940624226440,720575940624226440,4,3.075445827355083e-05,1.645534e-05,1.5052225e-05,3.272379555386213e-06,4.013905856645406e-06,1.8993703179148724e-06,2.1402315724117216e-06,2.2663631682462443e-07
720575940624226440,720575940624226440,5,1.807596485521372e-05,9.720226e-06,8.963039e-06,8.272419992179015e-07,2.852187535356533e-06,1.3010719612793764e-06,1.5827407651158865e-06,6.134589378606314e-08
720575940637862318,720575940637862318,2,0.0007127164280973,0.00035782828,0.00035488812,0.0003564872604329,1.14916465463466e-05,1.4212932910595557e-06,1.0070353710034396e-05,0.0
720575940637862318,720575940637862318,3,0.0001329270453425,3.9033555e-05,9.389344e-05,2.697823401831556e-05,9.167942152998876e-06,1.6844285255501743e-06,7.483513400075026e-06,1.0918812520799293e-08
720575940637862318,720575940637862318,4,4.349923315848544e-05,2.3937906e-05,2.5754358e-05,4.421290914067383e-06,4.746473735964131e-06,2.0894096905976767e-06,2.667537501110928e-06,4.580368084816656e-08
720575940637862318,720575940637862318,5,1.9296975260989503e-05,1.1515156e-05,9.945643e-06,1.0895251565275824e-06,2.9170926568333665e-06,1.5790315046615433e-06,1.3851722542312928e-06,2.167562125957091e-08
720575940623666213,720575940623666213,2,0.0024475362151861,0.0015947043,0.00085283176,0.0,0.0002275025326525,0.000191731902305,3.577063762350008e-05,0.0
720575940623666213,720575940623666213,3,0.0003582480712793,0.00017457391,0.00018367422,0.0,0.0001089990983018,6.932833639439195e-05,3.967075463151559e-05,0.0
720575940623666213,720575940623666213,4,0.0002469665457276,0.00013873502,0.00013273589,0.0,4.647505009990054e-05,2.5932571588782597e-05,2.1578654923359863e-05,0.0
720575940623666213,720575940623666213,5,0.0001866053326113,9.5472635e-05,0.00010303999,0.0,1.9432399589007885e-05,1.0863712304853834e-05,9.611118912289385e-06,0.0
720575940637545013,720575940637545013,2,0.0003559415636118,0.00020536187,0.00015057967,0.0002048081951215,3.2571802876191214e-05,0.0,3.2571802876191214e-05,0.0
720575940637545013,720575940637545013,3,7.997943612281233e-05,2.1407752e-05,5.8571677e-05,1.693279955361504e-05,9.223006600223016e-06,2.26441534323385e-06,6.958591256989166e-06,0.0
720575940637545013,720575940637545013,4,2.9351892565369617e-05,1.39888925e-05,1.8215802e-05,2.730582334676928e-06,6.952297467807008e-06,3.795725888267043e-06,3.4371878427919e-06,7.341100172197912e-07
720575940637545013,720575940637545013,5,1.482328789653927e-05,9.010408e-06,7.3400874e-06,5.485824607328324e-07,4.007606877908033e-06,1.950780188053613e-06,2.1809569261677098e-06,1.9130173711801038e-07
720575940605016777,720575940605016777,2,0.000846296432428,0.00050681486,0.00033948154,0.0005065425066277,4.662466744775884e-05,0.0,4.662466744775884e-05,0.0
720575940605016777,720575940605016777,3,0.0001947376877069,5.568898e-05,0.0001390487,4.4415653974283487e-05,9.08179754333105e-06,7.917596121842507e-06,1.1642021036095684e-06,0.0
720575940605016777,720575940605016777,4,8.283996472302478e-05,3.936177e-05,4.731602e-05,9.210508304524107e-06,4.627971490352979e-06,3.452640385148697e-06,1.584043275215663e-06,6.88236738710657e-08
720575940605016777,720575940605016777,5,3.5268687995235864e-05,2.0997843e-05,1.6837108e-05,1.959691945081821e-06,2.5849503230852087e-06,1.1042897085644654e-06,1.6114773870867791e-06,4.7850146955852324e-08
720575940621324996,720575940621324996,2,0.0046832631342113,0.0006479175,0.0040353457,0.0,2.079705154756084e-05,2.079705154756084e-05,0.0,0.0
720575940621324996,720575940621324996,3,0.0008629739750176,0.0005315563,0.00033141766,0.0,3.108740202151239e-05,1.4324684343591798e-05,1.676271131145768e-05,0.0
720575940621324996,720575940621324996,4,0.0006552400096936,0.0003702234,0.0003260299,0.0,1.483772661336033e-05,6.743593075952958e-06,8.128418812702876e-06,0.0
720575940621324996,720575940621324996,5,0.0004477508871033,0.00021990568,0.00025955003,0.0,1.0076636632654027e-05,5.14266957907239e-06,5.134780622029211e-06,0.0
720575940613386994,720575940613386994,2,0.0003634405438788,0.00022819676,0.00013524378,0.000226153541007,8.2108172136941e-06,0.0,8.2108172136941e-06,0.0
720575940613386994,720575940613386994,3,6.933711119927466e-05,1.9526713e-05,4.981039e-05,1.591907857800834e-05,3.4709926239884226e-06,5.296520271258487e-07,2.9413404263323173e-06,0.0
720575940613386994,720575940613386994,4,2.25451056078026e-05,1.0273604e-05,1.5258465e-05,2.225657938845538e-06,2.415076296649775e-06,1.2632365269382715e-06,1.221417278429726e-06,4.4017367528681456e-10
720575940613386994,720575940613386994,5,9.779168891797312e-06,6.105919e-06,5.183173e-06,3.8500506409173596e-07,1.4403333394044224e-06,6.640368042098999e-07,8.198458090191707e-07,2.827399114835316e-08
720575940602879404,720575940602879404,2,0.0008798406342975,0.00021994518,0.0006598955,0.0002199452137574,1.1629475693553104e-06,0.0,1.1629475693553104e-06,0.0
720575940602879404,720575940602879404,3,0.0002537441032472,9.4462375e-05,0.00015928183,8.423663530265912e-06,2.5581548470654525e-05,5.1271499614813365e-06,2.045439214271028e-05,5.27626752955257e-07
720575940602879404,720575940602879404,4,0.0001502473653917,7.921188e-05,7.550063e-05,2.3095238559032386e-06,1.7625911440312873e-05,9.571292139298748e-06,8.062592314672656e-06,1.3805150445023173e-07
720575940602879404,720575940602879404,5,0.0001194832667186,6.520272e-05,5.883431e-05,5.752004762859628e-07,1.0656912704594668e-05,6.080465027480386e-06,4.651321432902478e-06,4.3113245050360184e-08
720575940638164864,720575940638164864,2,0.0017524801660329,0.001169721,0.000582759,0.0011539414990693,0.0003481142921373,2.623465479700826e-05,0.0003218796045985,2.2585181795875545e-05
720575940638164864,720575940638164864,3,0.0004673344665206,0.00023254377,0.00023479066,0.0001835864241002,4.106285632587969e-05,1.053871073963819e-05,3.0524141038767993e-05,1.1450292731751688e-06
720575940638164864,720575940638164864,4,0.0002719717033877,0.00015576964,0.00013209073,3.92607161524512e-05,2.495921294269374e-05,1.6933694496401586e-05,1.0603975169942714e-05,3.9374810686747286e-07
720575940638164864,720575940638164864,5,0.0002090677918172,0.000120726414,0.00010130026,1.569352356189673e-05,1.062155723574906e-05,5.460906777443597e-06,5.920714556850726e-06,1.691281282417016e-07
720575940631146716,720575940631146716,2,0.0007328323554247,4.3471075e-05,0.00068936107,4.282037480152212e-05,7.703062578912068e-07,1.4901841893788514e-07,6.212878247424669e-07,0.0
720575940631146716,720575940631146716,3,6.003597809467465e-05,2.9769175e-05,3.0266809e-05,4.646247816708637e-06,1.1484319657029118e-05,4.25290363637032e-06,7.231421477627009e-06,4.020181449959637e-07
720575940631146716,720575940631146716,4,3.799104519144463e-05,2.153646e-05,1.8434523e-05,9.982905776155349e-07,1.6899636020685027e-05,9.929483894666191e-06,6.97080758982338e-06,3.400980688184063e-07
720575940631146716,720575940631146716,5,2.392885229501151e-05,1.2352055e-05,1.2269047e-05,3.330759876966457e-07,1.502604281507993e-05,7.40148334443802e-06,7.647055099369027e-06,2.375169208746178e-07
720575940620113268,720575940620113268,2,0.0005293053109198,0.00017042643,0.0003588789,0.0001699186104815,2.1098732759128325e-05,0.0,2.1098732759128325e-05,0.0
720575940620113268,720575940620113268,3,8.59923311509192e-05,2.777098e-05,5.8221347e-05,1.324673394265119e-05,4.195044766674982e-06,1.0376624004493351e-06,3.1573827072861604e-06,3.2748943112892455e-08
720575940620113268,720575940620113268,4,3.08379033955083e-05,1.7157006e-05,1.5066436e-05,2.379475531171852e-06,1.7913488047062702e-06,1.146383738159784e-06,6.742452569596935e-07,6.917546979678946e-09
720575940620113268,720575940620113268,5,1.6068201795488332e-05,8.850654e-06,7.784907e-06,5.756776125567678e-07,1.2242006921498571e-06,6.692085889881128e-07,5.728921905756579e-07,2.5373220526566597e-08
720575940614348082,720575940614348082,2,0.0009575128788128,0.0004821781,0.00047533473,0.0004821781476493,5.994804450892843e-05,0.0,5.994804814690724e-05,0.0
720575940614348082,720575940614348082,3,0.0001778980513336,5.3055875e-05,0.00012484215,4.08679734391626e-05,7.552382612630026e-06,3.8086832319095274e-06,3.7437000628415262e-06,4.740342660625174e-07
720575940614348082,720575940614348082,4,5.6941886651464417e-05,2.8398073e-05,3.244844e-05,5.047943750231648e-06,4.196970365687759e-06,3.1120339372137096e-06,1.5829895119168214e-06,5.173589912033094e-08
720575940614348082,720575940614348082,5,2.4317174308495858e-05,1.4617022e-05,1.1525008e-05,8.528953337773156e-07,2.6871041485111872e-06,1.194288188344217e-06,1.6160411178134382e-06,4.2611139321693655e-08
720575940608223701,720575940608223701,2,0.0011944873258471,0.00037467745,0.00081980973,0.0,1.539525510452222e-05,1.3432874766294844e-05,1.96237965610635e-06,0.0
720575940608223701,720575940608223701,3,0.0001507618871983,8.489711e-05,6.586478e-05,0.0,1.648387660679873e-05,1.3325552572496235e-05,3.15832630803925e-06,0.0
720575940608223701,720575940608223701,4,9.790438851695343e-05,5.788869e-05,4.4427234e-05,0.0,3.936439008499191e-05,2.8927321181981824e-05,1.053212872648146e-05,0.0
720575940608223701,720575940608223701,5,6.038085792757639e-05,3.153871e-05,3.0536994e-05,0.0,1.4046137424544028e-05,8.156483090715483e-06,5.970432539470494e-06,0.0
720575940623883815,720575940623883815,2,0.0020545797888189,0.0012512965,0.00080328324,0.0,0.0003924388147424,0.0002052414638455,0.0001871973363449,0.0
720575940623883815,720575940623883815,3,0.000921873433981,0.00033012158,0.0005917519,0.0,0.0001918532798299,8.602779416833073e-05,0.0001058255002135,0.0
720575940623883815,720575940623883815,4,0.0002635073133195,0.00013526293,0.00014212632,0.0,7.999834362481049e-05,4.424041253514588e-05,3.664915129775181e-05,0.0
720575940623883815,720575940623883815,5,0.0001435189319397,7.620426e-05,7.809632e-05,0.0,5.801717281321673e-05,2.8720649424940348e-05,3.003526762768161e-05,0.0
720575940620763584,720575940620763584,2,0.0011369023704901,0.00022809124,0.00090881117,0.0002167439379263,0.000314449367579,6.920099622220732e-07,0.0003137573075946,0.0
720575940620763584,720575940620763584,3,0.0001593571651028,9.412765e-05,6.522953e-05,1.4938114873075392e-05,4.388051456771791e-05,1.6874493667273782e-05,2.7006013624486517e-05,6.888586767672678e-07
720575940620763584,720575940620763584,4,0.0001094286118564,6.43139e-05,5.0087652e-05,4.024305359115536e-06,3.488526718124236e-05,1.6351905287592672e-05,1.882193464552984e-05,2.1308127884367425e-07
720575940620763584,720575940620763584,5,6.663484629997845e-05,3.399266e-05,3.5863195e-05,1.310793306985872e-06,2.723851058633102e-05,1.3620752724818884e-05,1.3765753465122543e-05,1.9089726570101786e-07
720575940610784179,720575940610784179,2,0.0034251413308084,0.0033304873,9.465413e-05,0.0029514178168028,0.0001219137629959,0.0,0.0001219137629959,0.0
720575940610784179,720575940610784179,3,0.001112644560635,0.0010151465,9.749795e-05,0.0007980125956237,5.9773306020360906e-06,4.185365924058715e-06,1.7919639958563494e-06,0.0
720575940610784179,720575940610784179,4,0.0006793776007391,0.00061314856,9.5746305e-05,0.000409015415617,8.26411930912009e-07,1.2526660611911211e-05,4.527566943579586e-07,8.078233637576203e-10
720575940610784179,720575940610784179,5,0.0004489809835387,0.00038976467,8.685135e-05,0.0002228055452173,1.1209307510492478e-06,8.477232995574013e-07,1.5282480489986483e-06,2.8197950641128955e-08
720575940629108332,720575940629108332,2,0.0011536934180185,0.00038775709,0.00076593645,0.0,0.0002267457603011,0.0002096704265568,1.7075335563276894e-05,0.0
720575940629108332,720575940629108332,3,0.000141207317938,8.733376e-05,5.3873566e-05,0.0,3.824139639618807e-05,1.46732618304668e-05,2.3568132746731862e-05,0.0
720575940629108332,720575940629108332,4,7.170956152223096e-05,3.788977e-05,3.8785827e-05,0.0,1.4544550756994027e-05,8.791597792878747e-06,6.083310836402234e-06,0.0
720575940629108332,720575940629108332,5,3.936453081664219e-05,2.0030593e-05,2.1192765e-05,0.0,5.395358366336616e-06,2.5790577637963e-06,3.0017558856343385e-06,0.0
720575940618578150,720575940618578150,2,0.0004226550227031,3.248165e-05,0.00039017334,3.2481650123372674e-05,0.0003828410699497,0.0,0.0003828410699497,0.0
720575940618578150,720575940618578150,3,8.716058073332533e-05,1.9371802e-05,6.7788766e-05,6.653009677393129e-06,2.580265572760254e-05,6.424122602766147e-06,1.9378534489078447e-05,1.759742872309289e-06
720575940618578150,720575940618578150,4,3.644604575866145e-05,1.9103674e-05,1.9480953e-05,1.4867894869590586e-06,1.6685449807784895e-05,9.589413821231574e-06,8.044343303481583e-06,3.3431166457376094e-07
720575940618578150,720575940618578150,5,2.060777468307914e-05,1.170553e-05,9.976944e-06,3.100683627111709e-07,8.216492086474103e-06,4.144514605286531e-06,4.209020971757127e-06,1.1438013819861737e-07
720575940630980409,720575940630980409,2,0.0049969316460192,0.0035968858,0.0014000464,0.0,0.0,0.0,0.0,0.0
720575940630980409,720575940630980409,3,0.0018661185167729,0.0011065966,0.0007595216,0.0,1.19714459287934e-05,1.0401963663753122e-06,1.093125047191279e-05,0.0
720575940630980409,720575940630980409,4,0.0010227135109977,0.0005371087,0.0005271678,0.0,1.5786596122779883e-05,1.9693652575369924e-06,1.3817231774737593e-05,0.0
720575940630980409,720575940630980409,5,0.0006150449596185,0.0003210962,0.00033551393,0.0,9.48775191900784e-06,4.072575393365696e-06,5.425313247542363e-06,0.0
720575940630309391,720575940630309391,2,0.0010041343048214,0.00043506187,0.00056907244,0.0,0.0001115456616389,6.048490831744857e-05,5.106075695948675e-05,0.0
720575940630309391,720575940630309391,3,0.000332062045345,0.00020060333,0.00013145866,0.0,7.665787416044623e-05,5.239284655544907e-05,2.426502760499716e-05,0.0
720575940630309391,720575940630309391,4,0.0001762033099227,9.5495736e-05,8.3864084e-05,0.0,4.434277953985395e-05,2.7968369977315888e-05,1.647721728659235e-05,0.0
720575940630309391,720575940630309391,5,0.0001057067146835,5.3666816e-05,5.5209195e-05,0.0,2.393136196767235e-05,1.2359065294731408e-05,1.1873049515997993e-05,0.0
720575940631062543,720575940631062543,2,0.004084266256541,0.0013069626,0.0027773038,0.0,0.0004148099105805,0.0002987417974509,0.0001160681931651,0.0
720575940631062543,720575940631062543,3,0.0010785813210532,0.0004963267,0.0005822554,0.0,0.0001004711739369,6.812907668063417e-05,3.234207542845979e-05,0.0
720575940631062543,720575940631062543,4,0.0004546500516896,0.0002655284,0.00021065428,0.0,4.315626453229859e-05,2.5603629183024168e-05,1.778718433342874e-05,0.0
720575940631062543,720575940631062543,5,0.0002193494454632,0.00011980835,0.000113737726,0.0,2.9526994595411687e-05,1.5029332644189708e-05,1.468561458750628e-05,0.0
720575940619822784,720575940619822784,2,0.0031253923662006,0.0011453121,0.0019800784,0.0,0.0004122358805034,0.0001971539313672,0.0002150819491362,0.0
720575940619822784,720575940619822784,3,0.0009632062283344,0.00036825554,0.00059495046,0.0,8.65670372149907e-05,3.400545392651111e-05,5.25615832884796e-05,0.0
720575940619822784,720575940619822784,4,0.0005394814523536,0.0002845872,0.0002680712,0.0,5.083000190247387e-05,2.7903930458705872e-05,2.315135316166561e-05,0.0
720575940619822784,720575940619822784,5,0.0003390906498559,0.00018423732,0.00016517975,0.0,3.129167949634084e-05,1.6272675566142425e-05,1.519196757726604e-05,0.0
720575940633572004,720575940633572004,2,0.0012643883237615,0.00025787443,0.0010065133,0.0,1.6504633094882593e-05,1.6504633094882593e-05,0.0,0.0
720575940633572004,720575940633572004,3,0.0003485585039015,0.00022203293,0.00012652561,0.0,2.8462856789701615e-05,2.5137109332717955e-05,3.3257610994041897e-06,0.0
720575940633572004,720575940633572004,4,0.0001777685398996,0.00010535972,7.615904e-05,0.0,2.607086063215612e-05,1.617620546312537e-05,9.896489245875271e-06,0.0
720575940633572004,720575940633572004,5,0.0001004726112995,4.9098926e-05,5.5304095e-05,0.0,1.5909880464044876e-05,7.667753379791975e-06,8.26488121674629e-06,0.0
720575940617518365,720575940617518365,2,0.0094357887282967,0.005455908,0.003979881,0.0054286140948534,0.0006445983308367,0.0005020921817049,0.0001425060472683,0.000495086191222
720575940617518365,720575940617518365,3,0.001886359299533,0.0010173309,0.0008690285,0.0007177993538789,0.0001552047615405,6.056102574802935e-05,9.464372124057264e-05,2.899595710914582e-05
720575940617518365,720575940617518365,4,0.0006693885956472,0.00040506248,0.00038485788,0.0001365454705861,6.892534480209576e-05,3.492255200399086e-05,3.4695294743869454e-05,4.661114104285585e-06
720575940617518365,720575940617518365,5,0.0002791103619817,0.0001669681,0.00016469172,2.749499802712876e-05,3.613405792235627e-05,1.8495104086468928e-05,1.8360105968895368e-05,9.171033848830912e-07
720575940614581516,720575940614581516,2,0.0008523394353687,0.0003580324,0.000494307,0.0003580324701033,3.2756895961938426e-05,0.0,3.2756895961938426e-05,0.0
720575940614581516,720575940614581516,3,0.0001478464837418,4.223135e-05,0.00010561515,2.460170981066767e-05,3.830742116406327e-06,2.201571987825446e-06,1.6291695601466929e-06,0.0
720575940614581516,720575940614581516,4,5.634463268883058e-05,3.1305986e-05,2.852055e-05,4.320438720216168e-06,2.42059115762973e-06,1.6806968687888002e-06,1.0234221008431632e-06,1.3918054486694587e-09
720575940614581516,720575940614581516,5,2.630457894088109e-05,1.56829e-05,1.2143766e-05,9.861331484643038e-07,1.6724834036684e-06,7.757421940368658e-07,9.692464573163306e-07,8.178021815297143e-09
720575940616568699,720575940616568699,2,0.0012103978078812,0.00032051618,0.0008898818,0.0,3.667206328827888e-05,0.0,3.667206328827888e-05,0.0
720575940616568699,720575940616568699,3,0.0001683298760326,8.186151e-05,8.646838e-05,0.0,1.466526919102762e-05,1.3331319678400178e-05,1.333953377979924e-06,0.0
720575940616568699,720575940616568699,4,5.768181000823015e-05,3.2835975e-05,2.8716502e-05,0.0,5.500207972274878e-06,2.322031377843814e-06,3.3517176234454382e-06,0.0
720575940616568699,720575940616568699,5,2.994818662634204e-05,1.6641072e-05,1.52345365e-05,0.0,3.2139481503335512e-06,1.281405729969265e-06,1.9484880340314703e-06,0.0
720575940626447848,720575940626447848,2,0.0002876062353607,0.00022005611,6.755011e-05,0.00021990975074,3.362092684255913e-07,0.0,3.362092684255913e-07,0.0
720575940626447848,720575940626447848,3,4.6923913032514974e-05,2.314596e-05,2.3777964e-05,2.137755109288264e-05,7.330390872084536e-07,3.218403321625374e-07,4.111987266242068e-07,0.0
720575940626447848,720575940626447848,4,1.8543648475609336e-05,9.910487e-06,1.03353495e-05,5.1130325636362535e-06,1.1920404915421945e-06,7.363971690210747e-07,4.556729606974841e-07,1.5103350792244894e-09
720575940626447848,720575940626447848,5,9.086557345284735e-06,4.9509017e-06,4.851464e-06,1.1680440266255073e-06,1.0457082892236484e-06,5.65099810501124e-07,4.814494900529098e-07,1.867419285872529e-08
720575940617815225,720575940617815225,2,0.0004624736611731,0.000116328854,0.00034614484,0.0001156057041953,6.561221380252391e-05,6.707853117404738e-06,5.8904366596834734e-05,6.707853117404738e-06
720575940617815225,720575940617815225,3,6.764704448869452e-05,2.5109492e-05,4.253757e-05,5.274560407997342e-06,5.1335905482119415e-06,2.975467396026943e-06,2.158122924811323e-06,6.560321139659209e-07
720575940617815225,720575940617815225,4,2.9074615234745825e-05,1.7361795e-05,1.28780275e-05,1.1151508842369929e-06,2.7295819036844862e-06,1.602983616066922e-06,1.2028624496451812e-06,8.318695431532974e-08
720575940617815225,720575940617815225,5,1.5047870130302177e-05,7.801134e-06,7.808666e-06,3.6911707545466377e-07,1.711324346481682e-06,8.428266937698936e-07,9.024972769111628e-07,4.149195759107712e-08
720575940635534704,720575940635534704,2,0.0022164185065776,0.00040251526,0.0018139036,0.0004025152302347,0.0007847442757338,0.0,0.0007847443339414,0.0
720575940635534704,720575940635534704,3,0.0005375502514652,0.0002020428,0.00033550753,0.0001007671671686,5.3161405958235264e-05,3.111758269369602e-05,2.204382872150745e-05,6.407130968000274e-07
720575940635534704,720575940635534704,4,0.000198810096393,0.000117159696,9.85852e-05,1.6567012233190507e-05,1.4609488099790536e-05,8.984802661871072e-06,7.429116067214636e-06,2.0812132106584613e-07
720575940635534704,720575940635534704,5,7.710471756936146e-05,4.8859973e-05,4.128901e-05,3.5281434979916785e-06,5.902347314035555e-06,2.910196144512156e-06,3.3425296805944527e-06,1.256109345802407e-07
720575940629801219,720575940629801219,2,0.0007427283562719,0.00039222118,0.0003505071,0.0,0.0,0.0,0.0,0.0
720575940629801219,720575940629801219,3,0.0008940446423366,0.00017053915,0.00072350533,0.0,0.0002695558941923,3.669616489787586e-05,0.0002328597474843,0.0
720575940629801219,720575940629801219,4,0.0005575482170544,0.00035052132,0.00021717572,0.0,0.0005160931614227,0.0004623062268365,5.378704008762725e-05,0.0
720575940629801219,720575940629801219,5,0.0003269243350427,0.00014958132,0.00019938854,0.0,0.0001561356646068,5.6683078582864255e-05,0.0001069393256329,0.0
720575940617622219,720575940617622219,2,0.0006239005597308,0.00041160284,0.00021229786,0.0004061659565195,0.0002504106378182,0.0002139544230885,3.645622564363293e-05,0.0002121460565831
720575940617622219,720575940617622219,3,0.0001417749881511,6.031496e-05,8.146007e-05,5.1914481446146965e-05,4.016238381154835e-05,1.204472118843114e-05,2.811766171362251e-05,1.0645091606420465e-05
720575940617622219,720575940617622219,4,6.096830032888428e-05,2.6412949e-05,3.639829e-05,9.340438009436256e-06,1.2643459489929404e-05,5.1486504162312485e-06,7.751654266030528e-06,9.576355009125416e-07
720575940617622219,720575940617622219,5,3.45210868182851e-05,1.8343088e-05,1.7725542e-05,2.124816172499544e-06,5.568751423345503e-06,3.2301488772645826e-06,2.580025466158986e-06,1.3254733210825612e-07
720575940624986375,720575940624986375,2,0.006539971102029,0.0009134365,0.0056265346,0.0,0.0046021859161555,0.0015138399321585,0.0030883466824889,0.0
720575940624986375,720575940624986375,3,0.0035709214862436,0.001594844,0.0019760781,0.0,0.0017438017530366,0.0012366442242637,0.0005071572959423,0.0
720575940624986375,720575940624986375,4,0.0026818962905535,0.0017984227,0.0009728024,0.0,0.0007851467301075,0.0005714552244171,0.0002752845175564,0.0
720575940624986375,720575940624986375,5,0.002099472314061,0.0012210781,0.0010135008,0.0,0.0003571769071115,0.000194705062313,0.0002256792067782,0.0
720575940629273913,720575940629273913,2,0.0005581486038863,0.0004463459,0.00011180267,0.000441447366029,0.0001166238944279,8.047402661759406e-05,3.614987144828774e-05,7.973727770149708e-05
720575940629273913,720575940629273913,3,0.0002598929859232,0.00011321226,0.00014668072,6.669757567578927e-05,8.695820724824443e-05,3.962726623285562e-05,4.7330941015388817e-05,1.650359627092257e-05
720575940629273913,720575940629273913,4,0.0001431017585283,6.529028e-05,7.9036436e-05,1.2948895952089177e-05,3.546328564682667e-05,1.7309273971477523e-05,1.8403225112706423e-05,1.2485924930405534e-06
720575940629273913,720575940629273913,5,8.864097906844893e-05,4.5982135e-05,4.484046e-05,3.4230818184281317e-06,1.805647797570468e-05,9.960878742276693e-06,8.665905625093728e-06,2.9251775508981454e-07
720575940617023771,720575940617023771,2,0.0006006435141898,0.00019396076,0.00040668278,0.0001840483309933,9.234210665454157e-06,7.800823027537263e-07,8.454127964796498e-06,0.0
720575940617023771,720575940617023771,3,0.000105597959191,4.5127956e-05,6.0470047e-05,2.469959144946188e-05,1.1767051546485163e-05,6.039989330020035e-06,5.727064944949234e-06,1.043481915985467e-06
720575940617023771,720575940617023771,4,4.762985388460828e-05,2.406132e-05,2.4768664e-05,4.287898227787713e-06,7.200307911720033e-06,3.1950330594554543e-06,4.011412784166168e-06,2.182407143891396e-07
720575940617023771,720575940617023771,5,2.584931439659896e-05,1.3435951e-05,1.3045399e-05,9.660676924016229e-07,4.139133694790935e-06,2.0715708615171025e-06,2.079149453493301e-06,7.23677661725113e-08
720575940623991549,720575940623991549,2,0.0003544683277141,0.00023988626,0.00011458203,0.0002398862561676,3.21006664307788e-05,0.0,3.21006664307788e-05,0.0
720575940623991549,720575940623991549,3,8.914654608815908e-05,5.8622678e-05,3.052388e-05,3.720918539329432e-05,1.2277467249077745e-05,5.258198143565096e-06,7.019270015007351e-06,0.0
720575940623991549,720575940623991549,4,3.056379760437927e-05,1.7132816e-05,1.4363184e-05,3.8000770892170383e-06,8.178548372687849e-06,4.43893441115506e-06,3.837909389403649e-06,4.187092486063193e-07
720575940623991549,720575940623991549,5,1.6313604444546574e-05,8.575256e-06,8.463787e-06,8.210565761348509e-07,5.406630218451871e-06,2.6721531867224257e-06,2.785302513075294e-06,1.0244154680094653e-07
720575940614297640,720575940614297640,2,0.0040744245052337,0.0025888078,0.0014856169,0.0025869039818644,0.0006190044805407,0.0005390885635279,7.991582970134914e-05,0.0005390886217355
720575940614297640,720575940614297640,3,0.0015297670615836,0.0010040165,0.0005257504,0.0004485363606363,0.0002545127645134,5.393840183387511e-05,0.0002005744026973,4.83435251226183e-05
720575940614297640,720575940614297640,4,0.0011292681171527,0.0005227902,0.0006662321,0.0001254852402337,0.0002160520177585,0.0001465960085624,7.215209916466847e-05,1.1287608905321052e-05
720575940614297640,720575940614297640,5,0.0009298022620511,0.0005570474,0.00043961982,3.54695324997266e-05,0.0001373583478583,4.40549774793908e-05,9.537493315292522e-05,1.548192655532043e-06
720575940628847867,720575940628847867,2,0.0008638226427137,0.0003197679470758,0.000544054666534,0.0,0.0,0.0,0.0,0.0
720575940628847867,720575940628847867,3,0.0005084284930489,0.0002911646151915,0.0002172639360651,0.0,0.0002819419605657,6.203013072081376e-06,0.0002757389447651,0.0
720575940628847867,720575940628847867,4,0.0001121292449627,5.145012619323097e-05,6.299143569776788e-05,0.0,2.668782508408185e-05,2.598779246909544e-05,7.000303412496578e-07,0.0
720575940628847867,720575940628847867,5,3.350605193242497e-05,1.995045204239432e-05,1.8803175407811068e-05,0.0,3.235241961286217e-06,5.03734383983101e-07,3.862048743030755e-06,0.0
720575940624943287,720575940624943287,2,0.0014540022239089,0.0013424040516838,0.0001115981576731,0.0013410284882411,2.8016384021611884e-06,0.0,2.8016384021611884e-06,0.0
720575940624943287,720575940624943287,3,9.245480032404883e-05,4.651724520954304e-05,4.593755511450581e-05,3.79141274606809e-05,4.673485818784684e-06,1.883631853161205e-06,2.7898536245629657e-06,0.0
720575940624943287,720575940624943287,4,3.90385175324724e-05,2.302182838320732e-05,1.983716902032029e-05,5.346874234022793e-06,2.1881526050795343e-06,1.4094564448896565e-06,8.051195550251578e-07,0.0
720575940624943287,720575940624943287,5,1.9995651940359656e-05,1.0647297131072264e-05,1.033122680382803e-05,8.832358626133961e-07,9.210201081252432e-07,4.7509368528153573e-07,4.728838689516124e-07,1.1087475382254295e-09
720575940610747315,720575940610747315,2,0.0004756760317832,6.513694097520784e-05,0.0004105390689801,6.123434286564589e-05,0.0001420873595634,0.0,0.0001420873595634,0.0
720575940610747315,720575940610747315,3,0.0001236738899024,4.338581493357197e-05,8.028802403714508e-05,2.0350049453554675e-05,2.504539406800177e-05,1.4297413144959137e-05,1.0747980923042633e-05,7.036987426545238e-06
720575940610747315,720575940610747315,4,5.762564176877181e-05,3.07750997308176e-05,2.7996440621791407e-05,4.613627288303133e-06,2.0067521839483385e-05,1.1226877177250572e-05,8.900473403627984e-06,4.498324415180832e-06
720575940610747315,720575940610747315,5,3.270803576494689e-05,1.692663317953702e-05,1.6755358956288546e-05,1.1100783049372505e-06,1.002932761891096e-05,5.0977068895008415e-06,5.01223166793352e-06,5.537945642159614e-07
720575940620981072,720575940620981072,2,0.0043991706334054,0.0005884540732949,0.0038107160944491,0.0,0.0001601413532625,3.427304909564555e-05,0.0001258683187188,0.0
720575940620981072,720575940620981072,3,0.0007929098210297,0.0003663657989818,0.0004265442257747,0.0,0.0001361489994451,7.260300480993465e-05,6.354604556690902e-05,0.0
720575940620981072,720575940620981072,4,0.0004188834957874,0.0002329394774278,0.0002139574644388,0.0,7.979452506055412e-05,3.891390224453062e-05,4.097025521332398e-05,0.0
720575940620981072,720575940620981072,5,0.0002539218863517,0.0001345773634966,0.0001312418899033,0.0,5.3156426399349535e-05,2.654448508110363e-05,2.690418841666542e-05,0.0
720575940621390806,720575940621390806,2,0.0069634295068681,0.0049825776368379,0.0019808507058769,0.0,0.0,0.0,0.0,0.0
720575940621390806,720575940621390806,3,0.0004412458220031,0.0002740365453064,0.0001672093640081,0.0,2.1752714019385166e-05,1.426230028300779e-06,2.032648080785293e-05,0.0
720575940621390806,720575940621390806,4,0.0001431524652802,9.649041021475568e-05,0.0001158753002528,0.0,1.784608502930496e-05,8.581109796068631e-06,9.264975233236328e-06,0.0
720575940621390806,720575940621390806,5,5.5580714300694887e-05,3.287731669843197e-05,3.43267856806051e-05,0.0,8.24078849218609e-06,4.228224042890361e-06,4.0734830690780655e-06,0.0
720575940613668266,720575940613668266,2,0.002091753995046,0.00134472863283,0.0007470261771231,0.0013135730987414,0.0016171772731468,0.0007644410361535,0.0008527358877472,0.0007224477012641
720575940613668266,720575940613668266,3,0.0006915483390912,0.0002253426937386,0.0004662051505874,0.0001332396932411,0.0005894413334317,0.0001686234900262,0.0004208179598208,4.0669547161087394e-05
720575940613668266,720575940613668266,4,0.0004163933463503,0.0001776795252226,0.0002516394597478,2.7649750743421757e-05,0.0002588117693855,0.0001293754321523,0.0001410710101481,5.292323425413262e-06
720575940613668266,720575940613668266,5,0.000261139995526,0.0001372195984004,0.0001378004089929,7.458237598133459e-06,0.0001206438217059,7.337494753301144e-05,6.011371442582458e-05,9.710966939442032e-07
720575940638920757,720575940638920757,2,0.0008677102159708,0.0001466947724111,0.0007210154435597,0.0,1.366382093692664e-05,6.918004601175198e-06,6.745817245246144e-06,0.0
720575940638920757,720575940638920757,3,0.0001511203154223,7.774390542181209e-05,7.33764682081528e-05,0.0,1.06328488982399e-05,5.446295745059615e-06,5.1865531531802844e-06,0.0
720575940638920757,720575940638920757,4,7.6621979945016e-05,4.310973235988058e-05,3.5169436159776524e-05,0.0,4.27939821634717e-06,1.9817612155748066e-06,2.336995748919435e-06,0.0
720575940638920757,720575940638920757,5,4.363590164862719e-05,2.2273132344707847e-05,2.241877518827096e-05,0.0,2.045421282340914e-06,1.0653491244738689e-06,1.0264733418807737e-06,0.0
720575940612531370,720575940612531370,2,0.0067179510369896,0.001095506013371,0.0056224479340016,0.0,0.0012090262025594,0.0005143630551174,0.0006946632056497,0.0
720575940612531370,720575940612531370,3,0.0012399175902828,0.0006302268011495,0.0006096909055486,0.0,0.0004490583378355,0.000260464643361,0.0001885938108898,0.0
720575940612531370,720575940612531370,4,0.0005568110560401,0.0003404876042623,0.0002675667055882,0.0,0.0001686615071541,8.230043749790639e-05,8.833259926177561e-05,0.0
720575940612531370,720575940612531370,5,0.0003092470782216,0.0001647715689614,0.0001661792630329,0.0,6.969534908503218e-05,3.5687869967659935e-05,3.589951666072011e-05,0.0
720575940637121001,720575940637121001,2,0.000258288171608,0.0001442583889001,0.0001140297536039,0.0001434931618859,6.304434009507531e-06,4.296357019484276e-06,2.0080769900232558e-06,4.158868705417262e-06
720575940637121001,720575940637121001,3,6.851404759800062e-05,2.038681850535795e-05,4.812722545466386e-05,1.1022353646694684e-05,2.441125616314821e-06,8.963557434071845e-07,1.5447698160642176e-06,1.8977863724956023e-09
720575940637121001,720575940637121001,4,2.2806489612216077e-05,1.1168320270371623e-05,1.212548704643268e-05,1.5532272865160168e-06,1.800998000943687e-06,9.940446261680336e-07,8.131621598295169e-07,3.1493561733196854e-08
720575940637121001,720575940637121001,5,1.1277025194269426e-05,6.737408511980902e-06,4.988161890651099e-06,3.003320113958115e-07,1.5026119131474006e-06,8.913628448681266e-07,6.216940846570651e-07,2.8045979476060004e-08
720575940629991788,720575940629991788,2,0.0030844691209495,0.0005977610126137,0.0024867088068276,0.0005151582299731,0.0020091757178306,0.0003950255340896,0.001614150009118,0.0002733687870204
720575940629991788,720575940629991788,3,0.0029372535645961,0.0018039136193692,0.0011333401780575,0.0001237960677826,0.0016465119551867,0.0008194957044906,0.0008270156104117,9.044788021128623e-05
720575940629991788,720575940629991788,4,0.0013445383979459,0.0008438724325969,0.0005393629544414,1.9668263038079872e-05,0.0013017497690296,0.0008357166079804,0.000475544395158,8.813528578178128e-06
720575940629991788,720575940629991788,5,0.0005659076312714,0.0002968326443806,0.0003336685476824,3.725275035413805e-06,0.000434137219888,0.0001830638502724,0.0002697368036024,1.513767601931081e-06
720575940632137517,720575940632137517,2,0.0007328374776989,0.0006478809518739,8.495633665006608e-05,0.0006470783846452,1.4617917258874512e-05,5.056041572970571e-06,9.561875231156591e-06,3.920867129636463e-06
720575940632137517,720575940632137517,3,5.465529466164298e-05,2.8856313292635605e-05,2.5798974093049765e-05,2.4204504370572977e-05,6.921925432834541e-06,2.287534243805567e-06,4.634393008018378e-06,2.82297122566888e-07
720575940632137517,720575940632137517,4,2.386694473393844e-05,1.1735031876014546e-05,1.6015928849810734e-05,3.764133663241484e-06,3.995982152062798e-06,2.037729245785158e-06,2.0122338355577085e-06,2.526625220999304e-07
720575940632137517,720575940632137517,5,1.4582252811699537e-05,7.622052180522587e-06,7.721946531091817e-06,1.033425587913103e-06,2.910390378699994e-06,1.5032786677693366e-06,1.4526117411151065e-06,1.5317054518101119e-07
720575940624905091,720575940624905091,2,0.0006928074872121,0.0004640681436285,0.0002287393290316,0.0004572980687953,0.0002288753166794,0.0002288753166794,0.0,0.0002229649107903
720575940624905091,720575940624905091,3,0.000177036592504,7.38723756512627e-05,0.0001031641950248,5.279111064737663e-05,9.36008000280708e-05,2.3454582333215512e-05,7.01462195138447e-05,2.182992648158688e-05
720575940624905091,720575940624905091,4,0.0001050203348255,4.403010098030791e-05,6.501244206447154e-05,1.387983880820139e-05,4.8203217759991136e-05,1.6254751244559884e-05,3.241165904910304e-05,6.271364434626602e-06
720575940624905091,720575940624905091,5,5.69450614521942e-05,2.941047932836227e-05,3.113122875220142e-05,3.675905963107572e-06,2.333773562069611e-05,1.1452872058725916e-05,1.233929560839897e-05,1.505213473726415e-06
720575940612840982,720575940612840982,2,0.0045030270703136,0.0011932175839319,0.0033098107669502,0.0,0.0002881032414734,4.857204112340696e-05,0.0002395311457803,0.0
720575940612840982,720575940612840982,3,0.0017420800868421,0.0008867001160979,0.0008553806692361,0.0,0.0001190839684568,6.723794649587944e-05,5.184602196095511e-05,0.0
720575940612840982,720575940612840982,4,0.0008202486901937,0.0004689728375524,0.0003854718233924,0.0,4.760105108865972e-05,2.672847404028289e-05,2.1101486709085293e-05,0.0
720575940612840982,720575940612840982,5,0.0004806474165693,0.0002638257283251,0.0002518853871151,0.0,2.872410867763413e-05,1.5447008991031907e-05,1.3505929018720051e-05,0.0
720575940641633525,720575940641633525,2,0.0009643156081438,0.0004448623803909,0.0005194533150643,0.0004448623803909,0.0002562194713391,0.0,0.0002562194713391,0.0
720575940641633525,720575940641633525,3,0.0002900999388657,7.097596972016618e-05,0.0002191239764215,5.376327317208052e-05,1.630110818950925e-05,9.073079127119854e-06,7.228029517136747e-06,0.0
720575940641633525,720575940641633525,4,0.0001242073552457,6.124027277110144e-05,6.831536302343011e-05,1.0738057745329226e-05,4.945342392137979e-06,3.632557081800769e-06,1.396444304191391e-06,1.904410851238936e-08
720575940641633525,720575940641633525,5,5.079094117367167e-05,3.191112773492932e-05,2.2579977667192e-05,2.183372057468445e-06,1.9992630689346834e-06,1.0264169532092635e-06,1.1050157127101556e-06,3.941397253015566e-08
720575940612984981,720575940612984981,2,0.0047644437290728,0.0014980053529143,0.0032664381433278,0.0007077538175508,0.0012177309254184,0.0005940248374827,0.000623706029728,0.0005905723082832
720575940612984981,720575940612984981,3,0.0034887138754129,0.0014274088898673,0.0020613041706383,0.0001571251486893,0.0011533278739079,0.000272660749033,0.0008806673577055,0.0001057717090588
720575940612984981,720575940612984981,4,0.0027729972873993,0.0016062622889876,0.0012706336565315,5.0748019359539406e-05,0.0005777762491556,0.0003186228277627,0.0002627985086292,1.6900400584721763e-05
720575940612984981,720575940612984981,5,0.0021414568459622,0.0012516579590737,0.0010309227509424,1.2210965563182548e-05,0.0002956251953633,0.000169309816556,0.0001378298329655,4.251117291928767e-06
720575940618160273,720575940618160273,2,0.0015982781769707,0.0005232616676948,0.0010750162182375,0.0005221905885264,0.0,0.0,0.0,0.0
720575940618160273,720575940618160273,3,0.0002095721429213,5.1540060667321086e-05,0.0001580321113578,3.615216337493621e-05,3.390744609532703e-07,4.5362789080627415e-08,2.937117073997797e-07,0.0
720575940618160273,720575940618160273,4,8.203593582951037e-05,5.022669938625768e-05,4.1099505324382335e-05,5.379797727648335e-06,1.2771105275533046e-06,6.44741135147342e-07,6.323695060928003e-07,1.314064523860736e-09
720575940618160273,720575940618160273,5,2.856030233156816e-05,1.936612170538865e-05,1.2466807675082237e-05,8.588690440001602e-07,1.0437626606572096e-06,5.346655029825342e-07,5.093638719699811e-07,5.770241173763679e-09
720575940625702380,720575940625702380,2,0.0005157313426025,7.966801786096767e-05,0.000436063419329,0.0,0.0004190980398561,7.679458212805912e-05,0.0003423034213483,0.0
720575940625702380,720575940625702380,3,0.0001946019910974,0.000113123722258,8.147828339133412e-05,0.0,0.0001748278154991,0.0001046858669724,7.014200673438609e-05,0.0
720575940625702380,720575940625702380,4,7.393625388215048e-05,4.080840517417528e-05,3.43758802046068e-05,0.0,6.33223647599508e-05,3.4335535019636154e-05,2.9995951990713365e-05,0.0
720575940625702380,720575940625702380,5,3.980196149476081e-05,1.992032593989279e-05,2.107205364154652e-05,0.0,3.181329806019504e-05,1.5446115867234766e-05,1.730299845803529e-05,0.0
720575940611588835,720575940611588835,2,0.0004076352634001,0.000222065966227,0.0001855691807577,0.0002220659953309,5.907980812480673e-05,0.0,5.907980812480673e-05,0.0
720575940611588835,720575940611588835,3,0.0001081474329112,6.949983799131587e-05,3.864759128191509e-05,4.212820567772724e-05,2.829101686074864e-05,2.342788866371848e-05,4.863130016019568e-06,2.0209376089042053e-05
720575940611588835,720575940611588835,4,6.747824239238831e-05,3.63109793397598e-05,3.195665703970008e-05,6.764033578999197e-06,3.524326063360548e-06,1.7644356375967618e-06,1.8082688484355456e-06,1.978165755645023e-07
720575940611588835,720575940611588835,5,5.373586442903051e-05,2.714165020734072e-05,2.772355219349265e-05,1.3159794246033817e-06,1.9145406356782804e-06,9.8349437394063e-07,9.841055543802213e-07,4.327941526932404e-08
720575940638288447,720575940638288447,2,0.0009513173135928,0.0002160121075576,0.0007353049586527,0.0,2.2793323296355084e-05,1.777571378624998e-05,5.017609055357752e-06,0.0
720575940638288447,720575940638288447,3,0.0003953046689275,0.0001729773066472,0.0002223272749688,0.0,3.142879722872749e-05,2.150352702301461e-05,9.925272934196984e-06,0.0
720575940638288447,720575940638288447,4,0.000242700047478,0.0001379057648591,0.000109843465907,0.0,2.7776761069481867e-05,1.3765256881015375e-05,1.4090539480093868e-05,0.0
720575940638288447,720575940638288447,5,0.0001549751825217,7.973726314958185e-05,8.327036630362272e-05,0.0,1.3641866644095834e-05,6.589341410290217e-06,7.153235856094398e-06,0.0
720575940649743225,720575940649743225,2,0.0013214333448559,0.0005088474717922,0.0008125859312713,0.0,0.0,0.0,0.0,0.0
720575940649743225,720575940649743225,3,0.0002890622417908,0.0001670660567469,0.0001219962286995,0.0,7.401010861940449e-07,5.958119118076866e-07,1.442891175429395e-07,0.0
720575940649743225,720575940649743225,4,0.0001229970704836,6.548307283082977e-05,6.531334656756371e-05,0.0,3.74323531104892e-06,2.277503881487064e-06,1.4657313158750185e-06,0.0
720575940649743225,720575940649743225,5,6.033720011319913e-05,3.2037816708907485e-05,3.2707263017073274e-05,0.0,1.1826935478752187e-06,6.223887112355442e-07,5.618832688014663e-07,0.0
720575940630797624,720575940630797624,2,0.0096183847635984,0.0009364921716041,0.0086818924173712,0.0,0.0036953960079699,2.815400694089476e-05,0.0036672421265393,0.0
720575940630797624,720575940630797624,3,0.0013752683298662,0.000755232933443,0.0006200356874614,0.0,0.0001766758505254,4.826859731110744e-05,0.0001284072350244,0.0
720575940630797624,720575940630797624,4,0.0007143005123278,0.0004516511107794,0.0003839936689473,0.0,0.0001376310230613,8.790568972472101e-05,6.770306936232373e-05,0.0
720575940630797624,720575940630797624,5,0.000402274492151,0.0002182874304708,0.0002330641873413,0.0,4.938558624887209e-05,2.552011028456036e-05,2.6452447855263017e-05,0.0
720575940613461043,720575940613461043,2,0.0053510260768234,0.0008716459269635,0.0044793803244829,0.0008716457523405,0.0005345040699467,0.0005345040699467,0.0,0.0005345040699467
720575940613461043,720575940613461043,3,0.0010990076698362,0.0004513329186011,0.0006476748385466,0.0002591344818938,0.0006981319165788,0.0004713888047263,0.0002267432573717,0.0004601728578563
720575940613461043,720575940613461043,4,0.0005616527007231,0.0002763416850939,0.0003277618961874,4.7358569873005376e-05,0.0002348215406971,9.236144251190126e-05,0.0001434995501767,4.319331984747378e-05
720575940613461043,720575940613461043,5,0.0002739319220313,0.0001438225008314,0.0001529292785562,1.22159160916941e-05,8.839727188333854e-05,4.40192234236747e-05,4.730861110147089e-05,7.525164019605956e-06
720575940646764579,720575940646764579,2,0.0037402999587357,0.003615268273279,0.00012503178732,0.003615268273279,3.978386666858569e-05,3.85715757147409e-05,1.2122901580369216e-06,3.85715757147409e-05
720575940646764579,720575940646764579,3,0.0003041094460058,0.0001331555540673,0.0001709539210423,0.0001136907812906,0.0002546119794715,0.0001002055068966,0.0001544065162306,4.294866812415421e-05
720575940646764579,720575940646764579,4,0.0001714061733592,0.0001044404925778,9.54682327574119e-05,4.357941335474618e-05,0.0001173244867202,5.0058693886967376e-05,6.729095184709877e-05,2.64748650830265e-05
720575940646764579,720575940646764579,5,8.753701826521284e-05,4.426750456332229e-05,4.974057083018124e-05,1.177344989903731e-05,3.52093520935616e-05,1.8550532331573777e-05,1.7239381122635677e-05,2.4937313973442137e-06
720575940625802841,720575940625802841,2,0.0024782181717455,0.0013303630985319,0.001147853792645,0.0,0.0001558895164635,8.539138070773333e-05,7.049812120385468e-05,0.0
720575940625802841,720575940625802841,3,0.0008026274153962,0.0004827395896427,0.0003198874765075,0.0,0.0002038950187852,0.0001358776353299,6.801736890338361e-05,0.0
720575940625802841,720575940625802841,4,0.0003067826947753,0.000152111519128,0.0001692317309789,0.0,5.889949294077362e-05,2.8357775590848178e-05,3.075190761592239e-05,0.0
720575940625802841,720575940625802841,5,0.0001431948010995,7.489739800803363e-05,7.950245344545692e-05,0.0,3.081459333519973e-05,1.591737054695841e-05,1.5437999536516145e-05,0.0
720575940603235500,720575940603235500,2,0.0009815597441047,0.0001812529371818,0.0008003067923709,0.0,8.616573177278042e-05,8.616573904873803e-05,0.0,0.0
720575940603235500,720575940603235500,3,0.0002274390717502,7.176207145676017e-05,0.0001556770585011,0.0,3.417264815652743e-05,1.8327766156289726e-05,1.58448801812483e-05,0.0
720575940603235500,720575940603235500,4,7.350615364292348e-05,3.5610075428849086e-05,6.410639616660774e-05,0.0,2.068676929075732e-05,1.0852961167984176e-05,9.90046828519553e-06,0.0
720575940603235500,720575940603235500,5,4.128059417695092e-05,2.26020893023815e-05,2.5041601475095376e-05,0.0,1.006883614152095e-05,5.366792720451485e-06,4.75995875603985e-06,0.0
720575940637826118,720575940637826118,2,0.0032807644456624,6.233857129700482e-05,0.003218425437808,0.0,0.0033324582036584,6.6229758886038326e-06,0.0033258355688303,0.0
720575940637826118,720575940637826118,3,0.0005810011061839,0.0002607007045298,0.0003203004307579,0.0,0.0002829778532031,0.0001873973815236,9.558047167956828e-05,0.0
720575940637826118,720575940637826118,4,0.000334015908773,0.000211380131077,0.0001458320039091,0.0,0.0001130922361599,9.389649494551122e-05,4.12754452554509e-05,0.0
720575940637826118,720575940637826118,5,0.0001885899501654,0.0001012363791232,9.575911099091172e-05,0.0,4.673350167364458e-05,2.50191424129298e-05,2.443316407152452e-05,0.0
720575940622541005,720575940622541005,2,0.0099650416523218,0.0009791780030354,0.0089858602732419,0.0,0.0004776539863087,0.0,0.0004776539863087,0.0
720575940622541005,720575940622541005,3,0.0010928439442068,0.0007303245365619,0.0003625192330218,0.0,8.293606515508145e-05,6.33417657809332e-05,1.9594286641222425e-05,0.0
720575940622541005,720575940622541005,4,0.0004764089404484,0.0004577455983962,0.0002430542663205,0.0,2.164234732744927e-05,1.3208487871452236e-05,8.863014045346063e-06,0.0
720575940622541005,720575940622541005,5,0.000257687456901,0.0001475556928198,0.0001700899156276,0.0,1.0892651874987356e-05,4.545702722680289e-06,7.451085366483312e-06,0.0
720575940625176506,720575940625176506,2,0.0065664621070027,0.0001110723096644,0.006455389317125,0.0,8.169934517354704e-06,0.0,8.169934517354704e-06,0.0
720575940625176506,720575940625176506,3,0.0002250524266855,6.278796354308724e-05,0.0001622644194867,0.0,1.0961711268464567e-05,9.528465852781665e-06,1.4332474620459834e-06,0.0
720575940625176506,720575940625176506,4,6.85858797355751e-05,7.705623283982277e-05,3.842432124656625e-05,0.0,6.594536631954876e-06,3.985340299550444e-06,2.60926799455774e-06,0.0
720575940625176506,720575940625176506,5,3.7219661220368095e-05,2.247827796963975e-05,1.931394217535853e-05,0.0,4.898580361980488e-06,2.615689936646959e-06,2.294297019034275e-06,0.0
720575940615323298,720575940615323298,2,0.0020850147120654,0.0007405887590721,0.001344425836578,0.0,0.0021254166495054,0.0006320402608253,0.0014933759812265,0.0
720575940615323298,720575940615323298,3,0.0013938741758465,0.0006068757502362,0.000786998309195,0.0,0.0014994650846347,0.0006226288387551,0.0008768364787101,0.0
720575940615323298,720575940615323298,4,0.0009597045118237,0.0003940788737963,0.0005922698182985,0.0,0.0005364747459462,0.0002802544622682,0.0002678648161236,0.0
720575940615323298,720575940615323298,5,0.0006552367250745,0.0003548754611983,0.0003479232254903,0.0,0.0003080709889256,0.0001649947807891,0.0001712089579086,0.0
720575940614465478,720575940614465478,2,0.0049309749156236,5.4779931815573946e-05,0.0048761940561234,0.0,0.0001980136876227,1.644626354391221e-05,0.0001815674040699,0.0
720575940614465478,720575940614465478,3,0.0004944127285853,0.0002501549897715,0.0002442578261252,0.0,9.508062794338912e-05,3.974351784563624e-05,5.533711009775288e-05,0.0
720575940614465478,720575940614465478,4,0.0002449395033464,0.0001476271863793,0.0001361794129479,0.0,7.527511939378022e-05,4.021781569463201e-05,3.5302266041981056e-05,0.0
720575940614465478,720575940614465478,5,0.0001905224297725,9.369294275529684e-05,0.0001140717795351,0.0,4.302165073700049e-05,2.39757737290347e-05,1.9537001207936555e-05,0.0
720575940624651189,720575940624651189,2,0.0070510152727365,0.0051520271226763,0.0018989869859069,0.0,0.0081178005784749,0.008101318962872,1.6482354112667963e-05,0.0
720575940624651189,720575940624651189,3,0.0014701987383887,0.0007902013021521,0.0006799970869906,0.0,0.0008341653156094,0.0005903476267121,0.0002438178053125,0.0
720575940624651189,720575940624651189,4,0.000903390846608,0.00047528964933,0.0005115029634907,0.0,0.0002663696493499,0.0002394770854152,9.693626634543762e-05,0.0
720575940624651189,720575940624651189,5,0.0006254757063499,0.0003370756749063,0.0003338263486512,0.0,0.0001159762915433,7.212259515654296e-05,6.087561996537261e-05,0.0
720575940634525303,720575940634525303,2,0.0,0.0,0.0,0.0,0.0,0.0,0.0,0.0
720575940634525303,720575940634525303,3,4.9203841626876965e-05,3.338867463753559e-05,1.5815159713383764e-05,0.0,3.7404130125651136e-05,6.802192160648701e-07,3.672390812425874e-05,0.0
720575940634525303,720575940634525303,4,2.734285226324573e-05,1.263034027942922e-05,1.4712513802805915e-05,0.0,1.3315919204615057e-05,5.026020062359748e-06,8.289898687507957e-06,0.0
720575940634525303,720575940634525303,5,2.927420335941872e-05,1.3369902262638789e-05,1.6201134712900966e-05,0.0,6.35531937987075e-06,3.241530066588893e-06,3.1811807730264263e-06,0.0
720575940607923721,720575940607923721,2,0.0055999336764216,0.0049261124804615,0.0006738213123753,0.0,0.0052594705484807,0.0052594700828194,0.0,0.0
720575940607923721,720575940607923721,3,0.0033810171298682,0.0031153082381933,0.0002657093864399,0.0,0.0013043149374425,0.0011515623191371,0.0001527527056168,0.0
720575940607923721,720575940607923721,4,0.0023986828850753,0.001517386524938,0.0009882519952952,0.0,0.0001547136371043,0.0001089588258764,8.36870021885261e-05,0.0
720575940607923721,720575940607923721,5,0.0017435423764061,0.0007853172719478,0.0010927823605015,0.0,7.585197854641828e-05,6.00630373810418e-05,3.6222954804543406e-05,0.0
720575940630665210,720575940630665210,2,0.001673511811532,0.0002497935201972,0.0014237182913348,0.0,0.0033885675948113,5.754455287387827e-06,0.0033828127197921,0.0
720575940630665210,720575940630665210,3,0.0003793641226366,0.0002151094959117,0.0001642545103095,0.0,0.0001252131623914,4.746096601593308e-05,7.775220728944987e-05,0.0
720575940630665210,720575940630665210,4,0.0002260976480471,0.0001326653728028,0.00010867875244,0.0,3.740658614505032e-05,3.153110083076172e-05,1.943385905178729e-05,0.0
720575940630665210,720575940630665210,5,0.0001626147720978,8.805636753095314e-05,8.74176766956225e-05,0.0,2.239066514159224e-05,1.2415390301612206e-05,1.1725137483153958e-05,0.0
720575940619968647,720575940619968647,2,0.0048574651591479,0.0047438126057386,0.0001136520731961,0.0044604656286537,2.7362511900719252e-05,0.0,2.7362511900719252e-05,0.0
720575940619968647,720575940619968647,3,0.0020425866823643,0.0019072779687121,0.0001353090920019,0.0015908920904621,3.905028734152438e-06,3.572516106942203e-06,3.325125703668164e-07,0.0
720575940619968647,720575940619968647,4,0.001271417843746,0.0011870039161294,0.0001333492255071,0.0008470995161319,3.553180543403852e-06,5.0489020395616535e-06,9.339639746031024e-07,0.0
720575940619968647,720575940619968647,5,0.000816501261395,0.0007501447107642,0.0001201358390972,0.000458582073486,2.0995780703982483e-06,1.2031816822855037e-06,1.3817452781950124e-06,3.053571333566652e-07
720575940633622379,720575940633622379,2,0.0036973650567233,0.0036722475197166,2.5117844415945e-05,0.0036466682795435,1.8624903532327156e-05,0.0,1.8624903532327156e-05,0.0
720575940633622379,720575940633622379,3,0.00111110357102,0.0010862415656447,2.486241464794148e-05,0.0010725065367296,1.335202568952809e-06,4.669767292853067e-07,8.682259249326307e-07,0.0
720575940633622379,720575940633622379,4,0.0005071729724334,0.0005180735024623,2.361343285883777e-05,0.0004716598676916,3.786151211846508e-07,1.8308937796973623e-06,2.015412121636473e-07,3.4303818119418844e-10
720575940633622379,720575940633622379,5,0.0002468227347879,0.0002539887500461,1.998891457333229e-05,0.0002170123097174,2.2998516121337406e-07,1.963651357073104e-07,1.954032029516384e-07,4.321382696126364e-10
720575940627174994,720575940627174994,2,0.0041635828092694,0.0041373064741492,2.6277435608790256e-05,0.0041073630563914,3.684491457534023e-05,0.0,3.684491457534023e-05,0.0
720575940627174994,720575940627174994,3,0.0013900677440688,0.0013597740326076,3.0293438612716272e-05,0.0013436613371595,1.0012183793151053e-06,4.744499335629371e-07,5.267684741738776e-07,0.0
720575940627174994,720575940627174994,4,0.0006174745944579,0.0006306571885943,2.8403805117704906e-05,0.0005754589307968,1.2976064428856718e-07,3.3066155538108437e-06,9.483039775659564e-08,9.307264292601758e-09
720575940627174994,720575940627174994,5,0.0002936484407409,0.0003048073267564,2.3931741452543065e-05,0.0002587113697489,9.190504993453773e-08,1.432085952046691e-07,2.485311654254474e-07,6.441376321220105e-10
720575940624525043,720575940624525043,2,0.0030602461192756,0.0005240990431047,0.0025361473672091,0.0,0.0009509824449196,0.0002669665263965,0.0006840158603154,0.0
720575940624525043,720575940624525043,3,0.000879299303051,0.0003324441495351,0.0005468550953082,0.0,0.000184500881005,6.380162085406482e-05,0.000120699260151,0.0
720575940624525043,720575940624525043,4,0.000439271514025,0.0002415809431113,0.0002221919858129,0.0,0.0001108935342073,6.66706109768711e-05,4.5677476009586826e-05,0.0
720575940624525043,720575940624525043,5,0.0002597068336818,0.0001393046695739,0.0001365507487207,0.0,6.643189594358632e-05,3.5360259062144905e-05,3.282376201241277e-05,0.0
720575940634743903,720575940634743903,2,0.0057168598286807,0.0056730830110609,4.377594814286567e-05,0.0054378542117774,3.446677510510199e-05,0.0,3.446677510510199e-05,0.0
720575940634743903,720575940634743903,3,0.0017652608221396,0.0016896136803552,7.564674888271838e-05,0.0015025137690827,2.83142094303912e-06,2.0829479581152555e-06,7.484727575501893e-07,0.0
720575940634743903,720575940634743903,4,0.000915401693665,0.0008901713881641,8.629060903331265e-05,0.0006739766422952,2.4651051650086003e-06,4.828833425563062e-06,6.967848094063811e-07,0.0
720575940634743903,720575940634743903,5,0.0005432292396708,0.0005086829769425,8.382728265132755e-05,0.0003339771052769,1.6054351590355678e-06,8.983487305158633e-07,1.15715693027596e-06,3.344291599205462e-08
720575940623171268,720575940623171268,2,0.00371970445849,0.0036842918489128,3.541275509633124e-05,0.0035722022876143,2.8119953640270975e-05,0.0,2.8119953640270975e-05,0.0
720575940623171268,720575940623171268,3,0.0011837526690214,0.0011280679609626,5.56843624508474e-05,0.0010655574733391,1.715921030154277e-06,1.3495115354089648e-06,3.6640975054069713e-07,0.0
720575940623171268,720575940623171268,4,0.0006293802666677,0.0006038990686647,5.705823059543036e-05,0.0005173031961337,3.2931829743671934e-07,2.6330508262617518e-06,1.9320791011523402e-07,0.0
720575940623171268,720575940623171268,5,0.0003752905971538,0.0003498978330753,5.212519317865372e-05,0.0002760866764205,2.4419239934976165e-07,1.881640514511673e-07,3.686887453113741e-07,1.330643684127608e-08
720575940618167579,720575940618167579,2,0.0004869191325269,0.0003165394591633,0.0001703796297078,0.0003097536973655,0.000123835998238,7.57507368689403e-05,4.808526864508167e-05,5.481732659973204e-05
720575940618167579,720575940618167579,3,0.0001372570986859,6.599604967050254e-05,7.126100535970181e-05,3.2500785891897976e-05,5.580645665759221e-05,2.589920404716395e-05,2.990726170537528e-05,4.478872597246664e-06
720575940618167579,720575940618167579,4,7.707212630613602e-05,3.798033503699117e-05,4.144600825384259e-05,6.896823323286078e-06,2.8602335120045607e-05,1.1749717486964071e-05,1.7127036699093878e-05,1.2021213328942906e-06
720575940618167579,720575940618167579,5,5.0772516933713135e-05,2.6453970349393785e-05,2.5825213015195917e-05,1.964254670410571e-06,2.020796928818771e-05,1.00752795333392e-05,1.0348625437472949e-05,6.256008804411484e-07
720575940625369096,720575940625369096,2,0.0013427373487502,0.0001778644364094,0.0011648727813735,0.0,7.081253716023639e-05,2.9195409297244623e-05,4.1617127862991765e-05,0.0
720575940625369096,720575940625369096,3,0.000245209375862,9.666808909969404e-05,0.0001485412503825,0.0,6.980635953368619e-05,1.798303856048733e-05,5.182331005926244e-05,0.0
720575940625369096,720575940625369096,4,0.0001410259732689,6.956732249818742e-05,7.537044439231977e-05,0.0,8.881564456997225e-05,3.621012001531199e-05,5.2707553550135344e-05,0.0
720575940625369096,720575940625369096,5,9.317303721814064e-05,4.817440276383422e-05,4.720132346847095e-05,0.0,5.820023412803999e-05,2.949946247099433e-05,2.8946795282536183e-05,0.0
720575940640205501,720575940640205501,2,0.0036521293222904,0.0027313032187521,0.0009208259871229,0.0027295644395053,0.0011133210500702,0.000911679060664,0.0002016421494772,0.000911216600798
720575940640205501,720575940640205501,3,0.0008023077389225,0.0003633267187979,0.0004389811074361,0.0002248770178994,0.0001739465078571,9.815130761126056e-05,7.57951638661325e-05,4.880397682427429e-05
720575940640205501,720575940640205501,4,0.0003078234802396,0.0001714472018647,0.0001703043380985,3.899903614066679e-05,7.05440593941901e-05,3.538572127581574e-05,3.7704885471612215e-05,7.693181367800384e-06
720575940640205501,720575940640205501,5,0.0001509829764834,8.560926653444767e-05,8.357740443898365e-05,9.1883385945117e-06,3.2543002990206224e-05,1.688694828771986e-05,1.6621230315649882e-05,2.400240743063456e-06
720575940630655786,720575940630655786,2,0.0016459643375128,0.0009116156725212,0.0007343490142375,0.0009022331796586,0.0001758146099746,0.0001554799237055,2.0334675355115905e-05,0.0001554799382574
720575940630655786,720575940630655786,3,0.0003198371850885,0.0001698872365523,0.00014994997764,9.443237649975345e-05,7.347651262534782e-05,4.405660365591757e-05,2.941989805549383e-05,4.214936780044809e-05
720575940630655786,720575940630655786,4,0.0001275161349088,6.643056258326396e-05,6.687850691378117e-05,1.7182602558111438e-05,3.515304728216151e-05,1.3507341463991906e-05,2.177317583118565e-05,4.9077612610758575e-06
720575940630655786,720575940630655786,5,6.527626444563155e-05,3.471280797384679e-05,3.3394295314792544e-05,4.33836499496804e-06,1.7997443777226593e-05,9.094819688471034e-06,9.039509677677415e-06,1.204940889936922e-06
720575940632804435,720575940632804435,2,0.0038393829017877,0.0013232807395979,0.0025161015801131,0.0013070224085822,0.0001242657890543,5.3467188990907744e-05,7.079859642544761e-05,5.207838330534287e-05
720575940632804435,720575940632804435,3,0.000792616396211,0.0004087958368472,0.0003838210832327,8.869657176546752e-05,0.0001747510250424,4.546893615042791e-05,0.000129282096168,1.3792636309517547e-05
720575940632804435,720575940632804435,4,0.0003457543709213,0.0001918135531013,0.0001833534333854,1.913937528079494e-05,7.967857399661073e-05,3.875595575664192e-05,4.118867582292296e-05,4.290204887534923e-06
720575940632804435,720575940632804435,5,0.0002135812865265,0.0001140307213063,0.0001148227311205,5.576122044473752e-06,4.945146703629036e-05,2.582750857982319e-05,2.4281220248667523e-05,1.3253074505307413e-06
720575940633744632,720575940633744632,2,0.0002924068830907,0.0001330517698079,0.0001593550841789,0.0,9.31152953853598e-06,0.0,9.31152953853598e-06,0.0
720575940633744632,720575940633744632,3,7.983885006979108e-05,4.286525654606521e-05,3.697358624776825e-05,0.0,2.179683633585228e-06,1.437558466932387e-06,7.421253371830971e-07,0.0
720575940633744632,720575940633744632,4,3.35099351140085e-05,1.680880995991174e-05,1.740174957376439e-05,0.0,3.128942373188733e-06,1.3848635944668786e-06,1.7567210761626484e-06,0.0
720575940633744632,720575940633744632,5,1.7302922564503753e-05,8.73162571224384e-06,9.107505320571365e-06,0.0,2.8491518118032705e-06,1.4055358406039886e-06,1.449276169296354e-06,0.0
720575940632732985,720575940632732985,2,0.0066410885192453,0.0021469963248819,0.0044940919615328,0.0,0.0,0.0,0.0,0.0
720575940632732985,720575940632732985,3,0.0019587173592299,0.0009809753391891,0.0009777416707947,0.0,1.996744867938105e-05,3.51174548995914e-06,1.6455704098916613e-05,0.0
720575940632732985,720575940632732985,4,0.0010655950976137,0.0006035933620296,0.0005630455561913,0.0,9.771567420102656e-06,3.1502213460044004e-06,6.621346074098256e-06,0.0
720575940632732985,720575940632732985,5,0.0005304995550617,0.0003048630605917,0.0002924144791904,0.0,5.803176880489305e-06,2.904399252656731e-06,2.916646508310805e-06,0.0
720575940639239908,720575940639239908,2,0.0030841694679111,0.0024491916410624,0.0006349782925099,0.0,0.0004761905001942,0.0,0.0004761905001942,0.0
720575940639239908,720575940639239908,3,0.0011370324064046,0.0004375598800834,0.0006994723225943,0.0,4.318625724408776e-05,2.1435658709378916e-05,2.1750598534708843e-05,0.0
720575940639239908,720575940639239908,4,0.0005918435061371,0.0003534142742864,0.0002606871712487,0.0,8.646884448013784e-05,4.563437687465921e-05,4.156104114372283e-05,0.0
720575940639239908,720575940639239908,5,0.0003818732875088,0.0001865388185251,0.0002185306220781,0.0,5.844345072389226e-05,3.46447377523873e-05,2.407788451819215e-05,0.0
720575940638544317,720575940638544317,2,0.0019419147865846,0.0008207508944906,0.0011211638338863,0.0,2.833021881087916e-06,0.0,2.833021881087916e-06,0.0
720575940638544317,720575940638544317,3,0.0005508765461854,0.000334350799676,0.0002165259502362,0.0,0.0002249643439427,0.0002247495722258,2.147587565559661e-07,0.0
720575940638544317,720575940638544317,4,0.0002177881454046,0.0001224913721671,0.0001037371548591,0.0,3.2299447812409784e-05,2.0701667381217703e-05,1.1607880878727885e-05,0.0
720575940638544317,720575940638544317,5,0.0001121734138454,6.003608723403886e-05,5.925022924202494e-05,0.0,1.5994182390520462e-05,1.085022904590005e-05,5.240201062406413e-06,0.0
720575940619084909,720575940619084909,2,0.0004349331720732,8.367405098397285e-05,0.0003512590774334,0.0,0.0001045600074576,3.812114641732478e-07,0.0001041788054862,0.0
720575940619084909,720575940619084909,3,0.0001759855367708,8.756140596233308e-05,8.842416718835011e-05,0.0,0.0001132862671511,5.908346429350786e-05,5.420278830570169e-05,0.0
720575940619084909,720575940619084909,4,0.0001001176257177,5.389039870351553e-05,4.712367081083357e-05,0.0,6.387881045755674e-05,3.247054337407462e-05,3.154117439407855e-05,0.0
720575940619084909,720575940619084909,5,5.8443236272252925e-05,3.0170369427651167e-05,2.9349548640311696e-05,0.0,3.690374223706041e-05,1.829246684792452e-05,1.891324427560903e-05,0.0
720575940626019197,720575940626019197,2,0.0002880718093365,0.00018511817,0.00010295362,0.0,2.838490047452069e-07,2.838490047452069e-07,0.0,0.0
720575940626019197,720575940626019197,3,8.847887511365116e-05,5.7882615e-05,3.059628e-05,0.0,7.342909611907089e-06,2.2003387130098417e-06,5.142570898897247e-06,0.0
720575940626019197,720575940626019197,4,4.7130452245101297e-05,2.3146984e-05,2.5073183e-05,0.0,6.975317836471118e-06,3.276269808338838e-06,3.699109129229328e-06,0.0
720575940626019197,720575940626019197,5,2.8635948929822008e-05,1.3623065e-05,1.5932732e-05,0.0,6.162151605362072e-06,3.1751562801218824e-06,2.995604290845222e-06,0.0
720575940642533156,720575940642533156,2,0.0007056391914375,0.00047134384,0.00023429534,0.0,0.0001249030901817,0.0001249030901817,0.0,0.0
720575940642533156,720575940642533156,3,0.0001583201665198,0.00010560076,5.2719377e-05,0.0,1.5358917153207585e-05,1.258647989743622e-05,2.772437710518716e-06,0.0
720575940642533156,720575940642533156,4,4.866316090155218e-05,2.7922177e-05,3.0847925e-05,0.0,5.2148767187462905e-06,2.856704668374732e-06,2.394373041170184e-06,0.0
720575940642533156,720575940642533156,5,1.946920610809231e-05,1.0182033e-05,1.41321325e-05,0.0,2.6629000259227195e-06,1.3520668744604336e-06,1.3383660188992508e-06,0.0
720575940630142875,720575940630142875,2,0.0011216950369998,0.00049026054,0.0006314348,0.0,0.0001820893085096,0.0001600752875674,2.2013999114278704e-05,0.0
720575940630142875,720575940630142875,3,0.0003384613955859,0.00021765876,0.00012080274,0.0,0.0001200636179419,0.0001063726303982,1.3690995729120914e-05,0.0
720575940630142875,720575940630142875,4,0.0001961425035174,0.00010325035,9.611596e-05,0.0,4.29083219014644e-05,2.501751077943481e-05,1.795740899979137e-05,0.0
720575940630142875,720575940630142875,5,0.0001165980747273,5.9435813e-05,5.9811216e-05,0.0,2.947270831272753e-05,1.500500184192788e-05,1.4589440979762005e-05,0.0
720575940629840207,720575940629840207,2,0.0221089795231819,0.021936238,0.00017274029,0.0,0.0,0.0,0.0,0.0
720575940629840207,720575940629840207,3,0.0111449221149086,0.00028752675,0.010857398,0.0,1.0258467142421068e-07,1.0258467142421068e-07,0.0,0.0
720575940629840207,720575940629840207,4,0.005589125214801,0.0062192725,0.00032243706,0.0,3.940874080399226e-07,1.4308504603377514e-07,2.5100237621700217e-07,0.0
720575940629840207,720575940629840207,5,0.0028080964155152,0.00031336857,0.00363648,0.0,3.813104660920552e-07,2.103321889990184e-07,1.7112324712798e-07,0.0
720575940629259023,720575940629259023,2,0.0034887446090579,0.0026553732,0.00083337096,0.0,0.0001214329022332,0.0,0.0001214329022332,0.0
720575940629259023,720575940629259023,3,0.0013185996795073,0.00052385405,0.0007947456,0.0,3.3160952170874225e-06,9.664764775152437e-07,2.3496186258853413e-06,0.0
720575940629259023,720575940629259023,4,0.0006443940235599,0.00039569614,0.00027687126,0.0,1.3360038204529297e-05,1.1099538824055344e-05,2.4457801828248198e-06,0.0
720575940629259023,720575940629259023,5,0.0004036413202156,0.00020041224,0.00023194184,0.0,1.378616673647868e-05,5.142661848367425e-06,8.684533895575441e-06,0.0
720575940639182424,720575940639182424,2,0.0016007681842893,0.0006204723,0.0009802959,0.0006202533259056,9.247578418580816e-07,0.0,9.247578418580816e-07,0.0
720575940639182424,720575940639182424,3,0.000209065110539,0.00010751423,0.000101550846,8.467824955005199e-05,1.3587797184300143e-05,5.885956852580421e-06,7.701842150709126e-06,4.206334779155441e-06
720575940639182424,720575940639182424,4,9.576836181507909e-05,4.444433e-05,5.5899964e-05,1.3010357964564372e-05,1.0744071146156114e-05,5.70438351132907e-06,5.041842996433843e-06,2.069344191113487e-06
720575940639182424,720575940639182424,5,5.134983463299866e-05,2.843684e-05,2.6194952e-05,2.575959863575001e-06,9.702547099323244e-06,5.873213467566529e-06,3.8447751649073325e-06,8.459420291558876e-07
720575940627690246,720575940627690246,2,0.0054231411777436,0.0040436266,0.0013795143,0.0030736210756003,0.0068621607497334,0.0041520637460052,0.0027100958395749,0.0017118803225457
720575940627690246,720575940627690246,3,0.0030945634935051,0.0017212782,0.0013732868,0.0010990058071911,0.0030025681480765,0.0015271521406248,0.0014754158910363,0.0006023003952577
720575940627690246,720575940627690246,4,0.0028086501775029,0.0014045343,0.0014961488,0.0005662935862539,0.0018225526876641,0.0011353451991453,0.0007884705555625,0.0003058800278483
720575940627690246,720575940627690246,5,0.0023582294421252,0.0012681857,0.0012177892,0.0002956896595514,0.0011240502645083,0.0007127845892682,0.0005327218677848,0.0001558784020354
720575940636241550,720575940636241550,2,0.0021534746047109,0.00034584617,0.0018076289,0.0,0.001257874071598,0.0007728152559138,0.0004850588738918,0.0
720575940636241550,720575940636241550,3,0.0008371486910618,0.00032081662,0.0005163319,0.0,0.0005299336044117,0.0002458328963257,0.0002841007662937,0.0
720575940636241550,720575940636241550,4,0.0005598233109613,0.0002592165,0.00032501743,0.0,0.0004231292634334,0.0001714655663818,0.0002592754899524,0.0
720575940636241550,720575940636241550,5,0.0004779004002108,0.00024483318,0.00025579566,0.0,0.0002584131829832,0.0001260813442058,0.0001448346301913,0.0
720575940628317715,720575940628317715,2,0.0163005534559488,0.015857697,0.0004428618,0.0,4.680004622059641e-06,4.680004622059641e-06,0.0,0.0
720575940628317715,720575940628317715,3,0.007833644747734,0.00041457603,0.0074190684,0.0,1.0545904842729217e-06,2.083286290144315e-07,8.4626185525849e-07,0.0
720575940628317715,720575940628317715,4,0.0041700712426223,0.0042900867,0.00041041675,0.0,2.857175667216814e-06,1.4937163541617338e-06,1.364021272820537e-06,0.0
720575940628317715,720575940628317715,5,0.0023238684815292,0.00036343522,0.002589718,0.0,1.6989259953666532e-06,1.0487023018868058e-06,6.536394039358129e-07,0.0
720575940630348140,720575940630348140,2,0.016017597168684,0.0159304,8.719724e-05,0.0,2.8199835924169747e-06,2.8199835924169747e-06,0.0,0.0
720575940630348140,720575940630348140,3,0.008466606028378,0.00018031,0.008286297,0.0,4.738576080853818e-06,4.688687567977468e-06,4.98890884159664e-08,0.0
720575940630348140,720575940630348140,4,0.0050304784850251,0.0053177495,0.00021401365,0.0,1.035757969394098e-06,4.647820048830909e-07,5.715194220101694e-07,0.0
720575940630348140,720575940630348140,5,0.0030962283612249,0.00021824625,0.0035253724,0.0,8.551028973351578e-07,5.829355131936609e-07,2.8353025527394493e-07,0.0
720575940621905869,720575940621905869,2,0.0172090847045183,0.015925769,0.0012833073,0.0,2.352526098547969e-05,0.0,2.352526098547969e-05,0.0
720575940621905869,720575940621905869,3,0.0093910424038767,0.00030495293,0.009086091,0.0,2.103273345710477e-06,1.5937085890982416e-06,5.095648134556541e-07,0.0
720575940621905869,720575940621905869,4,0.0056820177290719,0.005723466,0.000476403,0.0,6.7668748993940855e-06,5.615824193228036e-06,1.1930496839340776e-06,0.0
720575940621905869,720575940621905869,5,0.0035701871482075,0.0005282001,0.0037336177,0.0,2.5476748129031945e-06,2.164658781111939e-06,4.353844076376845e-07,0.0
720575940622609299,720575940622609299,2,0.0228179059922695,0.02269452,0.00012338982,0.0,0.0003830179339274,0.0003231072914786,5.991065700072795e-05,0.0
720575940622609299,720575940622609299,3,0.0150305330753326,0.00031815987,0.014712372,0.0,2.004013003897853e-05,1.318831982644042e-05,6.8518079388013575e-06,0.0
720575940622609299,720575940622609299,4,0.009819683058599,0.010362443,0.00044380524,0.0,3.063552167745808e-05,1.2803540812456047e-05,1.849907130235806e-05,0.0
720575940622609299,720575940622609299,5,0.0062879264386846,0.0005229397,0.0073302216,0.0,1.6312160886825915e-05,5.1666302169905975e-06,1.1312695278320462e-05,0.0
720575940607001986,720575940607001986,2,0.000711724627763,0.00045413565,0.000257589,0.0004476634785532,3.486847708700225e-05,3.486847708700225e-05,0.0,0.0
720575940607001986,720575940607001986,3,0.0001933765306603,8.911843e-05,0.00010425807,6.059241422917694e-05,1.7892019968712702e-05,1.086393058358226e-05,7.0280898398777936e-06,0.0
720575940607001986,720575940607001986,4,0.0001089852434235,4.9840113e-05,6.147353e-05,1.6526790835485843e-05,5.2423964941967295e-06,3.1031813705340028e-06,2.20488800550811e-06,6.103335437046553e-08
720575940607001986,720575940607001986,5,8.223894736767241e-05,4.2403146e-05,4.207764e-05,6.033680124963178e-06,3.182970043025083e-06,1.529635483166203e-06,1.74011643139238e-06,1.7945327002166778e-08
720575940628869391,720575940628869391,2,0.0003427545598242,0.00029046705,5.2287458e-05,0.0,3.870797081617639e-05,0.0,3.870797081617639e-05,0.0
720575940628869391,720575940628869391,3,3.809280678979121e-05,1.6234595e-05,2.185822e-05,0.0,2.412707544863224e-06,1.024297375806782e-07,2.310277750439127e-06,0.0
720575940628869391,720575940628869391,4,1.589496242551676e-05,8.111771e-06,8.2921815e-06,0.0,2.9313609169919392e-06,1.6812040257718763e-06,1.305777118432161e-06,0.0
720575940628869391,720575940628869391,5,1.1146159273150132e-05,5.913221e-06,5.4440234e-06,0.0,2.4934302289065053e-06,1.205298076456529e-06,1.2978832728549603e-06,0.0
720575940623297038,720575940623297038,2,0.0159213654696941,0.015849072,7.229499e-05,0.0,0.0,0.0,0.0,0.0
720575940623297038,720575940623297038,3,0.0080816177651286,0.00022422518,0.007857391,0.0,1.656048652876052e-06,1.13509452148719e-06,5.20954188232281e-07,0.0
720575940623297038,720575940623297038,4,0.0045972100091797,0.00477157,0.0003173818,0.0,2.505074007785879e-06,1.4141694464342436e-06,1.0909049024121489e-06,0.0
720575940623297038,720575940623297038,5,0.0027262235059215,0.0003625037,0.002986323,0.0,2.3489332246588742e-06,1.8834754200725e-06,4.684704890678404e-07,0.0
720575940624666245,720575940624666245,2,0.0006857137777842,2.2219316e-05,0.0006634945,0.0,0.0,0.0,0.0,0.0
720575940624666245,720575940624666245,3,0.0001156502330559,6.410768e-05,5.1542534e-05,0.0,4.440742941369535e-06,2.6756854367704364e-06,1.7650573909122611e-06,0.0
720575940624666245,720575940624666245,4,8.198622561651004e-05,4.5011835e-05,3.9152295e-05,0.0,5.7598058447183575e-06,3.217119228793308e-06,2.542688889661804e-06,0.0
720575940624666245,720575940624666245,5,7.343428526289776e-05,3.809298e-05,3.6841193e-05,0.0,5.211895727456447e-06,3.2308332720276667e-06,1.9882340893673245e-06,0.0
720575940608909870,720575940608909870,2,0.0039646080695092,0.0032072994,0.0007573094,0.0,0.0,0.0,0.0,0.0
720575940608909870,720575940608909870,3,0.0014713951386511,0.00059184106,0.0008795541,0.0,4.175581125309691e-06,3.232060635127709e-06,9.435208312424948e-07,0.0
720575940608909870,720575940608909870,4,0.000713974736198,0.00044645972,0.00029669935,0.0,1.4961366105126215e-05,1.4366510185936932e-05,5.948563739366364e-07,0.0
720575940608909870,720575940608909870,5,0.0004516641479822,0.00021552938,0.00026688038,0.0,4.315617195964551e-05,2.2856484065414406e-06,4.088011701242067e-05,0.0
720575940621447704,720575940621447704,2,0.0034895241260528,0.0034473937,4.2131393e-05,0.0033473842777311,2.324503475392703e-05,0.0,2.324503475392703e-05,0.0
720575940621447704,720575940621447704,3,0.0010432666167616,0.0009897755,5.3491407e-05,0.0009406268363818,1.577923285367433e-06,1.2257479511390557e-06,3.521754763369245e-07,0.0
720575940621447704,720575940621447704,4,0.000572504873928,0.000545057,5.4758937e-05,0.00047011690059,6.664293511525891e-07,2.3980117020983016e-06,3.324848592001217e-07,8.653206151620907e-09
720575940621447704,720575940621447704,5,0.0003468650772342,0.0003192784,4.9869854e-05,0.0002547070160917,3.790815971820077e-07,2.329187651639586e-07,4.09203892104415e-07,1.6878590969326982e-08
720575940621626406,720575940621626406,2,0.0050586215220391,0.0050360006,2.2622451e-05,0.00501031242311,3.2593579817330465e-05,0.0,3.2593579817330465e-05,0.0
720575940621626406,720575940621626406,3,0.0011767863761633,0.0011433428,3.3443415e-05,0.0011245467467233,1.017157160276838e-06,1.1916399245137654e-07,8.979931180874701e-07,0.0
720575940621626406,720575940621626406,4,0.0005407400053056,0.0005592029,3.3045202e-05,0.0004909083016099,2.485933817753414e-07,3.008744670296437e-06,1.3403328580352536e-07,2.002120025323961e-09
720575940621626406,720575940621626406,5,0.0002836809622255,0.00028633655,2.8402905e-05,0.0002412210416772,1.8842270727584482e-07,1.8951942593048446e-07,2.149798348227705e-07,3.039032914209372e-10
720575940604493024,720575940604493024,2,0.0014010700397193,0.0013538342,4.7235404e-05,0.0013262060238048,3.190010102116503e-05,0.0,3.190010102116503e-05,0.0
720575940604493024,720575940604493024,3,0.0002211490063928,0.00017534493,4.5804067e-05,0.0001552854810142,2.986465005960781e-06,2.5826507226156536e-06,4.038141128148709e-07,0.0
720575940604493024,720575940604493024,4,0.0001223173366477,8.996439e-05,3.8874074e-05,6.380277428417396e-05,7.805266895746891e-07,3.102460141235497e-06,5.106707021695911e-07,1.5197010316825301e-09
720575940604493024,720575940604493024,5,7.740193688470535e-05,5.2402374e-05,3.027889e-05,3.07523301359055e-05,6.620314716655592e-07,2.993695886743808e-07,8.100202535388235e-07,5.621575982495131e-10
720575940603317216,720575940603317216,2,0.0026679562870413,0.0026274244,4.0531788e-05,0.0025887114461511,0.0002562799782026,0.000238106586039,1.8173390344600197e-05,0.000238106586039
720575940603317216,720575940603317216,3,0.0003353859938215,0.00028898893,4.639689e-05,0.0002683862694539,2.6882564725383418e-06,1.5430149460371467e-06,1.1452416401880328e-06,0.0
720575940603317216,720575940603317216,4,0.0001447118633279,0.000118313306,4.0807827e-05,8.379439754355757e-05,4.089212562202247e-06,4.135852122999495e-06,3.762526148420875e-06,3.9745599606529104e-08
720575940603317216,720575940603317216,5,8.777335704759157e-05,6.221562e-05,3.2567506e-05,3.790044004539078e-05,9.396224574645372e-07,5.827791937917937e-07,7.279846272467694e-07,9.814399196565109e-09
720575940617820929,720575940617820929,2,0.0017697592265903,0.0017305418,3.9216822e-05,0.0016981817316263,4.023898873128928e-05,0.0,4.023898873128928e-05,0.0
720575940617820929,720575940617820929,3,0.0002262867346871,0.0001858229,4.0463878e-05,0.000165511140949,3.676259666463011e-06,2.627134108479368e-06,1.0491252169231302e-06,0.0
720575940617820929,720575940617820929,4,0.0001176371843153,9.2928756e-05,3.4319324e-05,6.407593130909679e-05,1.321519877825223e-06,4.018196705146693e-06,8.76391823112499e-07,2.42238122893923e-08
720575940617820929,720575940617820929,5,7.478255129367021e-05,5.3760697e-05,2.7246875e-05,3.1762497707142174e-05,6.511143928029925e-07,3.727683406395954e-07,8.311637884617085e-07,2.4577162527350534e-09
720575940626782845,720575940626782845,2,0.0020737128797918,0.002016846,5.686714e-05,0.0019632638432085,3.0782826797803864e-05,0.0,3.0782826797803864e-05,0.0
720575940626782845,720575940626782845,3,0.0002830440644174,0.00023612806,4.6916186e-05,0.0002068364265142,3.2930070119618904e-06,2.6244972559652524e-06,6.685100402137323e-07,0.0
720575940626782845,720575940626782845,4,0.000132812461111,0.00010374625,3.941282e-05,6.818220014984907e-05,7.81745841267946e-07,3.050355871891952e-06,4.647860691875394e-07,0.0
720575940626782845,720575940626782845,5,8.202669746060521e-05,5.7564655e-05,3.077618e-05,3.149267919238266e-05,6.534320800510573e-07,3.651293809525669e-07,7.54640666400519e-07,3.4840766383048555e-10
720575940627578055,720575940627578055,2,0.007188462652266,0.0017854827,0.0054029766,0.0,0.0088719613850116,0.0018390391487628,0.0070329206064343,0.0
720575940627578055,720575940627578055,3,0.0028920318000018,0.0012177257,0.0016743063,0.0,0.0018961225869134,0.0006640994688495,0.0012320221867412,0.0
720575940627578055,720575940627578055,4,0.0016087068263924,0.0008422396,0.00084579655,0.0,0.0008748244374286,0.000488040910568,0.0004896498285233,0.0
720575940627578055,720575940627578055,5,0.0007532379852945,0.0004159443,0.00041446718,0.0,0.0003604886379798,0.0002075764350593,0.0002010908792726,0.0
720575940631099091,720575940631099091,2,0.0006486745551228,0.0002785339,0.0003701406,0.000278533931123,7.511665171477944e-05,8.660354069434106e-06,6.645629764534533e-05,8.660354069434106e-06
720575940631099091,720575940631099091,3,9.504026820650324e-05,3.928395e-05,5.575631e-05,3.153601210215129e-05,3.367001409060322e-05,2.2276091840467416e-05,1.13939213406411e-05,2.063100146187935e-05
720575940631099091,720575940631099091,4,4.901949037584466e-05,2.749042e-05,2.4882855e-05,1.0004741153377162e-05,3.06574347626267e-05,1.653765866649337e-05,1.4319984984467736e-05,3.6880124257307863e-06
720575940631099091,720575940631099091,5,3.389790172413648e-05,1.7819819e-05,1.731139e-05,3.265978595013376e-06,1.5134936014184829e-05,7.758763786114287e-06,7.475458005501423e-06,9.045683805143748e-07
720575940609959637,720575940609959637,2,0.004497789312154,0.0006664161,0.0038313735,0.0,0.0005590370274148,1.0153269158763578e-06,0.0005580217111855,0.0
720575940609959637,720575940609959637,3,0.0007358657894656,0.00016922798,0.00056663813,0.0,5.35422186658252e-05,2.6922709366772324e-05,2.6619502023095265e-05,0.0
720575940609959637,720575940609959637,4,0.000318663480607,0.0001838564,0.00017875568,0.0,9.323270558658244e-05,4.5352124288911e-05,4.854327198700048e-05,0.0
720575940609959637,720575940609959637,5,0.0001818381135585,9.494931e-05,0.00010337656,0.0,4.732377068598636e-05,2.3341814085142687e-05,2.42570458794944e-05,0.0
720575940631189295,720575940631189295,2,0.0009299467783421,0.0004980978,0.00043184892,0.0004905888345092,0.000516818719916,0.0002034405770245,0.0003133781428914,0.0001810456014936
720575940631189295,720575940631189295,3,0.0001161857799161,4.6053894e-05,7.013195e-05,2.842809044523165e-05,3.569379259715788e-05,2.059395410469733e-05,1.5099830307008231e-05,5.765592504758388e-06
720575940631189295,720575940631189295,4,4.184096583611113e-05,2.5864274e-05,2.3013912e-05,4.247040767787839e-06,1.882891902493704e-05,1.0761816156446002e-05,9.984996722778304e-06,2.02521533370457e-06
720575940631189295,720575940631189295,5,2.3602064325640628e-05,1.3312616e-05,1.2314027e-05,1.038250432336091e-06,1.2275956454417696e-05,6.637043497903505e-06,5.962816885585198e-06,4.450578820916878e-07
720575940639599323,720575940639599323,2,5.355618850444444e-05,1.3152345e-05,4.0403844e-05,1.1420790542615578e-05,3.390252231838531e-06,2.061966370092705e-06,1.328285861745826e-06,0.0
720575940639599323,720575940639599323,3,1.8307131540495906e-05,7.855422e-06,1.0451717e-05,3.343536945976666e-06,2.4728901735215918e-06,1.631005488889059e-06,8.418843435720191e-07,1.2053286582158762e-06
720575940639599323,720575940639599323,4,1.0405007682658942e-05,5.3383756e-06,5.1276616e-06,7.65146426758387e-07,5.06777703206918e-06,2.702480742300395e-06,2.368023615417769e-06,3.901006948581198e-07
720575940639599323,720575940639599323,5,9.115432365073602e-06,4.6840364e-06,4.5715624e-06,3.824936424353571e-07,5.455575835970185e-06,2.8190802368044388e-06,2.6401967261335813e-06,3.561491978772972e-07
720575940611228462,720575940611228462,2,0.0028852429240942,0.0028219474,6.329548e-05,0.0025345711037516,2.897207195928786e-05,0.0,2.897207195928786e-05,0.0
720575940611228462,720575940611228462,3,0.0008930601761676,0.0008157343,7.7325516e-05,0.0006423293962143,4.962555976817384e-06,4.470218755159294e-06,4.923372216580901e-07,0.0
720575940611228462,720575940611228462,4,0.0005462239690069,0.00049103115,7.652469e-05,0.0003232797209524,3.278970091731203e-06,3.764214625334717e-06,2.087362418023986e-06,0.0
720575940611228462,720575940611228462,5,0.0003565164549177,0.00030984692,6.80788e-05,0.0001728488354613,1.894345891108308e-06,9.513039458397544e-07,1.539624463475775e-06,7.082903707988918e-10
720575940628686595,720575940628686595,2,0.0002949514891952,0.00020018715,9.4764335e-05,0.0002001871616812,2.271546509291511e-05,2.271546509291511e-05,0.0,2.271546509291511e-05
720575940628686595,720575940628686595,3,8.344026718987152e-05,3.327765e-05,5.0162624e-05,1.6870882973307744e-05,1.1185589755768888e-05,4.640653060050681e-06,6.544935786223505e-06,3.4286970276298234e-06
720575940628686595,720575940628686595,4,4.389059125625741e-05,1.5695612e-05,2.9226576e-05,2.889292865033891e-06,8.738453530199451e-06,3.8467696867883205e-06,4.977844582754187e-06,6.249344791650393e-07
720575940628686595,720575940628686595,5,2.163342162549379e-05,1.0949285e-05,1.1407998e-05,8.133047746290169e-07,5.240762345912959e-06,2.6468271698831813e-06,2.632259111123858e-06,1.7209068200465914e-07
720575940619403201,720575940619403201,2,0.0012042927555739,0.0010690953,0.0001351974,0.0010655093938112,0.0001358555018668,0.0001343700132565,1.4854897472105222e-06,0.0001319657749263
720575940619403201,720575940619403201,3,0.0002076406526612,0.00010718763,0.00010045299,8.021183748496696e-05,9.8408134363126e-05,4.470789644983597e-05,5.3700241551268846e-05,2.7665490051731467e-05
720575940619403201,720575940619403201,4,6.346168686499124e-05,3.5685378e-05,3.0087747e-05,7.225164399384959e-06,2.6761524705909567e-05,1.3806307833874598e-05,1.2986420188099146e-05,1.7301201279324745e-06
720575940619403201,720575940619403201,5,3.421483236494948e-05,1.8489452e-05,1.6912512e-05,1.6473002256128e-06,1.7140375913493115e-05,9.62767080636695e-06,7.6109076871944126e-06,1.7594967375629745e-06
720575940612907121,720575940612907121,2,0.0051246453076601,0.004078577,0.001046069,0.0035385149531066,0.0060221375897526,0.0044348430819809,0.0015872928779572,0.0033972710371017
720575940612907121,720575940612907121,3,0.0032215646933764,0.0021437102,0.0010778544,0.0015512636164203,0.0032702463213354,0.0024163357447832,0.0008539104601368,0.001555353635922
720575940612907121,720575940612907121,4,0.0024986420225397,0.0014970587,0.0010826371,0.0007833783740599,0.0020331628025066,0.0015410861233249,0.0005989138735458,0.0008086197591015
720575940612907121,720575940612907121,5,0.0020764833877556,0.0012051108,0.0009965678,0.0003985976704807,0.00126924714114,0.0009962309850379,0.0004358827427495,0.0004057056617108
720575940644255255,720575940644255255,2,0.0011290489928796,9.1565074e-05,0.001037484,0.0,8.911956683732569e-05,4.710567009169608e-05,4.2013889469672e-05,0.0
720575940644255255,720575940644255255,3,0.0002786362601909,0.0001048064,0.00017382985,0.0,5.8206049288855866e-05,1.6320291251759045e-05,4.1885759856086224e-05,0.0
720575940644255255,720575940644255255,4,0.0002401007188942,0.00012035714,0.00012654805,0.0,4.109057298008815e-05,1.6602341929683462e-05,2.537968975957483e-05,0.0
720575940644255255,720575940644255255,5,0.0001940275354298,9.836107e-05,0.00010109217,0.0,3.305312573288596e-05,1.307776983594522e-05,2.156140180886723e-05,0.0
720575940631246765,720575940631246765,2,0.0174366179853677,0.017230744,0.00020587626,0.0,1.4201318663253916e-05,1.4201318663253916e-05,0.0,0.0
720575940631246765,720575940631246765,3,0.0078934160992503,0.00018679941,0.007706618,0.0,9.013705493998714e-06,4.99057841807371e-06,4.023125711682951e-06,0.0
720575940631246765,720575940631246765,4,0.0039280910475187,0.004244742,0.0002746634,0.0,2.3293078149456828e-05,1.0926250070042444e-05,1.2382362911012024e-05,0.0
720575940631246765,720575940631246765,5,0.0020145034185225,0.0002808433,0.0023928555,0.0,1.4968789917692988e-05,1.1804331734310836e-05,3.1922240850690287e-06,0.0
720575940611669987,720575940611669987,2,0.0229370016604661,0.02275492,0.00018208072,0.0,0.0,0.0,0.0,0.0
720575940611669987,720575940611669987,3,0.0109593188390135,0.00032339944,0.010635913,0.0,3.847344487439841e-07,7.586316286278817e-08,3.088712787757686e-07,0.0
720575940611669987,720575940611669987,4,0.0054964144722796,0.0060798586,0.00035982163,0.0,1.4880174603604246e-06,8.712418093637098e-07,6.167758783703903e-07,0.0
720575940611669987,720575940611669987,5,0.0028430557961766,0.0003478148,0.0035576178,0.0,1.0459643416160851e-06,9.248995525013016e-07,1.221576866328178e-07,0.0
720575940617991195,720575940617991195,2,0.0012044415343552,0.0004148831,0.00078955747,0.0004056555917486,0.0003586889943107,0.0001780453458195,0.0001806436630431,0.000175211491296
720575940617991195,720575940617991195,3,0.0004506869590841,0.00018403989,0.00026664702,9.350036998512223e-05,0.0003760702966246,0.0001451023708796,0.0002309678238816,8.808530401438475e-05
720575940617991195,720575940617991195,4,0.0002800551624909,0.00013762548,0.00014575594,2.6057347734793608e-05,0.0002079987800697,0.0001018126131384,0.0001063993113348,1.9999221637492772e-05
720575940617991195,720575940617991195,5,0.0002152278737975,0.000109991655,0.00010837025,1.0021331423230004e-05,0.0001581892135676,7.882425416028127e-05,7.995485793799162e-05,9.533343797571366e-06
720575940643177495,720575940643177495,2,0.0017170272767543,0.00064124784,0.0010757792,0.0,0.0001845952501753,0.0,0.0001845952501753,0.0
720575940643177495,720575940643177495,3,0.0009246279951184,0.0005726201,0.00035200748,0.0,0.0001594480272615,5.201338717597537e-05,0.0001074346946552,0.0
720575940643177495,720575940643177495,4,0.0004270469492621,0.00023094148,0.00020541501,0.0,4.6090804047637465e-05,2.107625914504752e-05,2.508527904865332e-05,0.0
720575940643177495,720575940643177495,5,0.0002819905940071,0.00014335089,0.00015216655,0.0,3.356550372266941e-05,1.718433850328438e-05,1.6626900105620734e-05,0.0
720575940604481760,720575940604481760,2,0.0016845820937305,0.00073100283,0.00095357985,0.0,4.784163320437074e-05,0.0,4.784163320437074e-05,0.0
720575940604481760,720575940604481760,3,0.0011181000154465,0.00077660964,0.00034148985,0.0,1.968135984498076e-05,4.5355964175541885e-06,1.5145760698942468e-05,0.0
720575940604481760,720575940604481760,4,0.0005106308195633,0.00026459724,0.00025315053,0.0,3.7009545890964455e-05,1.630732549529057e-05,2.0719968233606775e-05,0.0
720575940604481760,720575940604481760,5,0.0003111945099762,0.00015099841,0.00017423835,0.0,2.2139442772750087e-05,1.0819650924531745e-05,1.136303399107419e-05,0.0
720575940610919778,720575940610919778,2,0.0015139117604121,0.0005958977,0.0009180137,0.0,0.0,0.0,0.0,0.0
720575940610919778,720575940610919778,3,0.0007241120911203,0.00043739495,0.00028671738,0.0,5.693312414223328e-05,5.1517981773940846e-05,5.415138275566278e-06,0.0
720575940610919778,720575940610919778,4,0.000347720361149,0.00018906043,0.00016617303,0.0,3.645453034550883e-05,1.773831718310248e-05,1.871620406745933e-05,0.0
720575940610919778,720575940610919778,5,0.0002420471966344,0.00012302186,0.00012883595,0.0,2.1617526803970977e-05,1.0093228411278687e-05,1.1675570931402037e-05,0.0
720575940627581484,720575940627581484,2,0.0007929037092253,0.00077673834,1.616535e-05,0.0007767383358441,0.0,0.0,0.0,0.0
720575940627581484,720575940627581484,3,8.712137787370011e-05,5.8392638e-05,2.8728733e-05,5.206799323786981e-05,3.896193902619416e-06,7.068762215567403e-07,3.1893177947495133e-06,1.394369348872715e-07
720575940627581484,720575940627581484,4,2.52362070252969e-05,1.5430005e-05,1.1724912e-05,7.2132357610001985e-06,1.9365954813110875e-06,1.152974618889857e-06,7.836212034817436e-07,2.3314655095418857e-07
720575940627581484,720575940627581484,5,1.258625043570548e-05,6.9570046e-06,6.578519e-06,1.4433246104493213e-06,2.502457401773962e-06,1.325149924014113e-06,1.1870174603245689e-06,2.657173332323292e-07
720575940623079095,720575940623079095,2,0.0013085448881611,0.0003177822,0.0009907626,0.0,0.0,0.0,0.0,0.0
720575940623079095,720575940623079095,3,0.0002848517615348,0.00014944747,0.00013540429,0.0,2.2337158043228555e-06,1.195389017993875e-06,1.038326900015818e-06,0.0
720575940623079095,720575940623079095,4,8.45529639997381e-05,4.762874e-05,4.2056963e-05,0.0,2.3255070118466392e-06,1.1969553952440035e-06,1.1285512755421223e-06,0.0
720575940623079095,720575940623079095,5,3.962695548394666e-05,2.265181e-05,2.2107495e-05,0.0,2.2004435459319743e-06,1.2064604106853949e-06,9.990071703214198e-07,0.0
720575940614799007,720575940614799007,2,0.0011630327207967,0.0010071018,0.00015593099,0.0,0.0,0.0,0.0,0.0
720575940614799007,720575940614799007,3,0.0002034818317042,0.000118889046,8.4592786e-05,0.0,2.2983930136888373e-07,9.058679495410617e-08,1.392525064147776e-07,0.0
720575940614799007,720575940614799007,4,0.0001107286903664,5.4359312e-05,7.974706e-05,0.0,5.319334377418272e-07,1.982535025035759e-07,3.336799636599608e-07,0.0
720575940614799007,720575940614799007,5,6.862026968055977e-05,3.6149235e-05,5.3144642e-05,0.0,5.498815505933906e-07,3.0809985673840856e-07,2.4279501076307497e-07,0.0
720575940629733114,720575940629733114,2,0.0252175908535718,0.024978602,0.000238991,0.0,0.0004102961393073,0.000220192479901,0.0001901036594063,0.0
720575940629733114,720575940629733114,3,0.0164468996226787,0.00028206132,0.016164841,0.0,1.2798738680430688e-05,7.182320587162394e-06,5.616419002762996e-06,0.0
720575940629733114,720575940629733114,4,0.0106370822553824,0.0113530075,0.00043682347,0.0,3.061829944194209e-05,1.3140906958142295e-05,1.8306649508303963e-05,0.0
720575940629733114,720575940629733114,5,0.0067469130766557,0.000526727,0.0080146855,0.0,1.7097932380157774e-05,6.033130375726614e-06,1.125627568399068e-05,0.0
720575940619048533,720575940619048533,2,0.0013771702069789,0.0003210842,0.0010560857,0.0003170448180753,1.9665103536681272e-05,0.0,1.9665103536681272e-05,0.0
720575940619048533,720575940619048533,3,0.0002189982769777,8.034322e-05,0.00013865507,2.782548290269915e-05,4.261192225385457e-05,1.8943734175991267e-05,2.3668191715842116e-05,3.143952085338242e-07
720575940619048533,720575940619048533,4,9.49792416426484e-05,5.5241915e-05,4.73317e-05,5.031714470340966e-06,1.4164336527398196e-05,7.882435966166668e-06,6.382452738762368e-06,5.4490712386723323e-08
720575940619048533,720575940619048533,5,5.280495138052914e-05,2.889269e-05,2.68829e-05,1.1830377525956902e-06,6.1031977743998665e-06,3.3710232401062967e-06,2.9680700208700728e-06,1.2741789814599849e-08
720575940618380667,720575940618380667,2,0.0013678021496161,0.00071069784,0.0006571043,0.0,0.0005853414186276,0.0003877214330714,0.0001976198982447,0.0
720575940618380667,720575940618380667,3,0.0005228661466389,0.00034991853,0.000172948,0.0,0.0001382989867124,0.0001057470217347,3.255196497775614e-05,0.0
720575940618380667,720575940618380667,4,0.0002090205223108,0.00011675059,9.674893e-05,0.0,4.263339156390451e-05,2.076551027130336e-05,2.247634074592497e-05,0.0
720575940618380667,720575940618380667,5,0.0001115676822943,5.7054516e-05,5.82797e-05,0.0,2.227140907309732e-05,1.0669905350368936e-05,1.2052194506395608e-05,0.0
720575940623911753,720575940623911753,2,0.0005004663253203,0.00018796364,0.00031250267,0.0001835855800891,0.0001892174332169,2.105894236592576e-05,0.0001681585272308,2.105894236592576e-05
720575940623911753,720575940623911753,3,9.060505544766784e-05,5.2205076e-05,3.8399936e-05,3.665414988063276e-05,1.7128651961684227e-05,1.0084896530315746e-05,7.043753612379078e-06,2.5191679924319037e-06
720575940623911753,720575940623911753,4,4.854951685915734e-05,2.6883718e-05,2.2740496e-05,7.556296239514975e-06,2.222153019242206e-05,1.4314873624243774e-05,7.996893145900685e-06,8.895062484580482e-07
720575940623911753,720575940623911753,5,2.759542554726276e-05,1.4706857e-05,1.3630342e-05,1.386455390868568e-06,1.17647414868876e-05,5.936535671935417e-06,5.878113825019682e-06,5.016667307391074e-07
720575940622889997,720575940622889997,2,0.0040411241352558,0.0039512324,8.989206e-05,0.0036982332821935,7.397124863928184e-05,0.0,7.397124863928184e-05,0.0
720575940622889997,720575940622889997,3,0.0013488355325534,0.0012400302,0.00010880546,0.0010210738983005,4.432193236425519e-06,3.0939509088057093e-06,1.338242213932972e-06,0.0
720575940622889997,720575940622889997,4,0.0008467256740598,0.0007705872,0.00011224483,0.0005338199279467,1.3628827635461757e-06,7.438653028657427e-06,4.925926191390317e-07,3.355165256735404e-09
720575940622889997,720575940622889997,5,0.000566924641445,0.0004978339,0.00010383136,0.0002951692083248,1.5066552227753188e-06,9.80915388026915e-07,1.332724991698342e-06,2.159703704762705e-08
720575940625781009,720575940625781009,2,0.0017250669188797,0.001699417,2.5650052e-05,0.0016606103163212,1.879269439086784e-05,0.0,1.879269439086784e-05,0.0
720575940625781009,720575940625781009,3,0.0002413102192804,0.00020643671,3.48736e-05,0.0001853390567703,1.533622025817749e-06,1.167790287581738e-06,3.658315108623356e-07,0.0
720575940625781009,720575940625781009,4,0.0001212992226961,9.629106e-05,3.2525968e-05,6.957266648564768e-05,1.7324926152512447e-06,1.9826393327093683e-06,1.4185661711962894e-06,3.999538200627484e-10
720575940625781009,720575940625781009,5,7.518704839059479e-05,5.336134e-05,2.6745685e-05,3.267850701527685e-05,6.307424205350638e-07,3.442580123191874e-07,5.28068994753994e-07,6.053046952558816e-09
720575940605619744,720575940605619744,2,0.0018111031968146,0.0017792328,3.187003e-05,0.0017208151984959,2.3949676688062027e-05,0.0,2.3949676688062027e-05,0.0
720575940605619744,720575940605619744,3,0.0002654795534908,0.00022723446,3.8245038e-05,0.0002025796566158,2.4380228751397226e-06,2.102573034790112e-06,3.354498403496109e-07,0.0
720575940605619744,720575940605619744,4,0.0001289725123717,0.00010266614,3.480638e-05,7.213055296147467e-05,1.0182407697871475e-06,2.4753192064963514e-06,4.810879090655362e-07,0.0
720575940605619744,720575940605619744,5,7.972919537297046e-05,5.6844354e-05,2.8293136e-05,3.3491445710120906e-05,7.188316826955817e-07,3.8752784803364193e-07,6.744467668795551e-07,4.869649683492128e-10
720575940631335417,720575940631335417,2,0.0019734813831746,0.0019253745,4.8106584e-05,0.001909667160362,1.6665349903632887e-05,0.0,1.6665349903632887e-05,0.0
720575940631335417,720575940631335417,3,0.0002667258959263,0.00021749712,4.9228853e-05,0.0002044218708761,2.688465656319749e-06,2.353702939217328e-06,3.347626602590026e-07,0.0
720575940631335417,720575940631335417,4,0.0001383679148037,0.00010668507,4.123557e-05,8.029333869368365e-05,1.0758367105252766e-06,1.846856889642368e-06,7.087976428010734e-07,0.0
720575940631335417,720575940631335417,5,8.759362911031774e-05,6.0947834e-05,3.2363114e-05,3.9400859605927504e-05,7.396650545820071e-07,3.202654283995799e-07,7.129092409741133e-07,1.8448095828738078e-10
720575940626336381,720575940626336381,2,0.002107439097017,0.0016274654,0.00047997423,0.0,0.0,0.0,0.0,0.0
720575940626336381,720575940626336381,3,0.0006758658564649,0.00024005106,0.00043581473,0.0,3.878928055200959e-06,2.9859065762138925e-06,8.930214789870661e-07,0.0
720575940626336381,720575940626336381,4,0.0004069867190081,0.00026638914,0.00015706543,0.0,8.88732301973505e-06,8.247299774666317e-06,6.400224492608686e-07,0.0
720575940626336381,720575940626336381,5,0.0002890264359449,0.00012634044,0.00017972522,0.0,1.924822836130638e-05,1.4141114661470056e-06,1.7845555703388527e-05,0.0
720575940629585602,720575940629585602,2,0.0003723401168826,5.304556e-05,0.00031929452,0.0,0.0002642427280079,2.3952447008923627e-05,0.0002402902900939,0.0
720575940629585602,720575940629585602,3,0.0001647442259127,5.612442e-05,0.00010861983,0.0,5.293162394082174e-05,2.2614434783463366e-05,3.031719097634777e-05,0.0
720575940629585602,720575940629585602,4,0.0001076589325842,3.882299e-05,6.9745874e-05,0.0,2.408055404259436e-05,1.3481527275871484e-05,1.080463425751077e-05,0.0
720575940629585602,720575940629585602,5,7.607466398399398e-05,2.8087201e-05,4.938934e-05,0.0,1.4283640868107472e-05,7.165483111748472e-06,7.251220267789904e-06,0.0
720575940622552675,720575940622552675,2,0.0019883166532963,0.0008764379,0.0011118783,0.0,0.0005584519240073,0.0002650161331985,0.0002934358781203,0.0
720575940622552675,720575940622552675,3,0.0009262764360755,0.00047534006,0.00045093638,0.0,0.000205941250897,9.231193689629436e-05,0.0001136293794843,0.0
720575940622552675,720575940622552675,4,0.0004805330259195,0.00025130698,0.00023906848,0.0,8.810986618753098e-05,4.191517655272037e-05,4.6701938117621467e-05,0.0
720575940622552675,720575940622552675,5,0.0002841209836852,0.00014724933,0.00014885669,0.0,4.054358896715e-05,2.111691355821677e-05,1.9979128410341215e-05,0.0
720575940621548108,720575940621548108,2,0.0061310483142733,0.0040717903,0.0020592557,0.0,0.0002856269129551,6.254178879316896e-05,0.0002230851387139,0.0
720575940621548108,720575940621548108,3,0.0010828588856384,0.0006330705,0.0004497891,0.0,0.0002823682152666,0.0001291660300921,0.0001532022142782,0.0
720575940621548108,720575940621548108,4,0.0005664826379153,0.00032275403,0.0002949347,0.0,0.0001746907336676,8.301391790155321e-05,9.182791836792604e-05,0.0
720575940621548108,720575940621548108,5,0.0003404665257892,0.00018233093,0.00018065044,0.0,0.000115161261342,5.85572088311892e-05,5.718244210584089e-05,0.0
720575940640352334,720575940640352334,2,0.0012336041545495,0.00043547255,0.0007981315,0.0,5.931338819209486e-06,0.0,5.931338819209486e-06,0.0
720575940640352334,720575940640352334,3,0.0001841096382122,0.000109262925,7.48467e-05,0.0,5.113637598697096e-05,1.7302976630162448e-05,3.3833399356808513e-05,0.0
720575940640352334,720575940640352334,4,8.656285523490881e-05,5.035272e-05,4.194922e-05,0.0,2.8552037734945543e-05,1.771112329151947e-05,1.084241557691712e-05,0.0
720575940640352334,720575940640352334,5,4.598669262097763e-05,2.3518563e-05,2.4515872e-05,0.0,1.7159723416841797e-05,1.009518928185571e-05,7.170096978370566e-06,0.0
720575940623338281,720575940623338281,2,0.0014553708024322,0.00012294031,0.0013324304,0.0,0.0001034785964293,3.7201596569502726e-05,6.627700349781662e-05,0.0
720575940623338281,720575940623338281,3,0.0005516256205737,0.00018374962,0.00036787597,0.0,8.951445488492027e-05,4.715424802270718e-05,4.236025415593758e-05,0.0
720575940623338281,720575940623338281,4,0.0004383391916923,0.00021262119,0.00023824202,0.0,8.386522001528568e-05,3.876272239722312e-05,4.5137763663660735e-05,0.0
720575940623338281,720575940623338281,5,0.0003261309923671,0.00016069043,0.00017858506,0.0,5.084487097214742e-05,2.4307199055328965e-05,2.6837644327315505e-05,0.0
720575940637934308,720575940637934308,2,0.0048070340417325,0.00017526938,0.0046317666,0.0,0.0003555763978511,1.3342725651455112e-05,0.0003422336885705,0.0
720575940637934308,720575940637934308,3,0.0009557837620377,0.00025392714,0.00070185616,0.0,0.0001212607458001,5.9512527514016256e-05,6.174819282023236e-05,0.0
720575940637934308,720575940637934308,4,0.0004575236781186,0.00024148024,0.00024699824,0.0,4.894242007530848e-05,2.0445912014110945e-05,2.911225237767212e-05,0.0
720575940637934308,720575940637934308,5,0.0002977170667833,0.00015370657,0.0001643381,0.0,2.9497713764120784e-05,1.5490139048779383e-05,1.744580913509708e-05,0.0
720575940640325429,720575940640325429,2,0.0034284393768757,0.00133215,0.0020962886,0.0013293009251356,0.0005351742729544,0.0001965476840268,0.000338626501616,0.0001937417255248
720575940640325429,720575940640325429,3,0.0016315727261826,0.0006774331,0.0009541388,0.0002208403748227,0.0007745969342067,0.0003007330233231,0.000473863678053,0.0002081738930428
720575940640325429,720575940640325429,4,0.0007530162786409,0.00037716405,0.00040303209,7.172335038830078e-05,0.0002509127315191,0.0001004830264719,0.0001511896261945,3.339225381030343e-05
720575940640325429,720575940640325429,5,0.000378811713084,0.00019831964,0.00020640966,2.3925816082402537e-05,0.000106830951104,5.2672527090180665e-05,5.688967212336138e-05,8.691151147611248e-06
720575940617226141,720575940617226141,2,0.0010605575516819,0.00075986964,0.00030068788,0.0,0.0010332954116165,0.0010091136209666,2.418186704744585e-05,0.0
720575940617226141,720575940617226141,3,0.0003594043373595,0.00023941736,0.00011998697,0.0,0.0001931462757056,0.000112815076136,8.033130143303424e-05,0.0
720575940617226141,720575940617226141,4,0.0002017863759815,0.00010334642,0.000101015,0.0,9.248705981284416e-05,4.408805398270488e-05,4.992628237232566e-05,0.0
720575940617226141,720575940617226141,5,0.0001264299723828,6.455052e-05,6.440124e-05,0.0,5.52909788444478e-05,2.71137851086678e-05,2.898480306612328e-05,0.0
720575940621065677,720575940621065677,2,0.0039436914958059,0.0035696,0.00037409103,0.0,0.0,0.0,0.0,0.0
720575940621065677,720575940621065677,3,0.0014208590146154,0.00044192455,0.0009789347,0.0,1.3891018397771404e-06,1.3891018397771404e-06,0.0,0.0
720575940621065677,720575940621065677,4,0.0006806772247084,0.00043584307,0.00027512445,0.0,1.2492455425672231e-05,1.1700271898007486e-05,7.921825613266265e-07,0.0
720575940621065677,720575940621065677,5,0.0004193729524749,0.00019657325,0.00025253955,0.0,3.9550203561632434e-05,1.6069202501967084e-06,3.794581061811186e-05,0.0
720575940608655918,720575940608655918,2,0.0046573337167501,0.0045647346,9.259671e-05,0.0041391728445887,9.16200442588888e-05,0.0,9.16200442588888e-05,0.0
720575940608655918,720575940608655918,3,0.0015317040961235,0.001417444,0.00011425941,0.0011642565950751,6.037826096871868e-06,5.250019057712052e-06,7.878072665334912e-07,0.0
720575940608655918,720575940608655918,4,0.0009895634046937,0.0009150012,0.00011724131,0.0006473563438805,4.9642228775179485e-06,1.3148940524843056e-05,9.484563179285032e-07,0.0
720575940608655918,720575940608655918,5,0.0006661548020944,0.0005963099,0.000108989385,0.0003685691354099,1.829324405312473e-06,9.927783821694902e-07,1.8471306475476013e-06,1.3749991367717485e-08
720575940622701508,720575940622701508,2,0.0005530687049031,0.0003746861,0.00017838269,0.0003718244843184,0.0001055186221492,0.0001055186221492,0.0,0.0001055186221492
720575940622701508,720575940622701508,3,8.614873513579369e-05,5.3702413e-05,3.244632e-05,4.743931640405208e-05,2.570731521700509e-05,2.369453795836307e-05,2.012776349147316e-06,2.294284240633715e-05
720575940622701508,720575940622701508,4,2.872310133544456e-05,1.5099288e-05,1.47977335e-05,6.942059500196018e-06,6.268760469598543e-06,3.9935766835697e-06,2.352910314584733e-06,2.8731742787077887e-06
720575940622701508,720575940622701508,5,1.536197784368403e-05,7.884588e-06,8.137091e-06,1.4255724924311937e-06,2.5438849154890755e-06,1.2697119018412195e-06,1.3107064660289325e-06,3.305017064604601e-07
720575940632836675,720575940632836675,2,0.0008448535809293,0.00019054755,0.0006543061,0.0001905475655803,4.778576476383023e-05,3.3226347113668453e-06,4.4463129597716033e-05,3.3226347113668453e-06
720575940632836675,720575940632836675,3,0.0001862919161794,0.00010072254,8.556932e-05,2.775034954538569e-05,6.419942656066269e-05,4.974611510988325e-05,1.4453316907747649e-05,1.086685551854316e-05
720575940632836675,720575940632836675,4,0.0001020737016968,5.6421544e-05,4.7435642e-05,4.549418171613344e-06,5.966082810758812e-05,4.431738852872513e-05,1.5353673006757163e-05,2.2529448421812543e-06
720575940632836675,720575940632836675,5,6.289459555075945e-05,2.9555415e-05,3.4597793e-05,1.2123188472158728e-06,3.952016762184109e-05,1.986499955819454e-05,1.971043639059644e-05,3.318059630595494e-07
720575940625560189,720575940625560189,2,0.0042293202131986,0.0041780146,5.130629e-05,0.0041136220097541,3.990419645560905e-05,0.0,3.990419645560905e-05,0.0
720575940625560189,720575940625560189,3,0.0011577818077057,0.0010949257,6.285633e-05,0.0010356951970607,1.937370598170673e-06,1.336983132205205e-06,6.003876933391439e-07,0.0
720575940625560189,720575940625560189,4,0.000663701226485,0.00063879904,6.251812e-05,0.0005438345197913,6.168178390082431e-07,4.270439603715204e-06,3.2423659490632417e-07,1.2429185458628922e-09
720575940625560189,720575940625560189,5,0.0004116927904096,0.00038356558,5.6805344e-05,0.0003047897884884,3.297774249298731e-07,2.795074465211656e-07,4.552603058982641e-07,1.3012438238035884e-08
720575940623317321,720575940623317321,2,0.0113001689314842,0.0008964634,0.010403701,0.0,0.0001104326656786,7.431598351104185e-05,3.611668216763064e-05,0.0
720575940623317321,720575940623317321,3,0.0018110970268025,0.0010513315,0.0007597654,0.0,8.198245632229373e-05,6.705721898470074e-05,1.492524825152941e-05,0.0
720575940623317321,720575940623317321,4,0.0007077064569572,0.000582324,0.00028399448,0.0,4.0092781349519457e-05,3.3273645385634154e-05,6.94228037900757e-06,0.0
720575940623317321,720575940623317321,5,0.0003271816610845,0.0002017656,0.00019169875,0.0,2.2033595310203843e-05,1.1066515071433969e-05,1.1287421330052894e-05,0.0
720575940624579100,720575940624579100,2,0.0006719803204759,0.00016800244,0.0005039778,0.0001677196414675,6.698708602925763e-05,3.3625899504841072e-06,6.362449494190514e-05,3.3625899504841072e-06
720575940624579100,720575940624579100,3,6.393512740032747e-05,2.1291307e-05,4.264379e-05,1.2115278877899982e-05,1.0676796591724267e-05,5.431718818726949e-06,5.2450786824920215e-06,4.120926405448699e-06
720575940624579100,720575940624579100,4,3.0454448153565355e-05,1.6281389e-05,1.7892547e-05,2.5061117162626198e-06,8.090756083717845e-06,4.722561243397649e-06,3.5230114008300006e-06,1.1428212273818138e-06
720575940624579100,720575940624579100,5,1.6442254447616673e-05,9.24166e-06,8.273999e-06,7.55108347909247e-07,6.411451346441537e-06,3.311214641144033e-06,3.1522179142484674e-06,6.315704144555425e-07
720575940622204186,720575940622204186,2,0.0009133822168223,0.000373723,0.000539659,0.0003733383491635,0.0001092533784685,7.65564436733257e-06,0.0001015977395582,7.65564436733257e-06
720575940622204186,720575940622204186,3,0.0002552550286054,0.00010678374,0.00014847143,5.366536788642407e-05,9.454677638132124e-05,5.5091095418902114e-05,3.945568460039794e-05,6.170988399389898e-06
720575940622204186,720575940622204186,4,0.0001353770541346,6.589746e-05,7.145482e-05,1.2772670391010802e-05,5.386613296795038e-05,2.139253592758905e-05,3.2565410947427154e-05,3.0847344003448192e-06
720575940622204186,720575940622204186,5,9.367073227357868e-05,4.792858e-05,4.8207832e-05,4.737524371537182e-06,3.613477440529309e-05,1.698617597867269e-05,1.947384407685604e-05,1.8938728196013728e-06
720575940629198279,720575940629198279,2,0.0009298458462581,0.0007516037,0.00017824218,0.0007516037439927,8.673514821566641e-05,7.097063644323498e-05,1.5764511772431433e-05,7.09706437191926e-05
720575940629198279,720575940629198279,3,0.0002134929818566,0.00013411904,7.937393e-05,8.173484820872545e-05,6.427393964258954e-05,4.573540354613215e-05,1.853853063948918e-05,3.79364678337879e-06
720575940629198279,720575940629198279,4,0.0001011321955622,5.8241938e-05,4.5484267e-05,1.5081164782818445e-05,3.574065998215314e-05,2.1154130081413317e-05,1.466123285354115e-05,3.545447462529461e-06
720575940629198279,720575940629198279,5,5.9299926274809854e-05,3.1858155e-05,2.9363244e-05,4.385341332197387e-06,1.935451697650768e-05,1.0436357115395369e-05,9.230096111423336e-06,1.6907384519683467e-06
720575940621073840,720575940621073840,2,0.0050504808314144,0.00501256,3.7919788e-05,0.0048594828695058,9.262684761779384e-05,0.0,9.262684761779384e-05,0.0
720575940621073840,720575940621073840,3,0.0011546591995283,0.0011204636,3.4195844e-05,0.0010645745787769,1.937751449077041e-06,1.602994643690181e-06,3.347566917000222e-07,0.0
720575940621073840,720575940621073840,4,0.0005162973817787,0.0005327525,3.2144824e-05,0.0004417910405214,6.6219923289506e-06,9.285877240472472e-06,6.569639481313061e-06,0.0
720575940621073840,720575940621073840,5,0.0002619976667913,0.00026330005,2.767778e-05,0.0002034537394895,5.302627197953489e-07,4.779306550517504e-07,7.422065664286492e-07,7.861710393797239e-09
720575940632512156,720575940632512156,2,0.0010439307661727,0.00083450705,0.00020942389,0.0008305156370624,4.722223457065411e-05,1.87634868780151e-05,2.8458751330617812e-05,1.87634868780151e-05
720575940632512156,720575940632512156,3,0.000186837700312,7.5764976e-05,0.00011107273,5.178133142180741e-05,2.02020637516398e-05,1.1235375495743938e-05,8.966685527411755e-06,1.4269414805312408e-06
720575940632512156,720575940632512156,4,7.760442110704459e-05,4.4115106e-05,3.9010876e-05,7.180388237886194e-06,7.06140966132389e-06,3.409190412639873e-06,3.6595374695025376e-06,2.638524765019494e-07
720575940632512156,720575940632512156,5,3.767624101829849e-05,2.1080914e-05,1.9379175e-05,1.4739738828362482e-06,3.817347989339986e-06,1.8533985439717071e-06,1.9781496121140663e-06,7.173299548592408e-08
720575940603980256,720575940603980256,2,0.0029356833547353,0.0023317568,0.0006039267,0.0022977353073656,0.0,0.0,0.0,0.0
720575940603980256,720575940603980256,3,0.0004570208548102,0.00021913685,0.00023788399,0.0001417558523826,0.0002025111898547,0.0001166281144833,8.588309719925746e-05,0.0001119487569667
720575940603980256,720575940603980256,4,0.0002302179748956,0.00012604908,0.00012569872,3.3606332278906684e-05,3.248639768571593e-05,2.500665141269565e-05,7.479743999283528e-06,8.88213708094554e-06
720575940603980256,720575940603980256,5,0.0001441867794875,8.221661e-05,7.351528e-05,1.0640895180250886e-05,1.8847988462515728e-05,9.49554032558808e-06,1.005432932288386e-05,1.39756337823204e-06
720575940615779558,720575940615779558,2,0.0004681213758885,0.00011277224,0.00035534913,0.0,5.2487475841189735e-06,0.0,5.2487475841189735e-06,0.0
720575940615779558,720575940615779558,3,0.0002523502334952,0.0001848849,6.746531e-05,0.0,1.251017238246277e-05,7.137478405638831e-06,5.37269443157129e-06,0.0
720575940615779558,720575940615779558,4,8.488469793697001e-05,4.3576056e-05,4.2879023e-05,0.0,8.234591936098458e-06,5.191161108086817e-06,3.045954599656397e-06,0.0
720575940615779558,720575940615779558,5,4.735442191585919e-05,2.4323956e-05,2.5496467e-05,0.0,5.321000772281835e-06,2.527985543565592e-06,2.8122476578573696e-06,0.0
720575940621196037,720575940621196037,2,0.0011670571984723,0.00083897554,0.0003280816,0.0008317671017721,4.255319072399288e-05,4.255319072399288e-05,0.0,4.255319072399288e-05
720575940621196037,720575940621196037,3,0.0002566709008533,7.716819e-05,0.00017950268,4.575260754791088e-05,3.160477717756294e-05,1.6035244698286988e-05,1.556953247927595e-05,1.069755413141138e-07
720575940621196037,720575940621196037,4,0.0001797241852657,5.348106e-05,0.00014602879,7.539079862217588e-06,2.0975296865994123e-05,1.0171263966185506e-05,1.08069070847705e-05,4.737589113827122e-08
720575940621196037,720575940621196037,5,8.967794245761773e-05,5.354411e-05,4.593336e-05,1.5874652503154975e-06,1.11396358324449e-05,4.894815447187284e-06,6.291272711678175e-06,2.459093565259614e-08
720575940626075079,720575940626075079,2,0.0022678331006318,0.0022456988,2.2134158e-05,0.0022218939848244,2.992422741954215e-05,8.310064913530368e-06,2.161416341550648e-05,8.310064913530368e-06
720575940626075079,720575940626075079,3,0.0003430211218073,0.00031938215,2.363896e-05,0.0003058454894926,1.5705971918578143e-06,1.0769398386401008e-06,4.936574100611324e-07,0.0
720575940626075079,720575940626075079,4,0.0001441321843803,0.00013502852,2.2297761e-05,0.0001081791838145,2.128818606389237e-06,2.3019993022899143e-06,2.021075943048345e-06,5.930057134118888e-09
720575940626075079,720575940626075079,5,8.026339366183086e-05,6.8096095e-05,1.891608e-05,4.942526456052781e-05,3.7205422885543153e-07,2.461987378410413e-07,3.998621309619921e-07,4.3815337582312724e-10
720575940620793584,720575940620793584,2,0.0009919086005538,0.00037364193,0.0006182666,0.0,2.2787358830100857e-05,2.2787358830100857e-05,0.0,0.0
720575940620793584,720575940620793584,3,0.0001741848973324,8.03756e-05,9.3809336e-05,0.0,4.1499355575069785e-05,2.211974788224325e-05,1.9379605873837136e-05,0.0
720575940620793584,720575940620793584,4,9.399212884497517e-05,4.8736787e-05,4.756143e-05,0.0,2.897763764203796e-05,1.351214996248018e-05,1.5486184565816075e-05,0.0
720575940620793584,720575940620793584,5,6.35152378791347e-05,3.211207e-05,3.2936336e-05,0.0,2.0782498186679872e-05,1.0179641321883535e-05,1.0702782674343324e-05,0.0
720575940605883569,720575940605883569,2,0.007350951898843,0.0001097998,0.007241147,0.0,0.000838627340272,0.0002134970272891,0.0006251301383599,0.0
720575940605883569,720575940605883569,3,0.0042436546646058,0.00037745887,0.0038661954,0.0,0.0003618096525315,0.0001611204643268,0.0002006892755161,0.0
720575940605883569,720575940605883569,4,0.0022869804994754,0.0009275214,0.0014505864,0.0,0.0002289463878264,0.0001084273972082,0.0001257902913494,0.0
720575940605883569,720575940605883569,5,0.0018890365954058,0.0010480395,0.0009620453,0.0,0.0001586259887498,7.186657603597268e-05,9.314712951891124e-05,0.0
720575940616445250,720575940616445250,2,0.0193720962852239,0.01915535,0.00021674992,0.0,0.0,0.0,0.0,0.0
720575940616445250,720575940616445250,3,0.0099938735365867,0.00034954995,0.009644327,0.0,3.6820569704332235e-08,3.6820569704332235e-08,0.0,0.0
720575940616445250,720575940616445250,4,0.0053194794674949,0.0057160845,0.0003639392,0.0,2.3232907153669657e-07,6.639975680400313e-08,1.659293076272661e-07,0.0
720575940616445250,720575940616445250,5,0.0028214814402052,0.00033716118,0.0034369796,0.0,2.173159554751845e-07,1.255522477094928e-07,9.181566440474853e-08,0.0
720575940637487593,720575940637487593,2,0.0095585696399211,0.009390464,0.000168107,0.0,9.573958777764346e-06,0.0,9.573958777764346e-06,0.0
720575940637487593,720575940637487593,3,0.0047255582176148,0.00035970716,0.0043658535,0.0,1.966650870599551e-06,1.1477308134999475e-06,8.189197728825093e-07,0.0
720575940637487593,720575940637487593,4,0.0028506928294711,0.0026051234,0.00045989265,0.0,5.757917951922236e-06,3.3210374112968566e-06,2.450304691592464e-06,0.0
720575940637487593,720575940637487593,5,0.0019361395328062,0.0004967161,0.0017236657,0.0,5.24319992464499e-06,4.5835322453058325e-06,6.759393045285833e-07,0.0
720575940630407388,720575940630407388,2,0.0146402241662144,0.013678324,0.00096190395,0.0136243104934692,0.0020525127183645,0.0005221854080446,0.0015303277177736,0.0004202839627396
720575940630407388,720575940630407388,3,0.0064353519119322,0.0040528844,0.002382469,0.0036012616474181,0.0010595597559586,0.0005827778950333,0.0004767821519635,8.222548785852268e-05
720575940630407388,720575940630407388,4,0.0058299581334016,0.002818739,0.003297574,0.0016065306321111,0.0004874958146413,0.0002617877908051,0.0002420950622763,4.095649790862752e-05
720575940630407388,720575940630407388,5,0.0050191869739628,0.0025481728,0.0027840205,0.0007780570755844,0.0003009572812804,0.0001667671022005,0.0001556338102091,2.731954291786309e-05
720575940619436342,720575940619436342,2,0.0302655473351478,0.02821705,0.002048493,0.0,0.0001807801600079,1.5439009075635113e-05,0.0001653411309234,0.0
720575940619436342,720575940619436342,3,0.015648478642106,0.0018237194,0.013824756,0.0,8.412871102336794e-05,8.436871212325059e-06,7.569183799205348e-05,0.0
720575940619436342,720575940619436342,4,0.0089059241514249,0.008484888,0.002044589,0.0,6.263394111649856e-05,4.5320208300836384e-05,1.75102522916859e-05,0.0
720575940619436342,720575940619436342,5,0.005567821979605,0.002012495,0.005511892,0.0,4.684638637523095e-05,2.3617601982550696e-05,2.35296774917515e-05,0.0
720575940616946662,720575940616946662,2,0.002739239949733,0.0024277149,0.00031152557,0.0,0.0,0.0,0.0,0.0
720575940616946662,720575940616946662,3,0.0009990768739953,0.00038421183,0.0006148651,0.0,1.0373941705665857e-07,9.760010755144323e-08,6.139310837482981e-09,0.0
720575940616946662,720575940616946662,4,0.0004798826905751,0.0002993702,0.00019678965,0.0,9.362951459479518e-06,9.060969205165748e-06,3.01984186990012e-07,0.0
720575940616946662,720575940616946662,5,0.0003071324572042,0.00014252504,0.00018272662,0.0,2.7568360791450417e-05,1.2375564892863622e-06,2.6331170374760404e-05,0.0
720575940610724466,720575940610724466,2,0.0033101281151175,0.00021100475,0.0030991235,0.000210553072975,0.0001528655120637,0.0001210636110045,3.180189378326759e-05,0.0001210636110045
720575940610724466,720575940610724466,3,0.000239285553107,8.25921e-05,0.00015669345,1.870487722044345e-05,2.6006131520261988e-05,7.2449338404112495e-06,1.876120404631365e-05,1.6275814687105594e-06
720575940610724466,720575940610724466,4,0.0001056912299427,8.756054e-05,3.704008e-05,2.8644096242206028e-06,1.985510007512821e-05,1.0229855433863122e-05,9.657558621256612e-06,3.283359763931238e-07
720575940610724466,720575940610724466,5,5.136138645317475e-05,2.8001687e-05,2.6732181e-05,6.745511602070732e-07,1.2781167930167392e-05,6.082871095713927e-06,6.732227120664902e-06,1.5157860880336858e-07
720575940632679727,720575940632679727,2,0.0017422337550669,0.0011243257,0.0006179078,0.0011243259068578,5.353784217732027e-05,2.0028342987643555e-05,3.350949918967672e-05,2.0028342987643555e-05
720575940632679727,720575940632679727,3,0.0002692156413104,0.00016583366,0.00010338196,0.0001128165822592,2.6908845029538497e-05,1.1113616892544089e-05,1.579522722749971e-05,2.4051514628808945e-06
720575940632679727,720575940632679727,4,0.0002071669897805,8.320915e-05,0.0001357023,2.9020754646891343e-05,1.1871119948468644e-05,5.837775461259298e-06,6.03887383476831e-06,3.166430613238287e-07
720575940632679727,720575940632679727,5,0.0001256726850292,5.85908e-05,7.1858616e-05,1.0477106031604986e-05,6.690955075681919e-06,3.155884087391314e-06,3.5779576137429103e-06,1.0350156153630917e-07
720575940639122640,720575940639122640,2,0.0002221494214609,9.847796e-05,0.00012367142,0.0,0.0,0.0,0.0,0.0
720575940639122640,720575940639122640,3,7.126247510313988e-05,4.063636e-05,3.0626117e-05,0.0,2.135555405402556e-05,1.0721443686634302e-05,1.0634112186380662e-05,0.0
720575940639122640,720575940639122640,4,4.129566303526267e-05,2.1964705e-05,1.9914442e-05,0.0,1.713463461783249e-05,8.01315218268428e-06,9.121479706664104e-06,0.0
720575940639122640,720575940639122640,5,2.711945517680657e-05,1.390577e-05,1.3748778e-05,0.0,1.2630654209606062e-05,5.962420800642576e-06,6.701112852169899e-06,0.0
720575940639666395,720575940639666395,2,0.0010962141677737,0.00092253264,0.0001736814,0.0009156949818134,6.626878985116491e-06,6.3236307141778525e-06,3.03248100408382e-07,6.3236307141778525e-06
720575940639666395,720575940639666395,3,0.0002554732491262,0.00016159152,9.388168e-05,0.0001078237473848,2.918203790613916e-05,4.621724656317383e-06,2.456031143083237e-05,4.04085852778735e-07
720575940639666395,720575940639666395,4,9.567209297159548e-05,5.078613e-05,4.7654554e-05,1.546196017296036e-05,1.9773438019120312e-05,1.0725531865318771e-05,9.051246706803797e-06,4.964808521355575e-07
720575940639666395,720575940639666395,5,4.257187802837163e-05,2.2181544e-05,2.2264452e-05,2.9129610764071003e-06,8.104642213646524e-06,4.024709141958738e-06,4.145585535297869e-06,1.7038518135620993e-07
720575940631434722,720575940631434722,2,0.0023342228960245,0.0023052557,2.8967317e-05,0.0022437472362071,1.675976272963453e-05,0.0,1.675976272963453e-05,0.0
720575940631434722,720575940631434722,3,0.000343898194842,0.0003043059,3.9592247e-05,0.0002812494058161,1.7038177020367584e-06,1.1086775657531689e-06,5.951401362835895e-07,0.0
720575940631434722,720575940631434722,4,0.0001665996892166,0.00014065967,3.773485e-05,0.0001062861043079,1.957828111255672e-06,1.908945478135138e-06,1.7195843611261807e-06,3.8336235519409456e-08
720575940631434722,720575940631434722,5,0.0001025349608417,7.7070596e-05,3.1803094e-05,5.161709199895363e-05,6.67849014505308e-07,3.483783075353131e-07,5.472829798236489e-07,4.430269484601013e-09
720575940641781133,720575940641781133,2,0.0006724711274728,0.0005823749,9.009619e-05,0.0005799733335152,5.789474380435422e-05,5.331755164661445e-05,4.577193521981826e-06,5.331755164661445e-05
720575940641781133,720575940641781133,3,0.000130205793539,8.24834e-05,4.772237e-05,7.518666097894311e-05,1.0651128832250834e-05,7.39115148462588e-06,3.259976438130252e-06,7.031067980278749e-06
720575940641781133,720575940641781133,4,4.9471608196241445e-05,2.838096e-05,2.4165949e-05,1.3950449289760429e-05,2.9347032891096493e-06,1.8808364075084685e-06,1.1514389370859135e-06,1.2262542619318157e-06
720575940641781133,720575940641781133,5,2.800372317529738e-05,1.4792196e-05,1.4806158e-05,3.4382701096245653e-06,1.0036699513238692e-06,6.037945468051475e-07,4.538406415122154e-07,2.186649281385713e-07
720575940611502309,720575940611502309,2,0.0072456793859601,0.00076996384,0.0064757145,0.0006648279377259,0.0030783363617956,0.0001026094978442,0.0029757262673228,3.550618203007616e-05
720575940611502309,720575940611502309,3,0.0008769477135501,0.00034569588,0.0005312521,5.835725096403621e-05,0.0001739923754939,6.636991747654974e-05,0.0001076224652933,8.977412107924465e-06
720575940611502309,720575940611502309,4,0.0003922540049958,0.00028491893,0.00017863455,1.0316598144458594e-05,9.082356597219606e-05,6.663375825155526e-05,4.200010880595073e-05,2.463204940281049e-06
720575940611502309,720575940611502309,5,0.000169774553737,9.586428e-05,9.417178e-05,2.520446628917706e-06,3.965916293544847e-05,2.0909526938339692e-05,2.1005973394494504e-05,6.330710355817966e-07
720575940624392328,720575940624392328,2,0.0044585261493921,0.00077901984,0.0036795062,0.0,1.603849341336172e-06,0.0,1.603849341336172e-06,0.0
720575940624392328,720575940624392328,3,0.0002336678444407,0.00015278457,8.088328e-05,0.0,7.007097156019881e-05,2.0066072465851903e-05,5.000491000828333e-05,0.0
720575940624392328,720575940624392328,4,0.0001162580209561,8.994089e-05,5.8524885e-05,0.0,3.109556174765208e-05,1.4347899195854552e-05,1.6750154827605e-05,0.0
720575940624392328,720575940624392328,5,5.545955423083951e-05,2.920664e-05,3.08644e-05,0.0,1.7955550348655534e-05,9.656529073254204e-06,8.419008736382239e-06,0.0
720575940622991252,720575940622991252,2,0.0126898130401968,0.011368902,0.0013209109,0.0,0.0,0.0,0.0,0.0
720575940622991252,720575940622991252,3,0.0064518712460994,0.00016357747,0.006288295,0.0,2.3309274865823681e-07,2.3309274865823681e-07,0.0,0.0
720575940622991252,720575940622991252,4,0.0038866968518261,0.004008176,0.00021458212,0.0,3.144531746102075e-08,8.312299293322667e-09,2.3133019055876506e-08,0.0
720575940622991252,720575940622991252,5,0.0024051852413697,0.00019462482,0.0026578829,0.0,2.9723399680647244e-08,1.88907360865187e-08,1.1350471673665652e-08,0.0
720575940633226603,720575940633226603,2,0.0065176533535122,0.006439391,7.826286e-05,0.0061633116565644,0.0002005371934501,7.522103260271251e-05,0.0001253161608474,0.0
720575940633226603,720575940633226603,3,0.0028985801618546,0.0028093955,8.9184425e-05,0.0025329438503831,6.910956471983809e-06,2.5597323656256776e-06,4.3512236516107805e-06,0.0
720575940633226603,720575940633226603,4,0.0016123696956465,0.0016116146,8.531551e-05,0.0012780346621727,1.776988265509129e-05,1.67114740179386e-05,1.399193388351705e-05,1.5114045481823268e-07
720575940633226603,720575940633226603,5,0.0009242882476509,0.0009441509,7.506697e-05,0.0006549502189655,1.6342333097438906e-06,1.457013922845363e-06,1.4252160553951398e-06,1.745042226275473e-07
720575940621350070,720575940621350070,2,0.0029154387302696,0.0012292492,0.0016861889,0.0,0.0008497244562022,0.0007275622920133,0.0001221622223965,0.0
720575940621350070,720575940621350070,3,0.0007966468692757,0.00037849796,0.00041814867,0.0,0.000193297950318,0.0001352027466055,5.809525464428589e-05,0.0
720575940621350070,720575940621350070,4,0.0003380131442432,0.0001660475,0.00019633409,0.0,9.184380655080456e-05,3.341962292324752e-05,6.715953350067139e-05,0.0
720575940621350070,720575940621350070,5,0.0001561578453343,8.283386e-05,9.043573e-05,0.0,4.163274523770628e-05,2.073112045763992e-05,2.3081742256181315e-05,0.0
720575940628217643,720575940628217643,2,0.001733818789944,0.0016986872,3.5131303e-05,0.0016739045968279,3.736105281859636e-05,0.0,3.736105281859636e-05,0.0
720575940628217643,720575940628217643,3,0.000292860524496,0.00024369833,4.916231e-05,0.0002201750321546,1.765384581631224e-06,1.3521122355086843e-06,4.132724029659585e-07,0.0
720575940628217643,720575940628217643,4,0.0001666270371449,0.00013129952,4.373643e-05,0.0001002834658233,1.5888755599888374e-06,4.046627509524114e-06,1.2666016573348315e-06,0.0
720575940628217643,720575940628217643,5,0.000106842645804,7.732787e-05,3.576742e-05,5.165675114282995e-05,1.2524495075647764e-06,5.010335257793486e-07,1.128765347857552e-06,1.7820053765937868e-10
720575940614282238,720575940614282238,2,0.0016779286088421,0.0016458981,3.2030282e-05,0.0016011922853067,4.006707240478136e-05,0.0,4.006707240478136e-05,0.0
720575940614282238,720575940614282238,3,0.0002736932074185,0.00023008186,4.3611297e-05,0.0002035754732787,1.724764160826453e-06,1.3174027344575734e-06,4.073615684774268e-07,0.0
720575940614282238,720575940614282238,4,0.0001556284420549,0.00012375563,4.0470462e-05,9.137085806805422e-05,5.514172705244621e-07,4.17287219534046e-06,3.726412103333132e-07,0.0
720575940614282238,720575940614282238,5,0.0001011460061054,7.376401e-05,3.3592736e-05,4.771536155208461e-05,6.294863922454555e-07,3.504469532344956e-07,6.662789928668644e-07,4.725106417247105e-10
720575940633545823,720575940633545823,2,0.0030540181323885,0.002560257,0.0004937615,0.0,0.0036248068790882,0.0035781343467533,4.667245229938999e-05,0.0
720575940633545823,720575940633545823,3,0.0003254430775996,0.00016077177,0.00016467126,0.0,8.132385846693069e-05,2.953406874439679e-05,5.1789793360512704e-05,0.0
720575940633545823,720575940633545823,4,0.0001555834467759,8.279678e-05,9.7014636e-05,0.0,1.5790139719984026e-05,2.1810954422107894e-05,1.3648518688569313e-05,0.0
720575940633545823,720575940633545823,5,5.844733157244365e-05,3.4570665e-05,3.342574e-05,0.0,4.839329943899316e-06,3.101953325312934e-06,3.123583155684173e-06,0.0
720575940621892122,720575940621892122,2,0.0020343472715467,0.0019650704,6.9277296e-05,0.0019228809978812,3.351952545926906e-05,0.0,3.351952545926906e-05,0.0
720575940621892122,720575940621892122,3,0.000302212050883,0.0002453163,5.6895726e-05,0.0002182061434723,1.4525049891744857e-06,1.2006191809632585e-06,2.51885779789518e-07,0.0
720575940621892122,720575940621892122,4,0.0001567533080993,0.000120652854,4.694758e-05,8.571921741227762e-05,9.003916077787816e-07,3.69353392670746e-06,5.482612550622434e-07,0.0
720575940621892122,720575940621892122,5,9.925275346995912e-05,6.9370326e-05,3.7029393e-05,4.2269948206479295e-05,9.709026915092631e-07,4.328033753608906e-07,8.630231036477198e-07,3.7462491442319385e-10
720575940611007586,720575940611007586,2,0.0009943114127963,0.00035741285,0.0006368986,0.000352243281668,7.199426181614399e-05,0.0,7.199426181614399e-05,0.0
720575940611007586,720575940611007586,3,0.0001445174857508,6.550868e-05,7.900881e-05,3.674892650451511e-05,2.020204919972457e-05,8.23552818474127e-06,1.1966520105488598e-05,1.7785966477390502e-08
720575940611007586,720575940611007586,4,5.956374453483404e-05,3.2955457e-05,2.9379626e-05,4.884100076253279e-06,7.906762060472807e-06,5.168074494577013e-06,3.3424685170757584e-06,5.3537885236210065e-08
720575940611007586,720575940611007586,5,3.160506378210813e-05,1.7021312e-05,1.6222584e-05,1.011240807304932e-06,3.3669560919735324e-06,1.8170863995692343e-06,1.8363689378020356e-06,6.580199109742181e-09
720575940615458235,720575940615458235,2,0.0014232189860194,0.0005234203,0.00089979905,0.0005042314878664,0.0001684700255282,0.0001214472358697,4.702278965851292e-05,0.0001051440631272
720575940615458235,720575940615458235,3,0.0004483824013732,0.0001851251,0.00026325724,7.122558599803597e-05,9.374917135573924e-05,5.063525168225169e-05,4.311391239752993e-05,2.3426580810337327e-05
720575940615458235,720575940615458235,4,0.000196202913662,9.868237e-05,0.000101745165,1.4354266421419795e-05,4.470284248058136e-05,2.3705082639935423e-05,2.128726555383764e-05,3.2796506784295462e-06
720575940615458235,720575940615458235,5,0.0001150644408581,6.091441e-05,5.8204347e-05,3.428075515593559e-06,2.811526284960753e-05,1.4311489394458476e-05,1.4082144843996502e-05,8.347097900137886e-07
720575940618326292,720575940618326292,2,0.0041771852411329,0.00409724,7.994487e-05,0.0037858474534004,3.4490170946810395e-05,0.0,3.4490170946810395e-05,0.0
720575940618326292,720575940618326292,3,0.0017377493204548,0.0016411333,9.661575e-05,0.0013275574892759,1.7842901343101405e-06,9.957522024706122e-07,7.885377613092714e-07,0.0
720575940618326292,720575940618326292,4,0.0011053080552823,0.0010450264,9.877756e-05,0.000723448902727,1.0736166510470867e-06,4.066371275257552e-06,4.454103361695161e-07,2.741526650140713e-08
720575940618326292,720575940618326292,5,0.0007181490104697,0.00066866004,9.189753e-05,0.0003948744036236,1.7590511899117616e-06,8.877748314262135e-07,1.226148810928862e-06,4.22345358686016e-08
720575940631827527,720575940631827527,2,0.0026309986133128,0.0025984675,3.2531512e-05,0.0025333093944936,3.272144385846332e-05,0.0,3.272144385846332e-05,0.0
720575940631827527,720575940631827527,3,0.000341466453392,0.00030234098,3.9125378e-05,0.0002771180006675,2.4635692170704715e-06,1.6043327377701644e-06,8.592364793003071e-07,0.0
720575940631827527,720575940631827527,4,0.0001597046919305,0.0001367541,3.6917452e-05,0.0001001304597143,5.543615272382352e-07,3.5051414215558907e-06,3.1106401365832426e-07,0.0
720575940631827527,720575940631827527,5,9.876665630313152e-05,7.4477204e-05,3.1049734e-05,4.860831501799178e-05,6.659941424050336e-07,4.364476637874759e-07,6.468786750701838e-07,8.779014182280774e-10
720575940620390848,720575940620390848,2,0.0004081209190189,5.755422e-05,0.00035056673,5.445496572065167e-05,3.1108756957110018e-06,0.0,3.1108756957110018e-06,0.0
720575940620390848,720575940620390848,3,0.0001137258514063,5.7158893e-05,5.6566958e-05,7.845744221413042e-06,1.1610038200160488e-05,8.5863775893813e-06,3.023659246537136e-06,2.8026119025525986e-07
720575940620390848,720575940620390848,4,6.818211597696774e-05,3.8146576e-05,3.1006064e-05,1.7456320469050575e-06,5.951422842770034e-06,2.3515574412158458e-06,3.618038363129017e-06,1.2431772056231694e-08
720575940620390848,720575940620390848,5,4.150011990620899e-05,2.099029e-05,2.1410027e-05,4.627317369857124e-07,3.16854008287558e-06,1.6457900073874043e-06,1.5846123915252974e-06,3.0921946329783755e-09
720575940646609716,720575940646609716,2,0.0005819841753691,0.0003227797,0.0002592045,0.0,0.0001144290945376,9.647796105127782e-05,1.7951131667359732e-05,0.0
720575940646609716,720575940646609716,3,0.0001814789138734,9.656088e-05,8.491799e-05,0.0,8.599327702540904e-05,5.182049426366575e-05,3.417278276174329e-05,0.0
720575940646609716,720575940646609716,4,9.56433614521414e-05,5.0934977e-05,4.7564452e-05,0.0,4.885380974301191e-05,2.49286022153683e-05,2.4006145395105705e-05,0.0
720575940646609716,720575940646609716,5,5.799043773554747e-05,2.9856037e-05,3.0351335e-05,0.0,3.323459504753553e-05,1.701076871540863e-05,1.638896719668992e-05,0.0
720575940621202670,720575940621202670,2,0.0167645793408155,0.006956581,0.009807999,0.003872204106301,0.0001207288078148,0.0001207288078148,0.0,0.0001207288078148
720575940621202670,720575940621202670,3,0.0062768785282969,0.0031609677,0.0031159115,0.0003671936574392,3.4297980164410546e-05,8.063220775511581e-06,2.6234760298393667e-05,0.0
720575940621202670,720575940621202670,4,0.003269254507894,0.002261696,0.0019786044,6.769359248855441e-05,1.1702198179899748e-05,7.90185367804952e-06,4.060607807332417e-06,1.0471429077114132e-06
720575940621202670,720575940621202670,5,0.0020589516408752,0.0016829994,0.0016726097,8.459825634720729e-06,8.57091894154239e-06,4.380164682515897e-06,4.3201703192607965e-06,4.7323942603732774e-07
720575940639181365,720575940639181365,2,0.0017891406314447,0.0006858814,0.0011032596,0.00068588135764,0.0016323989257216,0.0001824502833187,0.0014499484095722,0.0001824502833187
720575940639181365,720575940639181365,3,0.0004475784080568,0.00020445482,0.00024312368,4.540464942692779e-05,0.0002324614470126,0.000174932036316,5.752944707637653e-05,1.129652991949115e-05
720575940639181365,720575940639181365,4,0.0002134518764013,0.0001243019,9.5987154e-05,6.314497246841148e-06,8.985155038554913e-05,4.460123454919085e-05,4.968963548890315e-05,6.430174292164413e-07
720575940639181365,720575940639181365,5,0.0001212047248764,6.207205e-05,6.4949934e-05,1.4336503715731287e-06,3.414009730586969e-05,1.8097929569194093e-05,1.780834463716019e-05,1.1890353147048625e-07
720575940630288697,720575940630288697,2,0.001248738495633,0.00076513784,0.00048360074,0.0,0.000671700341627,0.000671700341627,0.0,0.0
720575940630288697,720575940630288697,3,0.0004262695729266,0.00025967625,0.00016659332,0.0,0.0002596058766357,0.0002419939264655,1.7611922885407694e-05,0.0
720575940630288697,720575940630288697,4,0.0001960951554666,0.00010389116,0.00010424335,0.0,0.0001025097813725,5.263087587081827e-05,5.173793397261761e-05,0.0
720575940630288697,720575940630288697,5,0.0001281369995971,5.9091664e-05,7.9040816e-05,0.0,7.989026287641562e-05,3.388780532986857e-05,4.847965828957968e-05,0.0
720575940609641284,720575940609641284,2,0.0047906376421451,0.0015900477,0.0032005904,0.0,0.0008904733695089,0.0005205414490774,0.0003699319204315,0.0
720575940609641284,720575940609641284,3,0.0012247031554579,0.00049790315,0.0007267999,0.0,0.0001037912734318,3.728486626641825e-05,6.65063998894766e-05,0.0
720575940609641284,720575940609641284,4,0.0004043402054581,0.00021690356,0.00022296749,0.0,4.770798579463949e-05,2.680639227037318e-05,2.39299624809064e-05,0.0
720575940609641284,720575940609641284,5,0.0001792087459462,0.00010249493,9.7740805e-05,0.0,1.7229445693025225e-05,9.240317922376562e-06,8.95523771760054e-06,0.0
720575940635545848,720575940635545848,2,0.0003222074010409,8.70644e-05,0.00023514297,8.185171463992447e-05,0.0001327106147073,0.0,0.0001327106147073,0.0
720575940635545848,720575940635545848,3,0.0001251601352123,5.4688117e-05,7.0471986e-05,1.300873736909125e-05,4.009255644632504e-05,2.7483845769893375e-05,1.260871340491576e-05,1.278202574894749e-07
720575940635545848,720575940635545848,4,6.406492946764074e-05,3.470595e-05,3.117949e-05,2.585581490342665e-06,1.4901622929062464e-05,8.403831998293754e-06,7.32436546968529e-06,8.841000820325462e-09
720575940635545848,720575940635545848,5,3.784276403328853e-05,1.9922252e-05,1.9406018e-05,5.911949663714521e-07,6.232467224966793e-06,3.2710004234104417e-06,3.466626367298886e-06,4.676877487902272e-09
720575940631724077,720575940631724077,2,0.0002836040803231,2.295051e-05,0.00026065353,0.0,0.0,0.0,0.0,0.0
720575940631724077,720575940631724077,3,3.5355682484805584e-05,1.5646188e-05,1.9709496e-05,0.0,2.9193167847552104e-06,1.0172325346502475e-06,1.9020840227312876e-06,0.0
720575940631724077,720575940631724077,4,1.7079964440583988e-05,8.697581e-06,9.101345e-06,0.0,5.613985649688402e-06,1.4043639566807542e-06,4.209623966744402e-06,0.0
720575940631724077,720575940631724077,5,1.0600322005619848e-05,5.444428e-06,5.546493e-06,0.0,3.570362066390004e-06,1.8408484265819425e-06,1.7327632804153836e-06,0.0
720575940628023882,720575940628023882,2,0.0005646724603138,0.00021195505,0.00035271753,0.0002028355083893,2.1324827685020864e-05,2.1708087842853274e-06,1.9154018445988182e-05,0.0
720575940628023882,720575940628023882,3,0.0001887732796603,6.9085545e-05,0.00011968773,1.5692939996370114e-05,1.686603354755789e-05,7.652849490114022e-06,9.213184057443868e-06,5.105289524465205e-10
720575940628023882,720575940628023882,4,9.91350488134479e-05,5.555769e-05,4.6755624e-05,2.986064548419588e-06,6.983332897042252e-06,4.095125859748805e-06,3.0553692340618e-06,3.134828840956061e-09
720575940628023882,720575940628023882,5,5.893222588109321e-05,3.1862714e-05,2.979258e-05,6.909550104247423e-07,3.381448527042947e-06,1.7832151115726449e-06,1.7638575400269474e-06,2.4562339755199396e-09
720575940629248374,720575940629248374,2,0.0003965175710618,0.00010168213,0.00029483545,9.63803759077564e-05,9.50307548919227e-06,9.503076398686972e-06,0.0,5.278806384012569e-06
720575940629248374,720575940629248374,3,9.811765630729496e-05,4.3576925e-05,5.4540695e-05,1.6374602637370117e-05,2.4017062969505787e-05,4.378978246677434e-06,1.96380824490916e-05,3.959845344070345e-06
720575940629248374,720575940629248374,4,4.935365833784426e-05,2.3837325e-05,2.67229e-05,3.829528164745701e-06,9.569308677483008e-06,4.265973984729499e-06,5.309338121151086e-06,1.1282160539738983e-06
720575940629248374,720575940629248374,5,3.151944203804258e-05,1.5927613e-05,1.6410213e-05,1.2494721345428655e-06,6.757372354240304e-06,3.153594661853276e-06,3.628584408943425e-06,4.372184624582957e-07
720575940630233047,720575940630233047,2,0.0003971345140598,5.717473e-05,0.00033995984,5.459898602566682e-05,0.0,0.0,0.0,0.0
720575940630233047,720575940630233047,3,0.0001058055568137,5.172522e-05,5.4080345e-05,1.06678871816257e-05,2.5792917313083308e-06,1.659019289945718e-06,9.202726687362884e-07,0.0
720575940630233047,720575940630233047,4,4.937168784310784e-05,2.627233e-05,2.3861016e-05,2.1445341774765862e-06,1.3478152141033206e-06,6.303755526460009e-07,7.17439547770482e-07,1.324919063350194e-09
720575940630233047,720575940630233047,5,2.7649326002535855e-05,1.4522846e-05,1.3871261e-05,5.130706939509746e-07,1.0079878973064175e-06,5.328049041963823e-07,4.806028073289781e-07,1.588317699585673e-09
720575940613475498,720575940613475498,2,0.0013983831740915,0.000671312,0.00072707125,0.0006282303947955,0.0005574375391006,1.026596964948112e-05,0.0005471715703606,9.913552275975237e-06
720575940613475498,720575940613475498,3,0.0002815007755998,0.00014625076,0.00013525,0.0001146661597886,2.8367907361825928e-05,9.343790225102566e-06,1.902411531773396e-05,1.7330581840724335e-06
720575940613475498,720575940613475498,4,9.00833494848149e-05,4.9658673e-05,4.5053377e-05,2.280809126033936e-05,1.0233874766967943e-05,5.906538717681542e-06,4.860663921135711e-06,5.750238359044947e-07
720575940613475498,720575940613475498,5,4.22661448959754e-05,2.2774533e-05,2.1836335e-05,5.3446838975325976e-06,6.002868023404261e-06,3.1380352538690204e-06,2.9775123948638797e-06,2.163852774209224e-07
720575940608027915,720575940608027915,2,0.0023224202450364,0.0007801574,0.0015422632,0.0,0.0005887236329726,0.0002747288963291,0.0003139947657473,0.0
720575940608027915,720575940608027915,3,0.0005085364682599,0.0003112513,0.00019728528,0.0,0.0001030294442898,7.463374640792608e-05,2.8395756089594212e-05,0.0
720575940608027915,720575940608027915,4,0.0001976068465702,0.00011727298,9.984627e-05,0.0,3.348655793109234e-05,1.6915830201469362e-05,1.886724203359336e-05,0.0
720575940608027915,720575940608027915,5,9.36129991510826e-05,5.0115857e-05,5.5870933e-05,0.0,1.556199825629554e-05,7.933964297990315e-06,8.571731086703949e-06,0.0
720575940607012482,720575940607012482,2,0.0005616121343336,0.000115956536,0.0004456556,0.0001003649158519,3.0976352718425915e-06,1.909902266561403e-06,1.1877331189680262e-06,0.0
720575940607012482,720575940607012482,3,0.0001006052116281,4.2384774e-05,5.8220423e-05,1.3260069863463286e-05,1.9304508896311745e-05,1.5026606888568494e-05,4.277898369764444e-06,8.91336426889211e-08
720575940607012482,720575940607012482,4,4.672323601505302e-05,2.516425e-05,2.2778568e-05,2.3668614468150603e-06,7.061597971068625e-06,3.466929229034577e-06,3.605161737141316e-06,1.2556106376848676e-08
720575940607012482,720575940607012482,5,2.6525754835233372e-05,1.3496004e-05,1.385725e-05,5.165393084902996e-07,3.7763847352068376e-06,1.9339659047545865e-06,1.871255790319992e-06,5.932668239732061e-09
720575940630147127,720575940630147127,2,0.0006678898935206,0.00048277987,0.00018510994,0.0,0.0004176543734502,0.0004055396711919,1.2114722267142495e-05,0.0
720575940630147127,720575940630147127,3,0.0001722495362628,0.000106497835,6.575168e-05,0.0,6.385618326021358e-05,4.180958785582334e-05,2.204661359428428e-05,0.0
720575940630147127,720575940630147127,4,7.675836404065079e-05,3.9318915e-05,3.880463e-05,0.0,2.310702576692943e-05,1.0192760782956611e-05,1.32469440359273e-05,0.0
720575940630147127,720575940630147127,5,4.370581268750439e-05,2.1913547e-05,2.2842822e-05,0.0,9.591517143513842e-06,4.844216164201498e-06,4.941934548696736e-06,0.0
720575940622812493,720575940622812493,2,0.0002561138535384,0.0001966527,5.9461167e-05,0.0,9.968101949198171e-06,9.968101949198171e-06,0.0,0.0
720575940622812493,720575940622812493,3,8.387365960516036e-05,3.944246e-05,4.4431195e-05,0.0,3.608765837270767e-05,2.990808934555389e-05,6.179570846143179e-06,0.0
720575940622812493,720575940622812493,4,3.733828999522787e-05,2.0685808e-05,1.7053848e-05,0.0,1.596142946817922e-05,8.825727491057478e-06,7.136484327929793e-06,0.0
720575940622812493,720575940622812493,5,1.945653842048593e-05,9.907e-06,1.0263633e-05,0.0,6.270723654092914e-06,2.9404407086985884e-06,3.4298270747967763e-06,0.0
720575940617650722,720575940617650722,2,0.0033868821337819,0.0033567222,3.016013e-05,0.0032801404595375,2.07688153750496e-05,2.274086682518828e-06,1.84947293746518e-05,0.0
720575940617650722,720575940617650722,3,0.0010020023910328,0.0009531318,4.8870817e-05,0.0008900987450033,1.1382151114958106e-06,8.208116923924536e-07,3.17403419103357e-07,0.0
720575940617650722,720575940617650722,4,0.0005828472100055,0.00055469706,5.307443e-05,0.0004735129532648,1.0811416883819752e-06,2.43014710576972e-06,4.95691324431391e-07,3.948002103015824e-08
720575940617650722,720575940617650722,5,0.0003702246120815,0.00034074832,5.0118106e-05,0.0002717821150475,4.11859625380419e-07,2.2483988004751157e-07,3.8537370983249286e-07,2.395707454638796e-08
720575940633791571,720575940633791571,2,0.0030724834650754,0.0010394005,0.0020330825,0.0008286191732622,0.0,0.0,0.0,0.0
720575940633791571,720575940633791571,3,0.0011413149768486,0.0005191283,0.0006221869,0.0001336891000391,3.938305781048257e-06,3.4592148949741386e-06,4.790909429175372e-07,2.3959897177405765e-08
720575940633791571,720575940633791571,4,0.0007229121628168,0.0003952043,0.00036098692,2.6059770786982095e-05,1.6880549082998186e-06,1.2794106396540883e-06,4.086442118023115e-07,2.381715660249029e-07
720575940633791571,720575940633791571,5,0.0004657219491793,0.00026867748,0.00023068616,6.626389024226531e-06,1.6452416264925771e-06,4.653454084291298e-07,1.1832016753032804e-06,1.7332393556132593e-08
720575940627055303,720575940627055303,2,0.0012740953825414,0.0009854578,0.00028863773,0.0009854576783254,0.0001658725814195,0.00010752142407,5.835115007357672e-05,0.00010752142407
720575940627055303,720575940627055303,3,0.0002655845892149,8.587408e-05,0.00017971046,3.8861755456309766e-05,4.5130294893169776e-05,1.041286850522738e-05,3.4717435482889414e-05,4.044897650601342e-06
720575940627055303,720575940627055303,4,0.0001213446207511,6.328485e-05,6.50658e-05,8.890541374082875e-06,5.157714861448922e-05,2.690953260753304e-05,2.611004674690776e-05,1.5677304974999e-06
720575940627055303,720575940627055303,5,8.149966448711048e-05,4.256607e-05,4.4273253e-05,2.684409744780865e-06,3.62434321156018e-05,1.86993092938792e-05,1.7948697859537788e-05,6.613619408660598e-07
720575940637451497,720575940637451497,2,0.0011048767482861,0.0010482045,5.667179e-05,0.001045637531206,2.998043055413291e-05,3.7695590435760096e-06,2.62108715105569e-05,0.0
720575940637451497,720575940637451497,3,0.0001602624979568,8.4775675e-05,7.548677e-05,6.422377919079736e-05,3.1282248528441414e-05,1.9348999558133077e-05,1.193324897030834e-05,4.678170625993516e-06
720575940637451497,720575940637451497,4,5.882267317165263e-05,3.1459465e-05,2.9404084e-05,9.84150688281864e-06,1.5214087790281005e-05,7.298071977857035e-06,7.919720701465849e-06,2.030997848123661e-06
720575940637451497,720575940637451497,5,3.072360411674071e-05,1.5706286e-05,1.5891957e-05,2.329207299108291e-06,8.954378631055016e-06,4.560079560178565e-06,4.433570211404003e-06,5.464728127548075e-07
720575940621268651,720575940621268651,2,0.0006627400871366,0.00030846597,0.00035427415,0.0,0.0,0.0,0.0,0.0
720575940621268651,720575940621268651,3,0.0005029283929616,0.00043820805,6.472033e-05,0.0,8.325996532221325e-06,1.4795595006944495e-06,6.846437827334739e-06,0.0
720575940621268651,720575940621268651,4,0.0001554092041436,6.973611e-05,9.005118e-05,0.0,8.19184697320452e-06,4.50150400865823e-06,3.6903425097989376e-06,0.0
720575940621268651,720575940621268651,5,6.566421190883443e-05,3.1153635e-05,4.462099e-05,0.0,6.990300466703621e-06,3.7721742955909576e-06,3.233601546526188e-06,0.0
720575940606597724,720575940606597724,2,0.0010246383026242,0.000985236,3.9402268e-05,0.0009763143607415,0.0,0.0,0.0,0.0
720575940606597724,720575940606597724,3,0.0001627829915378,0.00012333173,3.9451235e-05,0.0001162786211352,2.008780938922428e-05,1.669930679781828e-05,3.388503046153346e-06,1.669930679781828e-05
720575940606597724,720575940606597724,4,5.7109537800035135e-05,3.3721644e-05,2.6769365e-05,2.3447651102920404e-05,1.982412140932865e-05,1.5433473890880123e-05,4.390647518448532e-06,1.5196376807580236e-05
720575940606597724,720575940606597724,5,2.917588354866768e-05,1.6630978e-05,1.6162e-05,6.891550891054856e-06,6.0312983663129376e-06,3.836916221189313e-06,2.286849394295132e-06,3.245955666312513e-06
720575940615376863,720575940615376863,2,0.0115847578272223,0.0011587422,0.0104260165,0.0,0.0010940226493403,0.0003162677458021,0.0007777549908496,0.0
720575940615376863,720575940615376863,3,0.0019461222691461,0.00084417453,0.0011019479,0.0,0.0008527999743819,0.0007398656453005,0.0001129342708736,0.0
720575940615376863,720575940615376863,4,0.0009873812118432,0.000698069,0.0005302259,0.0,0.0003106657689002,0.0001746201887726,0.0001377397129544,0.0
720575940615376863,720575940615376863,5,0.000571116832351,0.00036360216,0.00031602508,0.0,0.0001379872941234,6.883982132421806e-05,7.156407809816301e-05,0.0
720575940651601910,720575940651601910,2,0.025108590722084,0.003294118,0.021814475,0.0,0.0014533532084897,2.9372120479820296e-05,0.0014239811571314,0.0
720575940651601910,720575940651601910,3,0.0067004133015871,0.0034774777,0.0032229335,0.0,0.0028000958263874,0.0006437464035116,0.0021563484333455,0.0
720575940651601910,720575940651601910,4,0.0034818041989393,0.0033424487,0.001333612,0.0,0.0025754847216305,0.000972444016952,0.0016066042007878,0.0
720575940651601910,720575940651601910,5,0.0018019621161214,0.0013276587,0.0012025381,0.0,0.0009149322644286,0.0004429791297297,0.0004901746870018,0.0
720575940635696023,720575940635696023,2,0.0020198817364871,0.00012292268,0.001896959,0.0,3.316246193207917e-06,3.316246193207917e-06,0.0,0.0
720575940635696023,720575940635696023,3,0.0002051678166026,9.846766e-05,0.000106700216,0.0,2.077583667414729e-05,1.0829753591679037e-05,9.946083082468247e-06,0.0
720575940635696023,720575940635696023,4,9.807481982522058e-05,6.218902e-05,4.4114357e-05,0.0,1.8840797407837463e-05,8.377112862945069e-06,1.0464523256814571e-05,0.0
720575940635696023,720575940635696023,5,5.596262849211099e-05,2.8492912e-05,2.9564027e-05,0.0,1.3456252817382204e-05,6.412101356545463e-06,7.070229003147688e-06,0.0
720575940619293622,720575940619293622,2,0.001749112852849,0.00035593208,0.0013931807,0.0001401435292791,0.0001401150802848,0.0001401150802848,0.0,0.0001401150802848
720575940619293622,720575940619293622,3,0.0003630905994214,0.00019704265,0.00016604798,1.692029218247626e-05,4.718460331787355e-05,9.06988532278774e-07,4.62776115455199e-05,6.812841775172274e-07
720575940619293622,720575940619293622,4,0.0002027378372859,0.00013951203,7.6256256e-05,3.5637649474214163e-06,8.078001943833903e-06,3.125609964627074e-06,5.008942025597207e-06,5.604950424117363e-07
720575940619293622,720575940619293622,5,0.0001076183658034,5.6163088e-05,5.872723e-05,8.891673848811585e-07,6.213887050458802e-06,3.0481855901598465e-06,3.200655100954464e-06,1.769226362151535e-07
720575940628278654,720575940628278654,2,0.0010523225646466,0.00038276493,0.00066955766,0.0003382769064046,0.0003772084019146,0.0,0.0003772084019146,0.0
720575940628278654,720575940628278654,3,0.0001691271609161,8.482171e-05,8.4305444e-05,2.1797275621793236e-05,1.4611645383411089e-05,1.096702635550173e-05,3.64461789104098e-06,8.111036322588916e-07
720575940628278654,720575940628278654,4,8.425737638864035e-05,4.4860884e-05,4.2679647e-05,2.887402039495573e-06,9.275819722924024e-06,3.940764145227149e-06,5.502522526512621e-06,5.955919490929774e-08
720575940628278654,720575940628278654,5,5.03318210432629e-05,2.6163509e-05,2.5952268e-05,6.037850232451294e-07,4.3088461543694e-06,2.3902830434963107e-06,2.028167045864393e-06,1.7571548126385185e-08
720575940630006267,720575940630006267,2,0.0003124281065538,8.513209e-05,0.00022729595,8.332006837008521e-05,0.0001716760161798,0.0,0.0001716760016279,0.0
720575940630006267,720575940630006267,3,8.41996879898943e-05,3.522624e-05,4.8973452e-05,1.2324746421654709e-05,4.012991121271625e-05,1.1479658496682532e-05,2.8650256354012527e-05,2.6181917291978607e-06
720575940630006267,720575940630006267,4,4.814444378699126e-05,2.620065e-05,2.3269582e-05,3.0085482635787686e-06,2.0983550394154426e-05,1.1405880286474712e-05,1.0071582437376492e-05,1.4246188584365882e-06
720575940630006267,720575940630006267,5,2.993954734075812e-05,1.5478914e-05,1.5196301e-05,8.878453383981323e-07,1.2945016717377215e-05,6.756702532584313e-06,6.371855306497309e-06,3.533318962356557e-07
720575940634647732,720575940634647732,2,0.001805784064345,0.00033154472,0.0014742394,0.0003197505138814,0.000217320091906,0.0,0.000217320091906,0.0
720575940634647732,720575940634647732,3,0.0003828040498774,0.00022452913,0.00015827501,2.6451394660398364e-05,1.5024841559352352e-05,5.560280442296062e-06,9.464562026550992e-06,0.0
720575940634647732,720575940634647732,4,0.0002017083733062,0.0001325565,7.963482e-05,5.423612884109248e-06,7.637408794355071e-06,4.608238668879494e-06,3.1611439226253424e-06,1.6114408696310532e-09
720575940634647732,720575940634647732,5,0.0001189716044587,6.153247e-05,6.391364e-05,1.2645387595569307e-06,4.834803666006966e-06,3.010133241332369e-06,1.8694840946409384e-06,3.741070120355516e-09
720575940631082808,720575940631082808,2,0.0015044634928926,0.0005623706,0.0009420931,0.0002915566437877,0.0003055808192584,0.0002103497536154,9.52310729189776e-05,0.0001467475667595
720575940631082808,720575940631082808,3,0.0003258922952227,0.00015367969,0.00017221268,2.7380950996303e-05,4.617371450876817e-05,2.3516400688095015e-05,2.2657293811789717e-05,2.954786850750679e-06
720575940631082808,720575940631082808,4,0.0001267029557081,7.029085e-05,6.2979154e-05,6.113367910281464e-06,2.119411187931701e-05,1.0227184247924017e-05,1.1448724762885831e-05,5.629113584230329e-07
720575940631082808,720575940631082808,5,7.478220318110415e-05,4.0582716e-05,3.8078502e-05,1.6886709164556349e-06,1.2604272818316502e-05,6.542734809045214e-06,6.278253295022296e-06,1.268598582239127e-07
720575940637274852,720575940637274852,2,0.0006207778351381,0.00017573574,0.00044504183,0.0,0.0004944451502524,4.0436727431369945e-05,0.0004540084046311,0.0
720575940637274852,720575940637274852,3,0.0001460940693505,7.4115815e-05,7.197825e-05,0.0,7.638839451828972e-05,2.860026506823488e-05,4.778812581207603e-05,0.0
720575940637274852,720575940637274852,4,7.817963870320493e-05,3.8041897e-05,4.238661e-05,0.0,3.0010028884804032e-05,1.3824747838953044e-05,1.676284045970533e-05,0.0
720575940637274852,720575940637274852,5,4.948831159323258e-05,2.5198675e-05,2.596252e-05,0.0,1.6994798191128444e-05,8.551149221602827e-06,8.776588401815388e-06,0.0
720575940633618380,720575940633618380,2,0.0020496174693107,0.0011709131,0.00087870396,0.0,0.0005870647728443,0.0005870648310519,0.0,0.0
720575940633618380,720575940633618380,3,0.0004519844660535,0.00023022582,0.00022175867,0.0,0.0003337204107083,0.0001395061408402,0.0001942142407642,0.0
720575940633618380,720575940633618380,4,0.0002047243306672,0.00010242938,0.00010933677,0.0,5.111884830147702e-05,2.4657987523823977e-05,2.7084013709099963e-05,0.0
720575940633618380,720575940633618380,5,9.691042203737155e-05,4.906662e-05,5.1842362e-05,0.0,2.2250171015388908e-05,1.0268158803228287e-05,1.277860428672284e-05,0.0
720575940628732471,720575940628732471,2,0.0022958067711442,0.0022599918,3.581519e-05,0.0022032498382031,2.778143789328169e-05,0.0,2.778143789328169e-05,0.0
720575940628732471,720575940628732471,3,0.0003278913500253,0.0002872086,4.0682702e-05,0.0002624899498187,1.3179965208109934e-06,9.779462288861396e-07,3.400501213945973e-07,0.0
720575940628732471,720575940628732471,4,0.0001417700119019,0.00011719586,3.6766683e-05,8.313109272130973e-05,2.61960240606916e-07,2.6158622858929448e-06,1.129814961586817e-07,0.0
720575940628732471,720575940628732471,5,8.386325463699582e-05,6.124394e-05,2.9715444e-05,3.645937464178622e-05,5.207405907563585e-07,2.444298274895118e-07,5.527915618586121e-07,3.509439128190905e-10
720575940616299348,720575940616299348,2,0.0027795485220849,0.0021882032,0.0005913458,0.0021399792749434,0.0,0.0,0.0,0.0
720575940616299348,720575940616299348,3,0.0008796395268291,0.00045631616,0.00042332336,0.0004258305416442,1.2405971006046457e-07,0.0,1.2405971006046457e-07,0.0
720575940616299348,720575940616299348,4,0.0004333054924895,0.00024029949,0.00025013284,0.0001647144417645,2.585986180747568e-07,1.501627338029721e-07,1.0843591979892153e-07,1.6462721186272231e-09
720575940616299348,720575940616299348,5,0.0002286320852306,0.00014294234,0.00014656369,6.925478172607748e-05,2.046548887612195e-07,1.0846832765309956e-07,9.620480767580376e-08,6.883694503301285e-09
720575940637303415,720575940637303415,2,0.0048598302528262,0.0014608529,0.0033989777,0.0014242341276258,0.0022813349496573,0.0009918303694576,0.0012895045801997,0.0009918303694576
720575940637303415,720575940637303415,3,0.0022139940410852,0.0012909368,0.0009230575,0.0001488967391196,0.0005247443332336,0.0001699897111393,0.000354754505679,0.000157806702191
720575940637303415,720575940637303415,4,0.0012204866781563,0.00066734245,0.0005990647,2.809648499420221e-05,0.0002040643180029,0.0001162862390629,9.712899918667972e-05,1.595250217244017e-05
720575940637303415,720575940637303415,5,0.0007493095308865,0.00039657878,0.00040493545,6.796528030590319e-06,9.904673209170616e-05,6.283675611484796e-05,4.032411379739642e-05,2.239111409552453e-06
720575940624879678,720575940624879678,2,0.0100308796390891,0.0054011447,0.0046297363,0.0052228108979761,0.0022025811485946,0.0022025813814252,0.0,0.0020340899936854
720575940624879678,720575940624879678,3,0.0033289587590843,0.00123452,0.0020944392,0.0008239842718467,0.0009874836541712,0.0001283055316889,0.0008591781370341,0.0001106638810597
720575940624879678,720575940624879678,4,0.001817068749301,0.0010123221,0.0010415838,0.0002646263828058,0.0003237703248223,0.0001971754536498,0.0001359501184197,4.392062660025696e-05
720575940624879678,720575940624879678,5,0.0012841225029169,0.00075442204,0.00070637267,8.366745647071685e-05,0.0002544888773041,0.0001091075391741,0.0001570597523823,7.358670208370624e-06
720575940611897837,720575940611897837,2,0.0006853288505226,0.0004114893,0.0002738395,0.0004047672846354,0.0,0.0,0.0,0.0
720575940611897837,720575940611897837,3,9.961333853425458e-05,4.247891e-05,5.7134428e-05,1.6708932889741845e-05,1.3331539321370656e-06,8.782820941632963e-07,4.548718948171882e-07,8.484384750317987e-08
720575940611897837,720575940611897837,4,6.430500715129236e-05,4.187752e-05,2.4772766e-05,2.3450469917455862e-06,4.371565410110634e-06,2.621384282974759e-06,1.750181809256901e-06,1.807313054769111e-07
720575940611897837,720575940611897837,5,4.055769772916e-05,2.176684e-05,2.0435096e-05,5.745120263032461e-07,4.114577019513992e-06,2.37920971812855e-06,1.7360105175612262e-06,1.1027558088118385e-07
720575940657919873,720575940657919873,2,0.0002981694706249,0.00011010282,0.00018806662,0.0001101028174161,0.0,0.0,0.0,0.0
720575940657919873,720575940657919873,3,0.000108014253783,3.640715e-05,7.160711e-05,1.8232651200378317e-05,6.265396950766444e-05,6.277209649852011e-06,5.6376757129328325e-05,4.243514467816567e-06
720575940657919873,720575940657919873,4,4.525999838578727e-05,2.2559338e-05,2.4136898e-05,2.7825368246525192e-06,1.0120790648215916e-05,4.385082320368383e-06,5.735708327847533e-06,3.0032268227842e-07
720575940657919873,720575940657919873,5,2.832400246288035e-05,1.525036e-05,1.4173258e-05,5.633245360680886e-07,4.037399043699664e-06,2.2557364900421817e-06,1.966692479982157e-06,4.4416137685918016e-08
720575940623280457,720575940623280457,2,0.0073825186118483,0.0018282501,0.0055542695,0.0009383735014125,0.0051367986015975,0.0010050983401015,0.00413169991225,0.0010050983401015
720575940623280457,720575940623280457,3,0.0012410499621182,0.00080602994,0.0004350202,7.790969539200887e-05,0.0006790745537728,0.0004256751853972,0.0002533993683755,9.369185863761233e-05
720575940623280457,720575940623280457,4,0.0007403949814985,0.00047136843,0.00035116292,1.2575048765183227e-05,0.0002672636286469,0.0002332019503228,7.40698742447421e-05,1.138702560401109e-05
720575940623280457,720575940623280457,5,0.0003520873425496,0.00018373654,0.00020177469,2.85178153216019e-06,8.575883369450392e-05,4.070452268933877e-05,5.6977063650265336e-05,1.1265594825997132e-06
720575940633500084,720575940633500084,2,0.0006534607964567,0.00039620986,0.00025725094,0.0003937212459277,6.176235729071777e-06,6.176235729071777e-06,0.0,4.461576736503048e-06
720575940633500084,720575940633500084,3,0.0001130796226789,5.7878864e-05,5.520078e-05,3.040117553609889e-05,2.3083275664248504e-06,7.382835747193894e-07,1.570043991705461e-06,3.769391412333789e-07
720575940633500084,720575940633500084,4,3.3038028370240643e-05,1.7208884e-05,1.7523455e-05,3.285442484374869e-06,1.303034077662953e-06,5.779886578238802e-07,7.277632789737254e-07,4.20194830954913e-08
720575940633500084,720575940633500084,5,1.4606092450985415e-05,7.5521484e-06,7.835217e-06,5.653600903587697e-07,1.198447191077456e-06,6.073676104279002e-07,5.93035963447619e-07,2.053838366416805e-08
720575940646427012,720575940646427012,2,0.0016985539114102,0.0014159699,0.00028258355,0.0014143626904115,9.918738942360504e-05,2.4645156372571364e-05,7.45422366890125e-05,2.4645156372571364e-05
720575940646427012,720575940646427012,3,0.000333981210133,0.00023904206,9.493919e-05,0.0002168428181903,9.836902790993918e-06,3.906913207174512e-06,5.929989129072055e-06,3.2824968911882024e-06
720575940646427012,720575940646427012,4,9.886133329600664e-05,5.9811766e-05,4.4498094e-05,3.6766768660198974e-05,9.393703284819724e-06,5.716195573768346e-06,4.000195531261852e-06,4.040600571002579e-06
720575940646427012,720575940646427012,5,4.306907592647931e-05,2.3838747e-05,2.1960757e-05,7.783143118690171e-06,4.048240835653419e-06,2.098453251164756e-06,2.019449311774224e-06,5.702783680064382e-07
720575940619251182,720575940619251182,2,0.0008004694827832,0.00037074508,0.00042972434,0.0003697573847603,6.981705519137904e-05,6.981705519137904e-05,0.0,6.981705519137904e-05
720575940619251182,720575940619251182,3,0.0001979061053134,9.7486096e-05,0.00010042002,7.834526331862435e-05,8.649300434626639e-05,1.457402959204046e-05,7.191897020675242e-05,1.4507291780319063e-05
720575940619251182,720575940619251182,4,0.0001010057324745,5.255406e-05,5.0576702e-05,2.8901237540600217e-05,4.602635944415337e-05,2.5690718757687137e-05,2.034121826000046e-05,2.4184861495490098e-06
720575940619251182,720575940619251182,5,4.6513623295048976e-05,2.3885825e-05,2.412454e-05,7.039863771782944e-06,1.7122490580889995e-05,9.866387699730694e-06,7.349507541221101e-06,6.298244003527746e-07
720575940622037139,720575940622037139,2,0.0015848708571866,0.00045546063,0.0011294102,0.0004375394200906,0.0001808024244382,0.0001808024244382,0.0,0.0001808024244382
720575940622037139,720575940622037139,3,0.0003107786760665,0.00015576305,0.00015501579,0.0001373270642943,0.0002757179026957,0.0001036215544445,0.0001720963045954,0.0001036073226714
720575940622037139,720575940622037139,4,0.0001783965851851,9.618433e-05,8.764322e-05,5.727964919603354e-05,0.0001582364888004,8.446789433946833e-05,7.380437455140054e-05,2.281884314885396e-05
720575940622037139,720575940622037139,5,8.132246901892369e-05,4.2739368e-05,4.145054e-05,1.739814705217266e-05,4.94174573953691e-05,2.546691393945366e-05,2.431048051221296e-05,5.187800387960729e-06
720575940620532400,720575940620532400,2,0.0008743914077058,0.0002762207,0.0005981707,0.0002634976408444,2.5965440727304667e-05,0.0,2.5965440727304667e-05,0.0
720575940620532400,720575940620532400,3,0.0001222435676027,2.6414848e-05,9.582874e-05,1.6646343283355236e-05,7.733806342002936e-06,8.380032454624597e-07,6.895802926010219e-06,0.0
720575940620532400,720575940620532400,4,3.6309857092612975e-05,3.1570376e-05,1.9993431e-05,1.8604672962063929e-06,1.681296556220744e-06,9.672894520917907e-07,7.381641466963629e-07,1.3078723881676524e-08
720575940620532400,720575940620532400,5,1.331113182488908e-05,1.1161301e-05,6.5724907e-06,3.2669525609065775e-07,1.292987225514559e-06,6.558994982697186e-07,6.575509132744628e-07,1.665709703502216e-08
720575940645607203,720575940645607203,2,0.0010035247541964,0.00065255014,0.00035097467,0.0006504111806862,2.710555691010086e-06,2.710555691010086e-06,0.0,0.0
720575940645607203,720575940645607203,3,0.0002640496823005,6.678611e-05,0.00019726355,3.424537499086e-05,1.5957792129484005e-05,4.504751814238261e-06,1.1453039405751042e-05,7.295299297993553e-08
720575940645607203,720575940645607203,4,6.794677859474005e-05,4.0956707e-05,3.625259e-05,6.887747867474626e-06,1.1378811216663534e-05,6.562717317137867e-06,4.819129571842495e-06,6.751490673195804e-07
720575940645607203,720575940645607203,5,3.4530760018450324e-05,1.9568746e-05,1.9869054e-05,1.4079082704041794e-06,8.425164365011566e-06,4.069685019203462e-06,4.3758163883467205e-06,2.5572169045386064e-07
720575940635013311,720575940635013311,2,0.0001570527965668,5.065518e-05,0.00010639762,4.281317160348408e-05,1.9589002477005124e-05,0.0,1.9589002477005124e-05,0.0
720575940635013311,720575940635013311,3,6.011110963299871e-05,2.6151436e-05,3.3959666e-05,6.720865258103004e-06,9.571637747285422e-06,7.764393558318261e-06,1.8072444163408363e-06,0.0
720575940635013311,720575940635013311,4,3.235562061554879e-05,1.7696542e-05,1.5352656e-05,1.4087148942070676e-06,4.704747911064513e-06,2.3131763100536773e-06,2.422669240331743e-06,1.1264120303167148e-08
720575940635013311,720575940635013311,5,1.95185104020914e-05,1.0269845e-05,9.974452e-06,3.273957668398502e-07,2.0077451732098373e-06,1.0369724350312026e-06,1.0347630450269207e-06,8.321563882418559e-09
720575940644623396,720575940644623396,2,0.0004201351839583,0.00030346456,0.000116670664,0.0003032851673197,2.6831276045413688e-05,6.83557800584822e-07,2.614771801745519e-05,0.0
720575940644623396,720575940644623396,3,6.114251300459728e-05,3.2545224e-05,2.859726e-05,1.2761417565343436e-05,9.728762051963711e-06,8.226022146118339e-06,1.5027416111479397e-06,0.0
720575940644623396,720575940644623396,4,2.611352403047869e-05,1.4113415e-05,1.2702885e-05,1.6137329179660622e-06,3.5901631753535383e-06,1.782912818271143e-06,1.8360259446126288e-06,5.790437573871542e-10
720575940644623396,720575940644623396,5,1.5121893418285872e-05,7.920249e-06,7.697856e-06,3.577678399708325e-07,4.178799139582925e-06,2.21488653551205e-06,2.0093991679459577e-06,1.1147165412950244e-09
720575940636646392,720575940636646392,2,0.0002188698854297,3.8504208e-05,0.00018036572,3.739946987479925e-05,0.0,0.0,0.0,0.0
720575940636646392,720575940636646392,3,3.604987796279602e-05,1.6022623e-05,2.0027253e-05,6.046148428140441e-06,1.0841951052498189e-06,2.7294680648992653e-07,8.112481850730546e-07,2.652229795785388e-07
720575940636646392,720575940636646392,4,1.4435239954510985e-05,7.898422e-06,7.199212e-06,1.1874794806493545e-06,7.920525604276918e-07,4.091009486728581e-07,3.829516117548337e-07,7.432315385358379e-08
720575940636646392,720575940636646392,5,7.788447359377275e-06,4.1463445e-06,3.9785805e-06,3.562413919644177e-07,9.261829864337476e-07,4.6434396949734957e-07,4.631994556802965e-07,3.3261333626546234e-08
720575940620707750,720575940620707750,2,0.0008393207099288,0.00017288685,0.0006664339,0.000172886866494,0.0002164227771572,0.0,0.0002164227771572,0.0
720575940620707750,720575940620707750,3,0.0001920964132295,7.014381e-05,0.00012195257,1.9406772480579093e-05,2.6937203074339777e-05,9.100667739403434e-06,1.7836535334936343e-05,1.694608720015367e-08
720575940620707750,720575940620707750,4,0.0001009785818773,6.057909e-05,4.565875e-05,3.180803345267213e-06,1.020022148306374e-05,8.220047675422393e-06,4.283054749976145e-06,8.108163029874051e-09
720575940620707750,720575940620707750,5,5.759004188465233e-05,3.1811313e-05,2.8877283e-05,6.991553873005846e-07,4.796609112621739e-06,2.6997925033356296e-06,2.7410010261519342e-06,1.7524954757361636e-09
720575940619511345,720575940619511345,2,0.0009776528459042,0.00018370603,0.00079394685,0.0001828773674787,0.0001099166329368,0.0,0.0001099166256608,0.0
720575940619511345,720575940619511345,3,0.0002328054251847,8.3639e-05,0.00014916643,2.429528467473574e-05,3.521643884596415e-05,2.2444266505772248e-05,1.2772170521202495e-05,0.0
720575940619511345,720575940619511345,4,0.0001116761889913,6.214695e-05,5.509943e-05,4.931112707111961e-06,1.2813238323715554e-05,8.78909577295417e-06,4.656456439988688e-06,4.949023413303166e-09
720575940619511345,720575940619511345,5,6.277562541439773e-05,3.497612e-05,3.1828837e-05,1.1258293836267426e-06,4.615452393415346e-06,2.449753083055839e-06,2.5813983484113123e-06,2.87629164930081e-09
720575940628820823,720575940628820823,2,0.0015359728131443,0.00023165706,0.0013043159851804,0.0,0.000136388989631,2.2109805286163464e-05,0.0001142791807069,0.0
720575940628820823,720575940628820823,3,0.0002094675583066,9.513178e-05,0.0001143357512773,0.0,3.2403691875515506e-05,1.0314854080206716e-05,2.2088835976319388e-05,0.0
720575940628820823,720575940628820823,4,9.841999329104994e-05,6.781653e-05,4.401521073305048e-05,0.0,1.877582576114162e-05,1.1954944966419134e-05,7.5574853326543234e-06,0.0
720575940628820823,720575940628820823,5,4.37838252999276e-05,2.3896853e-05,2.3750082618789747e-05,0.0,1.1826026612985444e-05,5.932124622631818e-06,6.017896339471918e-06,0.0
720575940612921325,720575940612921325,2,0.0003096998261753,8.857898e-05,0.0002211208629887,0.0,1.12124762381427e-05,7.390613973257132e-06,3.821862719632918e-06,0.0
720575940612921325,720575940612921325,3,8.693539712112397e-05,5.4133074e-05,3.280230885138735e-05,0.0,1.7093769201892428e-05,9.170402336167172e-06,7.923364137241151e-06,0.0
720575940612921325,720575940612921325,4,4.932525705994798e-05,2.7701873e-05,2.242986374767497e-05,0.0,1.4221220688284424e-05,6.958847734495066e-06,7.286446816578973e-06,0.0
720575940612921325,720575940612921325,5,3.135260931817043e-05,1.5872514e-05,1.6294701708829962e-05,0.0,1.083932722552332e-05,5.126189080328913e-06,5.753485311288387e-06,0.0
720575940624801771,720575940624801771,2,0.0003482628380879,0.00015559632,0.0001926666009239,0.0001495989563409,1.091151079890551e-05,0.0,1.0911509889410809e-05,0.0
720575940624801771,720575940624801771,3,0.000108250111225,5.1641997e-05,5.6608125305501744e-05,2.148439671145752e-05,1.4651791389042046e-05,4.88616933580488e-06,9.765622053237166e-06,4.261296169261186e-07
720575940624801771,720575940624801771,4,6.02410851447502e-05,3.037972e-05,3.074849519180134e-05,5.132085392394036e-06,1.2515740365682716e-05,6.767724698875099e-06,5.757419785368256e-06,8.568164844291459e-07
720575940624801771,720575940624801771,5,4.3721552071183904e-05,2.3258048e-05,2.1984516934026036e-05,1.8008893496815771e-06,9.97759333078885e-06,5.232432158663869e-06,4.7700600589450914e-06,3.7084307244421603e-07
720575940615682955,720575940615682955,2,0.0005006923456676,0.00037113455,0.0001295577967539,0.0003438119892962,0.0,0.0,0.0,0.0
720575940615682955,720575940615682955,3,0.0002754054439719,0.00013847022,0.0001369351666653,0.0001162771368399,3.332096093799919e-05,0.0,3.3320953662041575e-05,0.0
720575940615682955,720575940615682955,4,0.0001450245921364,7.64176e-05,7.98914916231297e-05,4.897011040383156e-05,3.0080555006861687e-06,2.1943360479781404e-06,8.137196800817037e-07,9.909966536270076e-08
720575940615682955,720575940615682955,5,8.16209660052591e-05,4.8439648e-05,4.874525984632783e-05,2.074113383569668e-05,1.802539410718636e-06,9.296360303778784e-07,8.797174473329505e-07,3.721943642176484e-08
720575940618774352,720575940618774352,2,0.0039081797003746,0.003604691,0.0003034883702639,0.0035381710622459,0.0,0.0,0.0,0.0
720575940618774352,720575940618774352,3,0.0017943657003343,0.0013234287,0.0004709365894086,0.001232321257703,1.5524915397691077e-07,0.0,1.5524915397691077e-07,0.0
720575940618774352,720575940618774352,4,0.0009534353394575,0.0006290821,0.0003846344188787,0.00049952848431,1.8256399698657333e-06,4.737936478704796e-07,1.3518463219952537e-06,1.1283963630148722e-07
720575940618774352,720575940618774352,5,0.0005109310000814,0.0003315184,0.0002648890949785,0.0002054716764422,9.906738770499469e-07,4.632886430044892e-07,5.274242198538559e-07,4.555333887878987e-08
720575940623320649,720575940623320649,2,0.0016967956908047,0.001185738,0.0005110577913001,0.0011835457989946,0.0001847278908826,0.0,0.0001847278908826,0.0
720575940623320649,720575940623320649,3,0.0005272079724818,0.00027392077,0.0002532871731091,0.0001604659773875,0.0001083271417883,7.583443220937625e-05,3.249268775107339e-05,2.349467104068026e-05
720575940623320649,720575940623320649,4,0.0003885961605903,0.00019952338,0.0002008281880989,3.305899180647138e-05,6.633028508077225e-05,3.4487042285036296e-05,3.220461439923383e-05,1.7418338984498405e-06
720575940623320649,720575940623320649,5,0.0002946241217,0.00014239666,0.0001653737272135,8.09516995105465e-06,3.431759182462005e-05,1.6709152987459674e-05,1.815260657167528e-05,5.662475672899731e-07
720575940620201084,720575940620201084,2,0.0008519509574398,0.00054189994,0.0003100509638898,0.0005418999353423,0.0001176465448224,0.0,0.0001176465448224,0.0
720575940620201084,720575940620201084,3,0.0003026664198841,0.00014106945,0.000161596952239,2.798931745928712e-05,0.0001402478810632,7.174845814006403e-05,6.849940837128088e-05,7.632899723830633e-06
720575940620201084,720575940620201084,4,0.0001708473091047,8.296971e-05,9.143305942416192e-05,7.998394901006056e-06,9.738379509989466e-05,3.872630259138532e-05,5.953510117251426e-05,4.419200649863342e-06
720575940620201084,720575940620201084,5,0.000122603060229,6.1374965e-05,6.503693293780088e-05,2.430664419149228e-06,5.97010659695674e-05,2.8752052458003163e-05,3.1594172469340265e-05,1.095607366650408e-06
720575940615792523,720575940615792523,2,0.0039882101118564,0.0011103237,0.0028778864070773,0.0,0.0022663145791739,0.0005607403581961,0.001705573988147,0.0
720575940615792523,720575940615792523,3,0.0013638942036777,0.0007533311,0.0006105630891397,0.0,0.0007040069322101,0.0004114754265174,0.000292531447485,0.0
720575940615792523,720575940615792523,4,0.0008447973748285,0.0004397273,0.0004448014660738,0.0,0.0003994657080866,0.0001843333302531,0.0002313957957085,0.0
720575940615792523,720575940615792523,5,0.00052340859694,0.00028415286,0.0002811405865941,0.0,0.0001818130071147,9.410021448275074e-05,0.0001046148972818,0.0
720575940628456553,720575940628456553,2,0.0020398877095431,0.00081297196,0.0012269158614799,0.0,0.0005649658269248,0.0002942890278063,0.000270676711807,0.0
720575940628456553,720575940628456553,3,0.0003444674075581,0.00018158395,0.0001628836034797,0.0,8.134861855069175e-05,4.39197538071312e-05,3.742887929547578e-05,0.0
720575940628456553,720575940628456553,4,0.0001625817049988,8.5435706e-05,8.303273352794349e-05,0.0,4.533237822968721e-05,2.351096918573603e-05,2.228761150036007e-05,0.0
720575940628456553,720575940628456553,5,9.739412177730736e-05,4.9733084e-05,5.02110124216415e-05,0.0,2.4690779436123942e-05,1.2799445357813966e-05,1.2076001439709216e-05,0.0
720575940627946795,720575940627946795,2,0.0004567049618344,9.6154035e-05,0.0003605508827604,0.0,2.432880319247488e-05,2.432880319247488e-05,0.0,0.0
720575940627946795,720575940627946795,3,8.873099432094023e-05,5.2627336e-05,3.6103643651586026e-05,0.0,1.459368195355637e-05,6.246944394661114e-06,8.346734830411151e-06,0.0
720575940627946795,720575940627946795,4,3.606086190683124e-05,2.0528241e-05,1.6396830687881447e-05,0.0,8.43908265451515e-06,5.331462489266414e-06,3.125191369690583e-06,0.0
720575940627946795,720575940627946795,5,2.1689054998660382e-05,1.1002341e-05,1.1438914953032508e-05,0.0,5.4929149455887225e-06,2.743570803431794e-06,2.776579094643239e-06,0.0
720575940616098644,720575940616098644,2,0.0006906140479259,0.00035188862,0.0003387253091204,0.0003494025731924,3.900724550476298e-05,0.0,3.900724550476298e-05,0.0
720575940616098644,720575940616098644,3,0.0003466259222477,0.00016098941,0.0001856363960541,8.222987526096404e-05,0.0001184047650895,4.559831722872332e-05,7.280645513674244e-05,2.6509931558393877e-05
720575940616098644,720575940616098644,4,0.000206799224199,0.00010651347,0.0001049244747264,2.1514752431321203e-05,5.764402071392961e-05,3.255242336308584e-05,2.535098610678688e-05,3.7112752124812687e-06
720575940616098644,720575940616098644,5,0.0001395929070637,7.548888e-05,7.028700929367915e-05,5.439223846454984e-06,3.065374335194764e-05,1.608179991308134e-05,1.5206242096610367e-05,5.806879178612412e-07
720575940623861479,720575940623861479,2,0.0115408673882484,0.0028031243,0.0087377401068806,0.0,0.0,0.0,0.0,0.0
720575940623861479,720575940623861479,3,0.0030097286216914,0.0017172493,0.0012924801558256,0.0,1.3970970030641183e-05,1.3310840586200356e-05,6.601278528250987e-07,0.0
720575940623861479,720575940623861479,4,0.0018910395897085,0.0010502011,0.001017277711071,0.0,4.189124865661142e-06,2.2428730517276563e-06,1.9462513591861352e-06,0.0
720575940623861479,720575940623861479,5,0.0012318559289184,0.0006859288,0.0006582300993613,0.0,5.909004459249136e-06,2.917914116551401e-06,2.999622211063979e-06,0.0
720575940622224553,720575940622224553,2,0.0001872987049864,1.0292799e-06,0.0001862694480223,0.0,0.0,0.0,0.0,0.0
720575940622224553,720575940622224553,3,1.9694965885719284e-05,7.814162e-06,1.1880799320351798e-05,0.0,1.4568776123269345e-06,5.503742386281374e-07,9.065033736987972e-07,0.0
720575940622224553,720575940622224553,4,9.234232004803764e-06,5.327601e-06,4.128763976041228e-06,0.0,1.3031146863795584e-06,8.416848231718177e-07,4.614300621597067e-07,0.0
720575940622224553,720575940622224553,5,5.731685084217785e-06,2.9824348e-06,2.855268803614308e-06,0.0,1.0567762335740815e-06,5.395835387389525e-07,5.178877131584159e-07,0.0
720575940620926155,720575940620926155,2,0.0018662716029211,0.0016791294,0.0001871420681709,0.0,0.0015185752417892,0.0015185753582045,0.0,0.0
720575940620926155,720575940620926155,3,0.0002156351838493,0.00010580537,0.0001098297798307,0.0,0.0002369608555454,7.55706787458621e-05,0.0001613901695236,0.0
720575940620926155,720575940620926155,4,7.341612881613985e-05,4.448579e-05,3.885548358084634e-05,0.0,5.19935999734779e-05,3.6445366276893765e-05,1.954427352757193e-05,0.0
720575940620926155,720575940620926155,5,3.4171504887575306e-05,1.800456e-05,1.8902939700637944e-05,0.0,1.8291698032699084e-05,9.274740477849264e-06,1.0279123671352863e-05,0.0
720575940633485207,720575940633485207,2,0.0013455937150865,0.00028370306,0.0010618907399475,0.0002781595685519,0.0002190786617575,3.9549162465846166e-05,0.0001795295102056,3.493905023788102e-05
720575940633485207,720575940633485207,3,0.0002527881297282,7.6750664e-05,0.0001760374580044,2.5814291802817024e-05,0.0001055587636074,3.085939533775672e-05,7.469937554560602e-05,1.3278938240546267e-05
720575940633485207,720575940633485207,4,9.65948993806363e-05,5.6731566e-05,4.635926597984508e-05,3.849230085270975e-06,5.882562755018167e-05,2.7068552299169824e-05,3.19798564305529e-05,1.73013557303808e-06
720575940633485207,720575940633485207,5,5.5416097585326856e-05,3.0205365e-05,2.819544170051813e-05,7.42655552573032e-07,4.747441486923601e-05,2.473544373060577e-05,2.310409035999328e-05,4.20731039332426e-07
720575940650798582,720575940650798582,2,0.0048596272245049,0.0006745696,0.0041850572451949,0.0005424636183306,0.0049346834421157,2.273588506795932e-05,0.0049119475297629,2.273588506795932e-05
720575940650798582,720575940650798582,3,0.0005251672118902,0.00027908612,0.0002460811519995,4.494688255363144e-05,9.486478666076437e-05,6.674158066743985e-05,2.812321145029273e-05,2.1485890101757832e-05
720575940650798582,720575940650798582,4,0.0004725125687509,0.0002575733,0.0002573326346464,2.241401279785461e-05,0.0004288228966337,0.0001416040759067,0.0003118483291473,3.1020167255764586e-06
720575940650798582,720575940650798582,5,0.0002608905441239,0.00013472841,0.0001379515015287,6.197165629914842e-06,0.0001367979379744,7.99575645942241e-05,5.827688801218756e-05,8.805945761599305e-07
720575940619895125,720575940619895125,2,0.0122748604044318,0.007447513,0.00482734804973,0.0066263494081795,7.561957318102941e-05,5.656417124555446e-05,1.9055396478506736e-05,5.656417124555446e-05
720575940619895125,720575940619895125,3,0.0044656046666204,0.0024007095,0.0020648934878408,0.0011690423125401,0.0001141386674134,9.893714741338044e-05,1.5201540918496905e-05,2.544736844356521e-06
720575940619895125,720575940619895125,4,0.0026722052490179,0.0015917015,0.0013021104969084,0.0004439967149869,6.24371136109167e-05,4.966599954059348e-05,1.3174252671888098e-05,3.683877576634365e-05
720575940619895125,720575940619895125,5,0.0018190845218914,0.001076166,0.0009444805327802,0.0001876601840105,2.935619173568227e-05,1.4059860404813662e-05,1.7129508705693297e-05,1.0305880267212518e-06
720575940625784153,720575940625784153,2,0.0092096086591482,0.0057650213,0.0034445880446583,0.0054557672701776,5.841661914018914e-05,3.959376772399992e-05,1.8822851416189224e-05,2.657125332916621e-05
720575940625784153,720575940625784153,3,0.0022554034367203,0.0013716795,0.0008837240748107,0.0008550829952582,4.072643059771508e-05,2.762787335086614e-05,1.309855178988073e-05,1.190122202388011e-05
720575940625784153,720575940625784153,4,0.0014703214638523,0.00085756334,0.000732893589884,0.000285276503498,3.399391667342126e-05,2.279469481436536e-05,1.1820209692814387e-05,6.439489342457978e-06
720575940625784153,720575940625784153,5,0.0011402682574855,0.0006320744,0.0005907844752073,0.0001201196162725,3.4872555968218214e-05,1.9139910364174284e-05,1.700545908533968e-05,3.4456806209896524e-06
720575940633070732,720575940633070732,2,0.0004628226743079,0.00022762436,0.0002351983566768,0.0,7.047216786304489e-05,7.047216786304489e-05,0.0,0.0
720575940633070732,720575940633070732,3,0.0001730599469738,0.00010226952,7.079040369717404e-05,0.0,0.0002267365198349,7.043023651931435e-05,0.0001563062833156,0.0
720575940633070732,720575940633070732,4,4.7543616766452806e-05,2.4545696e-05,2.4633513021399267e-05,0.0,2.5047321971454133e-05,1.1023833394574469e-05,1.4238406947697513e-05,0.0
720575940633070732,720575940633070732,5,2.556971312849693e-05,1.3096949e-05,1.404113572789356e-05,0.0,1.291562386642016e-05,6.644264431088232e-06,6.628900791838532e-06,0.0
720575940611102577,720575940611102577,2,0.0040931133553385,0.0038994486,0.000193664280232,0.0,0.000718486495316,0.0006401365972124,7.834988355170935e-05,0.0
720575940611102577,720575940611102577,3,0.0004901643842458,0.00019840975,0.0002917546662501,0.0,0.0001267625775653,9.37446893658489e-05,3.301788092358038e-05,0.0
720575940611102577,720575940611102577,4,0.0002906006924926,0.00013947507,0.0001745463523548,0.0,9.088829806590464e-05,5.24434944964014e-05,4.063366213813424e-05,0.0
720575940611102577,720575940611102577,5,0.0001590055845606,8.732661e-05,8.086948946584016e-05,0.0,3.662732989810542e-05,1.7502712580608204e-05,1.9604900444392115e-05,0.0
720575940641773472,720575940641773472,2,0.0004533806350082,0.00012587402,0.0003275065682828,0.0,0.0001006969323498,0.0001006969323498,0.0,0.0
720575940641773472,720575940641773472,3,0.0002635726123116,0.00016389941,9.967319056158884e-05,0.0,0.0001456479221815,0.0001215237061842,2.4124194169417024e-05,0.0
720575940641773472,720575940641773472,4,0.0001679660316379,8.1054764e-05,8.881985559128225e-05,0.0,2.860697366715575e-05,1.788818735803943e-05,1.10759701783536e-05,0.0
720575940641773472,720575940641773472,5,0.0001145303488321,5.913214e-05,6.027110430295579e-05,0.0,1.0696021556035229e-05,7.34098648536019e-06,5.910638265049784e-06,0.0
720575940622491632,720575940622491632,2,0.0027079016435891,0.002070504,0.0006373972864821,0.0,0.000390717817936,0.0003655703912954,2.514742845960427e-05,0.0
720575940622491632,720575940622491632,3,0.0007105360273271,0.0003070311,0.0004035050224047,0.0,0.0002465578436385,8.891423203749582e-05,0.000157643618877,0.0
720575940622491632,720575940622491632,4,0.0004708145779616,0.00023370693,0.0002524858573451,0.0,6.480900534593112e-05,3.2923180697252974e-05,3.409481723792851e-05,0.0
720575940622491632,720575940622491632,5,0.0004047233819316,0.0001907479,0.0002258489403175,0.0,4.057443171166274e-05,2.131490873580333e-05,2.061032864730805e-05,0.0
720575940606045314,720575940606045314,2,0.000663693412207,0.00028758863,0.0003761046973522,0.0,7.251147326314822e-05,6.95678227202734e-06,6.555469008162618e-05,0.0
720575940606045314,720575940606045314,3,0.0002869109157472,0.00014810722,0.000138803734444,0.0,9.867522749118508e-05,4.11145156249404e-05,5.75607264181599e-05,0.0
720575940606045314,720575940606045314,4,0.0002195092700745,0.00012064219,0.0001020941563183,0.0,7.079994674001524e-05,2.9444774554576725e-05,4.201068077236414e-05,0.0
720575940606045314,720575940606045314,5,0.0001759632208373,9.224533e-05,8.887003059498966e-05,0.0,4.797685569162677e-05,2.1241907234070823e-05,2.9180713681853376e-05,0.0
720575940632575584,720575940632575584,2,0.0028493145946413,0.0008872046,0.0019621097017079,0.0,0.0,0.0,0.0,0.0
720575940632575584,720575940632575584,3,0.0005840935045853,0.00028667325,0.0002974201343022,0.0,6.304218550212681e-05,4.824339703191072e-05,1.4798793927184306e-05,0.0
720575940632575584,720575940632575584,4,0.0002705164344216,0.00014854895,0.0001374675630358,0.0,2.309228693775367e-05,1.1474106031528208e-05,1.1618182725214863e-05,0.0
720575940632575584,720575940632575584,5,0.0001423632809276,7.622677e-05,7.450470729963854e-05,0.0,1.1748886974034952e-05,5.671366125170607e-06,6.190485692059156e-06,0.0
720575940621947653,720575940621947653,2,0.008206401951611,0.0003658425,0.0078405598178505,0.0,0.0002520160633139,5.38520107511431e-05,0.0001981640671147,0.0
720575940621947653,720575940621947653,3,0.0009736003121361,0.0005692466,0.0004043540393467,0.0,0.0001275874383281,6.486747588496655e-05,6.271997699514031e-05,0.0
720575940621947653,720575940621947653,4,0.0005005689909463,0.00037850696,0.0002465797879267,0.0,5.567052727121779e-05,2.568081981735304e-05,3.0320792575366795e-05,0.0
720575940621947653,720575940621947653,5,0.0002925768536813,0.00016304075,0.0001639091497054,0.0,2.600233395965559e-05,1.2859860362368636e-05,1.360219994239742e-05,0.0
720575940616210333,720575940616210333,2,0.0018257622141391,0.0011216272,0.0007041349890641,0.0010956468759104,5.480352774611674e-05,0.0,5.480352774611674e-05,0.0
720575940616210333,720575940616210333,3,0.0003147127863485,0.00014506602,0.0001696467516012,8.652341784909368e-05,5.201475687499624e-06,3.645828201115364e-06,1.5556478274447727e-06,3.7153182574911625e-07
720575940616210333,720575940616210333,4,0.0001147627383753,5.9779624e-05,6.243824464036152e-05,1.5498722798035545e-05,5.09592162355791e-06,1.949237230292056e-06,3.220759936084505e-06,4.182698987165168e-08
720575940616210333,720575940616210333,5,5.701918029247609e-05,3.0049148e-05,3.0698014597874135e-05,3.324760955120866e-06,4.048659987633025e-06,2.028518792940304e-06,2.0700990717159584e-06,4.869318352810779e-08
720575940632687770,720575940632687770,2,0.0009112774278037,0.0007782092,0.0001330681989202,0.0007761801243759,0.0001792192924767,8.949222683440894e-05,8.972706564236432e-05,8.949222683440894e-05
720575940632687770,720575940632687770,3,0.0001981691166292,0.00013307703,6.509209924843162e-05,7.185497088357806e-05,0.0001009288171189,6.9174260715954e-05,3.175454185111448e-05,6.215590474312194e-06
720575940632687770,720575940632687770,4,8.727898380937041e-05,5.0269846e-05,3.893402026733384e-05,1.2906111235807666e-05,4.2155483675555e-05,2.3614025849383324e-05,1.8634826119523492e-05,3.5252827013490997e-06
720575940632687770,720575940632687770,5,4.739077604585135e-05,2.5392132e-05,2.3437325580744076e-05,3.2074659432751536e-06,1.7414504811653677e-05,9.756402505445294e-06,8.185066690202802e-06,9.47525193654513e-07
720575940610604078,720575940610604078,2,0.0006342334090732,0.00039823964,0.0002359938080189,0.0,2.3524771677330136e-05,2.0349367332528345e-05,3.1754036626807647e-06,0.0
720575940610604078,720575940610604078,3,0.000325681263348,0.0002559218,6.975950964260846e-05,0.0,8.002213689906057e-06,3.917637059203116e-06,4.084575266460888e-06,0.0
720575940610604078,720575940610604078,4,0.0001304512155239,6.3204e-05,7.277412805706263e-05,0.0,6.369034068436894e-06,3.301384822407272e-06,3.0855785553285382e-06,0.0
720575940610604078,720575940610604078,5,9.23147254582447e-05,4.7869362e-05,4.915048702969216e-05,0.0,3.5056479793366486e-06,1.7592285530554364e-06,1.7709485291561575e-06,0.0
720575940620300308,720575940620300308,2,0.0010649586329236,0.00064882974,0.0004161293327342,0.000648237997666,0.000167390317074,2.90697662421735e-05,0.0001383205672027,2.9069764423184097e-05
720575940620300308,720575940620300308,3,0.000322079489706,0.00019748596,0.0001245935854967,0.0001412167184753,3.699866647366434e-05,1.825974504754413e-05,1.8738905055215586e-05,5.189384410186904e-06
720575940620300308,720575940620300308,4,0.0001652684735683,0.00010487333,6.935792043805122e-05,4.516513088433545e-05,2.0362899826098736e-05,9.941648386302404e-06,1.0649929208739197e-05,1.6668929263579178e-06
720575940620300308,720575940620300308,5,9.820769031224708e-05,5.8600825e-05,4.7878238547127694e-05,1.2370757336744346e-05,1.1024831841034165e-05,5.5627801884838846e-06,5.59402405997389e-06,5.319503796198795e-07
720575940620926740,720575940620926740,2,9.580169717082754e-05,9.58017e-05,0.0,9.580169717082754e-05,0.0,0.0,0.0,0.0
720575940620926740,720575940620926740,3,6.714345363434404e-05,5.819745e-05,8.946000889409333e-06,2.2622401957050897e-05,1.3940794474365248e-07,0.0,1.3940794474365248e-07,0.0
720575940620926740,720575940620926740,4,2.7850067121927343e-05,2.3722136e-05,5.389796115196077e-06,7.542764710039601e-06,1.2130726645409598e-07,4.556624588758496e-08,7.574101346108365e-08,6.965575893858045e-10
720575940620926740,720575940620926740,5,8.127564632971094e-06,9.448728e-06,3.4358154152869247e-06,1.2145863350041188e-06,8.949660486845416e-08,5.7437677725147296e-08,3.207244958502997e-08,7.565064130687915e-09
720575940622697196,720575940622697196,2,0.0024420660920441,0.0024161148,2.5951572752092037e-05,0.0023709875531494,2.247936572530307e-05,0.0,2.247936572530307e-05,0.0
720575940622697196,720575940622697196,3,0.000272626086371,0.00024049592,3.21301122312434e-05,0.0002228961529908,1.431417672392854e-06,1.2711903991657891e-06,1.602272732270649e-07,0.0
720575940622697196,720575940622697196,4,0.0001219467356648,0.000104777406,2.946695894934237e-05,7.675917714771632e-05,5.571427941112808e-07,2.4008945729292464e-06,3.971069872932276e-07,1.1423436641067042e-09
720575940622697196,720575940622697196,5,7.452578901390831e-05,5.5651155e-05,2.430319364066236e-05,3.682776945149184e-05,5.068767656487858e-07,2.300115937714509e-07,5.380277343647322e-07,1.3273946386505031e-09
720575940624862339,720575940624862339,2,0.0002849544689524,0.00016761756,0.0001173369164462,0.0001663925213506,0.0001403737987857,0.0001107744828914,2.959933044621721e-05,0.0001107744828914
720575940624862339,720575940624862339,3,6.255676998989657e-05,2.8397548e-05,3.415921673877165e-05,1.395183335262118e-05,2.917102574429009e-05,1.0788853614940308e-05,1.8382172129349783e-05,5.625048743240768e-06
720575940624862339,720575940624862339,4,2.593736793997376e-05,1.2814967e-05,1.348508521914482e-05,2.3436147334699405e-06,1.306507324034027e-05,5.91839307162445e-06,7.1978415689955e-06,6.679406635077663e-07
720575940624862339,720575940624862339,5,1.513889909122957e-05,7.772642e-06,7.687852303206455e-06,5.898140986482536e-07,7.760490686109161e-06,3.976434527430683e-06,3.844069397018757e-06,2.642957758632169e-07
720575940638925877,720575940638925877,2,0.0028122013900429,0.0027765215,3.568089960026555e-05,0.0027544144541025,3.029163235623855e-05,0.0,3.029163235623855e-05,0.0
720575940638925877,720575940638925877,3,0.0003418599371798,0.00029405326,4.780668677994981e-05,0.0002710685075726,9.376398111271556e-07,7.810390911799914e-07,1.5660079100143778e-07,0.0
720575940638925877,720575940638925877,4,0.0001650210391548,0.00013666184,4.4250824430491775e-05,9.799027519500288e-05,3.768659432931852e-07,3.194836835973547e-06,2.016654576664223e-07,5.933769919863607e-09
720575940638925877,720575940638925877,5,0.0001068577278608,7.7852936e-05,3.672789898701012e-05,5.014985474541479e-05,8.362297809668311e-07,3.848801100048149e-07,7.079723332026333e-07,2.1633754787586668e-09
720575940630286136,720575940630286136,2,0.0011029315646737,0.0009135094,0.0001894223096314,0.0008894762722775,0.0001116195926442,0.0001116195926442,0.0,0.0001116195926442
720575940630286136,720575940630286136,3,9.031340596266092e-05,3.7710604e-05,5.2602801588363945e-05,1.8808817912940867e-05,9.078621587832458e-06,5.152542598807486e-06,3.926079898519674e-06,4.002305104222614e-06
720575940630286136,720575940630286136,4,4.659137799370977e-05,2.7186665e-05,2.2144566173665226e-05,3.662952275172737e-06,5.210863123963817e-06,2.935273641924141e-06,2.53037774200493e-06,4.443595050277799e-07
720575940630286136,720575940630286136,5,2.847318230452342e-05,1.5218512e-05,1.4172728697303684e-05,9.92817226548969e-07,3.909651711567657e-06,2.021517502726056e-06,1.9562066881917417e-06,1.2649035319131864e-07
720575940612754582,720575940612754582,2,0.0026597557589411,0.0026280114,3.1744544685352594e-05,0.0025703345891088,2.4541081074858084e-05,0.0,2.4541081074858084e-05,0.0
720575940612754582,720575940612754582,3,0.0002865838760044,0.00025641397,3.0169885576469824e-05,0.0002419621741864,2.950645921373507e-06,2.7601442980085267e-06,1.9050170863010865e-07,0.0
720575940612754582,720575940612754582,4,0.000109950357794,9.806207e-05,2.634596785355825e-05,7.074249579548408e-05,6.444682493249039e-07,2.675037194421748e-06,4.1581381537980633e-07,0.0
720575940612754582,720575940612754582,5,6.31621005312222e-05,4.76926e-05,2.1142748664715327e-05,3.105138549236635e-05,5.579531961813007e-07,2.159352732178377e-07,7.108272370714985e-07,2.5327320102297435e-11
720575940622857447,720575940622857447,2,0.0026488341391086,0.002625951,2.2883295969222672e-05,0.0025844271294772,2.231007420050446e-05,0.0,2.231007420050446e-05,0.0
720575940622857447,720575940622857447,3,0.0006570849218405,0.0006232714,3.381356509635225e-05,0.0005962632130831,2.37390804613824e-06,1.2675222933467012e-06,1.1063859801652145e-06,0.0
720575940622857447,720575940622857447,4,0.0003282045913787,0.00030953565,3.401263529667631e-05,0.0002679412695363,9.389475991489312e-07,2.872077402571449e-06,2.9085404662509973e-07,8.992609679125962e-08
720575940622857447,720575940622857447,5,0.0001888294232088,0.00016985292,3.0414481443585828e-05,0.0001359049831576,5.690124835703601e-07,3.426470414069627e-07,5.011183930037078e-07,2.7607484298641797e-08
720575940635342236,720575940635342236,2,0.0005356978508643,0.00030307568,0.000232622216572,0.0,2.8068863684893582e-05,2.8068863684893582e-05,0.0,0.0
720575940635342236,720575940635342236,3,0.0001402800262439,7.172185e-05,6.855811807326972e-05,0.0,5.829027577419765e-05,4.475281457416713e-05,1.3537459381041115e-05,0.0
720575940635342236,720575940635342236,4,7.094345502248016e-05,3.830986e-05,3.437770646996796e-05,0.0,1.8812429652354455e-05,8.556791726732627e-06,1.0257604117214214e-05,0.0
720575940635342236,720575940635342236,5,3.960656915896965e-05,2.0527452e-05,2.055340701190289e-05,0.0,9.865156322896787e-06,4.749933395942208e-06,6.093038791732397e-06,0.0
720575940633144312,720575940633144312,2,0.0003260790253989,0.0001949589,0.0001311201485805,0.0,2.859347296180204e-05,2.859347296180204e-05,0.0,0.0
720575940633144312,720575940633144312,3,7.926078978925943e-05,4.6994042e-05,3.2266732887364924e-05,0.0,7.11045868229121e-06,1.827144956223492e-06,5.283312930259854e-06,0.0
720575940633144312,720575940633144312,4,4.031567421377132e-05,2.085168e-05,2.045341534540057e-05,0.0,3.042253744878314e-06,1.6438002603536006e-06,1.6068674995040055e-06,0.0
720575940633144312,720575940633144312,5,2.1049692000791465e-05,1.0697249e-05,1.1204172551515512e-05,0.0,1.3786997437610613e-06,7.812406579432718e-07,7.02503825777967e-07,0.0
720575940604828076,720575940604828076,2,0.0003464515320956,0.00018832256,0.0001581289543537,0.0001822709746193,0.0001089400975615,2.6915005946648307e-05,8.202508615795523e-05,2.6664649340091277e-05
720575940604828076,720575940604828076,3,9.758676605997608e-05,5.3875672e-05,4.371106479084119e-05,2.31716621783562e-05,2.060417136817705e-05,1.1196234481758438e-05,9.407939614902716e-06,4.095635631529149e-06
720575940604828076,720575940604828076,4,4.3140736253652856e-05,2.0985193e-05,2.2728676412953064e-05,5.316622171660328e-06,1.2164438264534648e-05,6.501390089397319e-06,5.824811523780227e-06,9.89803782597215e-07
720575940604828076,720575940604828076,5,2.594391468367776e-05,1.3131621e-05,1.3327718988875858e-05,1.557722889368797e-06,8.379076248634096e-06,4.342088686826173e-06,4.096378233953146e-06,2.780725039593588e-07
720575940646353699,720575940646353699,2,0.003174602985382,0.0005589629,0.0026156394742429,0.0,7.492477016057819e-05,5.587709893006832e-05,1.904767304949928e-05,0.0
720575940646353699,720575940646353699,3,0.00069656514097,0.00032755968,0.000369005894754,0.0,0.0002144914469681,8.054798672674224e-05,0.0001339434675173,0.0
720575940646353699,720575940646353699,4,0.0004406694942191,0.000241241,0.000214443920413,0.0,0.0001403115459858,6.895713886478916e-05,7.143518450902775e-05,0.0
720575940646353699,720575940646353699,5,0.0002870702900164,0.00014932282,0.0001469090930186,0.0,0.0001093100680748,5.496966696227901e-05,5.4818799981148914e-05,0.0
720575940624313834,720575940624313834,2,0.0023214109241962,0.0012998369,0.0010215732036158,0.0,5.060767762188334e-06,4.689490197051782e-06,3.712773946062953e-07,0.0
720575940624313834,720575940624313834,3,0.0011532590724527,0.0005602896,0.0005929698818363,0.0,0.000130878703203,4.060661012772471e-05,9.02721003512852e-05,0.0
720575940624313834,720575940624313834,4,0.0006732201951899,0.00034312063,0.0003444066096562,0.0,0.0001054007480815,5.851673631696031e-05,4.688405169872567e-05,0.0
720575940624313834,720575940624313834,5,0.0004813539508359,0.00024456996,0.000256938918028,0.0,8.400796385603361e-05,4.209265898680314e-05,4.213798820273951e-05,0.0
720575940618045986,720575940618045986,2,0.0289161577820777,0.028568614,0.0003475414996501,0.0,0.0,0.0,0.0,0.0
720575940618045986,720575940618045986,3,0.0147006195038557,0.00014877752,0.014551842585206,0.0,1.24205641327535e-07,1.7225999515702026e-09,1.2248304415152236e-07,0.0
720575940618045986,720575940618045986,4,0.0083106411672952,0.009486552,0.0002326818939764,0.0,1.0574765951787413e-07,2.9634003695377945e-08,7.611366470428038e-08,0.0
720575940618045986,720575940618045986,5,0.0048532120666584,0.0002590263,0.0062883701175451,0.0,1.202190093231656e-07,7.81878242150924e-08,4.222338390036384e-08,0.0
720575940622790271,720575940622790271,2,0.0034960729535669,0.0026887418,0.0008073319331742,0.0,0.0001691201614448,0.0,0.0001691201614448,0.0
720575940622790271,720575940622790271,3,0.0011800888460129,0.0007772474,0.0004028408438898,0.0,0.0001903100055642,0.0001302809541812,6.00290768488776e-05,0.0
720575940622790271,720575940622790271,4,0.0005027068182836,0.00025895165,0.0002660334866959,0.0,0.0001115760929328,5.7489007303956896e-05,5.440759196062572e-05,0.0
720575940622790271,720575940622790271,5,0.0002794169185016,0.0001487544,0.0001477149780839,0.0,6.77009121628497e-05,3.495351120363921e-05,3.320500400150195e-05,0.0
720575940625054906,720575940625054906,2,0.0006569256656803,0.0005210815,0.0001358440931653,0.0,0.0007240469567477,0.000723258650396,7.882772479206324e-07,0.0
720575940625054906,720575940625054906,3,0.000215519889025,0.00014016872,7.53512722440064e-05,0.0,0.0001298432180192,7.452124555129558e-05,5.532198701985181e-05,0.0
720575940625054906,720575940625054906,4,0.0001405677308913,7.244935e-05,6.924140325281769e-05,0.0,0.0001044322299384,4.978321521775797e-05,5.568956839852035e-05,0.0
720575940625054906,720575940625054906,5,9.025890712133972e-05,4.533905e-05,4.622160849976353e-05,0.0,4.871952508055856e-05,2.325300010852516e-05,2.610123556223698e-05,0.0
720575940617869339,720575940617869339,2,0.0057944082655012,0.0014961507,0.0042982576414942,0.0,7.895704038674012e-05,7.798574370099232e-05,9.71300096352934e-07,0.0
720575940617869339,720575940617869339,3,0.00102149695158,0.00049263873,0.0005288583924993,0.0,3.003171514137648e-05,1.4189299690769984e-05,1.5842411812627688e-05,0.0
720575940617869339,720575940617869339,4,0.0004152616500015,0.00024960507,0.0002098018449032,0.0,1.5395431150264793e-05,8.129452908178791e-06,7.333490884775529e-06,0.0
720575940617869339,720575940617869339,5,0.0001825930556073,9.840165e-05,0.0001028401020448,0.0,1.5389403446421132e-05,6.214337190613151e-06,9.208956726070028e-06,0.0
720575940613552018,720575940613552018,2,0.002572726458311,0.0013647025,0.0012080242158845,0.0013456519227474,0.0002860575332306,0.0002860575332306,0.0,0.0002860575332306
720575940613552018,720575940613552018,3,0.0009451617952436,0.0003568471,0.0005883149569854,0.0003214247408322,4.705394076154335e-06,4.705394076154335e-06,0.0,4.705394076154335e-06
720575940613552018,720575940613552018,4,0.0004955104245559,0.00027952483,0.000330037495587,0.0001440873988959,6.788071046002511e-07,8.461640845780494e-07,1.1317268899802003e-07,3.958106262731634e-07
720575940613552018,720575940613552018,5,0.0002795055994532,0.00019005356,0.0001966098498087,6.70281488245019e-05,2.124540313628389e-07,1.66335382800753e-07,8.936005713167107e-08,5.4713135340605926e-08
720575940639092201,720575940639092201,2,0.0039630974642932,0.00023699437,0.0037261035759001,0.000174527594936,2.092089744110126e-05,8.298940883832984e-06,1.2621955647773577e-05,8.298940883832984e-06
720575940639092201,720575940639092201,3,0.0004236786626279,0.00015196648,0.0002717123134061,3.144021684420295e-05,5.890345346415416e-05,2.9715542041230947e-05,2.91879077849444e-05,1.673930455581285e-05
720575940639092201,720575940639092201,4,0.0002184405424839,0.00015103568,0.0001009670668281,7.765690358756522e-06,4.65874800450965e-05,2.508551551727578e-05,2.150763066310901e-05,2.4315108940421287e-06
720575940639092201,720575940639092201,5,0.0001293899114976,7.117665e-05,6.82055251672864e-05,2.290374209119626e-06,3.071008407787972e-05,1.5646633983124048e-05,1.5193571016425269e-05,8.75428703403424e-07
720575940633886765,720575940633886765,2,0.0031936259474605,0.0031720502,2.157524249923881e-05,0.0031307958997786,1.8301823729416355e-05,0.0,1.8301823729416355e-05,0.0
720575940633886765,720575940633886765,3,0.0006208341801539,0.0005906267,3.0207769668777477e-05,0.0005680506583303,2.041207835645764e-06,1.0718143812482597e-06,9.6939368177118e-07,0.0
720575940633886765,720575940633886765,4,0.0002772655558271,0.0002685373,2.920241604442708e-05,0.0002284057387129,7.017701144666425e-07,2.153956756956177e-06,3.722345809364924e-07,0.0
720575940633886765,720575940633886765,5,0.0001477461526525,0.00013474697,2.4860863049980253e-05,0.0001068670336622,3.943653722812446e-07,2.9526418643399666e-07,3.326594253394433e-07,3.1790020615929393e-10
720575940620738645,720575940620738645,2,0.0007539084181189,0.0006303797,0.0001235287199961,0.0,0.0,0.0,0.0,0.0
720575940620738645,720575940620738645,3,0.0002686832449398,0.00016665563,0.0001020276249619,0.0,6.809382284700405e-06,2.635719738464104e-06,4.173662546236301e-06,0.0
720575940620738645,720575940620738645,4,0.0001390124446208,6.775864e-05,7.508232374675572e-05,0.0,1.5799503671587445e-05,3.7573581721517257e-06,1.2042148227919824e-05,0.0
720575940620738645,720575940620738645,5,8.206096503650033e-05,4.0840852e-05,4.489938874030486e-05,0.0,1.1894401098114717e-05,5.676188266079407e-06,6.226651748875156e-06,0.0
720575940634046399,720575940634046399,2,0.0096533261239528,0.008190107,0.0014632176607847,0.0001221092825289,5.749571300839307e-06,5.749571300839307e-06,0.0,5.749571300839307e-06
720575940634046399,720575940634046399,3,0.0009290398447774,0.0005077541,0.0004212856874801,1.7382805026500137e-06,1.1390169873948253e-07,5.686362669621303e-08,5.703807914869685e-08,5.3531049815092047e-08
720575940634046399,720575940634046399,4,0.0005086176180051,0.0004703839,0.000262351182755,3.0858400011605985e-07,2.8188335804458706e-07,2.8660288364790176e-08,2.5604506959098217e-07,2.298542391963068e-08
720575940634046399,720575940634046399,5,0.0001749345232948,0.00011818546,0.0001058526249835,8.316449668194342e-08,6.19558838950761e-07,2.706008217501221e-08,5.945169050391996e-07,5.446819790488192e-09
720575940613783106,720575940613783106,2,0.0036724244710057,0.0035657042,0.00010671991,0.0033334014005959,5.4664287745254114e-05,0.0,5.4664287745254114e-05,0.0
720575940613783106,720575940613783106,3,0.0013835860881954,0.0012636138,0.00011997261,0.0010476062307134,2.466106252541067e-06,1.735826799631468e-06,7.302794529095991e-07,0.0
720575940613783106,720575940613783106,4,0.0008383344968787,0.0007551603,0.00011520738,0.0005262979509166,1.4346033149014732e-06,6.003729595249752e-06,2.848410929345846e-07,0.0
720575940613783106,720575940613783106,5,0.0005487795858089,0.00048056172,0.00010258759,0.0002838564583461,9.175357070729376e-07,5.737641117775638e-07,8.767943313614524e-07,2.184252423376165e-08
720575940617942336,720575940617942336,2,0.0025066889356821,0.0002847142,0.002221975,0.0,0.0,0.0,0.0,0.0
720575940617942336,720575940617942336,3,0.0004572772886604,0.00023143564,0.00022584174,0.0,7.505441772082122e-06,4.674087904277258e-06,2.831353640431189e-06,0.0
720575940617942336,720575940617942336,4,0.000120251511779,7.7202356e-05,5.227609e-05,0.0,4.399151748657459e-06,2.3184975361800757e-06,2.0806539851037087e-06,0.0
720575940617942336,720575940617942336,5,4.862285514812799e-05,2.6332375e-05,2.7666396e-05,0.0,5.200856537470365e-06,2.0738464172609383e-06,3.1297981877287384e-06,0.0
720575940611698674,720575940611698674,2,0.0005695568397641,0.00035923044,0.0002103264,0.0003487586218398,6.4460800786037e-05,1.2268433238205034e-06,6.323395791696385e-05,1.2268433238205034e-06
720575940611698674,720575940611698674,3,0.0001655921369092,7.568827e-05,8.990396e-05,4.487386831897311e-05,1.1654262380034195e-05,4.519989943219116e-06,7.134270163078327e-06,1.5185591450972424e-07
720575940611698674,720575940611698674,4,9.033375975624292e-05,4.4454715e-05,4.804271e-05,9.08569960971091e-06,8.74860104361339e-06,3.405673851375468e-06,5.36281913809944e-06,1.290740579712316e-07
720575940611698674,720575940611698674,5,5.955745096532858e-05,3.0802974e-05,3.0415918e-05,2.59553161921511e-06,5.489130208838712e-06,2.864245971068158e-06,2.653092678883695e-06,6.021954906086535e-08
720575940627079557,720575940627079557,2,0.0021498501300811,0.0020768554,7.299534e-05,0.0020216309931129,4.6355315134860575e-05,0.0,4.6355315134860575e-05,0.0
720575940627079557,720575940627079557,3,0.0003047226055059,0.00024398675,6.073584e-05,0.0002140641008736,3.861664936266607e-06,3.3809028536779806e-06,4.807623668057204e-07,0.0
720575940627079557,720575940627079557,4,0.0001586261375845,0.00011978138,4.992606e-05,8.104325090183483e-05,1.359461851053176e-06,4.651341896533268e-06,8.242886906373315e-07,0.0
720575940627079557,720575940627079557,5,9.973910590737624e-05,6.815589e-05,3.8466234e-05,3.883650487096537e-05,7.944700011413006e-07,3.981952261256083e-07,1.0011569884227356e-06,4.2090619878365487e-10
720575940638208627,720575940638208627,2,0.004676102194935,0.0045755384,0.000100563135,0.0043428698554635,5.839682853547856e-05,0.0,5.839682853547856e-05,0.0
720575940638208627,720575940638208627,3,0.0016385357594117,0.0015315154,0.0001070209,0.001283997669816,4.70278564534965e-06,3.831009507848648e-06,8.717759101273259e-07,0.0
720575940638208627,720575940638208627,4,0.0010082662703659,0.00094908854,0.00010498779,0.0006768658942277,2.549780822067582e-06,6.607401701330673e-06,1.1277843441348525e-06,4.90454010737551e-10
720575940638208627,720575940638208627,5,0.000641129848608,0.00059139926,9.370401e-05,0.000361688551963,1.3582115426282229e-06,7.206226655398495e-07,1.384121333103394e-06,2.471767501788236e-08
720575940640123008,720575940640123008,2,0.0046641081571578,0.00022812755,0.0044359807,0.0,0.0001293848763452,9.523356129648164e-05,3.415132960071787e-05,0.0
720575940640123008,720575940640123008,3,0.0004218633694108,0.00025228155,0.00016958169,0.0,3.320112591609359e-05,1.2795169823220933e-05,2.040595791186206e-05,0.0
720575940640123008,720575940640123008,4,0.0001784649276167,0.00012477877,0.000106758,0.0,1.09703622845789e-05,5.242289262241684e-06,5.848560704180272e-06,0.0
720575940640123008,720575940640123008,5,9.867719426549465e-05,5.48877e-05,6.0740087e-05,0.0,5.268999163526278e-06,2.770423179754289e-06,2.584599769761553e-06,0.0
720575940613294016,720575940613294016,2,0.0032828282564878,0.0032575787,2.5249288e-05,0.0031566016841679,6.017276245984249e-05,0.0,6.017276245984249e-05,0.0
720575940613294016,720575940613294016,3,0.0007629194878973,0.000730047,3.2872118e-05,0.0006731785833835,3.830586592812324e-06,2.8789017960662022e-06,9.516853083368916e-07,0.0
720575940613294016,720575940613294016,4,0.0003742382241946,0.00036411022,3.2964206e-05,0.0002971548510268,6.664169614665741e-06,5.487350790644996e-06,6.519922862935346e-06,8.201509471561507e-10
720575940613294016,720575940613294016,5,0.0002053371905205,0.0001916645,2.9115241e-05,0.0001432062417763,6.49586234071619e-07,5.755861138823093e-07,7.554947387689026e-07,1.279320094305092e-09
720575940617972253,720575940617972253,2,0.0023604587186127,0.002327617,3.2841293e-05,0.0022789200302213,3.090354221058078e-05,0.0,3.090354221058078e-05,0.0
720575940617972253,720575940617972253,3,0.0003267439315095,0.0002868076,3.993637e-05,0.000259562395513,2.1791690869577e-06,1.697045718174195e-06,4.821237098440179e-07,0.0
720575940617972253,720575940617972253,4,0.0001450175469759,0.00012021979,3.7032958e-05,8.46879014684409e-05,2.5481731499176487e-06,2.829076038324274e-06,2.463208375047543e-06,0.0
720575940617972253,720575940617972253,5,8.769758252188359e-05,6.395002e-05,3.0497078e-05,3.831135644533946e-05,7.944597476673292e-07,3.4851717600759e-07,8.173697665370128e-07,4.1943779005571e-10
720575940616295451,720575940616295451,2,0.0008251160616055,0.00059326773,0.0002318483,0.0,1.4202931879481184e-06,0.0,1.4202931879481184e-06,0.0
720575940616295451,720575940616295451,3,0.0001827337691793,9.418682e-05,8.854692e-05,0.0,2.0454237983358325e-06,1.4717415979248472e-06,5.736820298807288e-07,0.0
720575940616295451,720575940616295451,4,6.784512228793353e-05,3.2753516e-05,3.7408474e-05,0.0,1.7232100546865989e-06,7.045867391752836e-07,1.019854607875459e-06,0.0
720575940616295451,720575940616295451,5,3.201258018798244e-05,1.6477028e-05,1.6830127e-05,0.0,1.0891717642538542e-06,5.514739314094186e-07,5.447694775284617e-07,0.0
720575940649577337,720575940649577337,2,0.0029799230396747,0.0020395285,0.00094039406,0.0,0.0,0.0,0.0,0.0
720575940649577337,720575940649577337,3,0.0004661089333239,0.00020649607,0.00025961286,0.0,1.494707362326153e-06,1.0008237723013735e-06,4.938835900247796e-07,0.0
720575940649577337,720575940649577337,4,0.0001941929440402,0.00010601461,0.0001019233,0.0,3.723144345713081e-06,1.8875787191063864e-06,1.8355656266066944e-06,0.0
720575940649577337,720575940649577337,5,0.0001101744266155,5.8603655e-05,5.754492e-05,0.0,4.8961032518489045e-06,2.524239334888989e-06,2.37351287069032e-06,0.0
720575940623434535,720575940623434535,2,0.0011677305446937,0.00061112683,0.0005566037,0.0,0.0002648426743689,0.0002648426743689,0.0,0.0
720575940623434535,720575940623434535,3,0.0002665744395926,0.00012780554,0.0001387689,0.0,4.274098319001496e-05,4.767299742525211e-06,3.79736848117318e-05,0.0
720575940623434535,720575940623434535,4,9.967573548252626e-05,5.55988e-05,5.18991e-05,0.0,7.122796292255982e-06,4.335265657573473e-06,2.9895297757320805e-06,0.0
720575940623434535,720575940623434535,5,4.876811404275994e-05,2.5598847e-05,2.6289003e-05,0.0,2.6898742719496864e-06,1.3287504998515942e-06,1.4405841284315102e-06,0.0
720575940637037126,720575940637037126,2,0.0031355975661426,0.0031111422,2.445529e-05,0.0030186779331415,3.5835077142110094e-05,1.262251771549927e-05,2.3212560336105525e-05,1.262251771549927e-05
720575940637037126,720575940637037126,3,0.000713046058081,0.0006803106,3.273589e-05,0.00062611408066,1.2131993116781814e-06,8.679360803398595e-07,3.452632881817408e-07,0.0
720575940637037126,720575940637037126,4,0.0003549054276812,0.00034390646,3.2525677e-05,0.0002785160433601,1.40140206691409e-06,2.25239091378171e-06,1.3267116401038948e-06,2.0274290646344273e-09
720575940637037126,720575940637037126,5,0.0001972197462143,0.00018274352,2.897738e-05,0.0001353051806074,1.583070252491493e-07,1.576844539386002e-07,2.43810433175895e-07,1.0443319716764963e-09
720575940619855696,720575940619855696,2,0.0030964172910898,0.0030417377,5.4679484e-05,0.0029660477302968,4.173358320258558e-05,0.0,4.173358320258558e-05,0.0
720575940619855696,720575940619855696,3,0.0002822895476128,0.00023644275,4.5846813e-05,0.0002119723212672,2.406659632470109e-06,1.7084919363696829e-06,6.981675255701703e-07,0.0
720575940619855696,720575940619855696,4,0.0001223229891703,0.00010328486,3.740783e-05,6.49594623523751e-05,3.455754778048651e-07,3.83339556719875e-06,2.179582878625297e-07,8.381005334179291e-10
720575940619855696,720575940619855696,5,7.318510011187433e-05,5.268688e-05,2.876131e-05,2.848428528450696e-05,3.959665100697698e-07,2.797081890548725e-07,5.696918492503755e-07,3.5563763045587393e-10
720575940618844465,720575940618844465,2,0.0062480177730321,0.0062248763,2.3141765e-05,0.0061947838403284,3.067631405428983e-05,0.0,3.067631405428983e-05,0.0
720575940618844465,720575940618844465,3,0.0015754881314933,0.0015446901,3.0797833e-05,0.0015258530620485,7.994822794898937e-07,4.135082178891025e-07,3.85973919492244e-07,0.0
720575940618844465,720575940618844465,4,0.0007338102860744,0.00077341264,3.1035754e-05,0.0006855331502557,3.405374481693302e-07,2.8457232019718504e-06,2.187469760883687e-07,0.0
720575940618844465,720575940618844465,5,0.0003654790412266,0.00038319748,2.7210092e-05,0.0003243267550393,3.255409126564256e-07,2.439849424717977e-07,3.2427621476927015e-07,9.398289091411272e-11
720575940605028017,720575940605028017,2,0.0035643042065203,0.00023918848,0.0033251161,0.0,2.4523146748833824e-06,0.0,2.4523146748833824e-06,0.0
720575940605028017,720575940605028017,3,0.0005368280690163,0.00024093894,0.00029588904,0.0,1.3996225789014716e-05,3.738808572961716e-06,1.025741767080035e-05,0.0
720575940605028017,720575940605028017,4,0.0002259179919913,0.00014671456,9.812621e-05,0.0,2.7543705780504275e-05,1.1031152098439634e-05,1.6513718946953304e-05,0.0
720575940605028017,720575940605028017,5,0.000112821703261,6.1992825e-05,5.9315622e-05,0.0,2.6591616705857426e-05,1.262372279597912e-05,1.3990976185596082e-05,0.0
720575940642061709,720575940642061709,2,0.0004279951681382,5.6216966e-05,0.0003717782,0.0,4.54138389613945e-05,4.481095675146207e-05,6.028818120284996e-07,0.0
720575940642061709,720575940642061709,3,9.386637975694612e-05,2.2619926e-05,7.1246446e-05,0.0,2.541228013797081e-06,8.370368504984071e-07,1.7041905948644851e-06,0.0
720575940642061709,720575940642061709,4,3.682549742040653e-05,2.352941e-05,1.411236e-05,0.0,1.7984904192833972e-06,7.317065637835185e-07,1.0818681630553328e-06,0.0
720575940642061709,720575940642061709,5,1.9262100503363644e-05,1.2645888e-05,8.356825e-06,0.0,3.761188077390643e-06,2.8585423024196643e-06,9.106843208428472e-07,0.0
720575940635568480,720575940635568480,2,0.0099323019385337,0.003378719,0.006553584,0.0,0.0,0.0,0.0,0.0
720575940635568480,720575940635568480,3,0.0037367823533713,0.0014052921,0.0023314904,0.0,3.083659248659387e-05,3.083659612457268e-05,0.0,0.0
720575940635568480,720575940635568480,4,0.0021808522539666,0.0012475671,0.0011179121,0.0,2.614436743897386e-05,1.688544034550432e-05,9.258921636501327e-06,0.0
720575940635568480,720575940635568480,5,0.0013192153104722,0.0007513862,0.000739996,0.0,1.2216204830810744e-05,8.387058187508956e-06,3.844879756798036e-06,0.0
720575940609268491,720575940609268491,2,0.0004925308167003,0.00045700767,3.5523164e-05,0.000457007670775,2.794232750602532e-05,2.794232750602532e-05,0.0,2.794232750602532e-05
720575940609268491,720575940609268491,3,6.661694351350889e-05,4.5417197e-05,2.1199752e-05,3.8766062061768025e-05,1.437041828467045e-05,7.863893188186921e-06,6.506524641736178e-06,3.238262706872775e-07
720575940609268491,720575940609268491,4,3.554381974040632e-05,1.8701096e-05,1.762283e-05,4.94646645554662e-06,3.052718041092668e-06,1.2625973795366008e-06,1.8007478956860723e-06,8.724269615889579e-08
720575940609268491,720575940609268491,5,1.9671209318103e-05,9.848543e-06,1.0259773e-05,8.544582229220516e-07,1.8419216648534023e-06,1.0188206260863808e-06,8.381122142964159e-07,1.1223102969332724e-08
720575940633057762,720575940633057762,2,0.0019652377814054,0.0005022076,0.0014630299,0.0,0.0,0.0,0.0,0.0
720575940633057762,720575940633057762,3,0.0007854849100112,0.00055040733,0.0002350776,0.0,4.0958042518468574e-05,3.632569860201329e-05,4.632350737665547e-06,0.0
720575940633057762,720575940633057762,4,0.0004065518454096,0.00023183784,0.00018464169,0.0,5.824169784318656e-05,4.273787999409251e-05,1.5503826944041066e-05,0.0
720575940633057762,720575940633057762,5,0.0002294891073767,0.0001126343,0.00013107865,0.0,2.753597518407361e-05,1.5184167750703637e-05,1.237071683135582e-05,0.0
720575940628722284,720575940628722284,2,0.0017803537193685,0.00043647125,0.0013438824,0.000300790881738,0.0002485316363163,1.9503173461998813e-05,0.0002290284901391,7.559950518043479e-06
720575940628722284,720575940628722284,3,0.0005350601277314,0.0003110079,0.00022405224,3.017358540091664e-05,0.0003249665314797,0.0001756436249706,0.0001493229356128,4.698230895883171e-06
720575940628722284,720575940628722284,4,0.0002674108125736,0.00013615256,0.00014059305,8.506352051066906e-06,0.0001098504250798,5.910597974434495e-05,5.090556805953384e-05,1.4404082865237349e-06
720575940628722284,720575940628722284,5,0.000181045530185,9.1441354e-05,9.6662625e-05,2.547990675254708e-06,6.845940047746916e-05,3.467268106760457e-05,3.4708515158854425e-05,4.5154166739531154e-07
720575940631863583,720575940631863583,2,0.0011636449489742,0.0006527404,0.00051090465,0.0,9.000414138427004e-06,0.0,9.000414138427004e-06,0.0
720575940631863583,720575940631863583,3,0.0004388273810036,0.0002285045,0.00021032279,0.0,1.0525792276894208e-05,2.7574483283387963e-06,7.768344403302763e-06,0.0
720575940631863583,720575940631863583,4,0.0002337738224046,0.00012513992,0.00011368197,0.0,1.5731006432733936e-05,6.721753379679285e-06,9.009550922201017e-06,0.0
720575940631863583,720575940631863583,5,0.0001515755591783,7.588201e-05,8.114238e-05,0.0,1.45796019266698e-05,7.171992365329061e-06,7.420589099638164e-06,0.0
720575940613706866,720575940613706866,2,0.0001481434592278,8.8369234e-05,5.9774226e-05,0.0,3.262174686824437e-06,3.262174686824437e-06,0.0,0.0
720575940613706866,720575940613706866,3,9.190321725327522e-05,6.588954e-05,2.6013691e-05,0.0,1.9961382804467576e-06,9.910479548125295e-07,1.0050905530079035e-06,0.0
720575940613706866,720575940613706866,4,5.102169107194608e-05,2.0427537e-05,3.0904343e-05,0.0,3.6719653167952273e-06,1.7407711538908188e-06,1.939643198056729e-06,0.0
720575940613706866,720575940613706866,5,3.692319573459672e-05,1.9204072e-05,1.873013e-05,0.0,3.681638996475578e-06,2.0252612102922285e-06,1.6646793028485265e-06,0.0
720575940634715743,720575940634715743,2,0.0002455199719406,0.00016616004,7.935994e-05,0.0,0.0,0.0,0.0,0.0
720575940634715743,720575940634715743,3,4.131840250920504e-05,2.0384698e-05,2.0933705e-05,0.0,1.8970357729131138e-08,0.0,1.8970357729131138e-08,0.0
720575940634715743,720575940634715743,4,2.076577439103693e-05,8.961703e-06,1.2269764e-05,0.0,2.934013707545091e-07,1.459304428408359e-07,1.4747092791367322e-07,0.0
720575940634715743,720575940634715743,5,1.5312939942458775e-05,8.101111e-06,7.660792e-06,0.0,5.609108282839924e-07,2.8965351361875946e-07,2.7129220825372613e-07,0.0
720575940616176571,720575940616176571,2,0.0030335076153278,0.0013427669,0.001690741,0.0,0.001030794577673,0.0005697375163435,0.0004610570613294,0.0
720575940616176571,720575940616176571,3,0.0019463043427094,0.0010576195,0.0008886847,0.0,0.0001821029291022,0.000103765662061,7.833726704120636e-05,0.0
720575940616176571,720575940616176571,4,0.0012706020641688,0.0006481187,0.00065695477,0.0,6.370329338659012e-05,2.866887007257901e-05,3.845937317237258e-05,0.0
720575940616176571,720575940616176571,5,0.0009485176112722,0.000495002,0.0005166721,0.0,3.094987543163886e-05,1.5918580174911767e-05,1.7255824786843732e-05,0.0
720575940636523109,720575940636523109,2,0.0003879678552038,0.00012916455,0.00025880328,0.0,0.0,0.0,0.0,0.0
720575940636523109,720575940636523109,3,4.8198944568866864e-05,2.9366807e-05,1.8832132e-05,0.0,8.0004082292362e-07,9.263565914352513e-08,7.074051495692402e-07,0.0
720575940636523109,720575940636523109,4,3.207088420421778e-05,1.51523745e-05,1.76942e-05,0.0,3.730457819983712e-06,9.809167522689677e-07,2.7495411814015824e-06,0.0
720575940636523109,720575940636523109,5,2.1408010253563527e-05,1.0426269e-05,1.1470124e-05,0.0,4.153863200174991e-06,2.3798513666406507e-06,1.7808695247367725e-06,0.0
720575940626591875,720575940626591875,2,0.0014065740397199,0.0010347067,0.00037186727,0.0010343211470171,9.921858872985469e-05,6.080242746975273e-05,3.84161867259536e-05,6.0679394664475694e-05
720575940626591875,720575940626591875,3,0.0002899573009926,0.00015173526,0.00013822227,0.0001028022961691,6.962131737964228e-05,2.776704786811024e-05,4.185427678748965e-05,1.997254730667919e-05
720575940626591875,720575940626591875,4,0.0001147597789761,5.7587218e-05,6.178755e-05,1.9434070589389183e-05,3.2218028271751336e-05,1.6281253920169547e-05,1.6043928553699516e-05,5.549282399194831e-06
720575940626591875,720575940626591875,5,6.881768295635614e-05,3.5567165e-05,3.6197278e-05,5.336626660177413e-06,1.9093013747413704e-05,9.608590517018456e-06,9.63333422987489e-06,1.7760116882355182e-06
720575940618201173,720575940618201173,2,0.0005014785565435,0.00045891423,4.256436e-05,0.000446736899903,0.0,0.0,0.0,0.0
720575940618201173,720575940618201173,3,8.627541683381423e-05,4.072277e-05,4.5552668e-05,2.3285338102141395e-05,6.352386662911158e-06,5.328512543201214e-06,1.023873892336269e-06,2.1302548702806234e-06
720575940618201173,720575940618201173,4,4.340405038029589e-05,2.2246624e-05,2.1953982e-05,5.133312404091581e-06,1.3674937690666413e-05,7.739125976513606e-06,5.935813533142209e-06,1.8949405102830497e-06
720575940618201173,720575940618201173,5,2.746918917879781e-05,1.3849206e-05,1.418827e-05,1.4668815190675533e-06,8.20023240504466e-06,4.745017577079125e-06,3.4638296710909344e-06,4.143186791438551e-07
720575940642894628,720575940642894628,2,0.0003871890658047,0.00024100307,0.00014618598,0.00023359003535,9.042787132784724e-05,2.278895590279717e-05,6.763892451999709e-05,1.9504976080497727e-05
720575940642894628,720575940642894628,3,0.0001624272117624,9.025456e-05,7.217265e-05,6.082069739932194e-05,5.075814624433406e-05,3.7537440221058205e-05,1.3220693290350027e-05,2.790064536384307e-05
720575940642894628,720575940642894628,4,9.833044919725338e-05,4.7892354e-05,5.1811057e-05,1.700171287317424e-05,3.830546879880651e-05,2.058534846582916e-05,1.7809241398936138e-05,6.443965894112892e-06
720575940642894628,720575940642894628,5,7.910076464452569e-05,3.8549748e-05,4.239244e-05,5.497417386779116e-06,3.019551226169793e-05,1.5410540072480217e-05,1.498031269875355e-05,2.51950181322564e-06
720575940640238032,720575940640238032,2,0.0001751092204358,0.0001713428,3.7664142e-06,0.0001713428064249,2.0631574443541467e-05,2.0631574443541467e-05,0.0,2.0631574443541467e-05
720575940640238032,720575940640238032,3,7.395599823212251e-05,3.566213e-05,3.8293874e-05,3.107751035713591e-05,2.7769559892476536e-05,6.013377060298808e-06,2.175617919419892e-05,3.533797780619352e-06
720575940640238032,720575940640238032,4,3.975023776108549e-05,1.8970532e-05,2.1126514e-05,8.714893117232627e-06,2.32847470786086e-05,1.081391383195296e-05,1.2473110473365525e-05,3.6804011049154848e-06
720575940640238032,720575940640238032,5,2.9114145814355568e-05,1.4160787e-05,1.5448491e-05,2.110031273532481e-06,1.6188806266661425e-05,7.77023615228245e-06,8.439414159511216e-06,7.083825700534209e-07
720575940617322897,720575940617322897,2,0.0008888005395419,0.0005202209,0.0003685796,0.0005186710041016,0.0002662843326106,3.362286588526331e-05,0.0002326614630874,3.0840365070616826e-05
720575940617322897,720575940617322897,3,0.0002302379725733,9.9122946e-05,0.00013111494,7.135182386264205e-05,5.788133785245009e-05,1.9684572180267423e-05,3.819676203420386e-05,3.1871397823124425e-06
720575940617322897,720575940617322897,4,9.972474783583084e-05,4.9110222e-05,5.410554e-05,1.406403959582952e-05,2.1143394966244576e-05,1.0726109394454396e-05,1.1683027878461871e-05,5.159919312076002e-07
720575940617322897,720575940617322897,5,5.3965825545570905e-05,2.9004328e-05,2.7820632e-05,3.342445018376305e-06,1.130584809903729e-05,6.196472440933576e-06,5.856001735082828e-06,1.8273933035986998e-07
720575940626149918,720575940626149918,2,0.0001680617569945,0.00011309756,5.496421e-05,0.0001129083102568,9.01538587640971e-05,7.569300942122936e-05,1.4460851161857136e-05,7.569300942122936e-05
720575940626149918,720575940626149918,3,3.620866846176796e-05,1.776643e-05,1.8442239e-05,1.3056324860372117e-05,1.5371977497125044e-05,4.885215730610071e-06,1.048676040227292e-05,3.0496071303787176e-06
720575940626149918,720575940626149918,4,1.803417916325157e-05,8.442715e-06,1.0025205e-05,3.111338782459843e-06,6.899859107811019e-06,2.92371532850666e-06,4.262860329617979e-06,5.520254054403083e-07
720575940626149918,720575940626149918,5,1.0173244890626116e-05,5.1680177e-06,5.340052e-06,8.445605679781526e-07,3.427310941564176e-06,1.824724904508912e-06,1.7850311451184098e-06,1.1864492176246997e-07
720575940623201789,720575940623201789,2,0.0153198521584272,0.015121892,0.0001979614,0.0,0.0,0.0,0.0,0.0
720575940623201789,720575940623201789,3,0.0080067254602909,0.0002892295,0.007717495,0.0,2.4360096517739294e-07,8.869261591826216e-08,1.5490834925913077e-07,0.0
720575940623201789,720575940623201789,4,0.0043806114140809,0.0045589586,0.0003212877,0.0,1.889264240162447e-06,1.0317689884686845e-06,8.574954790674383e-07,0.0
720575940623201789,720575940623201789,5,0.0024210297792296,0.00030604444,0.0027552722,0.0,2.386449661904232e-06,1.2508736517702346e-06,1.1362519671820337e-06,0.0
720575940623248883,720575940623248883,2,0.0016121928347274,2.0255722e-05,0.001591937,0.0,3.96017603634391e-05,3.523229679558426e-05,4.369464477349538e-06,0.0
720575940623248883,720575940623248883,3,0.0006645028479397,4.4449895e-05,0.0006200529,0.0,4.361704850452952e-05,1.8013644876191393e-05,2.5603401809348725e-05,0.0
720575940623248883,720575940623248883,4,0.0002841289087612,3.820861e-05,0.00025715143,0.0,2.9011138456584848e-05,1.2464400242606644e-05,1.6884097931324504e-05,0.0
720575940623248883,720575940623248883,5,0.0001437052693049,3.5133773e-05,0.00012039278,0.0,1.92746722352869e-05,8.98906455404358e-06,1.0982158528349828e-05,0.0
720575940616505759,720575940616505759,2,0.0125418212264776,0.012500118,4.170131e-05,0.0,4.66898491140455e-05,4.66898491140455e-05,0.0,0.0
720575940616505759,720575940616505759,3,0.0047557507641613,9.5151234e-05,0.0046605994,0.0,5.3472514991881326e-05,4.954385440214537e-05,3.928659680241253e-06,0.0
720575940616505759,720575940616505759,4,0.0019187980837285,0.0021636486,0.00010567918,0.0,4.7927228239535145e-06,3.03640149468265e-06,1.804620410439384e-06,0.0
720575940616505759,720575940616505759,5,0.0008747893610552,0.00010849771,0.0010847365,0.0,5.651485443385501e-06,3.239046009184676e-06,2.547328904256574e-06,0.0
720575940606751922,720575940606751922,2,0.0059324419125914,0.005266465,0.00066598266,0.0048165381886065,0.0045680301263928,0.0036210590042173,0.0009469708893448,0.0028591866139322
720575940606751922,720575940606751922,3,0.0030070573557168,0.0020970432,0.0009100144,0.0016126502305269,0.0022478271275758,0.0016661988338455,0.0005816281773149,0.001071554957889
720575940606751922,720575940606751922,4,0.0022704614218238,0.0013821931,0.0009691434,0.0007723804450138,0.0013956011046434,0.0010570843005552,0.0004075399483554,0.0005490368444628
720575940606751922,720575940606751922,5,0.0018791567428761,0.0010905355,0.00089974405,0.0003804014116012,0.0008753382883029,0.0006818181718699,0.0002966042957268,0.0002765358755163
720575940614059882,720575940614059882,2,0.0015282263047993,0.0003939614,0.0011342649,0.0,0.0002536498068366,3.9579535950906575e-05,0.0002140702708857,0.0
720575940614059882,720575940614059882,3,0.0007230517221614,0.0004201264,0.0003029253,0.0,0.0005556482938118,0.0003325695288367,0.0002230788959423,0.0
720575940614059882,720575940614059882,4,0.0006591235033044,0.00034346626,0.00032311107,0.0,0.0004847902186515,0.0002451135369483,0.0002404110564384,0.0
720575940614059882,720575940614059882,5,0.0004175447403286,0.00020660725,0.0002177356,0.0,0.0002604490731742,0.0001273168454645,0.0001344025076832,0.0
720575940617483860,720575940617483860,2,0.0178803689777851,0.015759034,0.0021213319,0.0,0.0001217000608448,0.0001217000608448,0.0,0.0
720575940617483860,720575940617483860,3,0.0100940251722931,0.0022409165,0.007853109,0.0,3.527737590047764e-06,4.801389650310739e-07,3.047598511329852e-06,0.0
720575940617483860,720575940617483860,4,0.0057757227247941,0.0044713905,0.0019055437,0.0,1.795308002730408e-06,1.2437836858225635e-06,7.224616069834155e-07,0.0
720575940617483860,720575940617483860,5,0.0032481633007501,0.0014591692,0.0026141135,0.0,6.966857950204451e-07,2.812534205531847e-07,4.530975843408669e-07,0.0
720575940608970197,720575940608970197,2,0.0141531415283679,0.004956785,0.009196359,0.0048569217324256,0.0,0.0,0.0,0.0
720575940608970197,720575940608970197,3,0.0027923788875341,0.0021910153,0.00060136244,0.0013830189127475,3.417402922423207e-06,1.443796122657659e-06,1.973606458705035e-06,3.9734429080340306e-09
720575940608970197,720575940608970197,4,0.001346251500327,0.0009907401,0.0006041316,0.0005101569181298,7.562914106529206e-06,3.6499918678600807e-06,3.912921329174424e-06,2.0062685734956176e-08
720575940608970197,720575940608970197,5,0.0007985928122099,0.000531017,0.00038991641,0.0002005513236368,1.3037614932708307e-05,5.441074790724088e-06,7.628611001564423e-06,8.593844095807168e-08
720575940627732935,720575940627732935,2,0.0019654603675007,0.00017921235,0.0017862478,0.0,8.25904862722382e-05,3.1437673442269443e-06,7.944671961013228e-05,0.0
720575940627732935,720575940627732935,3,0.0004435617593117,0.00017280686,0.00027075515,0.0,4.008235191577114e-05,2.3553766368422657e-05,1.6528581909369677e-05,0.0
720575940627732935,720575940627732935,4,0.0002424712515066,0.00014732072,0.000102519814,0.0,1.721887147844898e-05,9.2398240667535e-06,7.996170097612776e-06,0.0
720575940627732935,720575940627732935,5,0.0001537697135311,8.707383e-05,7.145967e-05,0.0,1.0723937892722969e-05,5.879618584003765e-06,4.928210728394333e-06,0.0
720575940625583132,720575940625583132,2,0.0007287487969733,0.0001655288,0.00056322006,0.000165484190802,0.0002213234984083,0.0,0.0002213235129602,0.0
720575940625583132,720575940625583132,3,0.0002254340652143,0.00010622015,0.00011921383,1.7805556126404554e-05,9.289522131439298e-05,6.309790478553623e-05,2.9797316528856758e-05,1.0210846994596068e-06
720575940625583132,720575940625583132,4,8.825148833716298e-05,4.932948e-05,4.403132e-05,3.739744813710727e-06,2.6397388892386066e-05,1.521243029856123e-05,1.224938841914991e-05,2.524099897982524e-07
720575940625583132,720575940625583132,5,4.4449103052880615e-05,2.5311998e-05,2.3330776e-05,9.341877970104088e-07,1.155806322282764e-05,6.8833778641419485e-06,5.998092092340812e-06,5.9599585051994927e-08
720575940616155707,720575940616155707,2,0.0008655752171762,0.0005536293,0.0003119459,0.0004857390886172,0.0001545065606478,6.050353840691969e-05,9.400301496498288e-05,3.3787702705012634e-05
720575940616155707,720575940616155707,3,0.0002063891879515,0.00010586306,0.00010052617,4.616676960722543e-05,8.655383135192096e-05,4.637607344193384e-05,4.017776154796593e-05,3.927737452613656e-06
720575940616155707,720575940616155707,4,9.333851772602892e-05,4.974732e-05,4.577991e-05,6.241309429232023e-06,3.6289252136781e-05,1.948240060301032e-05,1.694711681921035e-05,6.528371545008315e-07
720575940616155707,720575940616155707,5,5.191697726932083e-05,2.6888309e-05,2.6706086e-05,1.2312388570170677e-06,2.143194983856623e-05,1.0645531801856125e-05,1.104710918298224e-05,1.7024406768159476e-07
720575940630404823,720575940630404823,2,0.0006415433599613,0.0002898524,0.000351691,0.0002711190027184,3.407292751944624e-05,0.0,3.407292751944624e-05,0.0
720575940630404823,720575940630404823,3,0.0001484545500716,5.257098e-05,9.588358e-05,2.2606775019085035e-05,1.530197187094018e-05,7.060627467581071e-06,8.241342584369704e-06,9.580038522472023e-07
720575940630404823,720575940630404823,4,9.776745207000968e-05,5.656536e-05,4.4230444e-05,5.029872113134939e-06,8.152389036774918e-06,3.991232006228529e-06,4.295491635275539e-06,2.9651044997081044e-07
720575940630404823,720575940630404823,5,7.160317711173553e-05,4.0099523e-05,3.4254113e-05,1.52909471402037e-06,5.082622339656962e-06,2.6299626370018814e-06,2.567671344877453e-06,1.7174961246500058e-07
720575940634258146,720575940634258146,2,0.0024475920945405,0.0010340412,0.0014135508,0.0,0.00011380246724,7.515219476772472e-05,3.865026155835949e-05,0.0
720575940634258146,720575940634258146,3,0.0005985526950098,0.0003325114,0.00026604114,0.0,8.194722613552585e-05,6.486994971055537e-05,1.7077283700928092e-05,0.0
720575940634258146,720575940634258146,4,0.0002625404113877,0.00013814842,0.00013285104,0.0,6.341352620634367e-05,3.381197893759236e-05,2.963896986329928e-05,0.0
720575940634258146,720575940634258146,5,0.0001596549408143,8.2132996e-05,8.270795e-05,0.0,3.827335607156135e-05,1.901261930470355e-05,1.9470102415652946e-05,0.0
720575940640804853,720575940640804853,2,0.0073227356187999,0.0041658124,0.0031569223,0.0040721595287323,2.3963488615663664e-07,2.3963488615663664e-07,0.0,2.3963488615663664e-07
720575940640804853,720575940640804853,3,0.002138843992725,0.00108968,0.0010491638,0.0008221776224672,1.9111871552013326e-06,1.5094504988155677e-06,4.017367132291838e-07,7.866897249186877e-07
720575940640804853,720575940640804853,4,0.0009785754575074,0.0005664186,0.0005020962,0.0002294058226455,3.7817532358727512e-06,2.204611519118771e-06,1.582600020810787e-06,5.01278027836485e-07
720575940640804853,720575940640804853,5,0.000675304545049,0.000384348,0.00035515934,8.325835689406825e-05,1.10998245480901e-05,4.997064479539404e-06,6.151859452074859e-06,9.811491627583262e-07
720575940627366675,720575940627366675,2,0.0025413893163204,0.00087194337,0.0016694453,0.0,0.0028118810150772,0.0007599986274726,0.0020518819801509,0.0
720575940627366675,720575940627366675,3,0.0010153977200388,0.0005372838,0.00047811386,0.0,0.0009187760879285,0.0005474821082316,0.000371293950593,0.0
720575940627366675,720575940627366675,4,0.0007242113530536,0.00032213738,0.00042701702,0.0,0.0004188451465464,0.0002340956707485,0.0001979109219973,0.0
720575940627366675,720575940627366675,5,0.0005012157460299,0.00027286028,0.00025935707,0.0,0.0002307337013496,0.0001259867713088,0.0001217489116243,0.0
720575940616340639,720575940616340639,2,0.0007335223490372,0.0002797129,0.0004538095,0.0,0.0,0.0,0.0,0.0
720575940616340639,720575940616340639,3,0.0002758105401881,0.0001427768,0.00013303387,0.0,0.0,0.0,0.0,0.0
720575940616340639,720575940616340639,4,0.0001392241573291,7.864308e-05,6.409356e-05,0.0,0.0,0.0,0.0,0.0
720575940616340639,720575940616340639,5,8.491876425549633e-05,4.458631e-05,4.7309426e-05,0.0,0.0,0.0,0.0,0.0
720575940643482135,720575940643482135,2,0.0036967352498322,0.0021764855,0.00152025,0.0021764854900538,0.0014843321405351,0.0,0.0014843321405351,0.0
720575940643482135,720575940643482135,3,0.0010471327695995,9.161497e-05,0.000955518,4.542127135209739e-05,3.7111294659553096e-05,1.066664572135778e-05,2.644464802870061e-05,6.427322318813823e-08
720575940643482135,720575940643482135,4,0.0010083338511575,0.00051476643,0.0005394955,8.118055896015934e-06,1.3611102514430988e-05,3.965317955589853e-05,3.5546505387173966e-05,3.213377510746796e-07
720575940643482135,720575940643482135,5,0.0004836921183252,0.0003231147,0.0002586079,1.9123026811107912e-06,9.804740745143514e-06,5.882800905965269e-06,5.168824827705976e-06,8.150957542963181e-08
720575940620359956,720575940620359956,2,0.0030589073430746,0.0023081065,0.000750802,0.0,0.0011216101702302,0.0010295859538018,9.202398359775545e-05,0.0
720575940620359956,720575940620359956,3,0.0010196159128099,0.0006974789,0.00032213735,0.0,0.0003392318030819,0.0002344428212381,0.0001047890254994,0.0
720575940620359956,720575940620359956,4,0.0007400452586824,0.0004029635,0.00036117248,0.0,0.0002047794368385,0.000101487567008,0.0001070766811608,0.0
720575940620359956,720575940620359956,5,0.0005889970188567,0.0003080997,0.00030292574,0.0,0.0001309750332484,7.211200863821432e-05,6.176118040457368e-05,0.0
720575940604745346,720575940604745346,2,0.0049699135124683,0.00033096978,0.004638944,0.0,0.0002110967907356,0.0002110967907356,0.0,0.0
720575940604745346,720575940604745346,3,0.0010780206648632,0.00022036029,0.0008576604,0.0,6.628234405070543e-05,2.511405546101741e-05,4.116828495170921e-05,0.0
720575940604745346,720575940604745346,4,0.0007046512390447,0.00040702487,0.00036514702,0.0,4.576970150240422e-05,2.5247511075576767e-05,2.0860326912952587e-05,0.0
720575940604745346,720575940604745346,5,0.0003850386469282,0.00022836168,0.00018948919,0.0,2.5008899976997293e-05,1.348153000435559e-05,1.1705651559168471e-05,0.0
720575940631994728,720575940631994728,2,0.0052091539837419,0.0034266936,0.0017824604,0.0,0.0003469774674158,0.0001688814081717,0.0001780960301402,0.0
720575940631994728,720575940631994728,3,0.0022381749004125,0.0017098258,0.0005283499,0.0,0.0002940556441899,0.0002028258313657,9.12298637558706e-05,0.0
720575940631994728,720575940631994728,4,0.0012159961982458,0.0007182434,0.0005583742,0.0,0.0001808877456038,9.226214024238288e-05,8.982184954220429e-05,0.0
720575940631994728,720575940631994728,5,0.0008686124265932,0.00046898698,0.0004586496,0.0,0.0001314940409822,6.840178684797138e-05,6.55886105960235e-05,0.0
720575940633237402,720575940633237402,2,0.0179698262363672,0.017953873,1.5947717e-05,0.0,4.945720866089687e-05,4.945720866089687e-05,0.0,0.0
720575940633237402,720575940633237402,3,0.0080958986654877,0.00017194239,0.007923957,0.0,6.34554953649058e-06,4.01915440306766e-06,2.326394906049245e-06,0.0
720575940633237402,720575940633237402,4,0.0038539693862174,0.00424557,0.00023051468,0.0,1.4868205437682749e-05,6.961734470678493e-06,7.975937478477135e-06,0.0
720575940633237402,720575940633237402,5,0.001876974990843,0.00023873044,0.0023203676,0.0,9.641787964295302e-06,6.145232418930391e-06,3.526642103679478e-06,0.0
720575940603930046,720575940603930046,2,0.0014026960125193,0.0004887013,0.0009139946,0.0004885931266471,2.99591356451856e-05,0.0,2.99591356451856e-05,0.0
720575940603930046,720575940603930046,3,0.001117072883062,0.00014124616,0.0009758268,7.240641571115702e-05,5.959309783065692e-05,3.284371268819086e-05,2.6749392418423668e-05,3.058466546690397e-08
720575940603930046,720575940603930046,4,0.0006072218873167,0.00031427335,0.00030399766,8.663303034311188e-06,6.122306547253886e-05,2.3938968297443356e-05,3.730476601049304e-05,1.245826330986688e-09
720575940603930046,720575940603930046,5,0.000500442049547,0.00031574687,0.00020883472,1.3119120464663649e-06,3.731579845325868e-05,2.0156252503511496e-05,1.7202761227963492e-05,5.816317443486535e-10
720575940634034839,720575940634034839,2,0.0111327255144715,0.011035791,9.692575e-05,0.0106431329622864,0.0225211344659328,0.0223350450396537,0.0001860978227341,0.0213683433830738
720575940634034839,720575940634034839,3,0.0056881844066083,0.00531496,0.00037322217,0.0047007771208882,0.0130551559850573,0.01258878223598,0.0004663725267164,0.0110872276127338
720575940634034839,720575940634034839,4,0.0034644148735889,0.003018109,0.000683093,0.0021492506458573,0.0076003325237309,0.0078925127163529,0.0006663549575023,0.0054597695646049
720575940634034839,720575940634034839,5,0.0024437711043235,0.0018955998,0.0008373164,0.000996778702404,0.0043654165354584,0.0049818959087133,0.0007061476353555,0.0025114969581488
720575940606933003,720575940606933003,2,0.0006688361172564,0.00055457227,0.000114263865,0.0005545723251998,0.0002439199597574,0.0002439199452055,0.0,0.0002439199597574
720575940606933003,720575940606933003,3,7.168587762862444e-05,5.93196e-05,1.236629e-05,4.946097396896221e-05,2.824874900397845e-05,2.824874536599964e-05,0.0,2.821918678819202e-05
720575940606933003,720575940606933003,4,2.8929984163162773e-05,1.4672074e-05,1.8408797e-05,6.5133925833184014e-06,1.3123148459429135e-05,6.225573997653555e-06,8.278244422399439e-06,3.643893396405467e-06
720575940606933003,720575940606933003,5,1.3001829629631485e-05,7.656103e-06,6.994556e-06,1.0003393776818636e-06,3.5786880886276007e-06,1.3223049109001297e-06,2.760096776910359e-06,4.566815525494767e-07
720575940613338521,720575940613338521,2,0.0194393321871757,0.018988073,0.0004512621,0.0,0.0,0.0,0.0,0.0
720575940613338521,720575940613338521,3,0.0100716426968574,0.00049606455,0.009575574,0.0,1.6135743408085548e-07,9.267994727224504e-08,6.867750101946514e-08,0.0
720575940613338521,720575940613338521,4,0.0054188155730933,0.0056678876,0.0004810805,0.0,1.3839504617862983e-06,6.234181455511134e-07,7.605324299220229e-07,0.0
720575940613338521,720575940613338521,5,0.0029401040887941,0.00042375497,0.0034331842,0.0,7.502681891313282e-07,2.0639575382119801e-07,5.440724635263905e-07,0.0
720575940603919537,720575940603919537,2,0.0033338679932057,0.0027588583,0.00057500915,0.0,0.0,0.0,0.0,0.0
720575940603919537,720575940603919537,3,0.0011562030995264,0.00038604386,0.0007701592,0.0,1.211384983434982e-06,0.0,1.2113848697481444e-06,0.0
720575940603919537,720575940603919537,4,0.0005738327816649,0.0003542516,0.00024400963,0.0,1.118068666983163e-05,1.0768337233457714e-05,4.123485268792138e-07,0.0
720575940603919537,720575940603919537,5,0.0003598685985809,0.00017351177,0.00020976807,0.0,2.878219907761732e-05,1.832795533118769e-06,2.6954756322083995e-05,0.0
720575940631173120,720575940631173120,2,0.0180164407938718,0.017680272,0.00033616665,0.0,0.0,0.0,0.0,0.0
720575940631173120,720575940631173120,3,0.0081039061769843,0.00016151307,0.007942393,0.0,3.563469306300249e-07,1.1523692222681349e-07,2.411099728760746e-07,0.0
720575940631173120,720575940631173120,4,0.0039266305152666,0.0043087723,0.0002521138,0.0,1.5665688124499866e-06,7.881461101533205e-07,7.784225317664095e-07,0.0
720575940631173120,720575940631173120,5,0.0019388073102216,0.00025611251,0.002373457,0.0,1.178746830738112e-06,1.0105461569764884e-06,1.687648989445734e-07,0.0
720575940613244057,720575940613244057,2,0.0016758228885009,0.0003328172,0.0013430057,0.0,0.0,0.0,0.0,0.0
720575940613244057,720575940613244057,3,0.0004207677266094,0.00023326543,0.00018750223,0.0,6.189799751155078e-05,6.148994725663215e-05,4.080543476447929e-07,0.0
720575940613244057,720575940613244057,4,0.0001341022271781,7.8217505e-05,6.184359e-05,0.0,2.814811705320608e-05,2.10475736821536e-05,7.100538823578972e-06,0.0
720575940613244057,720575940613244057,5,6.009330198952052e-05,3.2654207e-05,3.2086034e-05,0.0,1.3064538336145912e-05,9.031358786160126e-06,4.099154466530308e-06,0.0
720575940628805636,720575940628805636,2,0.0014541918644681,0.00053491816,0.000919274,0.0,0.0,0.0,0.0,0.0
720575940628805636,720575940628805636,3,0.0002531874342821,0.00013921355,0.00011397395,0.0,1.7231293895747513e-05,1.4006402125232851e-05,3.224892452635686e-06,0.0
720575940628805636,720575940628805636,4,0.0001055284315262,5.6680776e-05,5.3991127e-05,0.0,8.041287401283626e-06,5.115933618071722e-06,2.925354010585579e-06,0.0
720575940628805636,720575940628805636,5,6.300266269717046e-05,3.2774165e-05,3.3346398e-05,0.0,3.726122920937446e-06,1.8497747760193304e-06,1.8889018065237904e-06,0.0
720575940631425700,720575940631425700,2,0.0006429805071093,0.00013073301,0.00051224756,0.0001080663059838,8.037150837481022e-05,0.0,8.037150837481022e-05,0.0
720575940631425700,720575940631425700,3,0.0001496273907832,6.409629e-05,8.5531094e-05,1.3288265108712947e-05,1.8479760910850015e-05,6.757259143341798e-06,1.1722502677002922e-05,7.748119514872087e-07
720575940631425700,720575940631425700,4,8.019081196469312e-05,4.2050902e-05,4.0034865e-05,2.3442569381730925e-06,9.549871790353143e-06,3.5916725664719702e-06,5.996230811433634e-06,3.063458962060395e-07
720575940631425700,720575940631425700,5,5.029383807661046e-05,2.601564e-05,2.5670019e-05,5.531398792791007e-07,5.562560793180378e-06,2.7735536605177917e-06,2.8505146474344656e-06,1.0530547136893416e-07
720575940622190571,720575940622190571,2,0.0120120653882622,0.0007498595,0.011262205,0.0,0.0001177341400762,5.722249625250697e-05,6.0511636547744274e-05,0.0
720575940622190571,720575940622190571,3,0.0007920520147308,0.000262913,0.0005291393,0.0,2.047957241302356e-05,1.3244709407445043e-05,7.234862096083816e-06,0.0
720575940622190571,720575940622190571,4,0.0003530805877221,0.00039198494,0.00016109333,0.0,9.940257624758055e-06,6.213491360540502e-06,3.81165000362671e-06,0.0
720575940622190571,720575940622190571,5,0.0001626324756985,0.00010852074,8.776467e-05,0.0,5.144358230744098e-06,2.600696461740881e-06,2.616935034893686e-06,0.0
720575940637150371,720575940637150371,2,3.7438021536218e-05,1.5241395e-06,3.591388e-05,0.0,0.0,0.0,0.0,0.0
720575940637150371,720575940637150371,3,3.1654930353397503e-05,2.2131611e-05,9.523314e-06,0.0,1.7556370949023403e-05,6.442585345212137e-06,1.1113785149063917e-05,0.0
720575940637150371,720575940637150371,4,1.5808618657969267e-05,7.6736e-06,8.215042e-06,0.0,5.963277544651646e-06,2.847762971214252e-06,3.1155154829320963e-06,0.0
720575940637150371,720575940637150371,5,8.528111904158915e-06,4.320077e-06,4.4381313e-06,0.0,4.361394007309679e-06,2.249062845294248e-06,2.1677863060176605e-06,0.0
720575940618628443,720575940618628443,2,0.0003761565894819,0.0002015399,0.00017461671,0.0002006811555474,0.0002340401551919,0.0001759226288413,5.811754454043694e-05,0.0001747629285091
720575940618628443,720575940618628443,3,0.000155698537128,6.5563516e-05,9.0135065e-05,2.9598824767163023e-05,6.0746104281861335e-05,4.513050225796178e-05,1.5615602023899555e-05,7.91861293691909e-06
720575940618628443,720575940618628443,4,4.705740730983837e-05,2.2742155e-05,2.546011e-05,4.4727022272751e-06,1.5614685082843414e-05,8.154153874784242e-06,7.583350907225395e-06,6.225571958703466e-07
720575940618628443,720575940618628443,5,2.525266105815956e-05,1.5057554e-05,1.3341552e-05,7.535813896174221e-07,8.875912261141505e-06,4.675580839830218e-06,4.357682428235421e-06,2.0893923007358562e-07
720575940615624994,720575940615624994,2,0.0034703663550317,0.0027912806,0.0006790862,0.0,0.0011489535681903,0.0004925922257825,0.0006563613424077,0.0
720575940615624994,720575940615624994,3,0.0046613584272563,0.0009718881,0.00368947,0.0,0.0030307166744023,0.0005316637689247,0.0024990527890622,0.0
720575940615624994,720575940615624994,4,0.0028645220860755,0.0018305548,0.0010634668,0.0,0.0020299492928924,0.0015423668082803,0.0005042582051828,0.0
720575940615624994,720575940615624994,5,0.0015461526449691,0.00068453065,0.0009543933,0.0,0.000774727907696,0.0002065861481241,0.000607953115832,0.0
720575940639309902,720575940639309902,2,0.0016404563793912,0.0016105539,2.9902516e-05,0.0015434054657816,2.213596599176526e-05,0.0,2.213596599176526e-05,0.0
720575940639309902,720575940639309902,3,0.0002350750582991,0.00019891016,3.6164965e-05,0.0001725835027173,2.0402414975251304e-06,1.8282139535585884e-06,2.120274302797043e-07,0.0
720575940639309902,720575940639309902,4,0.0001210859623181,9.529221e-05,3.2993274e-05,6.628175924682219e-05,9.488354714075368e-07,2.1304324491211446e-06,7.839878435333958e-07,0.0
720575940639309902,720575940639309902,5,7.54621789720983e-05,5.3423668e-05,2.6885926e-05,3.137055582993287e-05,2.891302745976213e-07,1.8489684805444997e-07,4.106671553927299e-07,2.482511696211276e-10
720575940638517181,720575940638517181,2,0.0071899760514497,0.0056022573,0.0015877198,0.0,0.0046983263455331,0.003523408435285,0.001174917561002,0.0
720575940638517181,720575940638517181,3,0.0019112087320536,0.0012234064,0.0006878025,0.0,0.0017468408914282,0.001183531130664,0.0005633098771795,0.0
720575940638517181,720575940638517181,4,0.0008931609574327,0.00052723475,0.0004498239,0.0,0.0007356610894372,0.000417873612605,0.0003608016995713,0.0
720575940638517181,720575940638517181,5,0.0005327113073788,0.00029741647,0.00030668714,0.0,0.0003522855530386,0.000190352089703,0.0002161609882023,0.0
720575940621059137,720575940621059137,2,0.0072186011821031,0.0013793919,0.00583921,0.0,0.0007363962358795,0.0003481047169771,0.0003882915189024,0.0
720575940621059137,720575940621059137,3,0.0013956308830529,0.0005307051,0.00086492643,0.0,0.0001461633073631,0.0001067574921762,3.940580427297391e-05,0.0
720575940621059137,720575940621059137,4,0.0003596195669119,0.00022583055,0.00021516741,0.0,4.086488355386548e-05,2.094388401019387e-05,2.1497337002074343e-05,0.0
720575940621059137,720575940621059137,5,0.0001597500328366,9.8037934e-05,0.000104987615,0.0,1.7653539040640522e-05,9.17404850042658e-06,9.527799193165263e-06,0.0
720575940612331250,720575940612331250,2,0.0057889148592948,0.0005996523,0.005189263,0.0,5.543669976759702e-05,2.9452294256770983e-05,2.598440551082604e-05,0.0
720575940612331250,720575940612331250,3,0.0004832161357626,0.0002147475,0.00026846878,0.0,3.866908809868619e-05,2.2351261577568948e-05,1.6317824702127837e-05,0.0
720575940612331250,720575940612331250,4,0.0002508019738038,0.00020040214,0.00011803507,0.0,3.141044170617932e-05,1.682784204604104e-05,1.4908413504599594e-05,0.0
720575940612331250,720575940612331250,5,9.92104210965335e-05,5.7514408e-05,5.6691802e-05,0.0,1.950570151162161e-05,1.0065021342597902e-05,9.695520930108614e-06,0.0
720575940617433627,720575940617433627,2,0.0026757542509585,0.0014892166,0.0011865379,0.0,0.0,0.0,0.0,0.0
720575940617433627,720575940617433627,3,0.0010456715244799,0.00055046275,0.000495209,0.0,6.785462574043777e-07,8.54927293403307e-08,5.930534712206281e-07,0.0
720575940617433627,720575940617433627,4,0.0006197924196256,0.0003189412,0.00032023466,0.0,4.836033895116998e-06,2.222071771029732e-06,2.613963260955643e-06,0.0
720575940617433627,720575940617433627,5,0.0003790672348983,0.00019570641,0.000203245,0.0,3.8947479783280045e-06,1.9989483917015605e-06,1.897425818242482e-06,0.0
720575940640422478,720575940640422478,2,0.0004436271556187,0.00026937985,0.0001742472,0.0002104347513522,6.104102067183703e-05,3.507643850753084e-05,2.59645839832956e-05,1.642514871491585e-05
720575940640422478,720575940640422478,3,0.0001281748991459,5.599561e-05,7.217928e-05,2.065721309918445e-05,4.331463424023241e-05,3.321342228446156e-05,1.010121195577085e-05,5.285833140078466e-06
720575940640422478,720575940640422478,4,5.405806316317966e-05,2.6060297e-05,2.9640732e-05,3.831034233573016e-06,9.74602086510626e-06,4.77326011605328e-06,5.11119242219138e-06,9.059231819393422e-07
720575940640422478,720575940640422478,5,2.799479502291952e-05,1.4679681e-05,1.4636448e-05,9.772195088997931e-07,5.162024946421359e-06,2.5901022127072797e-06,2.659178335306933e-06,1.6526147868376489e-07
720575940619809263,720575940619809263,2,0.0018025486497208,0.0017596208,4.2928095e-05,0.001750077935867,2.826543459377717e-05,0.0,2.826543459377717e-05,0.0
720575940619809263,720575940619809263,3,0.0002439113595755,0.00020099376,4.2917673e-05,0.0001819294848246,2.3427899122907547e-06,1.9907472506019985e-06,3.520425480019185e-07,0.0
720575940619809263,720575940619809263,4,0.0001233519030919,9.446315e-05,3.7185317e-05,6.744244324948218e-05,6.06271746990294e-07,2.751452257143683e-06,3.646832169579284e-07,0.0
720575940619809263,720575940619809263,5,7.753508306320015e-05,5.35384e-05,2.9331542e-05,3.217577706029149e-05,6.663673682026523e-07,2.852471538972168e-07,7.499422736145789e-07,3.0717672849789324e-10
720575940661296257,720575940661296257,2,0.0005683305789716,0.000101969184,0.00046636144,0.0,5.110074425829225e-07,5.110074425829225e-07,0.0,0.0
720575940661296257,720575940661296257,3,8.76040940056555e-05,4.6966758e-05,4.0637355e-05,0.0,1.1608788554440252e-05,5.999657332722563e-06,5.609131221717689e-06,0.0
720575940661296257,720575940661296257,4,4.2186173215266944e-05,2.4159646e-05,1.9595887e-05,0.0,1.2883262915206066e-05,6.53872621114715e-06,6.344932899082778e-06,0.0
720575940661296257,720575940661296257,5,2.580437697322833e-05,1.3307796e-05,1.31730885e-05,0.0,1.1096384793024724e-05,5.308029358275235e-06,5.816073553432943e-06,0.0
720575940615487449,720575940615487449,2,0.0081199267879128,0.00048229963,0.0076376298,0.0,0.0001291950320592,0.0001188330861623,1.03619395304122e-05,0.0
720575940615487449,720575940615487449,3,0.0019336693221703,0.00042641629,0.001507253,0.0,1.0764958460640628e-05,6.7277715061209165e-06,4.037185590277659e-06,0.0
720575940615487449,720575940615487449,4,0.0009415947636439,0.00065006566,0.00036493255,0.0,1.011873764640785e-05,7.447250936820637e-06,2.711472234295797e-06,0.0
720575940615487449,720575940615487449,5,0.000359116866887,0.0002594681,0.00013737775,0.0,4.668183387654344e-06,2.0287529878260102e-06,2.674954885151237e-06,0.0
720575940627469394,720575940627469394,2,0.002140880562365,0.0005425489,0.0015983313,0.0005315805319696,0.0003426214680075,5.589619468082674e-05,0.0002867252624128,5.229994349065237e-05
720575940627469394,720575940627469394,3,0.0035738174337893,0.0012475516,0.0023262666,0.0001094337349059,0.0005651547689922,0.0005221584578976,4.299655120121315e-05,3.351641453264165e-07
720575940627469394,720575940627469394,4,0.0023231779826814,0.0009938271,0.0013649293,2.3952748199061216e-05,5.415394881692312e-05,2.8887494408991188e-05,2.591279189800844e-05,4.89598216148525e-08
720575940627469394,720575940627469394,5,0.0017510182587162,0.001050487,0.00080570404,6.382078404996679e-06,2.6677389409170195e-05,1.60974759637611e-05,1.4708550224895587e-05,6.774457984124588e-09
720575940616951739,720575940616951739,2,0.0005127610056661,0.00020935996,0.0003034011,0.0002066138695226,1.8003421473622438e-06,0.0,1.8003421473622438e-06,0.0
720575940616951739,720575940616951739,3,0.000121223674796,5.8366157e-05,6.285751e-05,2.9628923584823497e-05,5.59506543140742e-06,4.362002528068842e-06,1.2330624485912267e-06,3.615040668591973e-06
720575940616951739,720575940616951739,4,5.294081160815739e-05,2.6333939e-05,2.7761758e-05,7.060542362879575e-06,1.393048191775658e-05,7.964925316628069e-06,5.965837772237137e-06,1.304970169258013e-06
720575940616951739,720575940616951739,5,2.7908164894584675e-05,1.4246884e-05,1.4646682e-05,2.009254287718369e-06,9.217716422046225e-06,4.498232101468602e-06,4.737163180834614e-06,4.115349427631783e-07
720575940614081909,720575940614081909,2,0.0010266274912282,0.0005137038,0.0005129236,0.0005133121157996,9.47873922996223e-05,9.408385085407645e-05,7.035395128696109e-07,9.408385085407645e-05
720575940614081909,720575940614081909,3,0.000267017778242,0.00013402861,0.00013298917,7.257508696056902e-05,5.456890357891098e-05,3.0433864594670013e-05,2.4135049898177385e-05,7.759685104247183e-06
720575940614081909,720575940614081909,4,9.995370577631116e-05,5.0644387e-05,5.2471332e-05,1.1750115094015613e-05,2.0534911260925056e-05,9.37261211220175e-06,1.120089837058913e-05,1.5955126449973677e-06
720575940614081909,720575940614081909,5,4.79640317568741e-05,2.5662266e-05,2.4422454e-05,2.26284743605413e-06,1.1954132653110006e-05,6.355169261951232e-06,5.689267709385604e-06,3.227149226045862e-07
720575940630778428,720575940630778428,2,0.010165705345571,0.005281359,0.0048843436,0.0052559971809387,3.147797178826295e-05,5.135033234182629e-07,3.0964467441663146e-05,5.135033234182629e-07
720575940630778428,720575940630778428,3,0.0027848132885992,0.0020557386,0.0007290755,0.0016759746940806,6.847802183074236e-07,4.882449502474628e-07,1.9653514016226842e-07,1.4494786171326268e-07
720575940630778428,720575940630778428,4,0.0013304024026022,0.0011011262,0.0003906375,0.000804477507271,2.0882693478703724e-06,9.283243116442464e-07,1.1911770343431272e-06,8.018133537173394e-08
720575940630778428,720575940630778428,5,0.0007007261079904,0.0005736214,0.00023953104,0.0003863301126786,2.393128627272389e-06,1.095085394808848e-06,1.3202218269725563e-06,7.407078287559739e-08
720575940636643832,720575940636643832,2,0.0005103779258206,0.00027513324,0.00023524457,0.0002729416301008,8.148312190314755e-05,7.905529491836205e-05,2.427826984785497e-06,7.905529491836205e-05
720575940636643832,720575940636643832,3,7.44386634323746e-05,2.1525482e-05,5.2913194e-05,1.1415013432269916e-05,4.377569894131739e-06,7.941461035443353e-07,3.5834236769005656e-06,1.77174229065713e-07
720575940636643832,720575940636643832,4,2.6572398400003867e-05,1.4054816e-05,1.4663043e-05,1.7809629647960813e-06,3.5457958087303406e-06,1.7280236761507697e-06,1.8664283061298192e-06,1.737665525607701e-07
720575940636643832,720575940636643832,5,1.738335683284181e-05,9.491558e-06,8.788855e-06,5.090839427356004e-07,3.6756521303465055e-06,1.97233930521179e-06,1.7268425835936796e-06,1.525729328855181e-07
720575940608455875,720575940608455875,2,0.0006144970539025,0.00032164683,0.0002928503,0.0003211632429156,0.0,0.0,0.0,0.0
720575940608455875,720575940608455875,3,9.091081301448868e-05,2.9269051e-05,6.164178e-05,1.1796934813901316e-05,1.166650918094092e-06,3.359581057793548e-07,8.306927838930278e-07,2.215887064949129e-07
720575940608455875,720575940608455875,4,2.8470984940070577e-05,1.6751512e-05,1.4699799e-05,1.56106449305573e-06,1.041243535837566e-06,4.693121127274935e-07,5.719313094232348e-07,5.5416869315649826e-08
720575940608455875,720575940608455875,5,1.6226164419940577e-05,9.173523e-06,8.388672e-06,4.01914454902164e-07,1.75116043637874e-06,9.262755611416652e-07,8.262458095487091e-07,8.461250251800526e-08
720575940619846310,720575940619846310,2,0.0016015858855098,0.00030229177,0.0012992938,0.0,7.200378036031907e-07,0.0,7.200378036031907e-07,0.0
720575940619846310,720575940619846310,3,0.0004416592419147,4.7642156e-05,0.00039401697,0.0,1.4730600923940074e-05,4.336473466537427e-06,1.0394125638413245e-05,0.0
720575940619846310,720575940619846310,4,0.0001955984960088,5.436581e-05,0.00016312805,0.0,1.1406708930325907e-05,5.33360480403644e-06,6.075471901567653e-06,0.0
720575940619846310,720575940619846310,5,9.748706543044082e-05,4.2391213e-05,7.604603e-05,0.0,8.493244339499717e-06,4.248960522090783e-06,4.295312010071939e-06,0.0
720575940627368723,720575940627368723,2,0.0022291855420917,0.0016052491,0.0006239363,0.0015000255079939,4.3908516090596095e-05,3.112900594715029e-05,1.2779511962435208e-05,2.617939935589675e-05
720575940627368723,720575940627368723,3,0.0003600130730774,0.00017382053,0.0001861928,9.179571497952566e-05,3.61897109542042e-05,9.579694960848428e-06,2.661000326042995e-05,2.4653832042531576e-06
720575940627368723,720575940627368723,4,0.0002071970543341,0.00011267462,0.00011247986,1.611166173506895e-05,1.6688420491140012e-05,7.845170330256224e-06,8.854330189933535e-06,1.3610684694449397e-06
720575940627368723,720575940627368723,5,0.0001286697621015,6.821031e-05,6.798305e-05,4.175708782294515e-06,9.49985384207564e-06,4.682617145590484e-06,4.865875325776869e-06,3.5325739532351894e-07
720575940643793431,720575940643793431,2,0.0009928210638463,0.0006502693,0.0003425517,0.0006502693286165,0.0001219669356942,0.0001219669356942,0.0,0.0001219669356942
720575940643793431,720575940643793431,3,0.0005744984955526,0.0002113474,0.00036315114,8.713556599104777e-05,1.986167262657545e-05,1.6416266589658335e-05,3.445406491664471e-06,1.5750210877740756e-05
720575940643793431,720575940643793431,4,0.0002640347086999,0.00016030396,0.000111529014,1.8404374372815333e-05,3.459636144876665e-06,1.9124802292935783e-06,1.5925103298286558e-06,1.2615879269706017e-06
720575940643793431,720575940643793431,5,0.0001197585434854,7.790301e-05,7.648142e-05,4.871579366422857e-06,1.163023347352843e-06,6.058318717805378e-07,5.831675480294507e-07,1.348044632596152e-07
720575940632656941,720575940632656941,2,0.0001384615461574,9.964103e-05,3.8820508e-05,0.0,1.654535844863858e-05,6.017951818648726e-06,1.0527406629989857e-05,0.0
720575940632656941,720575940632656941,3,6.915303674759343e-05,3.1187636e-05,3.796541e-05,0.0,6.916998245287687e-05,2.9772863854304887e-05,3.939713860745542e-05,0.0
720575940632656941,720575940632656941,4,4.824248382634368e-05,2.4156832e-05,2.4403806e-05,0.0,4.193707649000755e-05,2.1114165065228008e-05,2.0856099581578743e-05,0.0
720575940632656941,720575940632656941,5,3.4693075825995874e-05,1.7598442e-05,1.7556009e-05,0.0,2.130270124441956e-05,1.1309140973025931e-05,1.0066183676826768e-05,0.0
720575940628146908,720575940628146908,2,0.0023138842079788,0.00018383368,0.0021300502,0.0,0.0005105590680614,6.27008848823607e-05,0.0004478582122828,0.0
720575940628146908,720575940628146908,3,0.0001255705574294,7.6160475e-05,4.9410057e-05,0.0,4.237423854647204e-05,2.497316017979756e-05,1.7401078366674483e-05,0.0
720575940628146908,720575940628146908,4,5.161969247808015e-05,3.5970566e-05,2.4269366e-05,0.0,1.7173476493628327e-05,9.81589255388826e-06,7.819593520252965e-06,0.0
720575940628146908,720575940628146908,5,2.9327562736338585e-05,1.6168597e-05,1.4675516e-05,0.0,8.527587833953644e-06,4.47818865723093e-06,4.2315887185395695e-06,0.0
720575940622920074,720575940622920074,2,0.0112751647830009,0.0110756075,0.00019956214,0.0105820195749402,0.0221381299197673,0.021816462278366,0.0003216710756532,0.0204300340265035
720575940622920074,720575940622920074,3,0.0059659536927938,0.0054420014,0.00052395073,0.0047005345113575,0.0131676606833934,0.0125229312106966,0.0006447245250456,0.0106960944831371
720575940622920074,720575940622920074,4,0.0037615331308391,0.0031525076,0.00084845384,0.0021761753693831,0.007772014083742,0.0078825410455465,0.000813887512777,0.0052966121621058
720575940622920074,720575940622920074,5,0.0027155535876195,0.0020294324,0.0009857948,0.0010166009556891,0.0044992363332806,0.0049915462732315,0.0008104499429464,0.002447296420683
720575940619453861,720575940619453861,2,0.0065944343805313,0.0007445882,0.0058498443,0.0,0.0017177406698465,4.60444061900489e-06,0.0017131362110376,0.0
720575940619453861,720575940619453861,3,0.001146039343439,0.00021891372,0.0009271249,0.0,0.0001515786279924,4.61371018900536e-05,0.0001054414533427,0.0
720575940619453861,720575940619453861,4,0.000486076466125,0.00030365444,0.00023309534,0.0,7.291136496330447e-05,4.651068593375385e-05,2.9999404432601292e-05,0.0
720575940619453861,720575940619453861,5,0.0002557592070478,0.00016152607,0.00011460729,0.0,3.763629825352664e-05,1.9820596207864583e-05,1.8505792468204163e-05,0.0
720575940630569272,720575940630569272,2,0.022639624774456,0.00015862967,0.02248099,0.0,0.0002097449760185,1.4605368960474152e-05,0.0001951395970536,0.0
720575940630569272,720575940630569272,3,0.0023656657431274,0.0004636087,0.0019020578,0.0,9.908615902531892e-05,4.555068517220207e-05,5.3535462939180434e-05,0.0
720575940630569272,720575940630569272,4,0.0021205046585367,0.001905406,0.0008301736,0.0,0.0003325519801478,0.0003058213042095,2.696105366339907e-05,0.0
720575940630569272,720575940630569272,5,0.0012596238509567,0.0007553126,0.0006711017,0.0,0.0001759257718932,0.0001388926175422,3.748250674107112e-05,0.0
720575940628691260,720575940628691260,2,0.0005146655021235,0.00013686252,0.00037780296,0.0,0.0,0.0,0.0,0.0
720575940628691260,720575940628691260,3,4.532608363660984e-05,1.7888924e-05,2.7437156e-05,0.0,1.4465992990153609e-06,7.879094710006029e-07,6.586897711713391e-07,0.0
720575940628691260,720575940628691260,4,1.2572705845630792e-05,6.913503e-06,6.4264204e-06,0.0,1.0250239483866608e-06,4.915046361020359e-07,5.335194828148815e-07,0.0
720575940628691260,720575940628691260,5,6.111686525220065e-06,3.3080532e-06,3.0545095e-06,0.0,8.300908460650706e-07,4.216749971419631e-07,4.095149961358402e-07,0.0
720575940632118343,720575940632118343,2,0.0006099357269704,3.0589676e-05,0.000579346,0.0,0.0002724483492784,0.0,0.0002724483492784,0.0
720575940632118343,720575940632118343,3,0.0001805319043342,8.023103e-05,0.00010030085,0.0,7.07102008163929e-05,1.8769813323160637e-05,5.194038385525346e-05,0.0
720575940632118343,720575940632118343,4,9.783273713096996e-05,4.7214307e-05,5.2055824e-05,0.0,3.901096449200474e-05,1.9496725144563243e-05,1.9687158783199266e-05,0.0
720575940632118343,720575940632118343,5,6.461849057113006e-05,3.0333384e-05,3.57021e-05,0.0,2.5010754364904493e-05,1.2613887520274147e-05,1.261364741367288e-05,0.0
720575940616584607,720575940616584607,2,0.0133876809850335,0.0130817,0.00030598347,0.0,0.0,0.0,0.0,0.0
720575940616584607,720575940616584607,3,0.0064596198499202,0.00018997103,0.006269648,0.0,1.8479508980817627e-06,1.4777727983528166e-06,3.701781849940744e-07,0.0
720575940616584607,720575940616584607,4,0.0037130317824776,0.0037945013,0.00029161296,0.0,2.753590933934902e-06,1.4915027577444562e-06,1.2620882898772834e-06,0.0
720575940616584607,720575940616584607,5,0.0022566231863357,0.00033162927,0.0023894324,0.0,2.594005276651312e-06,2.042961114057107e-06,5.547761361412995e-07,0.0
720575940617641077,720575940617641077,2,0.0026038684882223,0.00028646804,0.0023174002,0.0,0.0,0.0,0.0,0.0
720575940617641077,720575940617641077,3,0.0003447833005338,3.4245477e-05,0.00031053778,0.0,2.2610647647525184e-06,1.8412581539450912e-06,4.198069518679404e-07,0.0
720575940617641077,720575940617641077,4,0.0001002680653018,2.246504e-05,0.000115223855,0.0,2.803222514558001e-06,1.4704860404890496e-06,1.3327364740689518e-06,0.0
720575940617641077,720575940617641077,5,4.538909688411531e-05,1.7687998e-05,4.346164e-05,0.0,2.384285100077863e-06,1.227980874318746e-06,1.158809254775406e-06,0.0
720575940623559974,720575940623559974,2,0.016577199101448,0.01603314,0.00054405694,0.0,0.0,0.0,0.0,0.0
720575940623559974,720575940623559974,3,0.0061827232129871,0.00015647791,0.0060262457,0.0,8.375291145057417e-07,1.6172174710504805e-08,8.213569344661664e-07,0.0
720575940623559974,720575940623559974,4,0.0029780323819934,0.0033082478,0.00023531217,0.0,8.611707471573027e-07,3.13494609827103e-07,5.476761089084903e-07,0.0
720575940623559974,720575940623559974,5,0.0015421724790464,0.0002337259,0.0018411655,0.0,4.32010708053541e-07,2.303724357943793e-07,2.0293383329317294e-07,0.0
720575940618521273,720575940618521273,2,0.0005078556714579,7.434942e-05,0.00043350618,0.0,0.0003397572727408,1.995546517719049e-05,0.0003198018821422,0.0
720575940618521273,720575940618521273,3,0.0001006557722575,5.5137694e-05,4.551807e-05,0.0,4.1566778236301616e-05,2.540706191211939e-05,1.6159709048224613e-05,0.0
720575940618521273,720575940618521273,4,4.712790202544598e-05,2.8607541e-05,1.9433925e-05,0.0,1.6087888443994087e-05,1.0036397725343704e-05,6.242425115488004e-06,0.0
720575940618521273,720575940618521273,5,2.7493983745037476e-05,1.4929375e-05,1.3206428e-05,0.0,8.6188789881582e-06,4.561787591228494e-06,4.178697054157965e-06,0.0
720575940634253281,720575940634253281,2,0.0006560063338838,0.00024229854,0.0004137077,0.000242298527155,4.690470450441353e-05,1.044634700519964e-05,3.6458361137192696e-05,1.044634700519964e-05
720575940634253281,720575940634253281,3,0.0002648035006131,0.00011500944,0.00014979417,5.440180757432245e-05,0.0001361804606858,7.319374708458781e-05,6.298673542914912e-05,3.148057203361532e-06
720575940634253281,720575940634253281,4,0.0001503813337952,7.163608e-05,8.021391e-05,2.004261944916031e-05,5.7138741837168674e-05,2.3408410925185308e-05,3.378279507160187e-05,2.402912450634968e-06
720575940634253281,720575940634253281,5,9.74484133097315e-05,5.0280156e-05,5.2733547e-05,5.277204414571884e-06,4.164798369458301e-05,1.8884591554524377e-05,2.3161665012594312e-05,1.5083577817235742e-06
720575940623426013,720575940623426013,2,0.0030857136007398,0.00015995553,0.0029257585,0.0001551836467115,0.0001193866992252,7.492660188290756e-06,0.0001118940344895,6.967480203456944e-06
720575940623426013,720575940623426013,3,0.0002536365354899,0.00013878432,0.000114852206,1.770286326063797e-05,8.141381113091484e-05,3.463618486421183e-05,4.677766628446989e-05,4.621334937837673e-06
720575940623426013,720575940623426013,4,0.0001294028559845,8.0062135e-05,6.1992425e-05,5.004979348359095e-06,6.0034104867208045e-05,3.531374386511743e-05,2.513698927941732e-05,1.6429462230944152e-06
720575940623426013,720575940623426013,5,8.176626839916242e-05,4.3783264e-05,4.198086e-05,1.5655187338562569e-06,3.2796771411934665e-05,1.7286318325204775e-05,1.5907984561636113e-05,6.511964637368299e-07
720575940619675712,720575940619675712,2,0.0007605038699693,0.00034599198,0.0004145118,0.0003253217728342,9.425736061530188e-05,3.628441845648922e-05,5.797294579679146e-05,2.0598143237293695e-05
720575940619675712,720575940619675712,3,0.0001881452481029,9.523008e-05,9.291516e-05,6.834853411419317e-05,3.3205909858224913e-05,1.0372950782766566e-05,2.283296817040537e-05,5.587658506556181e-06
720575940619675712,720575940619675712,4,7.508758477070622e-05,3.6776004e-05,4.0264276e-05,1.3307916505772675e-05,1.1217721379956934e-05,5.331391093932325e-06,5.920531293668319e-06,1.1889609490474216e-06
720575940619675712,720575940619675712,5,3.73401629678041e-05,1.9315507e-05,1.9702344e-05,3.3429349536909585e-06,5.800602547759505e-06,3.1018453228170983e-06,2.77092658507172e-06,2.314742046969044e-07
720575940632473106,720575940632473106,2,0.0042123752646148,0.00096595945,0.003246416,0.0,0.000373589748051,0.0,0.000373589748051,0.0
720575940632473106,720575940632473106,3,0.0002959352859761,0.00015109283,0.00014484244,0.0,8.097781392280012e-05,6.638374907197431e-05,1.4594034837500658e-05,0.0
720575940632473106,720575940632473106,4,0.0001293322612245,8.6262466e-05,7.450713e-05,0.0,4.043588840818759e-05,1.5439260096172802e-05,2.5759443815331903e-05,0.0
720575940632473106,720575940632473106,5,5.2975421769866753e-05,2.8432896e-05,3.0570987e-05,0.0,1.1949817667303723e-05,4.67031850348576e-06,7.549530437245266e-06,0.0
720575940627921351,720575940627921351,2,0.0005202706670388,0.00035375723,0.00016651343,0.0,9.155813313554972e-05,9.155812585959212e-05,0.0,0.0
720575940627921351,720575940627921351,3,0.0001102835085475,7.1352995e-05,3.893049e-05,0.0,1.847747989813797e-05,1.2031072401441634e-05,6.446405677706935e-06,0.0
720575940627921351,720575940627921351,4,3.832317766020122e-05,2.0536281e-05,2.0202278e-05,0.0,9.473497017271353e-06,4.320112566347234e-06,5.212680662225466e-06,0.0
720575940627921351,720575940627921351,5,1.9529311693412443e-05,1.01905225e-05,1.0498102e-05,0.0,7.194981481015048e-06,3.860270226141438e-06,3.3777437238313723e-06,0.0
720575940623701768,720575940623701768,2,0.0029534308705478,0.0017099313,0.0012434995,0.0012427542824298,0.0031033619306981,0.0024102707393467,0.0006930907256901,0.0016993714962154
720575940623701768,720575940623701768,3,0.0014644771581515,0.00063703884,0.0008274388,0.0001556182396598,0.0015220760833472,0.0009591017151251,0.0005629744846373,9.763734851730987e-05
720575940623701768,720575940623701768,4,0.0008215340844533,0.00039536646,0.00044293643,3.251934967046965e-05,0.0009343065040672,0.0002826719428412,0.0006626536487601,2.2859502841449027e-05
720575940623701768,720575940623701768,5,0.0005142236557781,0.00027690828,0.00027154078,8.04008693631576e-06,0.0003344800189529,0.0001379681925754,0.0002091684873448,3.76493968912682e-06
720575940631999685,720575940631999685,2,0.0013582283863797,0.0008327268,0.00052550214,0.0008325903327204,0.0,0.0,0.0,0.0
720575940631999685,720575940631999685,3,0.0003967013326473,0.00015451724,0.00024218405,0.0001056669934769,2.3093376512406397e-05,1.6779751604190096e-05,6.313623089226894e-06,1.523671471659327e-05
720575940631999685,720575940631999685,4,0.0002120495492818,9.9405544e-05,0.00011758029,3.128336795622688e-05,7.759008440189064e-05,5.282795973471366e-05,2.4762288376223296e-05,4.1973758925450966e-05
720575940631999685,720575940631999685,5,0.0001491350697803,7.7332326e-05,7.802133e-05,1.471881249122339e-05,0.0001023595816765,3.608070983318612e-05,6.630632560700178e-05,2.063466113920496e-05
720575940617979472,720575940617979472,2,0.0007787750801071,0.0006073647,0.00017141047,0.0006073646363802,2.7396712539484724e-05,1.75877121364465e-05,9.808999493543524e-06,1.75877121364465e-05
720575940617979472,720575940617979472,3,0.0001015472298604,5.132094e-05,5.0226292e-05,3.702684989548288e-05,2.524008414184209e-05,4.133336915401742e-06,2.110674904542975e-05,2.3814866381144384e-06
720575940617979472,720575940617979472,4,4.532060425619361e-05,2.273577e-05,2.4264657e-05,4.665826279820033e-06,7.997135553188108e-06,4.6625650611531455e-06,3.352864041517023e-06,2.748690022790597e-07
720575940617979472,720575940617979472,5,2.797907317421612e-05,1.40499415e-05,1.4634268e-05,1.0746778212045944e-06,5.162601529041715e-06,2.794448164422647e-06,2.4121536625898443e-06,7.051131732365158e-08
720575940628781527,720575940628781527,2,0.0008004108676686,0.0004793523,0.0003210586,0.0004381542967166,0.0,0.0,0.0,0.0
720575940628781527,720575940628781527,3,8.833358151605353e-05,3.0855314e-05,5.7478268e-05,2.132658119080588e-05,9.764099559106398e-06,1.1784509297285697e-06,8.585648174630478e-06,2.7738291663581552e-08
720575940628781527,720575940628781527,4,3.1089063344499066e-05,1.650785e-05,1.6782611e-05,1.8513306485120155e-06,4.677011020248756e-06,2.1856567400391214e-06,2.491355417078012e-06,1.971083634089155e-07
720575940628781527,720575940628781527,5,1.7943724615568124e-05,1.0470024e-05,9.216259e-06,4.005284086322332e-07,4.894914353095092e-06,2.5313834157714155e-06,2.3843758754082955e-06,1.0098394358961663e-07
720575940604624574,720575940604624574,2,0.0018104900373145,0.00040356565,0.0014069244,0.0004014043952338,0.0014960060361772,0.0004140745440963,0.0010819315211847,0.0004118621582165
720575940604624574,720575940604624574,3,0.0005475357756949,0.00013031684,0.00041721883,4.897498729405925e-05,0.0003677231725305,0.0001007948376354,0.0002669283712748,3.430945798754692e-05
720575940604624574,720575940604624574,4,0.0002021643767821,0.00010069723,0.000109748384,8.560398034412478e-06,0.0001522552942879,5.361141302273609e-05,0.0001030059211188,4.527703022376043e-06
720575940604624574,720575940604624574,5,0.0001035249562085,5.6937937e-05,5.4707365e-05,2.357762592687035e-06,4.799405025081607e-05,2.8505921363830566e-05,2.191872954426799e-05,8.17477209412259e-07
720575940640094592,720575940640094592,2,0.0004822210757993,0.0002645298,0.0002176913,0.0,0.0,0.0,0.0,0.0
720575940640094592,720575940640094592,3,0.0001721144944895,0.00012173226,5.0382234e-05,0.0,9.181554787573988e-07,8.574588719056919e-07,6.069659974627939e-08,0.0
720575940640094592,720575940640094592,4,7.787524418938428e-05,3.400033e-05,4.4603374e-05,0.0,1.5645996427338105e-06,3.724017574313621e-07,1.1921978284590296e-06,0.0
720575940640094592,720575940640094592,5,4.558118198979448e-05,2.2868933e-05,2.3886623e-05,0.0,1.9008379148054896e-06,1.0581469496173668e-06,8.475261097373732e-07,0.0
720575940628154364,720575940628154364,2,0.0050745676271617,0.0017753927,0.0032991734,0.0,0.0033886185847222,0.0011639992007985,0.0022246190346777,0.0
720575940628154364,720575940628154364,3,0.0017508282326161,0.00067078427,0.0010800428,0.0,0.0017042905092239,0.0003165592788718,0.0013877311721444,0.0
720575940628154364,720575940628154364,4,0.0006335453861788,0.0003514212,0.00031623122,0.0,0.0003883284460253,0.000219228604692,0.0001847989042289,0.0
720575940628154364,720575940628154364,5,0.0003481473842442,0.0001923993,0.00018172027,0.0,0.0001780099101141,9.956781286746264e-05,9.265600965591148e-05,0.0
720575940620917707,720575940620917707,2,0.0020134355872869,0.00033592747,0.0016775079,0.0,0.0001231947680935,5.8940579037880525e-05,6.425419269362465e-05,0.0
720575940620917707,720575940620917707,3,0.0005581288132816,0.00024000824,0.00031812064,0.0,0.0001176160149043,7.686945173190907e-05,4.0746574086369947e-05,0.0
720575940620917707,720575940620917707,4,0.0002832708250068,0.00017124691,0.00012212171,0.0,4.133498912459569e-05,1.781711762305349e-05,2.391291127423756e-05,0.0
720575940620917707,720575940620917707,5,0.0001847486791484,0.000100588346,9.5334675e-05,0.0,2.1205271555207443e-05,1.089930174202891e-05,1.1253117918386124e-05,0.0
720575940628837852,720575940628837852,2,0.0026727500371634,0.0003931734,0.0022795766,0.0,0.0002024496498052,0.0,0.0002024496498052,0.0
720575940628837852,720575940628837852,3,0.0011877206852659,0.0006643182,0.0005234028,0.0,0.0002226217475254,0.0001662281283643,5.639361552312039e-05,0.0
720575940628837852,720575940628837852,4,0.000787008929455,0.00045964718,0.00038804603,0.0,0.0001221334658356,6.436128751374781e-05,5.795255856355652e-05,0.0
720575940628837852,720575940628837852,5,0.0004836021229558,0.00026223675,0.00026182883,0.0,6.34107090892196e-05,2.8093907531001605e-05,3.585292142815888e-05,0.0
720575940633909344,720575940633909344,2,0.0017061936669051,0.0005314248,0.0011747694,0.0005186802591197,0.0007917276234366,9.927520295605063e-05,0.0006924525368958,9.3302340246737e-05
720575940633909344,720575940633909344,3,0.0006214364548213,0.00019147643,0.0004299601,8.337837789440528e-05,0.0002149337669834,7.071105937939137e-05,0.0001442226348444,1.4236920833354816e-05
720575940633909344,720575940633909344,4,0.0003106450029609,0.00016524621,0.00015825198,1.626889606364328e-05,0.0001146676397129,7.283318700501695e-05,4.569462180370465e-05,1.2980178228648382e-06
720575940633909344,720575940633909344,5,0.0001842947646584,0.00010360233,9.070695e-05,3.748160477468209e-06,5.6482521636577234e-05,2.9180315323174e-05,2.9550559702329338e-05,3.3019670514337615e-07
720575940626523017,720575940626523017,2,0.0031120476778596,6.6127024e-05,0.0030459205,0.0,2.0106452211621217e-05,0.0,2.0106452211621217e-05,0.0
720575940626523017,720575940626523017,3,0.0002645506465341,0.000108134904,0.0001564157,0.0,3.7914473068667576e-05,2.0804276573471725e-05,1.7110192857217044e-05,0.0
720575940626523017,720575940626523017,4,0.0001139533760857,6.374988e-05,6.693156e-05,0.0,6.091001327523151e-05,1.903820884763263e-05,4.18825657106936e-05,0.0
720575940626523017,720575940626523017,5,6.103348873366965e-05,3.1349457e-05,3.3651704e-05,0.0,3.329712693902334e-05,1.5754134437884204e-05,1.7592425137991086e-05,0.0
720575940626986539,720575940626986539,2,0.0021666213870048,0.001630889,0.00053573214,0.0,0.0003121719346381,0.0003071724786423,4.999450084142154e-06,0.0
720575940626986539,720575940626986539,3,0.0007905510137788,0.0003649511,0.00042559998,0.0,4.285517206881195e-05,4.652279585570796e-06,3.820289202849381e-05,0.0
720575940626986539,720575940626986539,4,0.0004355634770404,0.00022002376,0.00022691497,0.0,3.0176250888242585e-05,2.5027042283909395e-05,5.684554707841016e-06,0.0
720575940626986539,720575940626986539,5,0.0002172067486518,0.00011645501,0.000111507514,0.0,7.2199207453568544e-06,2.414619530100026e-06,4.976603122486267e-06,0.0
720575940618693035,720575940618693035,2,0.0010617061052471,0.0003931103,0.0006685956,0.0,7.82091956352815e-06,6.832889084762428e-06,9.880300240183717e-07,0.0
720575940618693035,720575940618693035,3,0.0001865235390141,9.487908e-05,9.164444e-05,0.0,6.576260602741968e-06,4.1669932215882e-06,2.409267381153768e-06,0.0
720575940618693035,720575940618693035,4,7.202027951222235e-05,3.81518e-05,3.6907706e-05,0.0,4.119263331999681e-06,2.292467797815334e-06,1.8744358385447413e-06,0.0
720575940618693035,720575940618693035,5,3.284409465215401e-05,1.7215441e-05,1.7702436e-05,0.0,2.9335777025202828e-06,1.5045006875880065e-06,1.4674396879854612e-06,0.0
720575940633307036,720575940633307036,2,0.0020778165198862,0.0008504571,0.0012273596,0.0,0.0006466269260272,7.59423419367522e-05,0.0005706846131943,0.0
720575940633307036,720575940633307036,3,0.0011534717632457,0.000562698,0.0005907742,0.0,0.0008017080253921,0.0001700314023764,0.0006316768703982,0.0
720575940633307036,720575940633307036,4,0.0004505125675418,0.00023173724,0.00022662815,0.0,0.0001070679108719,4.130279558012262e-05,6.659565406152979e-05,0.0
720575940633307036,720575940633307036,5,0.0002286243453511,0.000117800795,0.0001210893,0.0,4.629416054575727e-05,2.255719664390199e-05,2.528952973079868e-05,0.0
720575940632155207,720575940632155207,2,0.0005992600345052,0.00021407256,0.00038518745,0.0,5.645228520734236e-05,5.532430805033073e-05,1.1279781801931676e-06,0.0
720575940632155207,720575940632155207,3,9.354654321214184e-05,4.968488e-05,4.3861655e-05,0.0,2.816433334373869e-05,1.945055555552244e-05,8.713779607205652e-06,0.0
720575940632155207,720575940632155207,4,3.811175330717635e-05,1.9722578e-05,1.9427815e-05,0.0,1.0717811334090163e-05,5.43275018571876e-06,5.309559128363617e-06,0.0
720575940632155207,720575940632155207,5,2.062909746957991e-05,1.0451642e-05,1.0725234e-05,0.0,6.476734658261368e-06,3.1697154554422013e-06,3.3462420105934143e-06,0.0
720575940624798352,720575940624798352,2,0.0037995842285454,0.0008305358,0.002969048,0.0008140954305417,1.1511815500853118e-05,1.1511815500853118e-05,0.0,0.0
720575940624798352,720575940624798352,3,0.0002175568952225,9.1468755e-05,0.00012608817,6.12666699453257e-05,2.1420974007924087e-05,1.176128353108652e-05,9.659689567342866e-06,9.564658284944016e-06
720575940624798352,720575940624798352,4,8.008050256336665e-05,5.1439245e-05,4.659812e-05,1.2075767987252704e-05,9.677271308568968e-06,4.7560574785165954e-06,4.935941433359403e-06,6.26784185442375e-07
720575940624798352,720575940624798352,5,4.330565970635028e-05,2.3331191e-05,2.311782e-05,2.526060421221987e-06,6.766450709509828e-06,3.279464408478816e-06,3.533228209562367e-06,2.240915983023397e-07
720575940640057589,720575940640057589,2,0.0006364940200001,0.00037597655,0.00026051753,0.0003745768626686,4.531817830866203e-05,4.531817830866203e-05,0.0,4.531817830866203e-05
720575940640057589,720575940640057589,3,0.0001112805330194,4.0117215e-05,7.116329e-05,2.10323887586128e-05,2.076385044347262e-06,1.033281705531408e-06,1.043103338815854e-06,2.2651195763501167e-07
720575940640057589,720575940640057589,4,3.894255422521397e-05,1.9068595e-05,2.166345e-05,3.09551309177283e-06,2.768305196343297e-06,1.2642981346289162e-06,1.5266022046489525e-06,5.1121852456717815e-08
720575940640057589,720575940640057589,5,1.928843232059105e-05,1.1026996e-05,1.0166545e-05,6.401293325997241e-07,2.400725425720412e-06,1.2413620424922556e-06,1.165243702416774e-06,3.2461312537803124e-08
720575940606425522,720575940606425522,2,0.0009408704354427,0.00025069955,0.0006901709,0.0,0.0002499848778825,2.6309126042178832e-05,0.0002236757572973,0.0
720575940606425522,720575940606425522,3,0.0004536266787908,0.00023575505,0.00021787177,0.0,0.0005038976669311,0.0002260812616441,0.0002778164343908,0.0
720575940606425522,720575940606425522,4,0.0002884064695147,0.00014590913,0.00015147404,0.0,0.0001616267465242,8.854825864546001e-05,7.323768659261987e-05,0.0
720575940606425522,720575940606425522,5,0.0001978789865715,0.00010512625,9.743575e-05,0.0,9.309107111311071e-05,4.901149804936722e-05,4.471329157240689e-05,0.0
720575940624155416,720575940624155416,2,0.0120446979999542,0.005866911,0.0061777844,0.0,0.0058748535811901,0.0044077173806726,0.0014671362005174,0.0
720575940624155416,720575940624155416,3,0.0019957467447966,0.0011282733,0.000867474,0.0,0.0007019395707175,0.0003036608395632,0.0003982787602581,0.0
720575940624155416,720575940624155416,4,0.0006895653179818,0.00046102464,0.0004338,0.0,0.0001657376592845,0.0001188228779938,9.367144957650451e-05,0.0
720575940624155416,720575940624155416,5,0.0002337919238367,0.00015535104,0.00015999598,0.0,4.2409102503238834e-05,2.7136553399031985e-05,2.9767590604024008e-05,0.0
720575940624345136,720575940624345136,2,0.0009909837972372,0.00038958903,0.0006013947,0.0003895890549756,0.0002109259366989,0.0,0.0002109259366989,0.0
720575940624345136,720575940624345136,3,0.0001739409926813,7.7643475e-05,9.629749e-05,3.722226028912701e-05,1.7333760524707031e-06,9.786288046598202e-07,7.547470204372075e-07,4.903462240690715e-07
720575940624345136,720575940624345136,4,6.729751993130307e-05,3.6401056e-05,3.3495096e-05,5.778761182178684e-06,1.7115436130372402e-06,7.974207960614876e-07,9.798690143725253e-07,1.913407317033489e-07
720575940624345136,720575940624345136,5,3.1373942961293426e-05,1.6593982e-05,1.6496408e-05,1.1347898068830808e-06,1.505083642303941e-06,6.144350663817022e-07,8.960701620708278e-07,5.7039152115223e-08
720575940613809071,720575940613809071,2,0.00028142624069,0.00015201436,0.00012941183,0.0001451742718927,1.147011607827153e-05,6.790969564463012e-06,4.679146513808519e-06,5.733018042519689e-06
720575940613809071,720575940613809071,3,0.0001080508809536,4.8427464e-05,5.9623424e-05,2.5083936634473503e-05,3.099441892118193e-05,1.582336517458316e-05,1.5171053746598773e-05,4.273887498129625e-06
720575940613809071,720575940613809071,4,6.51982442717816e-05,3.2329805e-05,3.3393946e-05,5.872629401581533e-06,2.1425012280235127e-05,1.0516347174416296e-05,1.0920125532720704e-05,1.127913551810862e-06
720575940613809071,720575940613809071,5,4.842887766376074e-05,2.4902149e-05,2.4185703e-05,1.762190986066207e-06,1.6614983257992717e-05,8.323171641677618e-06,8.352935765287839e-06,3.457134814732856e-07
720575940607091979,720575940607091979,2,0.0011992703657597,0.00028997764,0.0009092928,0.0002790513972286,6.313767516985536e-05,6.313767516985536e-05,0.0,6.019907596055418e-05
720575940607091979,720575940607091979,3,0.0002521305577829,0.00010720725,0.00014492327,3.415939136175439e-05,3.3269265259150416e-05,2.54335900535807e-05,7.835672477085609e-06,1.3561672858486418e-05
720575940607091979,720575940607091979,4,9.54783590214914e-05,5.1874507e-05,4.7970392e-05,5.520646249208025e-06,6.031307116244568e-06,2.7138160021422664e-06,3.389996891201008e-06,3.468685132098611e-07
720575940607091979,720575940607091979,5,4.362741298713192e-05,2.3637516e-05,2.2605882e-05,9.823158539594598e-07,2.0948474868933605e-06,1.0923092759185238e-06,1.111591700464487e-06,4.1124904077776076e-08
720575940623612395,720575940623612395,2,0.0012411705683916,0.0008339241,0.0004072465,0.0008092595962807,0.001112756319344,0.0007557787466794,0.0003569775726646,0.0007449492113664
720575940623612395,720575940623612395,3,0.0004121225210838,0.00017395025,0.00023817204,0.0001034164524753,0.0002557149855419,0.0001501249498687,0.0001055900356732,0.000100249038951
720575940623612395,720575940623612395,4,0.0001636387504125,8.731865e-05,8.255997e-05,1.4090701199625543e-05,7.167144003156336e-05,3.803562867688015e-05,3.675754123833031e-05,9.502879401656475e-06
720575940623612395,720575940623612395,5,9.185734539940436e-05,5.091659e-05,4.734625e-05,2.718492640798149e-06,2.517896234628915e-05,1.3287452020449564e-05,1.3534006939153189e-05,8.488479018152895e-07
720575940652214262,720575940652214262,2,0.0008605421171523,0.00032630135,0.000534241,0.0003003531601279,8.346689810423413e-07,0.0,8.346689810423413e-07,0.0
720575940652214262,720575940652214262,3,0.000176953501068,9.144297e-05,8.551043e-05,3.4095362934749573e-05,8.344506568391807e-06,3.896859652741114e-06,4.447647370398045e-06,2.421755880277488e-07
720575940652214262,720575940652214262,4,9.48771097412793e-05,4.847463e-05,4.785908e-05,7.13578668324799e-06,1.1630102715634176e-05,5.793641321361065e-06,5.837929165863898e-06,4.648848346278101e-07
720575940652214262,720575940652214262,5,6.425686933112429e-05,3.305643e-05,3.23883e-05,2.11036623352059e-06,1.1528633570493826e-05,5.764026354881935e-06,5.78170147491619e-06,2.301808338666722e-07
720575940607805020,720575940607805020,2,0.0046149506233632,0.003976961,0.0006379896,0.0039731133729219,0.0043356120586395,0.0042243311181664,0.0001112809186452,0.0042175045236945
720575940607805020,720575940607805020,3,0.002821726957336,0.0014899303,0.0013317964,0.000972194771748,0.0018578403396531,0.0010686108144,0.0007892296416684,0.0006075054407119
720575940607805020,720575940607805020,4,0.0017084692573762,0.0009345083,0.00085260556,0.0002818099682326,0.0011343417455901,0.0008954525692388,0.0003485916531644,0.0001918834001238
720575940607805020,720575940607805020,5,0.0009851638763966,0.0005417661,0.0005530068,8.078987701789006e-05,0.0004703514954488,0.0002325560344615,0.0003190434363204,3.942452135487709e-05
720575940608393739,720575940608393739,2,0.0021665105596184,0.00212686,3.9651197e-05,0.0020791525021195,4.627746966434643e-05,0.0,4.627746966434643e-05,0.0
720575940608393739,720575940608393739,3,0.0003044583136215,0.0002573446,4.7113634e-05,0.0002293279103469,1.9118333511869423e-06,1.6558348079342975e-06,2.559986569394823e-07,0.0
720575940608393739,720575940608393739,4,0.0001729590412407,0.00014088862,4.3765554e-05,0.0001036937822072,7.317685493575619e-07,4.887745944870403e-06,4.572069087771524e-07,0.0
720575940608393739,720575940608393739,5,0.0001114685952056,8.241586e-05,3.6296813e-05,5.417941165989691e-05,5.782852572036568e-07,2.6005182007793337e-07,7.506956194447412e-07,6.82485448363912e-12
720575940626792209,720575940626792209,2,0.0020230826921761,0.001994561,2.8522007e-05,0.0019586775451898,2.120834142260719e-05,0.0,2.120834142260719e-05,0.0
720575940626792209,720575940626792209,3,0.0002920056285802,0.00025999805,3.200768e-05,0.0002438294468447,1.8702907027545732e-06,1.591078898854903e-06,2.7921205969505536e-07,0.0
720575940626792209,720575940626792209,4,0.0001329868593863,0.00011259068,3.0362387e-05,8.646038265529215e-05,4.572470501208066e-07,2.427917706881999e-06,1.4348971433264526e-07,0.0
720575940626792209,720575940626792209,5,8.039161505470181e-05,6.0745784e-05,2.5299583e-05,4.101496474179814e-05,4.256569299686921e-07,1.819582564621669e-07,5.297308689478086e-07,2.919792879696459e-11
720575940608768213,720575940608768213,2,0.0023643074091523,0.0023284403,3.5867095e-05,0.0022634712513536,3.6340603401185945e-05,0.0,3.6340603401185945e-05,0.0
720575940608768213,720575940608768213,3,0.0002684152277652,0.00023204739,3.636784e-05,0.0002028626622632,2.5669828573882114e-06,1.6719830000511138e-06,8.949998573370976e-07,0.0
720575940608768213,720575940608768213,4,0.0001369294761774,0.00011587542,3.290305e-05,8.05125455456757e-05,1.1611923885663816e-06,4.07258767154417e-06,2.896570094890194e-07,1.1840636804372195e-10
720575940608768213,720575940608768213,5,8.569599073685028e-05,6.4289285e-05,2.7257724e-05,3.969203828080461e-05,7.654368635168842e-07,4.132371032028459e-07,7.703164328631829e-07,2.578036117917293e-10
720575940620682662,720575940620682662,2,0.0023333495482802,0.0023104132,2.293599e-05,0.0022505091037601,1.431563123333035e-05,0.0,1.431563123333035e-05,0.0
720575940620682662,720575940620682662,3,0.0002776764740701,0.0002480362,2.9640178e-05,0.0002272781421197,1.4001349200043478e-06,1.0703915904741734e-06,3.297433579518838e-07,0.0
720575940620682662,720575940620682662,4,0.0001312630589209,0.000114157585,2.886703e-05,8.38990947726119e-05,5.219580839043679e-07,1.70980638358742e-06,2.392092710579164e-07,0.0
720575940620682662,720575940620682662,5,8.088196051425647e-05,6.174161e-05,2.458618e-05,4.094600203266956e-05,6.887051477951244e-07,3.0346137691594777e-07,6.018277645125636e-07,1.3182481495288556e-10
720575940605554354,720575940605554354,2,0.0289148390293121,0.028470624,0.00044421045,0.0,0.000250802579103,0.0,0.000250802579103,0.0
720575940605554354,720575940605554354,3,0.0126906801015138,0.0007982899,0.0118923895,0.0,1.4208198990672828e-05,1.527465315120935e-06,1.2680733561865054e-05,0.0
720575940605554354,720575940605554354,4,0.0057831467373765,0.0062344787,0.000910099,0.0,1.5942271232954473e-05,1.2295688065933064e-05,3.709486918523908e-06,0.0
720575940605554354,720575940605554354,5,0.002820274739062,0.00083041645,0.0033375411,0.0,6.038932412629847e-06,2.8102044780098367e-06,3.2477007607667474e-06,0.0
720575940620104361,720575940620104361,2,0.0007057273178361,0.00031204548,0.00039368198,0.0,0.0,0.0,0.0,0.0
720575940620104361,720575940620104361,3,9.5796087407507e-05,5.8740516e-05,3.7055568e-05,0.0,1.0409176098846729e-07,9.869106776250193e-08,5.400696334589838e-09,0.0
720575940620104361,720575940620104361,4,2.451409465487029e-05,1.2967106e-05,1.3819441e-05,0.0,2.050620651061763e-07,7.322861961256423e-08,1.318334454936121e-07,0.0
720575940620104361,720575940620104361,5,1.091240247233463e-05,5.9315557e-06,5.6837944e-06,0.0,2.4148744759260466e-07,1.140274576982847e-07,1.2752722966524746e-07,0.0
720575940616208965,720575940616208965,2,0.0039624725468456,0.0039366754,2.5797639e-05,0.0038581558037549,2.1340070816222575e-05,0.0,2.1340070816222575e-05,0.0
720575940616208965,720575940616208965,3,0.0009487004135735,0.0009066765,4.202391e-05,0.0008616791456006,1.384963752570911e-06,8.495370025229931e-07,5.354268637347559e-07,0.0
720575940616208965,720575940616208965,4,0.0005288876481183,0.0005107887,4.7631886e-05,0.0004386584791136,6.552680576583838e-07,2.5971210106945364e-06,1.8543565261097686e-07,1.046626536549411e-07
720575940616208965,720575940616208965,5,0.0003261692179988,0.00030016765,4.5561093e-05,0.0002425019728138,4.135398429734532e-07,2.704771873140999e-07,3.803024242188258e-07,2.7353181053513254e-08
720575940622287142,720575940622287142,2,0.0041693998500704,0.002995059,0.0011743413,0.0029122477862983,4.405884101288393e-05,4.405884465086274e-05,0.0,4.405884101288393e-05
720575940622287142,720575940622287142,3,0.0014102656859904,0.0011220982,0.00028816733,0.0010058067273348,2.74604135483969e-05,2.512157880119048e-05,2.3388304271065863e-06,2.3053129552863535e-05
720575940622287142,720575940622287142,4,0.0006948970250463,0.0005160473,0.0002209426,0.0003568623040233,1.9608651186226943e-05,1.734965007926803e-05,3.1969318570190808e-06,1.3063596255169857e-05
720575940622287142,720575940622287142,5,0.0004492207525438,0.0002976605,0.00019202556,0.0001360573593082,1.733559269476864e-05,1.3235307051218116e-05,5.72041972191073e-06,7.061956317118288e-06
720575940637707069,720575940637707069,2,0.0029618686530739,0.002915884,4.598509e-05,0.0028955899178981,4.610749238054268e-05,0.0,4.610749238054268e-05,0.0
720575940637707069,720575940637707069,3,0.0006751419277861,0.0006270474,4.8094313e-05,0.0006060959422029,1.549987928228802e-06,6.927973572601331e-07,8.571904572818312e-07,0.0
720575940637707069,720575940637707069,4,0.0003199053837483,0.00029760748,4.2110878e-05,0.0002564076242842,8.564249878828125e-07,5.177375896892045e-06,2.7529438284545904e-07,3.624290343395842e-07
720575940637707069,720575940637707069,5,0.0001763255623032,0.00015598217,3.4474135e-05,0.0001232141084225,7.060864768521939e-07,4.999081397727423e-07,5.502749331753876e-07,4.462955160988714e-08
720575940632742300,720575940632742300,2,0.0021315633784979,0.00043569008,0.0016958729,0.0,0.002464244607836,0.0,0.002464244607836,0.0
720575940632742300,720575940632742300,3,0.0003999464970547,0.0002636351,0.00013631138,0.0,0.0002406789280939,9.740306995809078e-05,0.0001432758581358,0.0
720575940632742300,720575940632742300,4,0.0001506422639252,9.3297e-05,7.831435e-05,0.0,0.0001173768508633,8.75290425028652e-05,5.7187578931916505e-05,0.0
720575940632742300,720575940632742300,5,8.499128186812925e-05,4.6484594e-05,5.0992603e-05,0.0,5.507583258184204e-05,3.928846854250878e-05,3.097719672950916e-05,0.0
720575940641238400,720575940641238400,2,0.0079142758622765,0.0005126445,0.007401632,0.0,0.0021665915846824,1.4952152923797256e-05,0.0021516394335776,0.0
720575940641238400,720575940641238400,3,0.0009652393637225,0.00031370262,0.0006515367,0.0,0.0001957338972715,6.862753798486665e-05,0.0001271063665626,0.0
720575940641238400,720575940641238400,4,0.0004121503782243,0.00032315447,0.00018570671,0.0,6.684044494314314e-05,4.2760613723658025e-05,3.232765448046848e-05,0.0
720575940641238400,720575940641238400,5,0.0001356466184246,8.9157096e-05,7.568536e-05,0.0,2.359500466048407e-05,1.2712771422229707e-05,1.2926297131343745e-05,0.0
720575940635498394,720575940635498394,2,0.0048984684981405,0.0006842892,0.00421418,0.0,2.913587013608776e-05,2.913587013608776e-05,0.0,0.0
720575940635498394,720575940635498394,3,0.0007111664162948,0.00044901183,0.00026215456,0.0,4.0352242649532855e-05,1.6037993191275746e-05,2.4314247639267705e-05,0.0
720575940635498394,720575940635498394,4,0.0002262808356293,0.00013664951,0.0001283793,0.0,1.4694165933344817e-05,8.713031093066093e-06,6.018712610966759e-06,0.0
720575940635498394,720575940635498394,5,0.0001009698413142,5.825261e-05,5.84981e-05,0.0,5.7135918060098586e-06,2.8314975679677445e-06,3.0245892048696987e-06,0.0
720575940625301629,720575940625301629,2,0.0012336340732872,0.00079449156,0.00043914258,0.0,0.0001013892833725,7.090519648045301e-05,3.048408871109132e-05,0.0
720575940625301629,720575940625301629,3,0.0005855922936461,0.00041548308,0.00017010921,0.0,0.0001284566678805,7.911484863143414e-05,4.934181197313592e-05,0.0
720575940625301629,720575940625301629,4,0.0002782115125548,0.00013486693,0.00014742369,0.0,7.71753719695466e-05,3.296458089607768e-05,4.432329660630785e-05,0.0
720575940625301629,720575940625301629,5,0.0001745046541396,8.7669e-05,9.204527e-05,0.0,5.592296224970184e-05,2.5375758923473768e-05,3.082746115978807e-05,0.0
720575940609850436,720575940609850436,2,0.0013821396278217,0.0009965082,0.00038563178,0.0,0.0007130266167223,0.0007130266167223,0.0,0.0
720575940609850436,720575940609850436,3,0.0004018363251816,0.0002493793,0.00015245703,0.0,8.13891674624756e-05,2.4515358745702542e-05,5.687381053576246e-05,0.0
720575940609850436,720575940609850436,4,0.0001743763155981,8.3361985e-05,9.980487e-05,0.0,2.5451433903015064e-05,1.1116339919681195e-05,1.5516765415668488e-05,0.0
720575940609850436,720575940609850436,5,9.10837495792199e-05,4.785003e-05,5.0593342e-05,0.0,1.0568496526343142e-05,6.222449428605614e-06,4.744528268929571e-06,0.0
720575940606650400,720575940606650400,2,0.0096903098747134,0.007444485,0.0022458266,0.0,0.0048886910080909,0.0045905131846666,0.0002981779980473,0.0
720575940606650400,720575940606650400,3,0.0012682374799624,0.0006733143,0.0005949232,0.0,0.0003227052802685,0.000131635722937,0.0001910695136757,0.0
720575940606650400,720575940606650400,4,0.0004029010731954,0.00026021374,0.00026158176,0.0,0.0001047638380422,9.44635976338759e-05,3.953937266487628e-05,0.0
720575940606650400,720575940606650400,5,0.0001629720165267,0.000101155805,9.935248e-05,0.0,3.127108510821009e-05,1.7683947589830495e-05,1.8937496861326508e-05,0.0
720575940640207549,720575940640207549,2,0.0013685360318049,0.0008654846,0.00050305127,0.0008267171215265,6.123034108895808e-05,2.8099359042244032e-05,3.313098204671405e-05,0.0
720575940640207549,720575940640207549,3,0.0002184799668611,8.598058e-05,0.00013249935,5.8456666010897607e-05,1.84301461558789e-05,8.705062100489158e-06,9.725084055389743e-06,4.005470145784784e-06
720575940640207549,720575940640207549,4,6.161260243839937e-05,3.138458e-05,3.5617744e-05,5.928317288074203e-06,9.077394309625065e-06,5.121869435242843e-06,4.002370587841142e-06,9.469613928558828e-07
720575940640207549,720575940640207549,5,2.787372587357621e-05,1.5474623e-05,1.4688086e-05,1.0610647383861205e-06,5.329024466204375e-06,2.7090081857750192e-06,2.6909410735243e-06,3.243119760031239e-07
720575940622263275,720575940622263275,2,0.0008277889573946,0.00013855526,0.0006892337,0.0,3.85210441891104e-05,8.463898666377645e-06,3.005714461323805e-05,0.0
720575940622263275,720575940622263275,3,0.000228794873692,8.1618135e-05,0.00014717672,0.0,8.712889211892616e-06,4.5304977902560495e-06,4.182391876383917e-06,0.0
720575940622263275,720575940622263275,4,6.346089114753807e-05,3.3904733e-05,3.1009768e-05,0.0,3.754295675590005e-06,1.989571273952606e-06,1.8246819308842528e-06,0.0
720575940622263275,720575940622263275,5,2.8856155517227164e-05,1.6139915e-05,1.3904208e-05,0.0,1.7382765415896892e-06,8.695830047145137e-07,9.089417289942504e-07,0.0
720575940620503512,720575940620503512,2,0.0030460243579,0.0019983246,0.0010476995,0.0019975558388978,0.0003041627351194,0.0002210968086728,8.306593372253701e-05,0.0002210967941209
720575940620503512,720575940620503512,3,0.0003700790693983,0.00023274742,0.00013733152,7.787875802023336e-05,6.536146247526631e-05,4.066605106345378e-05,2.469540777383372e-05,4.080453891219804e-06
720575940620503512,720575940620503512,4,0.0001365483499832,8.491101e-05,7.0168215e-05,6.653199102842434e-06,3.638562626911079e-05,1.4552004358847626e-05,2.2087258912506517e-05,7.02919343491134e-07
720575940620503512,720575940620503512,5,7.945862605714673e-05,4.76275e-05,4.0804855e-05,1.2976285489861912e-06,1.789296772347369e-05,1.0226101949228903e-05,7.886324056016747e-06,2.4352823656936577e-07
720575940620359606,720575940620359606,2,0.0006011801306158,0.00051547674,8.570349e-05,0.0005154767422936,8.886913747119252e-06,0.0,8.886913747119252e-06,0.0
720575940620359606,720575940620359606,3,7.565299893030897e-05,4.4521377e-05,3.1131633e-05,2.953064540633932e-05,1.5014557902759408e-05,1.468434766138671e-05,3.302096160950896e-07,1.6712387918005334e-08
720575940620359606,720575940620359606,4,2.8866661720139005e-05,1.4916415e-05,1.5116991e-05,4.033756113820588e-06,5.317560072992119e-06,1.614200186850212e-06,3.7061856801301474e-06,6.862327950329927e-08
720575940620359606,720575940620359606,5,1.3955331553889396e-05,7.1470213e-06,7.378842e-06,8.90193060962365e-07,2.369564410849274e-06,1.0378918204878571e-06,1.3498031421477208e-06,3.8489253731655975e-08
720575940623045267,720575940623045267,2,0.0007205617730505,0.00043636732,0.00028419457,0.0,0.0007466668612323,0.0006092284456826,0.0001374384301016,0.0
720575940623045267,720575940623045267,3,0.0001062059018295,5.688261e-05,4.9323295e-05,0.0,3.370144258951768e-05,1.0020781701314265e-05,2.368066088820342e-05,0.0
720575940623045267,720575940623045267,4,5.370857467804542e-05,3.0157435e-05,2.5960328e-05,0.0,2.532532991209672e-05,1.339687150903046e-05,1.273098951060092e-05,0.0
720575940623045267,720575940623045267,5,3.2462708908157927e-05,1.6894763e-05,1.6705748e-05,0.0,1.3760109817389014e-05,7.26202688383637e-06,6.654653589066584e-06,0.0
720575940611254681,720575940611254681,2,0.0009448590571992,0.000713049,0.00023181009,0.0005531483911909,0.0003759398823603,0.0003759398823603,0.0,0.0003759398823603
720575940611254681,720575940611254681,3,0.0001550911401864,8.97678e-05,6.532329e-05,7.144401752157137e-05,8.710052497917786e-05,7.167779403971508e-05,1.5422727301483974e-05,6.978071905905381e-05
720575940611254681,720575940611254681,4,6.934689519201649e-05,4.1919353e-05,3.7437945e-05,1.5847127019716054e-05,3.077506529316752e-05,2.6740279281511903e-05,1.433401666872669e-05,1.2516376048237876e-05
720575940611254681,720575940611254681,5,4.160158245831426e-05,2.5725345e-05,2.2387778e-05,3.1697985371273944e-06,1.2317995483417742e-05,1.1585960237425752e-05,6.724143531755544e-06,1.689387179704256e-06
720575940626400019,720575940626400019,2,0.0007069835555739,0.0004823194,0.00022466417,0.0,7.03591103956569e-06,0.0,7.03591103956569e-06,0.0
720575940626400019,720575940626400019,3,0.0001271979999728,7.353993e-05,5.365805e-05,0.0,2.104571285599377e-05,9.462726666242816e-06,1.1582987099245656e-05,0.0
720575940626400019,720575940626400019,4,4.746752884879255e-05,2.4436249e-05,2.4622734e-05,0.0,1.465586386572196e-05,8.963208529166877e-06,5.698068434867309e-06,0.0
720575940626400019,720575940626400019,5,2.810817661009593e-05,1.4733777e-05,1.4348412e-05,0.0,9.02630394637386e-06,4.291445293347351e-06,4.782090400112793e-06,0.0
720575940628212303,720575940628212303,2,0.0006454863469116,0.00027138594,0.00037410046,0.0,0.0007138367509469,0.0002114863746101,0.0005023504490964,0.0
720575940628212303,720575940628212303,3,0.0001926373661262,0.00010804857,8.458881e-05,0.0,0.0001451922289561,7.608374289702624e-05,6.910846423124894e-05,0.0
720575940628212303,720575940628212303,4,0.0001062819383693,5.541145e-05,5.247519e-05,0.0,8.625021716564407e-05,4.411106783663854e-05,4.2699793993961066e-05,0.0
720575940628212303,720575940628212303,5,6.395354161685617e-05,3.271809e-05,3.254472e-05,0.0,4.9326524448497015e-05,2.485439108568244e-05,2.4774188204901293e-05,0.0
720575940640352821,720575940640352821,2,0.0002777068293653,0.000151717,0.00012598989,0.0,6.886742630740628e-05,7.336057024076581e-06,6.15313692833297e-05,0.0
720575940640352821,720575940640352821,3,9.40638710744679e-05,5.3455646e-05,4.06082e-05,0.0,4.852472557104193e-05,1.71083229361102e-05,3.1416406272910535e-05,0.0
720575940640352821,720575940640352821,4,4.183730078180786e-05,2.1072057e-05,2.129237e-05,0.0,1.7703116068712858e-05,8.285132935270667e-06,9.433302693651058e-06,0.0
720575940640352821,720575940640352821,5,2.633455846182807e-05,1.3351619e-05,1.345848e-05,0.0,1.306504797729712e-05,6.350281182676554e-06,6.760437827324495e-06,0.0
720575940625365512,720575940625365512,2,0.007652913685888,0.0005636576,0.0070892544,0.0,0.001276857452467,0.0001516237825853,0.0011252334807068,0.0
720575940625365512,720575940625365512,3,0.0016896920278668,0.00051540986,0.0011742819,0.0,0.0002672874834388,9.27934452192858e-05,0.0001744940236676,0.0
720575940625365512,720575940625365512,4,0.0010061077259946,0.00059454766,0.00048365767,0.0,0.0002091714815288,9.687994315754622e-05,0.0001146685826824,0.0
720575940625365512,720575940625365512,5,0.0006328642414329,0.00035200434,0.0003166681,0.0,0.0001325485749618,6.551537080667913e-05,6.820284033892676e-05,0.0
720575940628289103,720575940628289103,2,0.0004713847010862,0.00017748728,0.0002938974,0.0,0.0,0.0,0.0,0.0
720575940628289103,720575940628289103,3,8.36873150547035e-05,4.0081093e-05,4.360622e-05,0.0,4.931230796501041e-05,3.193392331013456e-05,1.7378390111844055e-05,0.0
720575940628289103,720575940628289103,4,3.701565556943043e-05,1.792144e-05,1.9999941e-05,0.0,1.625929508008994e-05,7.524916782131186e-06,8.734379662200809e-06,0.0
720575940628289103,720575940628289103,5,2.0535327280672255e-05,1.0686243e-05,1.040877e-05,0.0,8.649918403891675e-06,4.492447260417976e-06,4.201285264571197e-06,0.0
720575940625897191,720575940625897191,2,0.0006554069113917,0.00035128923,0.00030411765,0.0,0.0,0.0,0.0,0.0
720575940625897191,720575940625897191,3,8.68907809490338e-05,4.1752835e-05,4.51379e-05,0.0,7.649949111510068e-06,5.722211426473223e-06,1.92773745766317e-06,0.0
720575940625897191,720575940625897191,4,3.681027398323942e-05,1.8302502e-05,1.956756e-05,0.0,7.869637556723319e-06,3.5193547773815226e-06,4.350283234089147e-06,0.0
720575940625897191,720575940625897191,5,2.287330613201832e-05,1.1528762e-05,1.1867323e-05,0.0,5.066148956902822e-06,2.5841663955361582e-06,2.4943660719145555e-06,0.0
720575940621446309,720575940621446309,2,0.0001617746602278,8.894344e-05,7.283122249646112e-05,6.069777737138793e-05,6.416332325898111e-05,0.0,6.416332325898111e-05,0.0
720575940621446309,720575940621446309,3,0.000338847603416,6.741048e-05,0.0002714370493777,3.8501359085785225e-05,0.0001426682283636,3.323359851492569e-05,0.0001094346152967,2.725216472754255e-05
720575940621446309,720575940621446309,4,0.0001875747149234,8.2944476e-05,0.0001049617276294,1.6176794828736593e-05,0.0001055816776667,5.228325608186424e-05,5.332379078026861e-05,1.465787772758631e-05
720575940621446309,720575940621446309,5,0.0001287212682853,6.272931e-05,6.817338726250455e-05,5.882474660239244e-06,9.088778498699556e-05,4.2487077735131606e-05,4.85288692289032e-05,4.747785866790785e-06
720575940630901719,720575940630901719,2,0.0012844478478655,0.0009283691,0.0003560787299647,0.0008703180355951,0.0001509391877334,0.0001509392022853,0.0,0.0001501402584835
720575940630901719,720575940630901719,3,0.0002768369740806,0.0001475387,0.0001292982924496,8.054220234043896e-05,5.955174856353551e-05,4.243107105139643e-05,1.7120673874160275e-05,8.4293515101308e-06
720575940630901719,720575940630901719,4,0.0001141840069387,5.7605146e-05,6.037274579284713e-05,1.522393663340152e-05,3.84978915168719e-05,1.960583176696673e-05,1.9065213564317677e-05,1.2425959522382593e-06
720575940630901719,720575940630901719,5,6.073574727837284e-05,3.1279265e-05,3.162152279401198e-05,3.1248302979183208e-06,3.124170057695139e-05,1.5339488527388312e-05,1.5981948308763094e-05,4.265031987657256e-07
720575940634601954,720575940634601954,2,2.1508150894078423e-05,2.150815e-05,0.0,0.0,0.0,0.0,0.0,0.0
720575940634601954,720575940634601954,3,8.645783054817002e-06,6.91352e-06,1.7322636267635971e-06,0.0,3.2984438291805425e-08,3.2984438291805425e-08,0.0,0.0
720575940634601954,720575940634601954,4,2.747708150319538e-06,1.5419844e-06,1.2805836604457e-06,0.0,3.027618049600278e-07,4.203340964181734e-08,2.607283704492147e-07,0.0
720575940634601954,720575940634601954,5,1.0031945558192835e-06,5.470571e-07,5.36930883754394e-07,0.0,1.6352119346144e-07,8.214590252464404e-08,8.14110521218936e-08,0.0
720575940639160920,720575940639160920,2,0.0003387076139915,0.00014815465,0.0001905529643408,0.0001428187097189,4.164584242971614e-05,4.164584242971614e-05,0.0,4.164584242971614e-05
720575940639160920,720575940639160920,3,6.181633216328919e-05,2.9719711e-05,3.209662827430293e-05,1.68821461556945e-05,3.896293947036611e-06,1.5033097042760346e-06,2.392983788013225e-06,7.9158610333252e-07
720575940639160920,720575940639160920,4,2.2493095423030524e-05,1.1056927e-05,1.1848582289530896e-05,3.249646075970644e-06,1.8149006860060829e-06,9.439395398658236e-07,8.891961442714091e-07,2.684009122164882e-07
720575940639160920,720575940639160920,5,1.1325887522424428e-05,5.7390143e-06,5.925875939283287e-06,7.593881625786402e-07,1.2623819888261138e-06,6.462042279054003e-07,6.305052124844224e-07,4.389244411458499e-08
720575940613581378,720575940613581378,2,0.0017346362583339,0.0009754261,0.0007592102047055,0.0008933907374739,9.020405559567736e-05,6.345177826005965e-05,2.6752275516628288e-05,6.345177826005965e-05
720575940613581378,720575940613581378,3,0.0003323049168102,0.000117015275,0.0002152896195184,7.938689668662846e-05,1.779540252755396e-05,7.253482181113213e-06,1.0541919436946046e-05,5.506036359292921e-06
720575940613581378,720575940613581378,4,7.342155785277752e-05,3.9102637e-05,4.58909162261989e-05,9.027593971997945e-06,3.921589456012521e-06,1.6369988316000672e-06,2.330700453967438e-06,3.810341806162172e-07
720575940613581378,720575940613581378,5,2.7405510966572265e-05,1.633917e-05,1.588467785040848e-05,1.6093629245422169e-06,3.1246963613860854e-06,1.5092055036802776e-06,1.6446006156911608e-06,7.193551514051227e-08
720575940623438992,720575940623438992,2,0.0009001628495752,0.0007280048,0.000172158004716,0.0007280047866515,5.282302299747244e-05,1.4701449799758848e-05,3.812157592619769e-05,1.4701449799758848e-05
720575940623438992,720575940623438992,3,0.0001091841622837,6.777015e-05,4.14140013162978e-05,5.542161670746282e-05,1.3399110230238875e-06,7.025798822724028e-07,6.373312544383225e-07,1.989441216210253e-07
720575940623438992,720575940623438992,4,2.5516595947704692e-05,1.5718979e-05,1.1921498298761437e-05,7.535471409067378e-06,2.5413139393427527e-06,1.220850094796333e-06,1.3658234365721e-06,2.134079591056497e-07
720575940623438992,720575940623438992,5,1.188847993091735e-05,6.6216626e-06,6.10195093031507e-06,1.5438275242747828e-06,2.930510277373965e-06,1.510717993369326e-06,1.4264530818763888e-06,2.508843447501575e-07
720575940638792611,720575940638792611,2,0.0019271741621196,0.0009588301,0.0009683441021479,0.0,0.0,0.0,0.0,0.0
720575940638792611,720575940638792611,3,0.000315422861604,0.00015917997,0.0001562429533805,0.0,1.5713789252913557e-05,1.5626033018634189e-06,1.4151185496302787e-05,0.0
720575940638792611,720575940638792611,4,9.52981863056581e-05,5.3220232e-05,5.137395783094689e-05,0.0,1.0213083442067727e-05,5.02832426718669e-06,5.184760993870441e-06,0.0
720575940638792611,720575940638792611,5,4.487179961365937e-05,2.4263933e-05,2.473626227583736e-05,0.0,6.310760467182977e-06,3.164841928082751e-06,3.158617346343817e-06,0.0
720575940638526278,720575940638526278,2,0.0030826504807919,0.00042660613,0.0026560444384813,0.0,0.0009554725256748,2.176938522779892e-07,0.000955254829023,0.0
720575940638526278,720575940638526278,3,0.0005795417819172,0.00016381801,0.000415723916376,0.0,5.39393222425133e-05,3.210647628293373e-05,2.1832842321600765e-05,0.0
720575940638526278,720575940638526278,4,0.000241483610379,0.00014056369,0.0001246948522748,0.0,0.0001186316629859,6.751352339051664e-05,5.251203401712701e-05,0.0
720575940638526278,720575940638526278,5,0.0001454609053275,7.606646e-05,8.001239621080458e-05,0.0,5.0413410772098926e-05,2.3742704797768965e-05,2.712603600230068e-05,0.0
720575940621213556,720575940621213556,2,0.0023273180704563,0.0009466794,0.0013806365896016,0.0,0.0003225274267606,9.607466199668124e-05,0.000226452757488,0.0
720575940621213556,720575940621213556,3,0.0006934087141416,0.0003776293,0.0003157797909807,0.0,0.0002434814959997,0.0001368237863061,0.0001066577315214,0.0
720575940621213556,720575940621213556,4,0.0004317301463263,0.00022361122,0.0002191442763432,0.0,0.0001430873174786,7.447876851074398e-05,6.91642562742345e-05,0.0
720575940621213556,720575940621213556,5,0.0002818619550052,0.00014425258,0.0001452692085877,0.0,9.957911009189325e-05,4.976012132829055e-05,5.0306647608522326e-05,0.0
720575940619369688,720575940619369688,2,0.0006619656342081,0.0002469179,0.0004150476597715,0.0002413812035229,0.0003802971623372,2.2108652046881616e-05,0.0003581884957384,2.2108652046881616e-05
720575940619369688,720575940619369688,3,0.0001867330865934,8.296411e-05,0.0001037688780343,3.3085794711951166e-05,5.734377555199899e-05,1.814829920476768e-05,3.919548544217832e-05,3.921985808119644e-06
720575940619369688,720575940619369688,4,0.0001024779703131,4.97964e-05,5.382228118833154e-05,6.987771129837101e-06,3.492530161481502e-05,1.8437456674291752e-05,1.6742867956054397e-05,9.286081795332976e-07
720575940619369688,720575940619369688,5,6.559750019613283e-05,3.3493096e-05,3.316634683869779e-05,2.031946982352008e-06,2.231235613300116e-05,1.180611434392631e-05,1.0724195817601869e-05,3.519018034639006e-07
720575940608383243,720575940608383243,2,0.0021441811695694,0.00209259,5.1590948714874685e-05,0.0020037842914462,2.379741454205941e-05,0.0,2.379741454205941e-05,0.0
720575940608383243,720575940608383243,3,0.000296523066936,0.00025343683,4.308618008508347e-05,0.0002275837905472,1.8719745185080685e-06,1.580732146067021e-06,2.912424008627568e-07,0.0
720575940608383243,720575940608383243,4,0.0001520934042472,0.0001261978,3.7534438888542354e-05,9.122647672292444e-05,4.238765717235501e-07,2.643875859575928e-06,1.5224574667627166e-07,0.0
720575940608383243,720575940608383243,5,9.49832758594444e-05,7.0857786e-05,3.073493644478731e-05,4.485965891358345e-05,3.640919935837218e-07,2.1818064510625845e-07,4.5523665903601806e-07,3.878013535296709e-11
720575940615764422,720575940615764422,2,0.0022736457176506,0.002245809,2.783664967864752e-05,0.0020277330186218,2.9449298381223343e-05,0.0,2.9449298381223343e-05,0.0
720575940615764422,720575940615764422,3,0.0003789231122937,0.00033529568,4.362735489849001e-05,0.000260172819253,2.175440840801457e-06,1.6681161696396885e-06,5.073247280051874e-07,0.0
720575940615764422,720575940615764422,4,0.0002282961752716,0.0001993958,4.3215815821895376e-05,0.000123468421395,6.227503427398755e-07,3.269118678872473e-06,2.8929491691087605e-07,2.8724092548948477e-10
720575940615764422,720575940615764422,5,0.000152788398116,0.0001235927,3.886283957399428e-05,6.514988818863994e-05,9.909099384618675e-07,4.444420369509317e-07,9.235529887519078e-07,9.965657188359955e-10
720575940620607982,720575940620607982,2,0.0020870873704552,0.0020567344,3.035387999261729e-05,0.0019612391479313,2.420854798401706e-05,0.0,2.420854798401706e-05,0.0
720575940620607982,720575940620607982,3,0.0002746118989307,0.00023359135,4.1020510252565145e-05,0.0002120213612215,1.5938115893732174e-06,1.307985257881228e-06,2.8582641675711784e-07,0.0
720575940620607982,720575940620607982,4,0.0001442318463076,0.000117323005,3.677938730106689e-05,8.66783445841316e-05,5.35951269258111e-07,2.5360700419696518e-06,4.131196078560606e-07,0.0
720575940620607982,720575940620607982,5,9.102376695609404e-05,6.632225e-05,3.031679989362601e-05,4.335646525251826e-05,5.555213466258828e-07,2.562995007338032e-07,5.885026439500507e-07,5.835300298517865e-11
720575940612766102,720575940612766102,2,0.0031216670759022,0.0030507178,7.094875036273152e-05,0.002908029127866,4.6744920837227255e-05,0.0,4.6744920837227255e-05,0.0
720575940612766102,720575940612766102,3,0.0008864135597832,0.0008065901,7.982344686752185e-05,0.0006795636145398,8.579172572353855e-06,7.830853064660914e-06,7.483196782231971e-07,0.0
720575940612766102,720575940612766102,4,0.000577867011134,0.00052179454,8.101539424387738e-05,0.000372602742225,6.149357230974142e-06,7.4300755841250066e-06,3.3790611269068904e-06,0.0
720575940612766102,720575940612766102,5,0.0004043424584671,0.00035068303,7.526636181864887e-05,0.0002188007596867,3.268886489693148e-06,1.8346015622228151e-06,2.029114966717316e-06,2.54005421140846e-08
720575940626953732,720575940626953732,2,0.0039160344749689,0.003886755,2.9279606678755957e-05,0.0038218388799577,5.843114558956586e-05,0.0,5.843114558956586e-05,0.0
720575940626953732,720575940626953732,3,0.0009575888398103,0.00092523266,3.2355845178244635e-05,0.0008845810079947,2.1721209577663103e-06,1.6124995454447344e-06,5.596211849479005e-07,0.0
720575940626953732,720575940626953732,4,0.0004333535209226,0.00043304666,3.152300632791594e-05,0.000366589800546,3.444229487712761e-06,5.965071977698244e-06,3.3038757010217523e-06,0.0
720575940626953732,720575940626953732,5,0.0002267178895317,0.00021970214,2.772059087874368e-05,0.0001717033985254,4.207327256244237e-07,3.423034229399491e-07,6.095859816923621e-07,6.213595193926834e-10
720575940614919062,720575940614919062,2,0.0007829787791706,0.00045163865,0.000331340212142,0.0004269363707862,0.0001364185736747,3.296196155133657e-05,0.0001034566157613,3.296196155133657e-05
720575940614919062,720575940614919062,3,0.0002119186247,0.0001038413,0.0001080773581634,4.417403033585288e-05,1.880254421848804e-05,1.0969451068376657e-05,7.833089512132574e-06,1.0471232769759808e-07
720575940614919062,720575940614919062,4,9.80075040358356e-05,5.1202558e-05,4.8836816858965904e-05,7.285088629233625e-06,7.93009486903278e-06,4.617578269972e-06,3.4677957501116907e-06,4.630712407918605e-08
720575940614919062,720575940614919062,5,5.226580162701414e-05,2.7391077e-05,2.677448355825618e-05,1.5165213202001777e-06,3.403565253649296e-06,1.71649321600853e-06,1.8083135273627704e-06,6.989699422591469e-09
720575940633900896,720575940633900896,2,0.001198400510475,0.00081844185,0.0003799591213464,0.0008141066646203,0.0004893551813438,0.000441325479187,4.802971670869738e-05,0.000437194132246
720575940633900896,720575940633900896,3,0.0003631963627412,0.00020091893,0.0001622771378606,0.0001163888300652,0.0001159192688646,7.923679368104786e-05,3.668246790766716e-05,4.339928636909463e-05
720575940633900896,720575940633900896,4,0.0001883388362284,9.423822e-05,9.727305587148294e-05,2.2954064963461508e-05,7.692022772834027e-05,3.770041075767949e-05,3.956220461986959e-05,5.649054577569679e-06
720575940633900896,720575940633900896,5,0.0001187468614762,6.0354825e-05,6.115600263001397e-05,5.566880954382933e-06,5.18241478952699e-05,2.62952598859556e-05,2.5759069103514776e-05,1.723052896770062e-06
720575940637878854,720575940637878854,2,0.0022459153551608,0.0015878181,0.0006580982008017,0.0009819568367674,0.0001137733488576,0.0001137733488576,0.0,0.0001109002478187
720575940637878854,720575940637878854,3,0.0007160471868701,0.00047264236,0.0002434053167235,0.0002103895385516,2.8426089556887742e-05,8.512538443028461e-06,1.991354474739637e-05,3.902222033502767e-06
720575940637878854,720575940637878854,4,0.0003175102979694,0.0001754436,0.0001526470587123,4.67737569632787e-05,1.2147205211603526e-05,5.956585482636001e-06,6.285865310928784e-06,5.442314099576795e-07
720575940637878854,720575940637878854,5,0.0001595821940537,8.546306e-05,8.273421553894877e-05,1.055279565631806e-05,6.876115588766924e-06,3.4378699638182297e-06,3.496141061987146e-06,1.1833133238427225e-07
720575940646263331,720575940646263331,2,0.0030050314962863,0.0029250726,7.995932537596673e-05,0.0028827106580138,4.224284566589631e-05,0.0,4.224284566589631e-05,0.0
720575940646263331,720575940646263331,3,0.0003974370192736,0.00034648908,5.094800144433975e-05,0.0003211795119568,2.535510702728061e-06,2.051235696853837e-06,4.842748921873863e-07,0.0
720575940646263331,720575940646263331,4,0.000168491482745,0.00014284517,4.368738882476464e-05,0.0001029184598063,2.2679106292997974e-06,4.928139333060244e-06,1.550755655443936e-06,0.0
720575940646263331,720575940646263331,5,0.0001010609093667,7.445972e-05,3.518975427141413e-05,4.717787191133839e-05,1.3107112306493057e-06,8.04992453140585e-07,9.73259034253715e-07,5.422756688133744e-10
720575940620520513,720575940620520513,2,0.0039632697589695,0.0038642776,9.899171709548682e-05,0.0036312437150627,2.045090150204487e-05,0.0,2.045090150204487e-05,0.0
720575940620520513,720575940620520513,3,0.0013356172712519,0.001220736,0.0001148814917542,0.0010379218729212,9.064516461876336e-07,5.982660695735831e-07,3.081856050357601e-07,0.0
720575940620520513,720575940620520513,4,0.0008609424004042,0.00077898364,0.0001157247024821,0.0005682382532128,6.754658270753973e-07,2.4912742446758784e-06,2.228453581665235e-07,9.740177553396734e-10
720575940620520513,720575940620520513,5,0.00059070941961,0.00051682,0.0001067128032445,0.0003281322925162,1.0871301567851007e-06,5.664096534019336e-07,7.214580932668468e-07,3.6937784386736894e-08
720575940660219265,720575940660219265,2,0.0019908414687961,0.0004594127,0.0015314288903027,0.0004377671575639,0.0,0.0,0.0,0.0
720575940660219265,720575940660219265,3,0.0006312362966127,0.00038412545,0.000247111020144,6.866094190627337e-05,0.0,0.0,0.0,0.0
720575940660219265,720575940660219265,4,0.0003680364774425,0.00019392982,0.0001883282966446,1.7346410746046614e-05,0.0,0.0,0.0,0.0
720575940660219265,720575940660219265,5,0.0002494046528011,0.00012984886,0.0001315323315793,4.501372292718384e-06,0.0,0.0,0.0,0.0
720575940628487153,720575940628487153,2,0.0014699560124427,0.001469956,0.0,0.0,0.0,0.0,0.0,0.0
720575940628487153,720575940628487153,3,0.0005994748789817,0.00011538746,0.0004840873298235,0.0,2.90714579023188e-05,2.90714579023188e-05,0.0,0.0
720575940628487153,720575940628487153,4,0.0003235910871849,0.00018810637,0.0001533057948108,0.0,0.0001535362098366,0.0001238044642377,2.9731745598837733e-05,0.0
720575940628487153,720575940628487153,5,0.0002463954621405,0.0001342443,0.0001255496754311,0.0,3.489156563821214e-05,1.806581713026389e-05,1.6848774976097047e-05,0.0
720575940614129617,720575940614129617,2,0.0009047638159245,0.000629272,0.0002754917368292,0.0006289621815085,0.0,0.0,0.0,0.0
720575940614129617,720575940614129617,3,0.0002422138495603,0.00013389147,0.000108322376036,0.0001255482929991,9.314679118688218e-06,8.300823537865654e-06,1.013855467135727e-06,6.797382411605213e-06
720575940614129617,720575940614129617,4,0.0001209638259319,5.971721e-05,6.634688179474324e-05,3.221631302649268e-05,9.384093573316932e-06,4.299397005524952e-06,5.084697932034032e-06,2.7816681722470094e-06
720575940614129617,720575940614129617,5,7.887913749909216e-05,4.1349915e-05,4.193909262539819e-05,1.1405278344589853e-05,2.541926410790983e-06,1.5157226016526693e-06,1.3317958291736431e-06,3.723389671398424e-07
720575940629488658,720575940629488658,2,0.002098960801959,0.002049347,4.961390368407592e-05,0.0020493469201028,0.0004439636250026,0.0004388852103147,5.078410140413325e-06,0.0004388852103147
720575940629488658,720575940629488658,3,0.0003790896735154,0.00030198533,7.710434147156775e-05,0.0002988833875861,0.0003212200535926,0.0002314728044439,8.974730008048937e-05,0.000230470963288
720575940629488658,720575940629488658,4,0.000146913368871,8.980038e-05,6.651226431131363e-05,6.17460627389657e-05,8.158220362827342e-05,1.186850931844674e-05,7.004818326095119e-05,6.2923826751693634e-06
720575940629488658,720575940629488658,5,8.50566926548702e-05,4.7324862e-05,4.322895256336778e-05,1.6843648759557978e-05,3.901986520719038e-05,2.0734412828460336e-05,1.9207816876587455e-05,5.52010553076571e-06
720575940631092943,720575940631092943,2,0.0026336156297475,0.0010191142,0.0016145010013133,0.0,0.0003257325442973,0.0001879564952105,0.0001377760636387,0.0
720575940631092943,720575940631092943,3,0.00122537673451,0.0007305092,0.0004948675632476,0.0,0.0001956775231519,0.0001373512932332,5.832621536683291e-05,0.0
720575940631092943,720575940631092943,4,0.0009127411249352,0.0005342149,0.0004149205633439,0.0,8.786813313873222e-05,4.733274181489833e-05,4.124977567698807e-05,0.0
720575940631092943,720575940631092943,5,0.000696759401416,0.0003625718,0.0003963055205531,0.0,5.45132539922223e-05,2.7419504476711157e-05,2.873313133022748e-05,0.0
720575940625870640,720575940625870640,2,0.0020111692138016,0.001848612,0.0001625576551305,0.0018413390498608,8.744385559111834e-05,2.223415140178986e-05,6.520970055134967e-05,2.0480621969909407e-05
720575940625870640,720575940625870640,3,0.000883821863681,0.0005793867,0.0003044349723495,0.000549494230654,5.097055236547021e-06,1.5254471463777008e-06,3.571608203856158e-06,3.887911077526951e-07
720575940625870640,720575940625870640,4,0.000652658559172,0.0002953136,0.0003749988391064,0.0002061571299084,1.8344548707998837e-06,1.0279145499225706e-06,8.42282588564558e-07,5.447746470992991e-08
720575940625870640,720575940625870640,5,0.0004715864658739,0.00023072427,0.0002659067977219,8.070044900892409e-05,7.066716676105641e-07,3.5628846717372653e-07,3.627343971857045e-07,6.362289027960494e-09
720575940606720265,720575940606720265,2,0.003495403798297,0.0018170342,0.0016783695900812,0.0017130266642197,0.0019317257683724,5.4200540034798905e-05,0.0018775252392515,5.4200540034798905e-05
720575940606720265,720575940606720265,3,0.0011887470027431,0.0006479036,0.0005408433498814,0.0003630875435192,0.0002987449988722,9.513844270259142e-05,0.0002036065270658,1.3663910067407414e-05
720575940606720265,720575940606720265,4,0.0006428902078386,0.0003453335,0.0003235675103496,9.23895548200934e-05,0.0001311354232913,6.413103255908936e-05,7.655871741008013e-05,2.945073523994362e-06
720575940606720265,720575940606720265,5,0.0004303894522497,0.00023142973,0.0002234342391602,2.108082286552389e-05,6.719152225949345e-05,3.689425648190081e-05,3.5018776543438435e-05,8.749478221899197e-07
720575940632041676,720575940632041676,2,0.0006831161445006,0.00037344196,0.0003096743312198,0.0,8.97162772162119e-06,8.97162772162119e-06,0.0,0.0
720575940632041676,720575940632041676,3,0.0002798280620481,0.0001348414,0.0001449866394978,0.0,4.011130295111798e-05,5.758404768130276e-06,3.435290273046121e-05,0.0
720575940632041676,720575940632041676,4,0.0001561930373933,7.4415024e-05,8.422660175710917e-05,0.0,1.1275682545972837e-05,6.108331035648007e-06,5.209973551245639e-06,0.0
720575940632041676,720575940632041676,5,0.000103295046993,5.0570343e-05,5.583130405284464e-05,0.0,6.581079922365633e-06,3.1355821192846638e-06,3.575948994694045e-06,0.0
720575940616982336,720575940616982336,2,0.0009402451105415,0.00084473856,9.550664253765716e-05,0.0008434935007244,6.136385309218895e-06,1.914205313369166e-06,4.22218045059708e-06,1.914205313369166e-06
720575940616982336,720575940616982336,3,0.0002123966114595,0.00013919722,7.319942233152688e-05,0.0001072543309419,4.177816299488768e-05,3.200567880412564e-05,9.77248237177264e-06,2.334840792173054e-05
720575940616982336,720575940616982336,4,6.738531719992569e-05,3.817839e-05,3.1312905775848776e-05,1.837286222918486e-05,1.26566563334098e-05,6.277585271163844e-06,6.380532795446925e-06,2.497386848272881e-06
720575940616982336,720575940616982336,5,3.281898437731554e-05,1.7431059e-05,1.687613985268399e-05,4.053881459746738e-06,6.521709251814436e-06,3.3223182072106283e-06,3.238711315134424e-06,6.415261660167407e-07
720575940614082962,720575940614082962,2,0.0007669388432987,0.000511491,0.0002554479870013,0.0004980321973562,0.0002205329074058,0.000198257213924,2.227568438684102e-05,0.0001969872391782
720575940614082962,720575940614082962,3,0.0001326861383859,5.6613077e-05,7.607306179124862e-05,3.253736940678209e-05,3.678780194604769e-05,2.202792529715225e-05,1.475988028687425e-05,1.0770841981866395e-05
720575940614082962,720575940614082962,4,4.76650878809153e-05,2.2959495e-05,2.650414899108e-05,4.942768568178892e-06,1.4617668719337531e-05,6.517198016808834e-06,8.240353054134175e-06,1.1912659642628857e-06
720575940614082962,720575940614082962,5,2.311049020273913e-05,1.2026245e-05,1.2061027518939229e-05,1.1000662149253792e-06,7.073460668562198e-06,3.5266452869109344e-06,3.6425017242436297e-06,2.5496073676606525e-07
720575940633831264,720575940633831264,2,0.0052856681868433,0.002784545,0.0025011235848069,0.0,0.0033500650897622,0.0032660278957337,8.403683750657365e-05,0.0
720575940633831264,720575940633831264,3,0.0020223120227456,0.0014487465,0.0005735653685405,0.0,0.0001712994853733,6.567972741322592e-05,0.0001056197943398,0.0
720575940633831264,720575940633831264,4,0.0009531605680504,0.00054938486,0.0005813196185044,0.0,5.770548023811999e-05,4.882243592874147e-05,2.5005248971865512e-05,0.0
720575940633831264,720575940633831264,5,0.0005910615058086,0.0003077764,0.0004454341833479,0.0,1.962048335071669e-05,1.1024365448975004e-05,1.1523844477778766e-05,0.0
720575940617876251,720575940617876251,2,0.0002279529289808,8.529687e-05,0.0001426560775144,0.0,0.0001227794127771,1.6469039110234007e-05,0.0001063103773049,0.0
720575940617876251,720575940617876251,3,6.499512528534979e-05,3.6063415e-05,2.8931681299582124e-05,0.0,3.987873787991703e-05,1.8742553947959092e-05,2.113618575094733e-05,0.0
720575940617876251,720575940617876251,4,3.101661437964838e-05,1.8722501e-05,1.248612352355849e-05,0.0,1.6809535355898577e-05,8.65150650497526e-06,8.281696864287369e-06,0.0
720575940617876251,720575940617876251,5,1.754761825998157e-05,8.643508e-06,9.206381946569309e-06,0.0,9.691661945971644e-06,4.806374818144832e-06,4.916239049634896e-06,0.0
720575940626044942,720575940626044942,2,0.0014341677306219,0.0012531988,0.0001809688837965,0.000493915809784,3.242057857733016e-07,3.242057857733016e-07,0.0,0.0
720575940626044942,720575940626044942,3,0.0002723823126871,0.00016657216,0.000105810133391,5.9355814300943166e-05,5.775615863967687e-05,4.2240288166794926e-05,1.5515865015913732e-05,2.919296275649685e-05
720575940626044942,720575940626044942,4,0.0002460631522261,0.00014382692,0.0001137785802711,4.340146517626929e-05,0.0001700132628072,0.0001192804193124,5.0732967793010175e-05,6.841575668659061e-05
720575940626044942,720575940626044942,5,0.000285339815209,0.0001463154,0.0001474600576329,4.024663864451074e-05,0.0003046697820403,0.0001384071365464,0.000166454759892,6.93308975045158e-05
720575940622360358,720575940622360358,2,0.0102667529135942,0.010102313,0.0001644399162614,0.0100838765501976,0.0,0.0,0.0,0.0
720575940622360358,720575940622360358,3,0.0023603085428476,0.0022288433,0.0001314650726271,0.0022013040725141,0.0,0.0,0.0,0.0
720575940622360358,720575940622360358,4,0.0006532465637995,0.0007487926,0.0001008972903946,0.0005136011525587,0.0,0.0,0.0,0.0
720575940622360358,720575940622360358,5,0.0002465829161136,0.00027413492,7.933298184070736e-05,0.0001211515307277,0.0,0.0,0.0,0.0
720575940632007983,720575940632007983,2,0.0032643284648656,0.00020326646,0.0030610628891736,0.0,0.0018038057023659,0.0002236576838186,0.00158014788758,0.0
720575940632007983,720575940632007983,3,0.0010974532924592,0.0005651243,0.0005323289660736,0.0,0.0003204453969374,0.0001242540311068,0.0001961913658306,0.0
720575940632007983,720575940632007983,4,0.0009311540911511,0.0004889028,0.0004699591663666,0.0,0.0002088520051112,8.989992784336209e-05,0.0001282144221477,0.0
720575940632007983,720575940632007983,5,0.0007636487475134,0.00038118305,0.0004089601861778,0.0,0.0001369923047701,5.859163502464071e-05,8.484484715154395e-05,0.0
720575940636047205,720575940636047205,2,0.0011223239125683,7.298955e-05,0.0010493342997506,0.0,0.0003706709539983,1.4067602933209857e-05,0.0003566033265087,0.0
720575940636047205,720575940636047205,3,0.0002869482850655,0.000120872995,0.0001660751877352,0.0,0.0001737987768137,5.5392185458913445e-05,0.0001184065840789,0.0
720575940636047205,720575940636047205,4,0.0001283327032425,7.5952405e-05,5.746593524236232e-05,0.0,6.125423625774557e-05,3.3980504667852074e-05,2.7462960133561864e-05,0.0
720575940636047205,720575940636047205,5,6.107355740659206e-05,3.315287e-05,3.089832898695022e-05,0.0,2.1342962876445643e-05,1.1082989658461884e-05,1.0528233360673768e-05,0.0
720575940634195039,720575940634195039,2,0.0022437798324972,0.0014749771,0.0007688029436394,0.0014175461838021,0.0023620720021426,0.0021702970843762,0.0001917749468702,0.0021702970843762
720575940634195039,720575940634195039,3,0.0007054749294184,0.00029446388,0.0004110109584871,0.0001392859849147,0.0001861344790086,6.668802234344184e-05,0.000119446485769,1.6284746379824355e-05
720575940634195039,720575940634195039,4,0.0004325237028012,0.00021589673,0.0002294333389727,4.087160786519658e-05,0.000148699320187,9.83816062216647e-05,6.035560363670811e-05,2.679291065907739e-05
720575940634195039,720575940634195039,5,0.0002653407768231,0.00014020008,0.0001374930870952,9.348630324675114e-06,4.909105694258207e-05,2.5505098165012896e-05,2.569778735050932e-05,1.4665878252911352e-06
720575940634260636,720575940634260636,2,0.0035793019924312,0.0016573956,0.0019219070672988,0.0015497570857405,0.0015247869305312,0.000705930055119,0.0008188566425815,0.0006773170898668
720575940634260636,720575940634260636,3,0.0016004149802029,0.00062584266,0.000974572089035,0.0002562671143095,0.0008447533473372,0.0003045057528652,0.0005402475362643,0.0001639252004679
720575940634260636,720575940634260636,4,0.000792516290402,0.00039379788,0.0004275627143215,8.079133864544564e-05,0.0004803929990098,0.000214772822801,0.0002693142741918,6.483681390635918e-05
720575940634260636,720575940634260636,5,0.0004707078840887,0.000257583,0.000248831580393,2.1112015973221617e-05,0.0002454317404535,0.0001278255658689,0.0001243097358383,1.3295845340368068e-05
720575940621529435,720575940621529435,2,0.011487235315144,0.0076417243,0.0038455051835626,0.0071280086413025,3.0885788874002174e-05,2.864117777789943e-05,2.244609277113341e-06,7.803380867699161e-06
720575940621529435,720575940621529435,3,0.0039522494189441,0.0028566567,0.0010955930920317,0.0021229642443358,3.499940794426948e-05,1.9853157937177457e-05,1.514625000709202e-05,4.972282567905495e-06
720575940621529435,720575940621529435,4,0.0023811225940932,0.0015593618,0.0010164511622861,0.0007886671286981,4.9360774091737225e-05,2.64721384155564e-05,2.325276000192389e-05,2.912555454275373e-06
720575940621529435,720575940621529435,5,0.0017864019608414,0.0010791626,0.0008746433304622,0.0003295793782035,5.789696125399796e-05,2.937570752692409e-05,2.930080154328607e-05,2.964527426245208e-06
720575940627731206,720575940627731206,2,0.0040340796113014,0.00022470276,0.0038093752227723,0.0,1.5188280485745054e-05,8.722146958461963e-06,6.466133982030442e-06,0.0
720575940627731206,720575940627731206,3,0.0006734478520229,0.00033642334,0.0003370246558915,0.0,3.479616134427488e-05,1.3480002962751314e-05,2.131615110556595e-05,0.0
720575940627731206,720575940627731206,4,0.0002606652404154,0.00016511267,0.0001179103855974,0.0,2.555855266656136e-05,1.0373064469604287e-05,1.519930265203584e-05,0.0
720575940627731206,720575940627731206,5,0.0001348202696675,7.4815296e-05,7.111259765224531e-05,0.0,2.387918563321535e-05,1.0787061910377815e-05,1.316679481533356e-05,0.0
720575940628424010,720575940628424010,2,0.0009818824473768,0.0004017496,0.0005801329971291,0.0,0.0005107586621306,2.5205179554177448e-05,0.0004855535225942,0.0
720575940628424010,720575940628424010,3,0.0001650930353207,8.082747e-05,8.42655572341755e-05,0.0,6.003642556606792e-05,1.848596366471611e-05,4.15504546253942e-05,0.0
720575940628424010,720575940628424010,4,7.289954744159732e-05,4.0998377e-05,3.438556450419128e-05,0.0,2.70886423762265e-05,1.7901875253301114e-05,9.962451258616056e-06,0.0
720575940628424010,720575940628424010,5,4.155554952916908e-05,2.2148546e-05,2.0590703570633195e-05,0.0,1.2746067771267711e-05,7.126128366508056e-06,5.789218903373694e-06,0.0
720575940618865112,720575940618865112,2,0.0166538190096616,0.0038616997,0.0127921178936958,0.0034158604685217,2.4973764084279537e-05,1.1989786798949352e-05,1.2983976375835482e-05,1.3443677744362503e-06
720575940618865112,720575940618865112,3,0.0040753739885985,0.0026059714,0.0014694040874019,0.0008232967811636,2.216119537479244e-05,1.0409640708530787e-05,1.1751560123229863e-05,2.162975221153829e-07
720575940618865112,720575940618865112,4,0.002355013360909,0.001386215,0.0013072644360363,0.0003782574562021,3.059015710781301e-05,1.9130711734760556e-05,1.1692160114762372e-05,1.536168777160385e-07
720575940618865112,720575940618865112,5,0.0019077656297014,0.001103895,0.0010113010648638,0.0001957771977981,3.88847094169058e-05,1.829449502110947e-05,2.0869776562904008e-05,7.042938516082875e-07
720575940639010392,720575940639010392,2,0.0001514625328127,5.813737e-05,9.33251649257727e-05,0.0,6.002014561090618e-05,5.668998710461892e-05,3.3301587336609373e-06,0.0
720575940639010392,720575940639010392,3,3.221293445676565e-05,2.0453776e-05,1.1759168046410196e-05,0.0,7.141255991882645e-06,4.016238108306425e-06,3.12501788357622e-06,0.0
720575940639010392,720575940639010392,4,1.4892681216465963e-05,8.154869e-06,6.9094603531993926e-06,0.0,4.98372278338391e-06,2.5052690943994094e-06,2.483781827322673e-06,0.0
720575940639010392,720575940639010392,5,1.0066942171009696e-05,5.0080967e-06,5.224655069469009e-06,0.0,2.436447230802981e-06,1.24743291962659e-06,1.2043285551044391e-06,0.0
720575940626030776,720575940626030776,2,0.0050443825311958,0.0043366794,0.0007077038171701,0.0,0.0049958270974457,0.0049949535168707,8.735788128433342e-07,0.0
720575940626030776,720575940626030776,3,0.0008037139195948,0.00019944532,0.0006042689201422,0.0,0.0001765550550771,5.4341044233297e-06,0.0001711209624772,0.0
720575940626030776,720575940626030776,4,0.0002474138198086,0.00018601088,0.0001189362519653,0.0,9.07759812755353e-06,9.07197900232859e-05,3.531194352035527e-06,0.0
720575940626030776,720575940626030776,5,0.000132512780229,7.3038784e-05,8.532116044079885e-05,0.0,5.083766273190089e-06,2.943204890470952e-06,8.176259143510833e-06,0.0
720575940619718054,720575940619718054,2,0.000499211193528,0.0001158611,0.0003833500668406,0.0,0.0,0.0,0.0,0.0
720575940619718054,720575940619718054,3,6.64279650663957e-05,2.7993698e-05,3.843429294647649e-05,0.0,1.5173523024714086e-05,1.4248087609303184e-05,9.254335964214988e-07,0.0
720575940619718054,720575940619718054,4,3.184860452812278e-05,1.6457463e-05,1.5986741345841438e-05,0.0,8.956813871918712e-06,4.020723281428218e-06,4.936091045237845e-06,0.0
720575940619718054,720575940619718054,5,1.88626143587102e-05,9.352521e-06,9.829964255914092e-06,0.0,3.5516412555401705e-06,1.7068814486265182e-06,1.8664478602659076e-06,0.0
720575940615921803,720575940615921803,2,0.0016114769969135,0.0006476758,0.0009638014016672,0.0,5.359057104215026e-05,0.0,5.359057104215026e-05,0.0
720575940615921803,720575940615921803,3,0.000610456103459,0.00041810184,0.0001923542295116,0.0,2.727846185734961e-05,2.117821350111626e-05,6.100251539464807e-06,0.0
720575940615921803,720575940615921803,4,0.000354349431221,0.00018129338,0.0001787725195754,0.0,6.04244592071695e-05,4.543299655779265e-05,1.5022953448351473e-05,0.0
720575940615921803,720575940615921803,5,0.000202503352835,9.859505e-05,0.000113381553092,0.0,2.9415846764537715e-05,1.782884828571696e-05,1.1605697181948926e-05,0.0
720575940634388927,720575940634388927,2,0.0005568293272517,0.0002356274,0.0003212018345948,0.0,0.0001476425095461,5.1504786824807525e-05,9.6137729997281e-05,0.0
720575940634388927,720575940634388927,3,0.000192999781575,8.770231e-05,0.0001052974257618,0.0,7.239897968247533e-05,3.515891148708761e-05,3.7240075471345335e-05,0.0
720575940634388927,720575940634388927,4,0.0001087131634217,5.411224e-05,5.5688949942123145e-05,0.0,4.962713731238186e-05,2.7733542083296925e-05,2.1940293663647022e-05,0.0
720575940634388927,720575940634388927,5,6.796994985236586e-05,3.444303e-05,3.457960701780394e-05,0.0,2.5601108691332428e-05,1.3240651242085733e-05,1.2551352483569644e-05,0.0
720575940633292057,720575940633292057,2,0.000766780169215,0.0005529289,0.0002138512354576,0.0005427400465123,0.0006567268865182,0.0006567268865182,0.0,0.0006567268865182
720575940633292057,720575940633292057,3,0.0002148979256162,0.00012186225,9.303567640017718e-05,7.980399095686153e-05,0.0001767030626069,0.0001422789500793,3.4424108889652416e-05,5.667783261742443e-05
720575940633292057,720575940633292057,4,9.643388240985476e-05,4.6716348e-05,5.261769547360018e-05,1.4793306203908812e-05,4.526668811802459e-05,2.261879126308486e-05,2.3086417058948427e-05,5.803800134290239e-06
720575940633292057,720575940633292057,5,5.429545334209201e-05,2.806204e-05,2.8579597710631788e-05,3.382208296010773e-06,2.6029934973884804e-05,1.2476271876948886e-05,1.3967548511573114e-05,1.2328764390860182e-06
720575940640204752,720575940640204752,2,0.0020205962937325,0.0017330782,0.0002875181089621,0.0017330781556665,0.0031678923405706,0.0031211872119456,4.6705281420145184e-05,0.0031211872119456
720575940640204752,720575940640204752,3,0.0003309868334326,0.00017912521,0.0001518616045359,0.000123994264868,6.912231765454635e-05,5.67278839298524e-05,1.2394428267725743e-05,4.483857628656551e-05
720575940640204752,720575940640204752,4,0.0001825370736854,9.947397e-05,9.296245843870564e-05,2.847581450994377e-05,8.170193010374048e-05,6.385055894497782e-05,3.998064494226128e-05,2.4527625330763497e-05
720575940640204752,720575940640204752,5,0.0001144332539998,5.8967227e-05,6.110927643021569e-05,7.372359637965683e-06,2.954570853045833e-05,1.573398731125053e-05,1.4995023775554728e-05,1.7873927051799646e-06
720575940638594768,720575940638594768,2,0.0030502381268888,0.0026050382,0.0004452000721357,0.0,0.0,0.0,0.0,0.0
720575940638594768,720575940638594768,3,0.001180016552098,0.00041949365,0.0007605227874591,0.0,1.9228207293053856e-06,2.682899946648831e-07,1.654530706218793e-06,0.0
720575940638594768,720575940638594768,4,0.0005929657226314,0.00036930357,0.0002446971775498,0.0,1.6943713490036316e-05,1.5030854228825774e-05,1.9128588064631917e-06,0.0
720575940638594768,720575940638594768,5,0.0003750999152718,0.00017727542,0.0002206586214015,0.0,3.938450378836941e-05,2.2349843220581533e-06,3.7165005778661e-05,0.0
720575940628857210,720575940628857210,2,0.0016163660911843,0.0009334654,0.0006829007,0.000924935680814,0.0001798083976609,5.939620677963831e-05,0.0001204121726914,5.703625356545672e-05
720575940628857210,720575940628857210,3,0.0003962024638894,0.0001806684,0.0002155343,7.675873348489404e-05,9.45559295359999e-05,4.6821274736430496e-05,4.773462933371775e-05,9.556714758218732e-06
720575940628857210,720575940628857210,4,0.0002167630916057,0.00011027141,0.0001114287,1.9149374468008315e-05,5.492940795424188e-05,2.6858928322326392e-05,2.822028545779176e-05,3.676892304978993e-06
720575940628857210,720575940628857210,5,0.0001389469675606,7.140881e-05,7.0720445e-05,6.010364752265894e-06,3.5980060352893985e-05,1.7695936548989266e-05,1.843935388023965e-05,1.9672274355130577e-06
720575940626838909,720575940626838909,2,0.0003556058218237,0.00021080542,0.00014480046,0.0002083388826576,8.823849202599376e-05,7.496823400288122e-06,8.07416727184318e-05,7.496823400288122e-06
720575940626838909,720575940626838909,3,6.735447095707059e-05,2.9075516e-05,3.8278937e-05,2.0924926502630115e-05,1.364849231322296e-05,5.801469797006575e-06,7.847022970963735e-06,6.554926699209318e-07
720575940626838909,720575940626838909,4,3.20750879821238e-05,1.6332777e-05,1.7139231e-05,4.960915221822378e-06,7.686226743114994e-06,4.589292984746862e-06,3.416930439925636e-06,3.346568913864844e-07
720575940626838909,720575940626838909,5,1.8699752252890443e-05,9.862371e-06,9.483354e-06,1.4487577583667946e-06,5.037976329998064e-06,2.856043920473894e-06,2.2922931748325936e-06,1.9309310355607485e-07
720575940626046919,720575940626046919,2,0.0008117193938232,0.00021997497,0.00059174444,0.0002076153323287,0.0004967032582499,4.487167825573124e-05,0.0004518316418398,4.487168189371005e-05
720575940626046919,720575940626046919,3,0.0002977972908411,7.9630336e-05,0.00021816697,4.4825887016486377e-05,9.470128861721604e-05,2.5706911401357505e-05,6.899436993990093e-05,8.990556125354487e-06
720575940626046919,720575940626046919,4,0.0001619531588806,7.9807935e-05,8.984043e-05,1.2878090314805454e-05,4.952593200215326e-05,2.7259426133241504e-05,2.4384957214351743e-05,2.5724056390773912e-06
720575940626046919,720575940626046919,5,0.0001185303872358,6.696384e-05,5.69814e-05,4.087489030684929e-06,2.527877450371444e-05,1.3463706636684948e-05,1.26026807265589e-05,9.981556048694293e-07
720575940630311383,720575940630311383,2,0.0013475606683641,0.00047177976,0.00087578146,0.0004318684805184,0.0010005598887801,0.0001178864040412,0.0008826734265312,2.5796236513997428e-05
720575940630311383,720575940630311383,3,0.0004415082803461,0.00023191233,0.00020959601,5.672779298038222e-05,0.0001997107756324,0.0001059863934642,9.372446947963908e-05,4.147793333686423e-06
720575940630311383,720575940630311383,4,0.0002821840328645,0.0001433019,0.00014242227,1.956395172369584e-05,0.0001724811962419,0.0001003867437248,7.328621722990647e-05,2.143103419399955e-05
720575940630311383,720575940630311383,5,0.0002211197523444,0.000116417854,0.00010821019,1.2144628773568716e-05,0.0001509783648624,8.085710578598082e-05,7.078464841470122e-05,1.9426137331747702e-05
720575940633370649,720575940633370649,2,0.0006396493408828,0.00013197311,0.0005076762,0.0001319731090916,0.0,0.0,0.0,0.0
720575940633370649,720575940633370649,3,0.0001015232846839,2.8754726e-05,7.276856e-05,1.2914651961182244e-05,3.058031097680214e-06,3.309705220999604e-07,2.7270605187368342e-06,5.180005402394273e-08
720575940633370649,720575940633370649,4,2.986164657994352e-05,1.8601608e-05,1.630062e-05,2.1714866829154987e-06,1.331023668171838e-06,7.166675572989334e-07,6.143561677163234e-07,5.916709966413691e-08
720575940633370649,720575940633370649,5,1.286652927142268e-05,7.85287e-06,6.54192e-06,5.865006231050563e-07,1.59732809617573e-06,8.642017519377987e-07,7.365033525275066e-07,7.560072387957073e-08
720575940638709326,720575940638709326,2,0.0005600895383395,0.00015833559,0.00040175387,0.0,1.6467877230752492e-06,1.6467877230752492e-06,0.0,0.0
720575940638709326,720575940638709326,3,0.000171499516,6.8759415e-05,0.000102740094,0.0,1.7869768271339126e-05,1.0734095667430664e-05,7.135675787139917e-06,0.0
720575940638709326,720575940638709326,4,6.0639726146942326e-05,3.1999203e-05,2.9965315e-05,0.0,1.743161365789207e-05,1.0360531632613856e-05,7.072523658280261e-06,0.0
720575940638709326,720575940638709326,5,3.501703236244446e-05,1.7892318e-05,1.8201741e-05,0.0,1.4332728448174808e-05,7.306758561753668e-06,7.079391252773348e-06,0.0
720575940614754797,720575940614754797,2,0.0012674833415076,0.00026535743,0.001002126,0.0002635101263877,0.0,0.0,0.0,0.0
720575940614754797,720575940614754797,3,0.0002047280431725,7.9510464e-05,0.00012521756,2.507703356968705e-05,1.416845407220535e-05,6.277892680373043e-06,7.890562301327009e-06,2.5002968868648168e-06
720575940614754797,720575940614754797,4,0.0001056931936968,5.7452933e-05,5.591433e-05,6.413275010836384e-06,2.121653960784897e-05,7.118855592125328e-06,1.4097689927439204e-05,2.501073197436199e-07
720575940614754797,720575940614754797,5,6.542622513557374e-05,3.5603003e-05,3.344979e-05,1.6528918109231147e-06,1.3736874308292757e-05,6.936173122085165e-06,6.894380931043997e-06,2.1519011977709078e-07
720575940622660490,720575940622660490,2,0.0045253839343786,0.0040989146,0.0004264695,0.0040989145636558,0.0,0.0,0.0,0.0
720575940622660490,720575940622660490,3,0.0004528473364189,0.00024412535,0.0002087221,0.0002176604320993,2.3559373403259087e-06,6.347444809762237e-07,1.7211928025062662e-06,2.7233096488998854e-07
720575940622660490,720575940622660490,4,9.72483554142404e-05,7.527234e-05,5.1745574e-05,2.0190734565816185e-05,1.2175750271126162e-05,9.510215932095887e-06,2.665534793777624e-06,5.3840977898289566e-08
720575940622660490,720575940622660490,5,4.074675269081288e-05,2.6128648e-05,2.202412e-05,2.162843766654968e-06,8.173023578282531e-06,4.2431802285136655e-06,3.943625415558927e-06,1.258521611978292e-07
720575940659799937,720575940659799937,2,0.0015049821231514,0.0012168254,0.00028815604,0.0012168264947831,1.312113113272062e-06,0.0,1.312113113272062e-06,0.0
720575940659799937,720575940659799937,3,0.0002627272333484,0.00011468289,0.00014804416,9.22747203730978e-05,1.6167847434189753e-06,1.523551759419206e-06,9.323318295173523e-08,1.405855073244311e-06
720575940659799937,720575940659799937,4,0.000109213727484,4.4278884e-05,6.938433e-05,1.1791433529225491e-05,7.52560336749901e-06,8.290153346024454e-07,6.69882001602673e-06,4.3231736412963073e-07
720575940659799937,720575940659799937,5,4.975823486827912e-05,2.5871646e-05,2.6626196e-05,2.0155512286157425e-06,6.686126166054135e-06,2.3729530767013784e-06,4.315131263865624e-06,7.6818112490312e-08
720575940626729349,720575940626729349,2,0.0015422692522406,0.00083110464,0.0007111644,0.0008311047567985,0.0,0.0,0.0,0.0
720575940626729349,720575940626729349,3,0.0003012533125001,9.995288e-05,0.00020130043,5.849892113474198e-05,1.233741045325587e-06,1.057494273482007e-06,1.7624702763896496e-07,9.250151151718456e-07
720575940626729349,720575940626729349,4,8.451570563059006e-05,4.483713e-05,4.6999125e-05,8.498182046066422e-06,2.1788719095638957e-06,4.677858385093714e-07,1.7110860426328145e-06,2.1239317504750946e-07
720575940626729349,720575940626729349,5,3.71346421968232e-05,2.1454598e-05,1.9682186e-05,1.867565124070324e-06,1.2958440081429344e-06,6.860715302536846e-07,6.102631004978321e-07,7.548906830838982e-08
720575940643249608,720575940643249608,2,0.0012952664401382,0.00056406716,0.0007311992,0.000564067158848,0.000119849886687,0.0,0.000119849886687,0.0
720575940643249608,720575940643249608,3,6.176636088639498e-05,2.8499457e-05,3.3266904e-05,2.508938268874772e-05,1.106173476728145e-05,2.15403542824788e-06,8.907697520044167e-06,1.887422513391357e-06
720575940643249608,720575940643249608,4,1.7579496847744833e-05,1.04491555e-05,1.0235861e-05,4.32608757781036e-06,8.059056775842134e-06,5.567292646446731e-06,3.057232561332057e-06,4.6207875925574637e-07
720575940643249608,720575940643249608,5,9.07994767178192e-06,4.844281e-06,4.789271e-06,1.0332699916446448e-06,4.239677191073814e-06,2.4017856503633084e-06,1.9721462649613386e-06,1.4436137332617718e-07
720575940619414918,720575940619414918,2,0.000478161178762,0.00030458346,0.00017357772,0.0003045834600925,3.065031341975555e-05,0.0,3.065031341975555e-05,0.0
720575940619414918,720575940619414918,3,9.628487168811262e-05,3.0244348e-05,6.6040535e-05,2.292516546731349e-05,3.8269677133939695e-06,2.5785748221096583e-06,1.248393346031662e-06,4.3371323199536955e-10
720575940619414918,720575940619414918,4,3.4468922284365886e-05,1.641036e-05,1.9314826e-05,2.8243246343659708e-06,2.897236953949907e-06,2.081391812680522e-06,1.0647311228240142e-06,3.6248852808284944e-08
720575940619414918,720575940619414918,5,1.572709748056536e-05,9.067884e-06,7.465733e-06,4.307702172774671e-07,1.9767495073786773e-06,8.766182304498216e-07,1.166287916021247e-06,2.119546881193121e-08
720575940629394885,720575940629394885,2,0.0009168142569251,0.0005271504,0.00038966388,0.0005260139587335,4.646291199605912e-05,0.0,4.646291199605912e-05,0.0
720575940629394885,720575940629394885,3,0.0005047178128734,9.471203e-05,0.0004100057,2.867075090762228e-05,3.387218021089211e-05,1.420528678863775e-05,1.9666895241243765e-05,5.723643994315353e-07
720575940629394885,720575940629394885,4,0.0003243493286811,0.00020396977,0.0001391078,5.0685836563624006e-06,1.931883663163584e-05,1.339241316600237e-05,7.516103323723655e-06,1.0643145031963287e-07
720575940629394885,720575940629394885,5,0.0002895170388999,0.00018816466,0.00013066526,1.32133951734992e-06,1.0465929371411638e-05,5.894729838473722e-06,5.82478241994977e-06,1.702068803059838e-08
720575940619380485,720575940619380485,2,0.0023051837924867,0.0008822952,0.0014228888,0.0007243022555485,6.320352258626372e-05,6.309692980721593e-05,1.0658946791863857e-07,3.10873037960846e-05
720575940619380485,720575940619380485,3,0.0006290152086876,0.00019729603,0.00043171935,7.173928315751255e-05,7.358659786405042e-05,3.861098230117932e-05,3.49756155628711e-05,5.795582183054648e-06
720575940619380485,720575940619380485,4,0.0002238564426575,0.000110546374,0.00012572757,1.275669529400471e-05,2.5996319216521444e-05,1.093924765882548e-05,1.537332354928367e-05,1.26668396594914e-06
720575940619380485,720575940619380485,5,0.000101767448626,5.819481e-05,5.2593103e-05,2.371839007886756e-06,1.16785181067916e-05,5.989615601720288e-06,6.3172019508783706e-06,1.380877912139718e-07
720575940627895056,720575940627895056,2,0.0007492039585486,0.00049130665,0.00025789737,0.0004913065931759,3.710575037985109e-05,3.710575037985109e-05,0.0,3.710575037985109e-05
720575940627895056,720575940627895056,3,8.359275670954958e-05,4.708553e-05,3.6507212e-05,2.294965997862164e-05,2.935953489213716e-05,2.8387456040945835e-05,9.720757816467085e-07,0.0
720575940627895056,720575940627895056,4,2.666733949139217e-05,1.50480755e-05,1.3335099e-05,2.670859094753821e-06,9.02369290963145e-06,1.6522531041118782e-06,7.374669621640351e-06,2.7108629675815483e-08
720575940627895056,720575940627895056,5,1.21729097196904e-05,6.0184993e-06,6.922857e-06,5.637203622195218e-07,2.5711950241612533e-06,1.3109679457556922e-06,1.3352428140933623e-06,2.921883765134432e-08
720575940617252445,720575940617252445,2,0.0005214490229263,0.00035079784,0.00017065126,0.0003507978399284,0.0,0.0,0.0,0.0
720575940617252445,720575940617252445,3,7.4870498792734e-05,3.3989254e-05,4.0881252e-05,2.4584158381912857e-05,3.130467405298987e-07,2.327753776398822e-07,8.02713557845891e-08,0.0
720575940617252445,720575940617252445,4,2.4284444377799657e-05,1.2972168e-05,1.2398947e-05,2.9174462722619995e-06,7.922832310214289e-07,2.360920348110085e-07,5.561911962104205e-07,5.330771934985988e-10
720575940617252445,720575940617252445,5,1.0510038904096398e-05,5.807785e-06,5.352549e-06,5.031112347246068e-07,7.313294892747834e-07,3.841581133201544e-07,3.4749294286484655e-07,9.040200588117386e-09
720575940621276585,720575940621276585,2,0.0004285847535356,0.00025728956,0.00017129513,0.0002572895609773,0.0,0.0,0.0,0.0
720575940621276585,720575940621276585,3,9.46688378462568e-05,4.779583e-05,4.6872985e-05,3.1432518881047145e-05,5.337310994946165e-06,1.857932033999532e-06,3.4793788472597957e-06,6.681858621959691e-07
720575940621276585,720575940621276585,4,4.390032165997368e-05,2.2021432e-05,2.3371802e-05,7.935716279850612e-06,2.0105599105590954e-06,9.891293757391395e-07,1.021430080072605e-06,4.2463724980734696e-08
720575940621276585,720575940621276585,5,2.509417337597463e-05,1.3158393e-05,1.2762297e-05,2.217749948787026e-06,1.469354883159059e-06,7.08803099769284e-07,7.646276571904309e-07,2.248481440602233e-08
720575940630700348,720575940630700348,2,0.0003079638117924,0.00019715333,0.00011081051,0.0001843072095653,0.0,0.0,0.0,0.0
720575940630700348,720575940630700348,3,7.983826799318194e-05,2.7013013e-05,5.2825286e-05,1.3448772733681835e-05,2.7950713743507553e-08,0.0,2.7950713743507553e-08,0.0
720575940630700348,720575940630700348,4,3.257420001979815e-05,1.6477687e-05,1.6772858e-05,1.4452425959072667e-06,1.761290207014099e-07,1.2598576404343478e-07,5.014319270912893e-08,4.208119186444037e-09
720575940630700348,720575940630700348,5,1.6978433338807616e-05,9.392283e-06,8.31323e-06,2.861407658338968e-07,4.854859627523071e-07,2.1635665348185285e-07,2.691381268959958e-07,1.8634235487979826e-08
720575940619061317,720575940619061317,2,0.0003303280682303,4.3123116e-05,0.00028720495,0.0,0.0,0.0,0.0,0.0
720575940619061317,720575940619061317,3,5.915778092457913e-05,3.0416719e-05,2.8741071e-05,0.0,3.749173401956796e-06,2.3109816993382992e-06,1.4381912478711456e-06,0.0
720575940619061317,720575940619061317,4,2.783639580917896e-05,1.607368e-05,1.324335e-05,0.0,4.788344540429534e-06,2.1051378098491118e-06,2.683207185327774e-06,0.0
720575940619061317,720575940619061317,5,1.70134043437859e-05,8.938145e-06,9.039597e-06,0.0,5.8102695274428764e-06,2.268917342007626e-06,3.553570422809571e-06,0.0
720575940618864833,720575940618864833,2,0.0017212777165696,0.00048688793,0.0012343901,0.000484640331706,0.0024745049886405,0.0005023864796385,0.0019721183925867,0.0005013672634959
720575940618864833,720575940618864833,3,0.0011062391567975,0.00019465576,0.00091158366,6.959441088838503e-05,0.0005253197159618,0.0002559759304858,0.0002693438436836,3.2602434657746926e-05
720575940618864833,720575940618864833,4,0.0006408144702819,0.0003534658,0.00030641415,1.3610104820078846e-05,0.0002748169550529,0.0002001128013944,0.0001112439713324,2.991571344719153e-06
720575940618864833,720575940618864833,5,0.0004637193196785,0.000298627,0.00020677791,3.328029553608812e-06,0.0001190218515277,7.530096627306193e-05,6.832800136180595e-05,3.798570717773569e-07
720575940611576050,720575940611576050,2,0.0005755884340032,0.0003698666,0.0002057218,0.0003690343000926,0.0001624752767384,8.667560177855194e-05,7.57996822358109e-05,8.661673200549558e-05
720575940611576050,720575940611576050,3,0.0001615420042071,5.9593505e-05,0.0001019485,2.7673164368025027e-05,2.956128992082085e-05,1.4442927749769296e-05,1.5118359442567453e-05,5.8934674598276615e-06
720575940611576050,720575940611576050,4,7.675678583321786e-05,3.978494e-05,3.9046598e-05,5.103117524066677e-06,1.3485025367151156e-05,8.24572180135874e-06,5.501560735865496e-06,3.990315705231825e-07
720575940611576050,720575940611576050,5,4.322066419774933e-05,2.4160983e-05,2.0925123e-05,1.2440038411244585e-06,6.396273780664208e-06,3.631623258115724e-06,2.922304247476859e-06,8.212313084513134e-08
720575940644053540,720575940644053540,2,0.0005867631407454,0.00029361076,0.00029315244,0.0002742094220593,0.0001066377953975,2.400699486315716e-05,8.263079507742077e-05,2.2502177671412937e-05
720575940644053540,720575940644053540,3,0.0001629312318982,6.151923e-05,0.00010141203,2.734067129495088e-05,2.002937253564596e-05,7.073177584970836e-06,1.2956198588653932e-05,1.650210492698534e-06
720575940644053540,720575940644053540,4,7.362773712703751e-05,3.3034015e-05,4.2926513e-05,5.416576494160656e-06,7.201443056222515e-06,3.857423052977538e-06,3.631845174822956e-06,2.2562129815498133e-07
720575940644053540,720575940644053540,5,4.800672394464725e-05,2.538164e-05,2.4924197e-05,1.4152797148456683e-06,3.4739398042153444e-06,1.961087491508806e-06,1.6579598423049902e-06,3.654328715028757e-08
720575940626812433,720575940626812433,2,0.000107662010123,8.207715e-05,2.5584874e-05,8.169913053279743e-05,4.98783902003197e-06,0.0,4.98783902003197e-06,0.0
720575940626812433,720575940626812433,3,3.077768269577064e-05,1.5164569e-05,1.5613114e-05,7.428143817378441e-06,4.977538992534392e-06,2.4295845832966734e-06,2.5479560008534463e-06,1.7013290687373228e-07
720575940626812433,720575940626812433,4,1.7110402865102288e-05,8.71709e-06,8.647226e-06,1.673843870683621e-06,3.557924190077548e-06,2.145227881555911e-06,1.4281711173680378e-06,6.077073066990124e-08
720575940626812433,720575940626812433,5,1.152848900880389e-05,6.1357623e-06,5.6822428e-06,5.137124873575594e-07,2.306749874362029e-06,1.3208682503318414e-06,1.0131780072697438e-06,3.42415510350986e-08
720575940621761263,720575940621761263,2,0.0010190501343458,0.00022166659,0.00079738355,0.0001416155719198,0.0,0.0,0.0,0.0
720575940621761263,720575940621761263,3,0.0001310762454522,5.9256254e-05,7.181997e-05,2.054728065559175e-05,8.407842869928572e-06,4.437003099155845e-06,3.970839316025376e-06,3.428216587053612e-06
720575940621761263,720575940621761263,4,5.173769247094183e-05,3.405199e-05,2.575744e-05,4.184687498998409e-06,6.27385907137068e-06,3.710132205014816e-06,2.5637273211032152e-06,6.33389333870582e-07
720575940621761263,720575940621761263,5,2.7687071420632955e-05,1.5724849e-05,1.4681798e-05,1.0198674539141435e-06,4.083391538121143e-06,2.053482603514567e-06,2.0401957954163663e-06,6.165193113109803e-08
720575940615111087,720575940615111087,2,0.000988540938124,0.00054539024,0.00044315076,0.0004172932531218,0.0003397381224203,1.821615660446696e-05,0.0003215219767298,1.710800097498577e-05
720575940615111087,720575940615111087,3,0.0004691585490945,0.00020262801,0.0002665305,8.656473073642701e-05,0.0002491589402779,0.0001651641068747,8.39948479551822e-05,0.0001182974010589
720575940615111087,720575940615111087,4,0.0001998611622354,9.98912e-05,0.00010488265,1.8725434268804315e-05,7.784839566991735e-05,3.999605542048812e-05,3.9071655919542536e-05,8.052773161401869e-06
720575940615111087,720575940615111087,5,0.000110717272352,5.75785e-05,5.8411293e-05,5.594305502950536e-06,4.463458427227012e-05,2.273106292705052e-05,2.2995369363343343e-05,2.059501056171745e-06
720575940631815993,720575940631815993,2,0.0017662915633991,0.000458633,0.0013076589,0.0,0.0002269230026286,7.958074274938554e-05,0.0001473422744311,0.0
720575940631815993,720575940631815993,3,0.0003173501172568,0.00016126502,0.00015608508,0.0,6.960079917917028e-05,3.156939055770636e-05,3.8031394069548696e-05,0.0
720575940631815993,720575940631815993,4,0.000159552737029,8.734912e-05,8.027398e-05,0.0,3.91177311997148e-05,1.8684284441405907e-05,2.052784475381486e-05,0.0
720575940631815993,720575940631815993,5,8.934112744404959e-05,4.6147637e-05,4.6585417e-05,0.0,2.2495065159595663e-05,1.1255667232035194e-05,1.134022113546962e-05,0.0
720575940618183765,720575940618183765,2,0.000689338077791,0.0004192717,0.0002700665,0.0003379636909812,8.149353379849344e-05,5.190457159187645e-05,2.95889640256064e-05,2.3328961106017232e-05
720575940618183765,720575940618183765,3,0.0001961914385901,7.903428e-05,0.000117157164,3.9006874430924654e-05,5.784620589111e-05,1.9922037608921528e-05,3.792416100623086e-05,5.212080395722296e-06
720575940618183765,720575940618183765,4,0.0001101195678719,5.2202202e-05,6.0146103e-05,8.7802279015331e-06,2.4788111794489573e-05,1.2726379281957634e-05,1.2309965313761497e-05,8.760589133902995e-07
720575940618183765,720575940618183765,5,6.643662592841159e-05,3.5198114e-05,3.3505265e-05,2.208157648704858e-06,1.2318975958528684e-05,6.500332347059157e-06,6.159336862765485e-06,1.604947908759604e-07
720575940647207044,720575940647207044,2,0.0034491103142499,0.0009889221,0.0024601875,0.0,0.0002317956532351,0.0001959917426574,3.580393604352139e-05,0.0
720575940647207044,720575940647207044,3,0.0011853987816721,0.00083263847,0.00035276008,0.0,0.0002627407666295,0.0002092697250191,5.34709106432274e-05,0.0
720575940647207044,720575940647207044,4,0.0003943338308248,0.00021013102,0.00020195241,0.0,7.624864960585655e-05,3.2132636988535523e-05,4.426224040798843e-05,0.0
720575940647207044,720575940647207044,5,0.0002164773866884,0.00011253249,0.00011762853,0.0,5.505119539778224e-05,2.85041423921939e-05,2.695235889405012e-05,0.0
720575940639598909,720575940639598909,2,0.0001567904109833,7.716421e-05,7.962619e-05,0.0,1.0656905942596497e-05,1.0656905942596497e-05,0.0,0.0
720575940639598909,720575940639598909,3,2.657288860064e-05,1.5839256e-05,1.0733629e-05,0.0,1.4487797670881264e-05,9.048661013366656e-06,5.439134838525206e-06,0.0
720575940639598909,720575940639598909,4,1.5969071751379837e-05,8.693471e-06,7.4466852e-06,0.0,1.1624077198307552e-05,6.571009635081282e-06,5.056388999946648e-06,0.0
720575940639598909,720575940639598909,5,1.087843213847727e-05,5.481538e-06,5.501116e-06,0.0,8.072298306407525e-06,4.2685742300818674e-06,3.813147486653179e-06,0.0
720575940623294647,720575940623294647,2,0.000690818647854,0.000361028,0.0003297907,0.0,7.043669029371813e-05,0.0,7.043669029371813e-05,0.0
720575940623294647,720575940623294647,3,0.0004090692091267,0.00030607518,0.00010299386,0.0,1.6885231161722913e-05,9.945039892045315e-06,6.940191269677598e-06,0.0
720575940623294647,720575940623294647,4,0.000112145554525,6.3271946e-05,5.1665065e-05,0.0,9.25094912859286e-06,4.940385224472266e-06,4.609197276295163e-06,0.0
720575940623294647,720575940623294647,5,5.457975697797167e-05,2.9406307e-05,2.9052091e-05,0.0,4.890635953039884e-06,2.5310146156698465e-06,2.477710495440988e-06,0.0
720575940614623455,720575940614623455,2,0.0015451764920726,0.0013320426,0.0002131339,0.0012822612188756,0.0004098417703062,0.0002476420195307,0.0001621997362235,0.0002449692401569
720575940614623455,720575940614623455,3,0.0006203018710948,0.0004255547,0.00019474715,0.0003948505618609,0.0001505984400864,0.0001320737646892,1.852467903518118e-05,0.0001264412130694
720575940614623455,720575940614623455,4,0.0002236115076397,0.00013275485,0.000112714726,7.144729396635253e-05,5.337801571513992e-05,3.815014861174859e-05,2.2023787096259184e-05,2.0558403329694792e-05
720575940614623455,720575940614623455,5,0.0001077692235098,7.37904e-05,6.4787964e-05,1.3970052095159358e-05,2.3381473963987746e-05,1.8509497749619183e-05,1.2578608220792376e-05,3.755974673551997e-06
720575940624185095,720575940624185095,2,0.0017799212364479,0.00017835572,0.0016015647,0.0,2.5549752535880543e-05,1.2737340284729726e-06,2.427601611998398e-05,0.0
720575940624185095,720575940624185095,3,0.0008294866420328,9.518641e-05,0.0007342996,0.0,3.4627068089321256e-05,2.9038959837635048e-05,5.5880700529087335e-06,0.0
720575940624185095,720575940624185095,4,0.0006090578711204,0.00011054234,0.00050696876,0.0,5.774687433908852e-05,1.4671084500150757e-05,4.308192728785798e-05,0.0
720575940624185095,720575940624185095,5,0.0004522283854726,0.00011076688,0.00035224188,0.0,3.2584328101996884e-05,1.341124425380258e-05,1.9444503777776845e-05,0.0
720575940603765280,720575940603765280,2,0.0011784264352172,0.0010898783,8.854813e-05,0.0009242941741831,0.0002721490745898,0.0002721490745898,0.0,0.0002721490745898
720575940603765280,720575940603765280,3,0.0002882770786527,0.00017146526,0.00011681179,0.0001428848481737,6.807821046095341e-05,6.0383867094060406e-05,7.694336090935394e-06,5.592851448454894e-05
720575940603765280,720575940603765280,4,0.0001186909695095,8.625549e-05,6.548832e-05,3.185517102026139e-05,2.140913608736025e-05,1.989453267015051e-05,8.561146387364715e-06,1.0774216022621146e-05
720575940603765280,720575940603765280,5,6.031609715809312e-05,4.20579e-05,3.5590023e-05,6.62316891655001e-06,8.339818510973364e-06,7.3150831667589955e-06,5.2993545978097245e-06,1.8561873092663208e-06
720575940618152256,720575940618152256,2,0.0004268633201718,0.00017952292,0.00024734053,0.0001720620348351,3.5443808883428574e-05,8.176414667104837e-06,2.7267393306829035e-05,7.891483619459905e-06
720575940618152256,720575940618152256,3,0.0001409730903105,7.121302e-05,6.975997e-05,1.8617245586938225e-05,1.979523221962154e-05,6.9443590291484725e-06,1.2850878192693926e-05,2.726914999584551e-06
720575940618152256,720575940618152256,4,6.236794780295971e-05,3.1551852e-05,3.162997e-05,4.627764487337225e-06,1.1393378246291795e-05,5.898054041608702e-06,5.503643478732556e-06,8.869021179743258e-07
720575940618152256,720575940618152256,5,3.6883596958019054e-05,1.894908e-05,1.8673578e-05,1.2612315219413727e-06,8.206996729033726e-06,4.170597094343975e-06,4.059452294313815e-06,2.809899083725378e-07
720575940629701484,720575940629701484,2,0.0020839001517742,0.0009337082,0.0011501928,0.0009288447909057,0.0007388520170934,0.0007178356172516,2.101647442032117e-05,0.0007178356172516
720575940629701484,720575940629701484,3,0.0007562564569525,0.0002465305,0.000509726,0.0001310699444729,0.0005250796675682,0.0001887637045001,0.0003363159776199,7.892524445196614e-05
720575940629701484,720575940629701484,4,0.000333173226161,0.00019534494,0.00018306775,3.629779150800264e-05,0.0001951280559305,9.009925997816026e-05,0.0001057491172105,2.1879500549795943e-05
720575940629701484,720575940629701484,5,0.0002434997569282,0.00013292408,0.00013383293,1.1454767792292791e-05,0.0001372223908173,6.563792703673244e-05,7.386122888419777e-05,6.9731939390620966e-06
720575940622318085,720575940622318085,2,0.0413792543113231,0.024815055,0.016564192,0.0023575781378895,0.0,0.0,0.0,0.0
720575940622318085,720575940622318085,3,0.0056123035028576,0.0016638692,0.003948435,6.289924203883857e-05,3.784166619880125e-05,1.5670439097448252e-05,2.2171225282363597e-05,8.261361017503077e-07
720575940622318085,720575940622318085,4,0.0065443059629634,0.004656672,0.0041896575,7.441847735117182e-06,1.6207130101975054e-05,9.184582268062512e-06,7.022548743407242e-06,1.9372300812392496e-06
720575940622318085,720575940622318085,5,0.0014266418864692,0.0016655861,0.0012183276,1.5746546402892155e-06,8.067149687357238e-06,4.254606210452039e-06,3.881890279444633e-06,4.411654895359733e-07
720575940622825608,720575940622825608,2,0.0009062363533303,0.00034657828,0.00055965804,0.0003341930278111,9.477577259531245e-05,6.21598373982124e-05,3.2615946111036465e-05,5.950520790065639e-05
720575940622825608,720575940622825608,3,0.0002865811111405,0.00014364664,0.00014293454,3.401474532438442e-05,5.424093978945166e-05,1.7782758732209913e-05,3.645816468633711e-05,7.655759873159695e-06
720575940622825608,720575940622825608,4,0.0001075701431331,5.5334436e-05,5.459282e-05,7.649306590535234e-06,2.6094386393176465e-05,1.408974640071392e-05,1.2025086107314564e-05,2.675924228919e-06
720575940622825608,720575940622825608,5,5.879599090308962e-05,3.051917e-05,3.0139923e-05,1.9223340975466066e-06,1.6955717689743253e-05,8.630984666524455e-06,8.377208359888755e-06,6.529767277400076e-07
720575940630692143,720575940630692143,2,0.0020854081958532,0.00044544903,0.0016399594,0.0002084387087961,0.0003791586495935,0.0002933825599029,8.57761042425409e-05,0.0002933825599029
720575940630692143,720575940630692143,3,0.0004467282560653,0.00024449517,0.000202233,1.9426917788223363e-05,3.650831422419287e-05,1.3905867490393575e-05,2.2602449462283403e-05,1.358109511784278e-05
720575940630692143,720575940630692143,4,0.0002432833436218,0.00017135119,8.867304e-05,3.8148060642211724e-06,1.370544786368212e-05,6.0203437897143885e-06,8.146209438564256e-06,1.003236912281713e-06
720575940630692143,720575940630692143,5,0.0001273011726338,6.8555484e-05,6.831456e-05,9.190707340101284e-07,8.397660648591132e-06,4.785235432791524e-06,3.790169103012886e-06,3.564647134349256e-07
720575940631780812,720575940631780812,2,0.0017166499746963,0.00087609875,0.00084055134,0.0,0.0003991854027844,0.0003801951534114,1.89902275451459e-05,0.0
720575940631780812,720575940631780812,3,0.0005062110722064,0.00030973193,0.00019647909,0.0,5.676496220985428e-05,3.358769754413515e-05,2.3177261027740315e-05,0.0
720575940631780812,720575940631780812,4,0.0001580129174237,8.8410336e-05,7.726392e-05,0.0,1.1033729122721047e-05,5.401788257586304e-06,8.215026355173904e-06,0.0
720575940631780812,720575940631780812,5,6.935754835839513e-05,3.8015478e-05,3.741299e-05,0.0,4.794535022069786e-06,2.611695435916772e-06,2.6479553980607307e-06,0.0
720575940612707811,720575940612707811,2,0.0009687431738711,0.00026302153,0.0007057219,0.0,0.0001081198788597,3.08924718410708e-05,7.722739974269643e-05,0.0
720575940612707811,720575940612707811,3,0.0002511420752853,0.00013371461,0.000117427524,0.0,0.00014563134755,6.519105227198452e-05,8.044026617426425e-05,0.0
720575940612707811,720575940612707811,4,0.0001613642463691,8.045051e-05,8.345919e-05,0.0,9.362421344985558e-05,4.475036985240877e-05,4.893015284324065e-05,0.0
720575940612707811,720575940612707811,5,0.000101560066286,5.0910276e-05,5.2635063e-05,0.0,6.063729263309143e-05,2.92022705252748e-05,3.163591827615164e-05,0.0
720575940624117245,720575940624117245,2,0.003192891832441,0.00018105844,0.0030118322,0.0,0.0001135165439336,1.0112672498507893e-05,0.0001034038650686,0.0
720575940624117245,720575940624117245,3,0.0011242438340559,0.00021232167,0.00091192155,0.0,0.0001229830959346,3.709004522534087e-05,8.589305070927367e-05,0.0
720575940624117245,720575940624117245,4,0.0007229014054054,0.00019850169,0.00054166437,0.0,0.0003202057246382,4.041282954858616e-05,0.0002798084460664,0.0
720575940624117245,720575940624117245,5,0.0005257733183243,0.00017933678,0.00036422035,0.0,0.0001921329351286,4.774427725351416e-05,0.000145171812619,0.0
720575940643174048,720575940643174048,2,0.000632879382465,0.000384786,0.0002480933,0.0,0.0002449097519274,0.0001416890445398,0.0001032207364914,0.0
720575940643174048,720575940643174048,3,0.0001723457826301,9.018224e-05,8.216356e-05,0.0,6.849585042800754e-05,2.562429290264845e-05,4.287155752535909e-05,0.0
720575940643174048,720575940643174048,4,8.459901471584754e-05,4.227434e-05,4.3533233e-05,0.0,3.390009690606182e-05,1.7419752111891285e-05,1.6606580174993724e-05,0.0
720575940643174048,720575940643174048,5,5.215733812226554e-05,2.6373802e-05,2.679262e-05,0.0,2.4492449765233265e-05,1.1899091987288555e-05,1.2708697795460466e-05,0.0
720575940630210375,720575940630210375,2,0.0002880511747207,0.00023462507,5.342609e-05,0.0,0.0004146782448515,0.000407486106269,7.192135853983928e-06,0.0
720575940630210375,720575940630210375,3,7.298612763406709e-05,3.6771475e-05,3.6214627e-05,0.0,4.184641147730872e-05,2.408512227702886e-05,1.7761281924322248e-05,0.0
720575940630210375,720575940630210375,4,2.854949398778948e-05,1.5270525e-05,1.378709e-05,0.0,1.3064564347058398e-05,7.936642759887036e-06,5.833256182086188e-06,0.0
720575940630210375,720575940630210375,5,1.4861626480074994e-05,7.5650455e-06,7.660746e-06,0.0,5.8151435045141e-06,2.9220532269391697e-06,3.067419356739265e-06,0.0
720575940615763573,720575940615763573,2,0.0027994900010526,0.0005044362,0.0022950545,0.0,0.000597933481913,0.0003118018212262,0.0002861315442714,0.0
720575940615763573,720575940615763573,3,0.0005213020485825,0.00028036418,0.00024093784,0.0,0.0001361083559459,8.564055315218866e-05,5.046778096584603e-05,0.0
720575940615763573,720575940615763573,4,0.0002494016946653,0.0001353354,0.00012611288,0.0,7.773838546048302e-05,3.588641993701458e-05,4.271053694537841e-05,0.0
720575940615763573,720575940615763573,5,0.000153644311178,7.89887e-05,8.0450096e-05,0.0,4.907278545722138e-05,2.4424134608125318e-05,2.514629159122705e-05,0.0
720575940627951619,720575940627951619,2,0.0002740065974649,0.00010440241,0.00016960414,0.0,0.0001168622111435,4.959975922247395e-05,6.72624446451664e-05,0.0
720575940627951619,720575940627951619,3,0.000111323512101,5.8563342e-05,5.2760173e-05,0.0,8.882861584424973e-05,5.715219958801754e-05,3.167643444612622e-05,0.0
720575940627951619,720575940627951619,4,6.687748190057025e-05,3.5639976e-05,3.168454e-05,0.0,6.304658216860601e-05,3.6790603189729154e-05,2.6437533961143345e-05,0.0
720575940627951619,720575940627951619,5,4.395745854891197e-05,2.2337685e-05,2.2200682e-05,0.0,3.770445717536064e-05,1.938068817253225e-05,1.8541681129136123e-05,0.0
720575940625157680,720575940625157680,2,0.000443145254394,0.00016133941,0.0002818058,0.0,0.000211766528082,0.0001232490030815,8.851750317262486e-05,0.0
720575940625157680,720575940625157680,3,9.231834701495244e-05,5.2046285e-05,4.0272073e-05,0.0,3.728664160007611e-05,2.28177505050553e-05,1.4468892914010212e-05,0.0
720575940625157680,720575940625157680,4,6.083903915366548e-05,2.9542634e-05,3.3446595e-05,0.0,2.611797108937184e-05,1.5287052519852296e-05,1.147301918535959e-05,0.0
720575940625157680,720575940625157680,5,3.9838418200851086e-05,1.9743806e-05,2.124732e-05,0.0,1.878831962616205e-05,9.198074621963316e-06,9.838313417276368e-06,0.0
720575940604565350,720575940604565350,2,0.0006108172819949,0.00025010502,0.00036071218,0.0,0.0002357990015298,0.0001596896181581,7.610940519953147e-05,0.0
720575940604565350,720575940604565350,3,0.0001590091123944,7.975546e-05,7.9253674e-05,0.0,7.496680336771533e-05,3.6407327570486814e-05,3.855947215924971e-05,0.0
720575940604565350,720575940604565350,4,7.479681215582464e-05,3.7461083e-05,3.8429574e-05,0.0,2.968573109621416e-05,1.5235251339618117e-05,1.457860525988508e-05,0.0
720575940604565350,720575940604565350,5,4.526636661079591e-05,2.2710208e-05,2.3433437e-05,0.0,1.9475178812585052e-05,9.421883078175595e-06,1.017714021145366e-05,0.0
720575940611980207,720575940611980207,2,0.0014817749615758,0.00024042677,0.0012413481,0.0,0.0005346137913875,6.398090772563592e-05,0.000470632861834,0.0
720575940611980207,720575940611980207,3,0.0001393208804074,7.747451e-05,6.184638e-05,0.0,2.8463782655308023e-05,1.970916855498217e-05,8.754614100325853e-06,0.0
720575940611980207,720575940611980207,4,5.307188925734983e-05,3.5599467e-05,2.5976191e-05,0.0,1.0778237858664616e-05,5.441341272671707e-06,5.857923497387674e-06,0.0
720575940611980207,720575940611980207,5,2.282014958075241e-05,1.2171706e-05,1.2763711e-05,0.0,4.563221663142376e-06,2.352086994505953e-06,2.39391465584049e-06,0.0
720575940624402173,720575940624402173,2,0.0032128363382071,0.0011652999,0.0020475348,0.0009873518720269,0.0020639800932258,0.0007547628483735,0.0013092175358906,0.0006823763251304
720575940624402173,720575940624402173,3,0.0022611203603446,0.0006998722,0.0015612475,0.0002459201787132,0.0021603219211101,0.0004456079332157,0.0017147120088338,0.0001340426533715
720575940624402173,720575940624402173,4,0.0012217797030362,0.00053669093,0.00070474664,7.228473782735557e-05,0.0008491875500241,0.0003202997613698,0.0005340500501915,3.966164960908085e-05
720575940624402173,720575940624402173,5,0.0008864245418715,0.00045460707,0.0004614602,2.297341170397104e-05,0.000516989492289,0.0002569432253949,0.0002729140687733,1.1389197492480044e-05
720575940617073876,720575940617073876,2,0.0027121929451823,0.00078835443,0.0019238389,0.0003565841761883,2.0598172341124155e-05,2.0598172341124155e-05,0.0,2.0598172341124155e-05
720575940617073876,720575940617073876,3,0.0003476426936686,0.00016450128,0.00018314147,1.741927735565696e-05,1.396411516907392e-05,3.3034043553925585e-06,1.066070944943931e-05,2.8152333015896147e-06
720575940617073876,720575940617073876,4,0.0001876060684149,0.00013490708,7.199199e-05,2.53145906092841e-06,7.405858443779553e-06,3.24006373375596e-06,4.258390163158765e-06,2.202733205305321e-07
720575940617073876,720575940617073876,5,8.811247626129817e-05,4.869877e-05,4.690006e-05,6.365446692315567e-07,5.345502147186563e-06,2.5568815544829704e-06,2.823802333296044e-06,1.1162778783319225e-07
720575940627351887,720575940627351887,2,0.0007864267099648,0.0004775059,0.00030892092,0.0,0.0002303835499333,0.0001753317046677,5.505183798959479e-05,0.0
720575940627351887,720575940627351887,3,0.0002615241683088,0.00014770593,0.000113818234,0.0,7.405440555885434e-05,2.96255911962362e-05,4.4428827095543966e-05,0.0
720575940627351887,720575940627351887,4,9.39361693414434e-05,4.7669004e-05,4.8794293e-05,0.0,2.890589869869475e-05,1.7201053196913563e-05,1.2030694051645696e-05,0.0
720575940627351887,720575940627351887,5,5.049639745651637e-05,2.6189453e-05,2.6767299e-05,0.0,1.0824243188030687e-05,5.255515588942217e-06,5.829511792398989e-06,0.0
720575940626277382,720575940626277382,2,0.0025301615241914,0.0025106184,1.9543968e-05,0.0024577269796282,1.2930247066833545e-05,0.0,1.2930247066833545e-05,0.0
720575940626277382,720575940626277382,3,0.0005757571780122,0.0005454954,3.0261705e-05,0.000515739666298,2.057157189483405e-06,6.0913151855857e-07,1.4480256140814165e-06,0.0
720575940626277382,720575940626277382,4,0.0002905461058952,0.00027297888,3.1768686e-05,0.0002322473871633,1.7919827305182692e-06,1.5673512052671867e-06,1.5135867670323933e-06,1.2718602171446491e-08
720575940626277382,720575940626277382,5,0.0001691920880739,0.00015036276,2.860323e-05,0.0001186085124911,4.908999573870395e-07,3.406469488709263e-07,3.289594587840839e-07,1.7266600593757175e-08
720575940606680706,720575940606680706,2,0.0053415517322719,0.0052686627,7.288951e-05,0.0048122494481503,2.242024856968783e-05,0.0,2.242024856968783e-05,0.0
720575940606680706,720575940606680706,3,0.0020915616769343,0.0019915057,0.00010005512,0.0016123423120006,3.898788236256223e-06,1.126979555010621e-06,2.771808340185089e-06,0.0
720575940606680706,720575940606680706,4,0.0012991629285019,0.0012476813,0.000105587096,0.0008561098328848,6.9413173470765255e-06,7.642969649168663e-06,1.533319846203085e-06,6.872580797789851e-07
720575940606680706,720575940606680706,5,0.0008339577354173,0.0007891406,9.952353e-05,0.0004618548528481,3.209139161648881e-06,2.2529268335347297e-06,1.4639743994848686e-06,9.242172893664249e-08
720575940651329526,720575940651329526,2,0.0003579486219678,0.00023256397,0.00012538463,0.0,2.205266127930372e-06,0.0,2.205266127930372e-06,0.0
720575940651329526,720575940651329526,3,8.930794865591452e-05,5.152102e-05,3.7786936e-05,0.0,9.570751899445897e-06,1.0737503544078209e-06,8.497001545038074e-06,0.0
720575940651329526,720575940651329526,4,3.938800035538435e-05,1.9241339e-05,2.0747155e-05,0.0,1.6055153003444796e-06,8.031238962757925e-07,8.046883976930985e-07,0.0
720575940651329526,720575940651329526,5,2.0234220551064187e-05,1.02362455e-05,1.0424206e-05,0.0,8.759562593341232e-07,4.131690616304695e-07,4.748601440951461e-07,0.0
720575940608772821,720575940608772821,2,0.0025864969938993,0.0025620668,2.4430716e-05,0.0025022609625011,1.4958373867557384e-05,0.0,1.4958373867557384e-05,0.0
720575940608772821,720575940608772821,3,0.000590399664361,0.0005578791,3.2520722e-05,0.0005239715683273,1.4682927940157242e-06,1.1006959539372474e-06,3.675968400784768e-07,0.0
720575940608772821,720575940608772821,4,0.0003214939999663,0.00030210076,3.406097e-05,0.0002569529148586,5.88690353210281e-07,1.9047172372665957e-06,1.7510282646071573e-07,3.7849158474045914e-08
720575940608772821,720575940608772821,5,0.0001953040466579,0.00017387242,3.142935e-05,0.0001376851768151,3.54415576318909e-07,2.0296309344303157e-07,3.614375998495234e-07,1.87556299380276e-08
720575940615958203,720575940615958203,2,0.0008074769284576,0.0007292037,7.827328e-05,0.0007288518245331,2.4483764718752354e-05,1.839919059420936e-05,6.084574124542996e-06,1.7466414647060446e-05
720575940615958203,720575940615958203,3,0.0001786250795703,0.00010611857,7.250642e-05,8.546801109332591e-05,1.848553802119568e-05,3.9245528569153976e-06,1.456098380003823e-05,1.0294232879459742e-06
720575940615958203,720575940615958203,4,0.0001601263901116,3.0526113e-05,0.00013505564,8.883192458193611e-06,5.828577720373541e-06,3.6227734199201214e-06,2.247662678200868e-06,3.267240612516408e-07
720575940615958203,720575940615958203,5,3.596678188683153e-05,1.9254714e-05,2.6067051e-05,1.98606063073332e-06,1.5717468734159309e-06,8.46874399940134e-07,7.509210036005243e-07,6.670128962634779e-08
720575940626550504,720575940626550504,2,0.0040112091228365,0.003915698,9.5511736e-05,0.0036977748386561,0.0001889663399197,0.0,0.0001889663399197,0.0
720575940626550504,720575940626550504,3,0.0012643095105886,0.0011528822,0.000111427296,0.0009914149995893,8.620833796157967e-06,5.7635511439002585e-06,2.857282197510358e-06,0.0
720575940626550504,720575940626550504,4,0.0008098430452651,0.00073097507,0.000114008944,0.0005372169872871,1.463629544456319e-06,1.9451957996352576e-05,8.48815432163974e-07,2.3942831051115826e-10
720575940626550504,720575940626550504,5,0.0005513568729192,0.0004760889,0.00010680353,0.0003022146950228,1.6703974442792648e-06,1.4726522294949973e-06,2.078279067063704e-06,1.4813075210895477e-08
720575940625476964,720575940625476964,2,0.0049053691327571,0.004830071,7.529896e-05,0.004749366082251,0.0001292896049562,0.0,0.0001292896049562,0.0
720575940625476964,720575940625476964,3,0.0014699436724185,0.0013691838,0.000100759455,0.0012601675698533,1.1392463420634158e-05,6.041765118425246e-06,5.350699666450964e-06,0.0
720575940625476964,720575940625476964,4,0.0008515991172947,0.0007958835,0.00010327953,0.0006265325700483,1.4232458552783962e-06,1.3616505384561606e-05,6.950077136025357e-07,2.3358856515720556e-10
720575940625476964,720575940625476964,5,0.0005403112845253,0.00048321366,9.648544e-05,0.0003311455137575,1.3597817669994678e-06,1.3642819567394326e-06,1.833324176914175e-06,3.0972557851782774e-08
720575940617650481,720575940617650481,2,0.003912104293704,0.0038575856,5.4519594e-05,0.0037516693118959,0.0001840581244323,0.0,0.0001840581244323,0.0
720575940617650481,720575940617650481,3,0.00134578126017,0.0012567753,8.900573e-05,0.0011147608747705,1.2105801943107508e-05,9.040812983585056e-06,3.064989869017154e-06,0.0
720575940617650481,720575940617650481,4,0.0008831373367708,0.0008159678,9.890958e-05,0.0006287039453838,5.990315123323393e-06,2.305620546394493e-05,1.282030098082032e-06,0.0
720575940617650481,720575940617650481,5,0.0006040810433926,0.00053891685,9.5718664e-05,0.0003644364784862,2.0111169924020297e-06,1.6892093981368816e-06,2.5006122541526565e-06,3.6292133742676924e-09
720575940637222470,720575940637222470,2,0.0042946552857756,0.0042172507,7.740519e-05,0.0040429197251796,9.595342999091372e-05,0.0,9.595342999091372e-05,0.0
720575940637222470,720575940637222470,3,0.0014158067060634,0.0013163866,9.941998e-05,0.0011435891501605,4.927120244246908e-06,3.6714095585921314e-06,1.255710344594263e-06,0.0
720575940637222470,720575940637222470,4,0.0008690097114655,0.00080598507,0.000100846075,0.0006012841488596,5.035384557684428e-06,1.4135177480056882e-05,4.653441578739148e-07,0.0
720575940637222470,720575940637222470,5,0.0005728133634415,0.00051459693,9.3225375e-05,0.0003341011067828,1.146844104774647e-06,8.061813332460588e-07,1.3512612895283382e-06,1.7198978241594887e-08
720575940605282406,720575940605282406,2,0.0034922442864626,0.0031124535,0.0003797912,0.0031124535016715,0.0,0.0,0.0,0.0
720575940605282406,720575940605282406,3,0.0003998966421931,0.0002878214,0.000112075286,0.000240564069827,1.5304010958061554e-05,1.014722238323884e-05,5.156788574822713e-06,8.2347742136335e-06
720575940605282406,720575940605282406,4,0.00015712045634,0.00011434841,6.702881e-05,4.470556522133353e-05,1.0998702236975078e-05,4.771299700223608e-06,6.227401172509417e-06,9.785968586584204e-07
720575940605282406,720575940605282406,5,8.232874034912031e-05,5.0114562e-05,4.1678315e-05,1.0954622637657386e-05,3.163095965188918e-06,1.6288084907500888e-06,1.6604701613687212e-06,1.9206998133869918e-07
720575940644726432,720575940644726432,2,0.0008123929146677,0.0005006815,0.00031171128,0.0005005414714105,0.0,0.0,0.0,0.0
720575940644726432,720575940644726432,3,0.000194152657059,7.7739605e-05,0.000116412964,2.7789161322289143e-05,0.0,0.0,0.0,0.0
720575940644726432,720575940644726432,4,0.0001415662194797,6.832734e-05,8.830746e-05,7.060794296082695e-06,0.0,0.0,0.0,0.0
720575940644726432,720575940644726432,5,0.0001021490389215,5.6360324e-05,5.0608855e-05,1.8232802608001947e-06,0.0,0.0,0.0,0.0
720575940627419676,720575940627419676,2,0.0049313204362988,0.001501898,0.0034294229,0.0,0.000108692307549,2.6719987999968e-06,0.0001060203067027,0.0
720575940627419676,720575940627419676,3,0.0008203053148463,0.0003137109,0.0005065941,0.0,3.375974119990133e-05,2.7313106329529543e-05,6.446632141887676e-06,0.0
720575940627419676,720575940627419676,4,0.0003028149758243,0.00017068753,0.00018706855,0.0,1.7115625561142815e-05,7.949786777317058e-06,9.21552964427974e-06,0.0
720575940627419676,720575940627419676,5,0.0001635514910693,9.377225e-05,0.00010045207,0.0,8.057196437928809e-06,3.5666148505697493e-06,4.586604973155772e-06,0.0
720575940629766615,720575940629766615,2,0.0051229759119451,0.0003366148,0.0047863615,0.0,0.000104494880361,3.339407703606412e-05,7.110080332495272e-05,0.0
720575940629766615,720575940629766615,3,0.0003545834333635,0.00015135527,0.00020322822,0.0,2.6604640879668292e-05,1.1639056538115256e-05,1.496558979852125e-05,0.0
720575940629766615,720575940629766615,4,0.0002356851021199,0.00016523537,0.000112540554,0.0,8.175303122217111e-06,4.153859208599897e-06,4.103314040548867e-06,0.0
720575940629766615,720575940629766615,5,0.0001481892695709,8.196554e-05,7.789924e-05,0.0,4.332215488736645e-06,2.222437387899845e-06,2.1800651666126214e-06,0.0
720575940629464305,720575940629464305,2,0.0014541847631335,0.0011006695,0.0003535148,0.0010795581620186,0.0001963345421245,0.0001029470950015,9.338745439890772e-05,9.531524119665846e-05
720575940629464305,720575940629464305,3,0.0005523082218132,0.00032823955,0.00022406878,0.0002219840680481,7.824321801308542e-05,3.5858654882758856e-05,4.2384541302453727e-05,2.7306699848850254e-05
720575940629464305,720575940629464305,4,0.0002127546497535,0.000112844864,0.00010681324,3.4292649420808135e-05,4.588631104672749e-05,2.2484038709080775e-05,2.3532906197942797e-05,1.1744055947013694e-05
720575940629464305,720575940629464305,5,0.0001232763144918,6.441526e-05,6.515505e-05,8.576087665471923e-06,3.11343285791164e-05,1.5238162632158492e-05,1.6029754988267086e-05,2.8910709522366875e-06
720575940630504466,720575940630504466,2,0.0010835565626621,0.00079357007,0.0002899869,0.0,0.0001845506776589,0.0001676573301665,1.6893325664568692e-05,0.0
720575940630504466,720575940630504466,3,0.0004407309461385,0.00028567406,0.00015505677,0.0,8.369241550099105e-05,5.687643715646118e-05,2.6815978344529867e-05,0.0
720575940630504466,720575940630504466,4,0.0003200574515035,0.00016010854,0.00016997496,0.0,4.223270733637227e-05,2.1224614101811312e-05,2.239347668364644e-05,0.0
720575940630504466,720575940630504466,5,0.0002569015569523,0.00012802234,0.00013931695,0.0,2.5371131814711688e-05,1.2980583051103167e-05,1.3170014426577836e-05,0.0
720575940615659521,720575940615659521,2,0.0010103274835273,0.00087913615,0.00013119131,0.0008791361469775,5.378020887292223e-06,0.0,5.378020887292223e-06,0.0
720575940615659521,720575940615659521,3,0.0001285132166231,9.4564384e-05,3.394884e-05,9.036273695528509e-05,1.6223161765083205e-06,1.1619133601925569e-06,4.604025320986693e-07,1.6663719293319448e-07
720575940615659521,720575940615659521,4,6.116859846351653e-05,2.720331e-05,3.8211245e-05,1.360472865838586e-05,3.213839409366548e-06,1.0298593906554745e-06,2.193219643231714e-06,7.076329211486154e-08
720575940615659521,720575940615659521,5,3.234536059886194e-05,1.47589435e-05,1.9766883e-05,2.7067638858987704e-06,1.2705704654205464e-06,6.624447905778652e-07,6.123240723354684e-07,9.226088007201272e-09
720575940614181585,720575940614181585,2,0.000247421558015,0.00012684394,0.00012057762,0.0001268439373234,8.012138277990744e-05,8.012138277990744e-05,0.0,8.012138277990744e-05
720575940614181585,720575940614181585,3,0.0001427418610546,6.916562e-05,7.357628e-05,7.719771019765176e-06,4.0217757486971095e-05,1.6812777175800875e-05,2.3404976673191413e-05,1.5560754036414437e-06
720575940614181585,720575940614181585,4,9.365859926779006e-05,5.6083496e-05,3.854101e-05,1.1530563613598683e-06,1.886916668272273e-05,8.492045708408114e-06,1.0412698429718148e-05,2.582894833124347e-07
720575940614181585,720575940614181585,5,7.229712415072035e-05,3.5452744e-05,3.8421393e-05,4.028829323987772e-07,9.758597620190926e-06,4.462655851966701e-06,5.359870101528941e-06,6.55293047802788e-08
720575940636748095,720575940636748095,2,0.0025283121503889,0.002412986,0.00011532639,0.002321034669876,0.0001088116841856,7.810669194441289e-05,3.070498860324733e-05,7.810669194441289e-05
720575940636748095,720575940636748095,3,0.0006487747887149,0.00046116064,0.00018761415,0.0003210803261026,5.867306390427984e-05,2.3598055122420192e-05,3.507500878185965e-05,1.7810598365031183e-05
720575940636748095,720575940636748095,4,0.0003461090403974,0.00021354074,0.0001474678,9.028008547557818e-05,3.620066942107476e-05,1.3529521311284045e-05,2.298996696481481e-05,4.925615430376958e-06
720575940636748095,720575940636748095,5,0.0002098051213593,0.0001144083,0.00010846031,2.0281775801153463e-05,2.864622839957588e-05,1.287432860408444e-05,1.6153648175531998e-05,1.4975586419315104e-06
720575940627723657,720575940627723657,2,0.0012729483423754,0.00019639326,0.001076555,0.0,7.887159881647676e-06,0.0,7.887159881647676e-06,0.0
720575940627723657,720575940627723657,3,0.0003406445612199,0.00013645539,0.00020418929,0.0,3.327265949337743e-05,1.6346684788004495e-05,1.692597106739413e-05,0.0
720575940627723657,720575940627723657,4,0.0001939765278964,0.00010729404,0.000100269055,0.0,1.716484269410823e-05,1.0069790732814e-05,7.119285328371916e-06,0.0
720575940627723657,720575940627723657,5,0.000129126701882,7.2394934e-05,6.9391885e-05,0.0,1.3256123020963675e-05,6.933998065505875e-06,6.481513082690071e-06,0.0
720575940615424571,720575940615424571,2,0.0008906461880542,0.00024004234,0.0006506038,0.0,6.298520747805014e-05,1.6162874089786783e-05,4.682233702624217e-05,0.0
720575940615424571,720575940615424571,3,0.0003918768488802,0.00026313338,0.00012874354,0.0,1.5021589206298812e-05,7.578035365440883e-06,7.443554750352632e-06,0.0
720575940615424571,720575940615424571,4,0.0003049702281076,0.00017670017,0.00013128427,0.0,1.2137249092214797e-05,5.457510269479826e-06,6.688855137326755e-06,0.0
720575940615424571,720575940615424571,5,0.0002140401425794,0.00010657564,0.000112004986,0.0,7.117315804675982e-06,3.634543872976792e-06,3.5017894788325066e-06,0.0
720575940637936710,720575940637936710,2,0.0090072629973292,0.004012126,0.0049951375,0.0,0.00108399533201,0.0010614154161885,2.2579808501177467e-05,0.0
720575940637936710,720575940637936710,3,0.0044921450316905,0.0022886964,0.0022034498,0.0,0.0009628272382542,0.0005296668969094,0.0004331603413447,0.0
720575940637936710,720575940637936710,4,0.0031760285858016,0.0015573213,0.0018362805,0.0,0.0006219526926034,0.0003410536446608,0.0002928481553681,0.0
720575940637936710,720575940637936710,5,0.002479130654129,0.0013255051,0.0014423837,0.0,0.0003272582959288,0.0001683472801232,0.0001715473626973,0.0
720575940638360960,720575940638360960,2,0.002844113856554,0.0013519746,0.0014921393,0.0013418369926512,0.0009659091010689,0.0002672594273462,0.0006986496737226,0.000260907690972
720575940638360960,720575940638360960,3,0.0018938420107588,0.00010712388,0.0017867185,4.156055001658388e-05,8.878461085259914e-05,2.0018862414872277e-05,6.876573752379045e-05,6.96165079716593e-06
720575940638360960,720575940638360960,4,0.0004538763493915,0.00025935518,0.00025280257,6.737581782142913e-06,5.848331894886936e-05,3.542624108376913e-05,3.259269578848034e-05,9.8928646019943e-07
720575940638360960,720575940638360960,5,0.0003302049526587,0.0004062629,0.0001760347,1.4880381221328808e-06,3.4643249734002006e-05,1.9113876987830736e-05,1.7018424841808155e-05,1.214073740828565e-07
720575940623432918,720575940623432918,2,0.0045597879216074,0.0004473288,0.004112458,0.0,0.0021273111924529,0.0001420425251126,0.0019852689001709,0.0
720575940623432918,720575940623432918,3,0.0018784392159432,0.0005187538,0.0013596838,0.0,0.0012519139563664,0.0002131039655068,0.0010388101218268,0.0
720575940623432918,720575940623432918,4,0.0010779157231962,0.00052828644,0.0005840775,0.0,0.0005892415147198,0.0002270619588671,0.0003677622880786,0.0
720575940623432918,720575940623432918,5,0.0007173359689095,0.00038115244,0.0003665586,0.0,0.0003306063232834,0.0001649300975259,0.0001733191456878,0.0
720575940639861301,720575940639861301,2,0.0060021257959306,0.00042771501,0.005574411,0.0,0.0,0.0,0.0,0.0
720575940639861301,720575940639861301,3,0.0018571675755083,0.0003507454,0.0015064215,0.0,5.663044362336223e-07,1.3305586321621377e-07,4.332485730174085e-07,0.0
720575940639861301,720575940639861301,4,0.0009905016438557,0.000622372,0.0004357176,0.0,1.6881538158486364e-06,1.1980291674262844e-06,4.901245347355143e-07,0.0
720575940639861301,720575940639861301,5,0.0005469044501426,0.00039627662,0.0002096574,0.0,2.1070236051556748e-06,1.1970719242526684e-06,9.101595423999242e-07,0.0
720575940625642302,720575940625642302,2,0.000286358903395,0.00016409074,0.00012226816,0.0001640907430555,3.208254156561452e-06,3.208254156561452e-06,0.0,3.208254156561452e-06
720575940625642302,720575940625642302,3,5.996034451527521e-05,2.3888795e-05,3.6071546e-05,2.1522673705476336e-05,4.835884283238556e-06,4.237140728946542e-06,5.987435542920139e-07,4.208340669720201e-06
720575940625642302,720575940625642302,4,2.482807696308855e-05,1.1316106e-05,1.4920548e-05,4.801112311750654e-06,2.261570753467824e-06,1.5723858268756883e-06,6.918925237187068e-07,1.0830358792440813e-06
720575940625642302,720575940625642302,5,1.2082264543624708e-05,6.3584903e-06,6.721003e-06,1.0916763756426702e-06,1.317938656313862e-06,8.109652753773844e-07,5.785460643892293e-07,2.322792517778233e-07
720575940630034231,720575940630034231,2,0.0114277647808194,0.009710317,0.001717449,0.0,0.0056183519773185,0.0052255815826356,0.0003927708312403,0.0
720575940630034231,720575940630034231,3,0.0046822684817016,0.0027754481,0.0019068196,0.0,0.0029233123641461,0.0017909272573888,0.0011323848739266,0.0
720575940630034231,720575940630034231,4,0.0033060097694504,0.0019143543,0.001604969,0.0,0.0014527733485738,0.0010392476106062,0.0004587715375237,0.0
720575940630034231,720575940630034231,5,0.0021087888636156,0.0011936699,0.0011426145,0.0,0.0005042483705891,0.0003199361963197,0.0002538794942665,0.0
720575940626968216,720575940626968216,2,0.0029076463542878,0.00032998796,0.0025776594,0.0,0.0002006802969845,0.0001438755134586,5.68047835258767e-05,0.0
720575940626968216,720575940626968216,3,0.0007932526059448,0.00038660044,0.00040665164,0.0,0.00037498070742,0.0002857190556824,8.92616153578274e-05,0.0
720575940626968216,720575940626968216,4,0.0004689895076224,0.0002826065,0.00020321336,0.0,0.0001314704844753,8.852402243064716e-05,4.316997365094721e-05,0.0
720575940626968216,720575940626968216,5,0.0003126956178281,0.00017211778,0.00015561361,0.0,5.794375209020544e-05,3.3200405596289784e-05,2.590262374724261e-05,0.0
720575940623290126,720575940623290126,2,0.0020928271114826,0.0019328076,0.00016001982,0.001870428211987,0.0004545851552393,0.0003942795156035,6.03056323598139e-05,0.0003115473664365
720575940623290126,720575940623290126,3,0.0006741533870808,0.00026657,0.00040758343,0.0002332599106011,0.0001060028735082,3.159468178637326e-05,7.44081917218864e-05,1.5718267604825087e-05
720575940623290126,720575940623290126,4,0.0002974900893877,9.2164104e-05,0.00022169048,4.106361116923e-05,4.432922393693826e-05,1.6221903933910653e-05,2.9071365133859217e-05,3.317220160952344e-06
720575940623290126,720575940623290126,5,0.0001378277191404,6.692133e-05,8.884291e-05,9.083469683382704e-06,1.7776465890819254e-05,9.679048162070105e-06,9.012679583975114e-06,5.950857267696222e-07
720575940628446010,720575940628446010,2,0.0029624279122799,0.00047769648,0.0024847314,0.0,0.0001732143136905,0.0001584296114742,1.478468857385451e-05,0.0
720575940628446010,720575940628446010,3,0.0004522040835581,0.0002270899,0.0002251143,0.0,6.452506931964308e-05,4.606546281138435e-05,1.8459591956343505e-05,0.0
720575940628446010,720575940628446010,4,0.0002451472199095,0.00013634223,0.00012865756,0.0,3.5994888425266414e-05,1.96023775060894e-05,1.676034116826486e-05,0.0
720575940628446010,720575940628446010,5,0.0001580216584779,8.124729e-05,8.6693995e-05,0.0,2.4753353304035365e-05,1.1703225027304144e-05,1.329780207015574e-05,0.0
720575940629367863,720575940629367863,2,0.0001110900047933,6.7112545e-05,4.397745e-05,0.0,0.0,0.0,0.0,0.0
720575940629367863,720575940629367863,3,5.986159885651432e-05,3.753823e-05,2.2323376e-05,0.0,3.361293181569636e-07,2.341667908467571e-07,1.0196250599392442e-07,0.0
720575940629367863,720575940629367863,4,3.723764544960072e-05,1.7461945e-05,2.018179e-05,0.0,8.647458571431343e-07,4.18491964637724e-07,4.462540914573765e-07,0.0
720575940629367863,720575940629367863,5,2.503443662224785e-05,1.2591045e-05,1.2964538e-05,0.0,1.3590256000588209e-06,7.121535645637778e-07,6.488531880677328e-07,0.0
720575940624342569,720575940624342569,2,0.0025077387690544,0.0021012477,0.00040649084,0.0020975139923393,0.0,0.0,0.0,0.0
720575940624342569,720575940624342569,3,0.0003458029532339,0.00018878099,0.00015702198,0.0001367380027659,0.0,0.0,0.0,0.0
720575940624342569,720575940624342569,4,0.0001914934558771,0.00012479033,7.7084114e-05,8.060178621179087e-05,0.0,0.0,0.0,0.0
720575940624342569,720575940624342569,5,9.730365759883112e-05,6.158374e-05,4.1860745e-05,2.5368213893775025e-05,0.0,0.0,0.0,0.0
720575940631715896,720575940631715896,2,0.0012830181512981,0.0011574182,0.00012559979,0.0010315594263374,0.0,0.0,0.0,0.0
720575940631715896,720575940631715896,3,0.0002418953663436,0.00014355479,9.834057e-05,0.0001014239969663,0.0,0.0,0.0,0.0
720575940631715896,720575940631715896,4,0.0001439964751113,7.186783e-05,7.613315e-05,2.2408165768526187e-05,0.0,0.0,0.0,0.0
720575940631715896,720575940631715896,5,7.459811679099527e-05,3.50752e-05,4.316578e-05,7.523397354915472e-06,0.0,0.0,0.0,0.0
720575940629589292,720575940629589292,2,0.0007046817336231,0.00018105861,0.0005236232,0.0,0.0002248323435196,4.461712887859903e-05,0.0001802151964511,0.0
720575940629589292,720575940629589292,3,0.000436000758782,0.00019861487,0.00023738583,0.0,0.0001281812874367,4.2003004637081176e-05,8.617826824774966e-05,0.0
720575940629589292,720575940629589292,4,0.0002627433676772,0.00012963208,0.00013877427,0.0,6.16244369840841e-05,2.9682185413548723e-05,3.294900670880452e-05,0.0
720575940629589292,720575940629589292,5,0.0001869035358453,9.322523e-05,0.00010393622,0.0,3.507380772516646e-05,1.6274096196866594e-05,2.104260420310311e-05,0.0
720575940617671896,720575940617671896,2,0.0026208837516605,0.00028778508,0.0023330988,0.0,0.0034426592756062,0.0,0.0034426590427756,0.0
720575940617671896,720575940617671896,3,0.0004041584325022,0.00020766276,0.00019649582,0.0,0.0001962193200597,9.961144678527488e-05,9.660788782639428e-05,0.0
720575940617671896,720575940617671896,4,0.0001695226834266,0.00010999051,9.977206e-05,0.0,6.340624518940969e-05,8.678950689500198e-05,2.617950303829275e-05,0.0
720575940617671896,720575940617671896,5,9.526408398840624e-05,5.442326e-05,5.924883e-05,0.0,3.51474104418994e-05,2.5385474145878103e-05,1.7809697965276428e-05,0.0
720575940623209165,720575940623209165,2,0.0041346163488924,0.0022326608,0.0019019555,0.0021948975045233,0.0008760213968344,0.0004095881304237,0.0004664332373067,0.0004000515909865
720575940623209165,720575940623209165,3,0.0015146557707339,0.00087896525,0.0006356903,0.0006355539662763,0.000409428786952,0.000226784744882,0.0001826440857257,8.702997729415074e-05
720575940623209165,720575940623209165,4,0.0009001405515136,0.00046567913,0.0004860271,0.0001118867223871,0.0003588909515844,0.0001572969631524,0.000203988776775,1.694153227226275e-05
720575940623209165,720575940623209165,5,0.0006600090759551,0.00036319956,0.0003472765,2.6430604121360456e-05,0.0001954290166481,0.0001008994731819,9.753608901519328e-05,4.0200239320563095e-06
720575940612804606,720575940612804606,2,0.0001640307018533,0.00013086789,3.3162803e-05,0.00013086789113,1.7139984265668318e-05,5.1862443797290325e-06,1.1953738976444583e-05,5.1862443797290325e-06
720575940612804606,720575940612804606,3,1.1233101758989504e-05,5.2428427e-06,5.990256e-06,3.1759348075866e-06,1.9802898805210134e-06,6.287377232183644e-07,1.351552214146068e-06,4.3467616706038825e-07
720575940612804606,720575940612804606,4,5.572437409007148e-06,2.9947007e-06,2.788523e-06,7.618519697090418e-07,6.887655591251686e-07,3.5532326592147e-07,3.3702045243444445e-07,6.458980202024916e-08
720575940612804606,720575940612804606,5,3.657284903468888e-06,1.8942744e-06,1.8509513e-06,2.4201594616450656e-07,4.078043717905253e-07,2.1615255718643314e-07,1.963055922260537e-07,1.4991828315093445e-08
720575940626960536,720575940626960536,2,0.0064840847626328,0.005527238,0.0009568505,0.0,0.0049814498052001,0.0045888205058872,0.0003926292411051,0.0
720575940626960536,720575940626960536,3,0.0016685230657458,0.0009315886,0.00073693506,0.0,0.0013393197441473,0.000721882446669,0.0006174379959702,0.0
720575940626960536,720575940626960536,4,0.0012840192089145,0.0006594855,0.0007150553,0.0,0.0007363426445647,0.0003439226129557,0.0004345458000898,0.0
720575940626960536,720575940626960536,5,0.0010379093560183,0.00054458575,0.00055478956,0.0,0.0004664128668907,0.0002594623947516,0.0002356081095058,0.0
720575940632658131,720575940632658131,2,0.0021036497782915,0.0018480646,0.0002555852,0.0018046967452391,0.0002079112455248,0.0,0.0002079112455248,0.0
720575940632658131,720575940632658131,3,0.0006722430116496,0.00019303523,0.00047920778,0.0001713422825559,0.0001316081179538,3.737326915143058e-05,9.423487063031644e-05,1.9239165339968167e-05
720575940632658131,720575940632658131,4,0.0002352228945302,7.5613636e-05,0.0001797328,2.404786888912964e-05,3.1252994687483034e-05,1.5084888218552804e-05,1.7262675100937486e-05,1.1269191872997908e-06
720575940632658131,720575940632658131,5,9.490742906971723e-05,5.003652e-05,6.704677e-05,4.345778369763303e-06,1.0197944004334725e-05,5.592824436462252e-06,5.840319317940157e-06,1.5859565898212136e-07
720575940620540507,720575940620540507,2,0.0012186777312308,0.00048708715,0.0007315905,0.0,0.0002681172045413,0.0002658509183675,2.266284354845993e-06,0.0
720575940620540507,720575940620540507,3,0.0008468174492008,0.00075529236,9.152434e-05,0.0,7.086766709107906e-05,4.727237319457345e-05,2.35952902585268e-05,0.0
720575940620540507,720575940620540507,4,0.0005096073067959,0.00027465564,0.00024509444,0.0,2.4129910169219583e-05,1.5093412912392525e-05,1.029724080581218e-05,0.0
720575940620540507,720575940620540507,5,0.0004319661707752,0.00017835782,0.00027834874,0.0,1.2958706169930882e-05,6.675556505797431e-06,6.874475730000995e-06,0.0
720575940637530084,720575940637530084,2,0.0015869529452174,0.0008783624,0.0007085904,0.0008748096297495,0.0002805137482937,0.0001768768852343,0.0001036368848872,0.0001728397328406
720575940637530084,720575940637530084,3,0.0003660529619082,0.00019604006,0.000170013,7.673445361433551e-05,0.0001421217311872,0.0001068736310116,3.52480637957342e-05,1.535183582745958e-05
720575940637530084,720575940637530084,4,0.0002468905119376,0.0001232275,0.00013418568,2.113752961994712e-05,8.988328250782412e-05,4.155166243435815e-05,4.864086440647952e-05,9.202424114299298e-06
720575940637530084,720575940637530084,5,0.0001765282088418,9.115637e-05,9.233087e-05,4.92447497953447e-06,4.576934385279591e-05,2.3163251171354204e-05,2.3259708541445437e-05,9.82844043400531e-07
720575940635360924,720575940635360924,2,0.0052400808781385,0.002455648,0.0027844321,0.0024445308372378,0.0,0.0,0.0,0.0
720575940635360924,720575940635360924,3,0.0018290252191945,0.0009846811,0.00084434386,0.0004704596067313,0.0,0.0,0.0,0.0
720575940635360924,720575940635360924,4,0.0012156831185417,0.00067652354,0.00060036953,9.497662280341466e-05,0.0,0.0,0.0,0.0
720575940635360924,720575940635360924,5,0.0008209273574085,0.00045134124,0.00044170333,1.89073693217519e-05,0.0,0.0,0.0,0.0
720575940615672130,720575940615672130,2,0.0017210758524015,0.0007169757,0.0010041,0.0007026747334748,0.0003074919222854,6.603338988497853e-05,0.0002414585032965,6.603339716093615e-05
720575940615672130,720575940615672130,3,0.0009084651828743,0.00039092026,0.00051754486,6.097880032029934e-05,0.0002586142218206,0.0001416129816789,0.000117001174658,8.808066922938451e-06
720575940615672130,720575940615672130,4,0.0006997913878392,0.00037852445,0.00033108625,2.051956164750944e-05,0.0001447110621575,7.486814865842462e-05,7.045174425002187e-05,2.546341828345634e-06
720575940615672130,720575940615672130,5,0.000511683549476,0.00028271409,0.00025406614,5.126502653702924e-06,8.847991139390515e-05,4.3798649130621925e-05,4.636013909475878e-05,5.787631649193639e-07
720575940619478036,720575940619478036,2,0.0011218442814424,0.0008666484,0.0002551958,0.0,5.991827492835e-05,5.991827492835e-05,0.0,0.0
720575940619478036,720575940619478036,3,0.0003224496322218,0.000116590905,0.0002058587,0.0,8.225830242736265e-05,5.833003160660155e-05,2.3928274458739907e-05,0.0
720575940619478036,720575940619478036,4,0.0001767027139092,7.6404234e-05,0.000104825,0.0,6.414701466622851e-05,4.417069794726558e-05,2.043257700279355e-05,0.0
720575940619478036,720575940619478036,5,9.987061925459508e-05,5.5850254e-05,4.7415233e-05,0.0,3.736104654253323e-05,2.122376099578105e-05,1.622016861801967e-05,0.0
720575940611292330,720575940611292330,2,0.0002217389119323,0.00014559257,7.614637e-05,0.0001208642497658,5.436118954094127e-05,1.0788045983645134e-05,4.357314537628554e-05,5.677074113918934e-06
720575940611292330,720575940611292330,3,8.264301141025499e-05,3.848602e-05,4.4156943e-05,2.0067467630724423e-05,2.1532707251026292e-05,7.169130640249932e-06,1.436358070350252e-05,1.3758309478362207e-06
720575940611292330,720575940611292330,4,4.739306886967959e-05,2.2075295e-05,2.609645e-05,4.179628817719695e-06,1.0842706309875694e-05,4.674628144130111e-06,6.4202549765468575e-06,1.787480543722495e-07
720575940611292330,720575940611292330,5,3.528204821457964e-05,1.832084e-05,1.7845836e-05,1.462512165707321e-06,7.179006041014663e-06,3.787553168876912e-06,3.592565462895436e-06,5.853846047635743e-08
720575940627949589,720575940627949589,2,0.0017801749054342,0.0016739522,0.00010622244,0.0016739524435251,0.0001052468142006,7.335790724027902e-05,3.188890696037561e-05,7.335791451623663e-05
720575940627949589,720575940627949589,3,0.0001363660267088,7.2812436e-05,6.355359e-05,5.951460479991511e-05,2.589595169411041e-05,1.4192577509675177e-05,1.1703374184435232e-05,6.820555881859036e-06
720575940627949589,720575940627949589,4,6.199221866498064e-05,3.8960028e-05,3.4804827e-05,8.53682627055912e-06,1.48828961365485e-05,6.872056474094279e-06,8.04663977760356e-06,1.0547837543388646e-06
720575940627949589,720575940627949589,5,3.7131294626323685e-05,2.078741e-05,1.948312e-05,1.3158076501213629e-06,7.686528574320964e-06,3.906755409843754e-06,3.83816677640425e-06,2.870717566593147e-07
720575940617917760,720575940617917760,2,0.0072827860713005,0.0023602091,0.004922576,0.0023129945620894,1.3647386367665604e-06,1.3647386367665604e-06,0.0,1.10502696770709e-06
720575940617917760,720575940617917760,3,0.0020696651190519,0.0010563938,0.0010132714,0.0004409023094922,3.859038770315237e-06,1.6662136204104172e-06,2.192825377278496e-06,1.235009904121398e-06
720575940617917760,720575940617917760,4,0.0009930602350737,0.000560323,0.000509661,0.0001441592313617,1.3762845396149464e-05,9.701539966044948e-06,4.06671915698098e-06,4.835233910573545e-06
720575940617917760,720575940617917760,5,0.0006561424811006,0.00036198553,0.0003515355,5.840663794886681e-05,1.6413903272865207e-05,7.048099178064149e-06,9.402449904882816e-06,6.382803465680731e-07
720575940624945438,720575940624945438,2,0.0007549457950517,0.00060658064,0.00014836517,0.0006055469275452,2.0574407244566828e-05,1.7655087503953837e-05,2.919319058491965e-06,1.7655087503953837e-05
720575940624945438,720575940624945438,3,0.000135651542223,6.678165e-05,6.886992e-05,4.802713738172315e-05,5.829125439049676e-05,3.071840183110908e-05,2.757284892140888e-05,2.472881351422984e-05
720575940624945438,720575940624945438,4,4.376011140158466e-05,2.3747045e-05,2.1228863e-05,4.5778095940747146e-06,2.046107170957109e-05,1.07308815131546e-05,9.732713806442916e-06,1.1357878650103335e-06
720575940624945438,720575940624945438,5,2.546142463555933e-05,1.3832401e-05,1.2363338e-05,1.79777795383762e-06,1.7270568939886626e-05,1.051948856911622e-05,6.782074706279673e-06,4.174455177416888e-06
720575940621260643,720575940621260643,2,0.0012446718756109,0.00014607883,0.001098593,0.0001418578758602,1.2186799722258002e-05,1.2186799722258002e-05,0.0,0.0
720575940621260643,720575940621260643,3,0.0001278448908124,5.667005e-05,7.1174836e-05,1.5035085198178422e-05,3.1998450140235946e-05,1.1563883163034916e-05,2.0434568796190437e-05,7.994422048795968e-06
720575940621260643,720575940621260643,4,4.948436432977662e-05,2.806205e-05,2.4827148e-05,2.7883938931952945e-06,2.3864824950948563e-05,1.1304434337944258e-05,1.256349241884891e-05,1.8314724457013651e-06
720575940621260643,720575940621260643,5,2.5439332123801932e-05,1.3351238e-05,1.3364763e-05,8.453262862664689e-07,1.1555276056784317e-05,5.841327038069721e-06,5.7343963817402255e-06,8.244133003068073e-07
720575940615056081,720575940615056081,2,0.0024132183752954,0.0016689509,0.00074426754,0.0016683222493156,0.000124018304632,9.191176650347188e-05,3.2106541766552255e-05,9.191176650347188e-05
720575940615056081,720575940615056081,3,0.0004309449577704,0.00022948321,0.00020146162,0.0001708937052171,0.0001508128480054,3.498484511510469e-05,0.0001158279919764,8.546885510440916e-06
720575940615056081,720575940615056081,4,0.0002048948466409,0.00010721086,0.00011041395,3.300250097561656e-05,4.324655655444334e-05,2.677394149941392e-05,1.6540769138373435e-05,1.9940944555981548e-06
720575940615056081,720575940615056081,5,9.9832185533196e-05,5.267249e-05,5.3538803e-05,7.058954862369459e-06,1.9123984598821192e-05,1.1058413292630576e-05,8.268960300483741e-06,4.7173450609554637e-07
