bodyId,cell_type,side,idx,top_nt,sign
200326126,CL141,left,0,glutamate,1
202916528,FS4C,right,1,acetylcholine,0
203253072,FS4A,right,2,acetylcholine,0
203253253,SMP505,left,3,acetylcholine,0
203257652,FS4C,right,4,acetylcholine,0
203594169,FS4A,right,5,acetylcholine,0
203594175,FS4A,right,6,acetylcholine,0
203598499,FB8H,left,7,glutamate,1
203598504,FS4A,right,8,acetylcholine,0
203598542,FS4B,right,9,acetylcholine,0
203598557,FS4B,right,10,acetylcholine,0
203836007,PI2,noside,11,,0
203931040,FS4A,right,12,acetylcholine,0
204613133,FB8E,left,13,glutamate,1
204962646,FB7L,left,14,glutamate,1
205299889,FB8F_b,left,15,glutamate,1
206555682,PI1_c,noside,16,gaba,1
232513628,OCG01,noside,17,glutamate,1
232513671,OCG01,noside,18,glutamate,1
233105330,SLP444,right,19,acetylcholine,0
233877926,OCG01,noside,20,glutamate,1
234292899,FB7M,left,21,glutamate,1
234630133,SMP184,left,22,,0
235985275,FB8E,left,23,glutamate,1
236330337,FB7I,left,24,glutamate,1
236331138,FB7G,left,25,glutamate,1
262167456,OCG01,noside,26,glutamate,1
262504004,OCG01,noside,27,glutamate,1
262517074,OCG01,noside,28,glutamate,1
262840563,OCG01,noside,29,glutamate,1
263199096,OCG01,noside,30,glutamate,1
263475451,SMP535,right,31,glutamate,1
263522664,OCG01,noside,32,glutamate,1
263674097,LHPD2a5_a,right,33,glutamate,1
264014957,LHPD2a5_a,right,34,glutamate,1
264083994,DN1a,right,35,glutamate,1
264438143,SLP418,right,36,glutamate,1
264779403,LHPV5a3,right,37,acetylcholine,0
264783939,LHPV5a3,right,38,acetylcholine,0
264822904,SLP414,right,39,glutamate,1
264986706,FS4B,right,40,acetylcholine,0
265120223,LHPV5a3,right,41,acetylcholine,0
265120324,LHPV5a3,right,42,acetylcholine,0
265120424,SLP414,right,43,glutamate,1
265120467,SLP414,right,44,glutamate,1
265120589,SLP414,right,45,glutamate,1
265120597,FB1D,right,46,glutamate,1
265120677,FB8A,right,47,glutamate,1
265124786,SLP075,right,48,glutamate,1
265155147,SMP500,right,49,glutamate,1
265655867,FB8F_b,left,50,glutamate,1
265669024,SMP166,left,51,,0
266187342,SMP347,right,52,dopamine,0
266187383,SMP347,right,53,dopamine,0
266187477,SMP349,right,54,dopamine,0
266187480,SMP349,right,55,dopamine,0
266187532,SMP352,right,56,dopamine,0
266187559,SLP399,right,57,dopamine,0
266191395,SMP034,right,58,glutamate,1
266191407,SMP481,right,59,acetylcholine,0
266200011,SMP187,right,60,acetylcholine,0
266276935,PI2,noside,61,,0
266527996,SMP351,right,62,dopamine,0
266528044,SMP351,right,63,dopamine,0
266528078,SMP352,right,64,acetylcholine,0
266528086,SMP352,right,65,acetylcholine,0
266536576,FB7G,right,66,glutamate,1
266847236,SLP413,right,67,glutamate,1
266873389,SLP340,right,68,glutamate,1
266873401,SMP025,right,69,glutamate,1
266873591,SMP350,right,70,dopamine,0
267214250,pC1b,right,71,acetylcholine,0
267223027,SLP259,right,72,glutamate,1
267223104,SMP025,right,73,glutamate,1
267227062,SLP424,right,74,acetylcholine,0
267304783,PI1_a,noside,75,serotonin,0
267551639,pC1c,right,76,acetylcholine,0
267559575,SIP079,right,77,acetylcholine,0
267559665,SIP083,right,78,acetylcholine,0
267564140,SLP428,right,79,acetylcholine,0
267572587,SLP426,right,80,acetylcholine,0
267896359,SLP421,right,81,acetylcholine,0
267896360,SMP347,right,82,dopamine,0
267900632,SIP085,right,83,neither,0
268237554,SLP423,right,84,acetylcholine,0
268725517,PAM09,left,85,dopamine,0
268731005,SMP146,left,86,gaba,1
270322941,PI1_c,noside,87,acetylcholine,0
294161385,CRZ01,right,88,dopamine,0
294424196,SLP315,right,89,glutamate,1
294428266,SLP363,right,90,glutamate,1
294432626,LHPD3b2,right,91,glutamate,1
294432760,SLP351,right,92,glutamate,1
294436967,PPL203,right,93,dopamine,0
294437328,SLP055,right,94,acetylcholine,0
294437347,SLP001,right,95,glutamate,1
294441510,SLP351,right,96,glutamate,1
294445804,SLP210,right,97,acetylcholine,0
294445931,LHPV6a2_b,right,98,acetylcholine,0
294450004,SIP015,right,99,glutamate,1
294450495,SA1_a,right,100,gaba,1
294756576,LHPV6a4_b,right,101,acetylcholine,0
294760680,LHPV6a4_a,right,102,acetylcholine,0
294760699,SLP373,right,103,acetylcholine,0
294760723,SLP063,right,104,gaba,1
294760837,LHPV6i2_a,right,105,acetylcholine,0
294773987,SLP271,right,106,acetylcholine,0
294774719,LHPV6a6_a,right,107,acetylcholine,0
294774792,SLP252,right,108,glutamate,1
294778999,SLP352,right,109,glutamate,1
294782432,SLP203,right,110,serotonin,0
294782488,LHPV6a9_b,right,111,acetylcholine,0
294783216,SLP403,right,112,serotonin,0
294783423,SLP302,right,113,glutamate,1
294786630,LHPD4e1_b,right,114,glutamate,1
294786785,SLP300,right,115,glutamate,1
294787849,LHPV5e2,right,116,acetylcholine,0
294791509,FB1D,right,117,glutamate,1
294791642,SLP416,right,118,glutamate,1
294792184,M_vPNml53,right,119,gaba,1
294792311,SLP302,right,120,glutamate,1
294792344,SMP166,right,121,gaba,1
294795822,SLP416,right,122,glutamate,1
294799968,SLP418,right,123,glutamate,1
294800293,FB7K,right,124,glutamate,1
295063181,DNES2,right,125,dopamine,0
295103172,SLP458,right,126,glutamate,1
295106899,SLP143,right,127,glutamate,1
295107514,LHPV6i3,right,128,acetylcholine,0
295111672,LHPV6b1,right,129,acetylcholine,0
295111734,SLP252,right,130,glutamate,1
295115222,SLP303,right,131,serotonin,0
295115429,SLP053,right,132,gaba,1
295115628,SLP053,right,133,gaba,1
295115794,LHPD4e1_a,right,134,glutamate,1
295116165,SLP300,right,135,glutamate,1
295116205,SA1_a,right,136,gaba,1
295119694,SLP301,right,137,glutamate,1
295120601,SLP352,right,138,glutamate,1
295120620,SLP300,right,139,glutamate,1
295124412,SLP092,right,140,glutamate,1
295127956,SLP271,right,141,acetylcholine,0
295132077,SLP416,right,142,glutamate,1
295132487,SLP418,right,143,glutamate,1
295132551,SLP416,right,144,glutamate,1
295132845,SMP167,right,145,gaba,1
295133015,SLP414,right,146,glutamate,1
295133452,FB9A,right,147,glutamate,1
295133743,SLP414,right,148,glutamate,1
295133778,SMP497,right,149,glutamate,1
295133927,SLP418,right,150,glutamate,1
295136450,SMP303,right,151,gaba,1
295136668,SLP418,right,152,glutamate,1
295136778,FB8A,right,153,glutamate,1
295136965,FB1E_b,right,154,glutamate,1
295137019,SLP182_a,right,155,glutamate,1
295137392,SLP419,right,156,glutamate,1
295137515,SLP415,right,157,glutamate,1
295141570,SA1_a,right,158,gaba,1
295141618,FB9C_b,right,159,glutamate,1
295434457,SLP317,right,160,glutamate,1
295439322,SLP111_a,right,161,acetylcholine,0
295443136,SLP062,right,162,gaba,1
295443724,LHPD3b2,right,163,glutamate,1
295456248,SLP301,right,164,glutamate,1
295456869,SLP055,right,165,acetylcholine,0
295461302,SLP300,right,166,glutamate,1
295461534,SLP028,right,167,glutamate,1
295461570,SLP371,right,168,acetylcholine,0
295461707,LHAV3a5,right,169,acetylcholine,0
295461871,LHAV3a1_b,right,170,gaba,1
295466276,SLP097,right,171,glutamate,1
295470623,SLP055,right,172,acetylcholine,0
295470816,SLP097,right,173,glutamate,1
295473400,SLP405_a,right,174,acetylcholine,0
295473813,SAF,right,175,glutamate,1
295473947,SLP359,right,176,acetylcholine,0
295474250,SLP351,right,177,glutamate,1
295474441,SA3,right,178,glutamate,1
295474876,SA1_b,right,179,glutamate,1
295477467,SLP416,right,180,glutamate,1
295477903,FB7M,right,181,glutamate,1
295478082,SLP359,right,182,acetylcholine,0
295478389,SMP167,right,183,gaba,1
295482340,SMP432_b,right,184,acetylcholine,0
295482551,SLP173,right,185,glutamate,1
295482578,SLP094,right,186,glutamate,1
295482646,SMP167,right,187,glutamate,1
295490804,FS4B,left,188,acetylcholine,0
295490863,FS4B,left,189,acetylcholine,0
295779879,LHPV6a2_b,right,190,acetylcholine,0
295779961,SLP090,right,191,glutamate,1
295780154,LHAV3a5,right,192,acetylcholine,0
295785459,LHAV3a5,right,193,acetylcholine,0
295793991,SLP407,right,194,acetylcholine,0
295797312,SLP346,right,195,glutamate,1
295798962,LHAV3a1_a,right,196,acetylcholine,0
295799057,SLP111_a,right,197,acetylcholine,0
295802733,SLP397,right,198,dopamine,0
295805243,LHPV5h1,right,199,acetylcholine,0
295807109,SLP301,right,200,glutamate,1
295807429,LHAV3a2,right,201,acetylcholine,0
295814411,SLP211,right,202,acetylcholine,0
295814565,SLP405_c,right,203,acetylcholine,0
295814630,SLP029,right,204,glutamate,1
295814895,SLP351,right,205,glutamate,1
295814932,SLP203,right,206,serotonin,0
295815100,SLP420,right,207,glutamate,1
295815897,FB9B_e,right,208,gaba,1
295815955,SLP420,right,209,glutamate,1
295816140,SLP269,right,210,acetylcholine,0
295819960,SA1_a,right,211,gaba,1
295819998,SLP416,right,212,glutamate,1
295820056,SLP204,right,213,glutamate,1
295820069,FB8H,right,214,glutamate,1
295820085,FB8E,right,215,glutamate,1
295823782,FS4B,left,216,acetylcholine,0
295827899,FS4B,left,217,acetylcholine,0
295828029,SMP431,right,218,acetylcholine,0
295849217,SMP497,right,219,dopamine,0
295849410,SMP499,right,220,glutamate,1
296120593,LHAV3a1_c,right,221,acetylcholine,0
296139882,SMP076,right,222,gaba,1
296143798,FB9A,right,223,glutamate,1
296143923,SLP107,right,224,glutamate,1
296148102,SLP097,right,225,glutamate,1
296153150,SLP299,right,226,glutamate,1
296153261,LHPV5h1,right,227,acetylcholine,0
296155122,FB8F_b,right,228,glutamate,1
296156918,SA1_b,right,229,glutamate,1
296160764,FB8E,right,230,glutamate,1
296164879,SLP182_a,right,231,glutamate,1
296168382,SLP347,right,232,glutamate,1
296194535,SMP352,right,233,acetylcholine,0
296199021,SMP361,right,234,acetylcholine,0
296199026,SMP350,right,235,dopamine,0
296199149,SLP400,right,236,acetylcholine,0
296203324,SMP363,right,237,dopamine,0
296203325,SMP357,right,238,dopamine,0
296203392,SMP359_a,right,239,dopamine,0
296203434,SMP357,right,240,dopamine,0
296203440,SMP340,right,241,acetylcholine,0
296203608,SLP114,right,242,acetylcholine,0
296203623,SLP265,right,243,glutamate,1
296479813,SLP303,right,244,unknown,0
296489073,SLP111_b,right,245,acetylcholine,0
296496999,SLP182_a,right,246,glutamate,1
296497316,SAF,right,247,glutamate,1
296501634,SLP268,right,248,glutamate,1
296502002,SLP182_c,right,249,glutamate,1
296502294,SLP299,right,250,glutamate,1
296505463,SLP204,right,251,glutamate,1
296509709,SMP499,right,252,glutamate,1
296514350,FB1B,right,253,glutamate,1
296531366,SMP362,right,254,dopamine,0
296531421,FS4C,left,255,acetylcholine,0
296535619,SMP364,right,256,dopamine,0
296535655,SMP365,right,257,dopamine,0
296535868,SMP351,right,258,acetylcholine,0
296543992,SLP385,right,259,acetylcholine,0
296544262,SLP068,right,260,glutamate,1
296544364,LNd,right,261,acetylcholine,0
296617104,PI2,noside,262,,0
296690817,FS4A,right,263,acetylcholine,0
296829531,SLP205,right,264,glutamate,1
296837846,SLP405_b,right,265,acetylcholine,0
296838079,FB8I,right,266,glutamate,1
296838229,SLP268,right,267,glutamate,1
296838734,SLP182_b,right,268,glutamate,1
296841676,SLP093,right,269,glutamate,1
296842335,SLP024_a,right,270,glutamate,1
296843037,SMP432_a,right,271,acetylcholine,0
296846109,SLP115,right,272,acetylcholine,0
296846314,SLP024_b,right,273,glutamate,1
296846768,LHPV6f3_b,right,274,acetylcholine,0
296850634,SMP498,right,275,glutamate,1
296851132,SMP439,right,276,glutamate,1
296851235,SLP409,right,277,acetylcholine,0
296851261,FB8G,right,278,glutamate,1
296855409,FB8I,right,279,glutamate,1
296859399,SMP560,right,280,dopamine,0
296859438,SMP297,right,281,gaba,1
296863817,SLP268,right,282,glutamate,1
296867934,FS4A,left,283,acetylcholine,0
296868077,SMP483,right,284,dopamine,0
296872298,FS4A,left,285,acetylcholine,0
296872415,FS4A,left,286,acetylcholine,0
296880800,FB8E,right,287,glutamate,1
296885362,SMP126,left,288,glutamate,1
297040863,SMP166,left,289,,0
297165904,SLP194,right,290,glutamate,1
297166053,FB8F_b,right,291,glutamate,1
297166197,SLP180,right,292,glutamate,1
297178509,FB8F_a,right,293,glutamate,1
297179343,SLP093,right,294,glutamate,1
297183244,SLP409,right,295,acetylcholine,0
297183251,FB7A,right,296,octopamine,0
297192193,SLP203,right,297,glutamate,1
297192204,SLP115,right,298,acetylcholine,0
297196636,SMP432_a,right,299,acetylcholine,0
297217528,SMP563,right,300,dopamine,0
297221971,SLP067,right,301,glutamate,1
297230760,5-HTPMPD01,right,302,dopamine,0
297239396,SMP486_e,right,303,unknown,0
297243542,SMP335,right,304,glutamate,1
297247801,SMP599,right,305,glutamate,1
297251714,SMP049,right,306,gaba,1
297251765,SMP486_a,right,307,acetylcholine,0
297498027,SLP432_a,right,308,acetylcholine,0
297502392,SLP257,right,309,glutamate,1
297519736,SLP011,right,310,glutamate,1
297519807,FB8F_b,right,311,glutamate,1
297519815,SMP096,right,312,glutamate,1
297519843,SLP105,right,313,glutamate,1
297519947,SLP024_b,right,314,glutamate,1
297520036,SLP259,right,315,glutamate,1
297524212,SLP259,right,316,glutamate,1
297528119,AVLP249,right,317,acetylcholine,0
297528741,SLP024_b,right,318,glutamate,1
297533212,SLP244,right,319,acetylcholine,0
297541369,SMP466,right,320,dopamine,0
297558862,SLP183,right,321,glutamate,1
297563139,SMP515,right,322,acetylcholine,0
297563270,SIP068,right,323,dopamine,0
297572076,MC64,noside,324,acetylcholine,0
297572235,SMP025,right,325,glutamate,1
297580512,SMP486_a,right,326,acetylcholine,0
297580589,SMP548,right,327,dopamine,0
297584752,SMP233,right,328,glutamate,1
297584869,SMP035,right,329,glutamate,1
297588775,SMP481,right,330,acetylcholine,0
297588838,SMP486_b,right,331,acetylcholine,0
297588995,SMP296,right,332,octopamine,0
297593055,SMP483,right,333,dopamine,0
297851977,LHAV3j1,right,334,acetylcholine,0
297856167,SLP432_b,right,335,acetylcholine,0
297860327,AVLP246,right,336,acetylcholine,0
297860627,SLP105,right,337,glutamate,1
297869179,AVLP249,right,338,acetylcholine,0
297899921,SLP405_b,right,339,gaba,1
297908595,FB5G,right,340,glutamate,1
297908801,5-HTPMPD01,left,341,dopamine,0
297912117,SMP203,right,342,dopamine,0
297917158,SMP035,right,343,glutamate,1
297917363,SMP084,right,344,glutamate,1
297917364,SMP408_d,right,345,dopamine,0
297917459,SLP388,left,346,acetylcholine,0
297917474,SMP171,right,347,dopamine,0
297917475,SMP250,right,348,glutamate,1
297921527,LHAV6a3_a,right,349,serotonin,0
297921570,SMP338,right,350,glutamate,1
297921608,SMP333,right,351,acetylcholine,0
297921642,SMP486_b,right,352,acetylcholine,0
297921808,SIP076,right,353,acetylcholine,0
297925478,SMP230,right,354,glutamate,1
297925608,SMP084,right,355,glutamate,1
297925719,SMP478,right,356,acetylcholine,0
297925742,SMP480,right,357,acetylcholine,0
297929768,SMP483,right,358,acetylcholine,0
297929815,SMP480,right,359,acetylcholine,0
297930040,SMP486_f,right,360,acetylcholine,0
297934349,SMP408_d,right,361,dopamine,0
297938585,SMP285,right,362,octopamine,0
297947227,SMP286,right,363,gaba,1
298055752,FB8F_b,left,364,glutamate,1
298210543,SLP061,right,365,gaba,1
298214577,SLP244,right,366,acetylcholine,0
298240936,SLP428,right,367,acetylcholine,0
298241038,SMP408_d,right,368,dopamine,0
298245448,SIP078,right,369,dopamine,0
298245502,SMP025,right,370,glutamate,1
298249624,SLP405_b,right,371,acetylcholine,0
298250090,SMP087,right,372,glutamate,1
298254380,SMP484,right,373,acetylcholine,0
298254384,SLP376,right,374,glutamate,1
298254474,SMP408_b,right,375,acetylcholine,0
298254517,SMP082,left,376,glutamate,1
298258134,SMP096,right,377,glutamate,1
298258354,SMP406,right,378,dopamine,0
298258399,SMP577,right,379,dopamine,0
298258513,SMP108,right,380,acetylcholine,0
298258611,SLP388,right,381,acetylcholine,0
298258714,SMP041,right,382,glutamate,1
298262599,SMP559,right,383,dopamine,0
298262644,SMP234,right,384,glutamate,1
298262663,SMP553,right,385,glutamate,1
298262867,SLP183,right,386,glutamate,1
298266716,SMP440,right,387,dopamine,0
298266903,SMP408_d,right,388,dopamine,0
298267207,SMP435,right,389,dopamine,0
298270808,SMP296,right,390,gaba,1
298275356,SMP545,right,391,gaba,1
298279629,SMP486_f,right,392,acetylcholine,0
298288301,SMP481,right,393,acetylcholine,0
298405402,FB6T,left,394,glutamate,1
298542439,SIP082,right,395,dopamine,0
298547259,SLP021,right,396,glutamate,1
298547436,SLP164_b,right,397,acetylcholine,0
298586553,SMP087,right,398,glutamate,1
298586733,SIP076,right,399,acetylcholine,0
298590924,SLP181,right,400,glutamate,1
298591075,SIP076,right,401,acetylcholine,0
298591130,SMP348,right,402,dopamine,0
298595196,SMP172,right,403,dopamine,0
298595394,PAM10,right,404,dopamine,0
298599271,SMP026,left,405,acetylcholine,0
298599672,SMP088,right,406,glutamate,1
298603633,SMP559,right,407,dopamine,0
298603693,SMP406,right,408,acetylcholine,0
298603730,SMP179,right,409,acetylcholine,0
298603963,SLP020,right,410,glutamate,1
298607679,SLP396,right,411,acetylcholine,0
298612190,SLP391,right,412,dopamine,0
298616588,SMP086,right,413,glutamate,1
298616761,SMP095,right,414,glutamate,1
298625276,SMP484,right,415,serotonin,0
298927224,FB7F,right,416,glutamate,1
298927362,SMP408_a,right,417,acetylcholine,0
298931489,SIP076,right,418,dopamine,0
298931773,SLP404,right,419,acetylcholine,0
298935111,SLP423,right,420,acetylcholine,0
298935146,SIP007,right,421,glutamate,1
298936099,SLP394,right,422,acetylcholine,0
298944444,FB6U,right,423,glutamate,1
298944479,SMP408_d,right,424,dopamine,0
298944620,SMP299,right,425,gaba,1
298948785,SLP408,right,426,acetylcholine,0
298957166,SMP078,right,427,gaba,1
298957344,SIP077,right,428,acetylcholine,0
298961895,SMP478,right,429,acetylcholine,0
298962041,SMP088,right,430,glutamate,1
299043307,SLP218,right,431,glutamate,1
299078990,FB7F,left,432,glutamate,1
299082033,LHPV5e1,left,433,acetylcholine,0
299263690,SLP432_a,right,434,acetylcholine,0
299267723,SLP423,right,435,acetylcholine,0
299268507,SLP014,right,436,glutamate,1
299272434,SLP443,right,437,glutamate,1
299272806,SLP102,right,438,glutamate,1
299289811,SMP146,right,439,glutamate,1
299290105,SMP291,right,440,acetylcholine,0
299293552,SMP484,right,441,acetylcholine,0
299298381,SMP408_a,right,442,dopamine,0
299298593,SMP478,left,443,octopamine,0
299604675,SLP428,right,444,acetylcholine,0
299604736,SIP084,right,445,unknown,0
299604862,SLP421,right,446,dopamine,0
299609112,SLP425,right,447,acetylcholine,0
299613271,SIP077,right,448,acetylcholine,0
299613480,PAM09,right,449,dopamine,0
299617484,SIP076,right,450,dopamine,0
299617529,SMP336,right,451,glutamate,1
299617731,SIP078,right,452,dopamine,0
299617849,SIP076,right,453,acetylcholine,0
299617872,SLP405_a,right,454,acetylcholine,0
299621755,SMP086,left,455,glutamate,1
299626157,SMP170,right,456,glutamate,1
299954299,SLP405_c,right,457,acetylcholine,0
299954300,SIP076,right,458,dopamine,0
299958695,SIP076,right,459,acetylcholine,0
299958696,SIP078,right,460,acetylcholine,0
300455904,FB8F_a,left,461,glutamate,1
300968622,KCab-m,right,462,dopamine,0
300972942,MBON14,right,463,acetylcholine,0
301037686,PI1_c,noside,464,unknown,0
301309622,KCab-c,right,465,dopamine,0
301314150,KCab-c,right,466,dopamine,0
301314154,KCab-c,right,467,dopamine,0
301314208,KCab-c,right,468,dopamine,0
301318641,KCab-c,right,469,dopamine,0
324370873,SIP058,right,470,acetylcholine,0
324721026,SMP248,right,471,dopamine,0
324725187,SMP248,right,472,acetylcholine,0
324790113,SLP318,right,473,glutamate,1
324846570,DN1pA,right,474,glutamate,1
325113795,SLP446,right,475,acetylcholine,0
325122109,SLP364,right,476,glutamate,1
325122525,SLP316,right,477,glutamate,1
325122802,SLP354,right,478,glutamate,1
325127286,SLP296,right,479,glutamate,1
325131735,SLP296,right,480,glutamate,1
325446181,SLP317,right,481,glutamate,1
325455002,SLP403,right,482,serotonin,0
325455305,SLP318,right,483,glutamate,1
325455473,LHPV6a3_a,right,484,acetylcholine,0
325458991,LHPD1a1,right,485,glutamate,1
325460206,LHPD1a1,right,486,glutamate,1
325472654,LHPV6b1,right,487,acetylcholine,0
325484974,SLP108,right,488,glutamate,1
325489440,FB8D,right,489,glutamate,1
325490014,SLP052,right,490,gaba,1
325529237,DN1pA,right,491,glutamate,1
325743813,LHPD2c3,right,492,glutamate,1
325787243,LHPV6a4_b,right,493,acetylcholine,0
325791831,SLP367,right,494,glutamate,1
325791855,SLP318,right,495,glutamate,1
325797488,LHPV6a8,right,496,acetylcholine,0
325797575,LHPV6a4_b,right,497,acetylcholine,0
325802256,LHPV6a6_b,right,498,acetylcholine,0
325814461,LHPV4c3,right,499,glutamate,1
325814669,LHAV3a2,right,500,acetylcholine,0
325814784,SLP107,right,501,glutamate,1
325815440,SLP272,right,502,acetylcholine,0
325826011,SLP097,right,503,glutamate,1
325834652,LHAV3n1,right,504,acetylcholine,0
325839288,CL172,right,505,acetylcholine,0
325839302,CL173,right,506,acetylcholine,0
326119769,SLP457,right,507,dopamine,0
326124243,SLP318,right,508,glutamate,1
326128466,SLP350,right,509,glutamate,1
326128670,SLP301,right,510,glutamate,1
326134056,SLP353,right,511,serotonin,0
326134570,SLP296,right,512,glutamate,1
326137566,LHPD3b1_a,right,513,glutamate,1
326154371,LHAV3a2,right,514,acetylcholine,0
326155085,SLP141,right,515,glutamate,1
326159593,SLP097,right,516,glutamate,1
326159897,SLP352,right,517,glutamate,1
326159907,LHPV5j4,right,518,acetylcholine,0
326164634,LHPV6i4,right,519,acetylcholine,0
326164742,SLP354,right,520,glutamate,1
326184549,FS4B,left,521,acetylcholine,0
326227760,SLP431,right,522,acetylcholine,0
326253554,SMP454,right,523,acetylcholine,0
326460989,SLP317,right,524,glutamate,1
326465302,SMP225,right,525,glutamate,1
326474963,SLP392,right,526,dopamine,0
326475920,LHPD3b3,right,527,glutamate,1
326496740,SLP097,right,528,glutamate,1
326500709,SLP093,right,529,glutamate,1
326504486,SLP106,right,530,glutamate,1
326508001,SLP351,right,531,glutamate,1
326508583,SMP432_b,right,532,acetylcholine,0
326509224,SLP420,right,533,glutamate,1
326521082,FS4C,left,534,acetylcholine,0
326525255,FS4B,left,535,acetylcholine,0
326525339,FS4B,left,536,acetylcholine,0
326530038,SMP505,right,537,acetylcholine,0
326542980,SMP498,right,538,glutamate,1
326547252,SMP499,right,539,glutamate,1
326560782,CL086_e,right,540,acetylcholine,0
326810603,SLP172,right,541,glutamate,1
326811922,SLP164_a,right,542,acetylcholine,0
326812225,LHPV6a11_b,right,543,acetylcholine,0
326817334,SMP012,right,544,glutamate,1
326817510,SLP207,right,545,gaba,1
326817565,LHPV6a8,right,546,acetylcholine,0
326849964,FB9B_c,right,547,glutamate,1
326870795,FB9B_e,right,548,glutamate,1
326875404,FS4A,left,549,acetylcholine,0
326879917,SLP398,right,550,dopamine,0
326884203,FS4A,left,551,acetylcholine,0
326884223,SMP359_b,right,552,dopamine,0
326884250,SLP273,right,553,acetylcholine,0
326884264,FS4A,left,554,acetylcholine,0
326884331,SMP362,right,555,dopamine,0
326888433,SMP347,right,556,dopamine,0
326888609,SLP400,right,557,acetylcholine,0
326888627,SMP361,right,558,acetylcholine,0
326888675,SMP347,right,559,acetylcholine,0
326892322,SMP363,right,560,dopamine,0
326892728,SLP263,right,561,glutamate,1
326901620,SMP288,right,562,gaba,1
326905980,SMP486_c,right,563,acetylcholine,0
327147292,SLP062,right,564,gaba,1
327147610,SLP375,right,565,acetylcholine,0
327152465,SLP054,right,566,acetylcholine,0
327153088,SLP367,right,567,glutamate,1
327158282,SLP177_a,right,568,glutamate,1
327158831,SLP069,right,569,glutamate,1
327203386,FB7A,right,570,octopamine,0
327220514,LHAV3a6,right,571,acetylcholine,0
327225145,FS4A,left,572,acetylcholine,0
327229641,SMP305,right,573,gaba,1
327242169,SMP035,right,574,glutamate,1
327242287,SMP373,right,575,acetylcholine,0
327246381,SMP483,right,576,dopamine,0
327246931,SMP169,right,577,acetylcholine,0
327255181,SMP290,right,578,gaba,1
327398074,SA3,left,579,glutamate,1
327499164,LHCENT2,right,580,gaba,1
327506825,LHPV6a11_a,right,581,acetylcholine,0
327509674,SLP104,right,582,glutamate,1
327511994,SLP423,right,583,acetylcholine,0
327519295,SLP106,right,584,glutamate,1
327531576,SLP199,right,585,glutamate,1
327532246,SLP182_c,right,586,glutamate,1
327535642,SLP405_a,right,587,acetylcholine,0
327544990,SMP434,right,588,acetylcholine,0
327565511,FS4A,left,589,acetylcholine,0
327565800,FS4A,left,590,dopamine,0
327566042,SMP379,right,591,acetylcholine,0
327566137,FS4A,left,592,acetylcholine,0
327587580,SMP486_c,right,593,acetylcholine,0
327587644,SMP162,right,594,glutamate,1
327588225,SMP083,right,595,glutamate,1
327588446,SMP162,right,596,glutamate,1
327592562,SMP582,right,597,acetylcholine,0
327596420,SMP484,right,598,acetylcholine,0
327596481,SMP035,right,599,glutamate,1
327635327,PI2,noside,600,,0
327730878,FB6Z,left,601,glutamate,1
327838570,LHAD1k1,right,602,acetylcholine,0
327843160,SLP066,right,603,glutamate,1
327844600,SLP349,right,604,glutamate,1
327848116,SLP344,right,605,glutamate,1
327850917,SLP344,right,606,glutamate,1
327851331,SLP274,right,607,acetylcholine,0
327852122,SLP180,right,608,glutamate,1
327852276,SLP320,right,609,glutamate,1
327857238,SLP054,right,610,acetylcholine,0
327860997,SLP142,right,611,glutamate,1
327861138,SLP022,right,612,glutamate,1
327865394,SLP274,right,613,acetylcholine,0
327872592,SLP024_b,right,614,glutamate,1
327872615,SLP405_b,right,615,acetylcholine,0
327873821,SLP417,right,616,glutamate,1
327877252,SLP268,right,617,glutamate,1
327881747,SLP421,right,618,dopamine,0
327928411,SMP300,right,619,gaba,1
327932807,SMP486_a,right,620,acetylcholine,0
327933008,LHPD5b1,right,621,dopamine,0
327933027,SMP168,right,622,dopamine,0
327933061,SMP406,right,623,dopamine,0
327933208,SMP486_f,right,624,acetylcholine,0
327933679,SMP486_c,right,625,acetylcholine,0
327933814,SMP224,right,626,glutamate,1
327937328,DSKMP3,right,627,acetylcholine,0
327937494,SMP350,right,628,dopamine,0
327937628,SMP485,right,629,acetylcholine,0
327941844,SMP105_b,right,630,glutamate,1
328010530,SMP454,left,631,acetylcholine,0
328179112,SLP240_b,right,632,dopamine,0
328179117,SLP201,right,633,glutamate,1
328187494,SLP293,right,634,glutamate,1
328188238,SLP028,right,635,glutamate,1
328188777,SLP142,right,636,glutamate,1
328193076,SLP191,right,637,glutamate,1
328197044,SLP015_c,right,638,glutamate,1
328201793,SLP192,right,639,glutamate,1
328206519,SLP045,right,640,acetylcholine,0
328209735,SLP105,right,641,glutamate,1
328213227,FB8F_a,right,642,glutamate,1
328213594,SLP405_a,right,643,acetylcholine,0
328213824,SLP408,right,644,acetylcholine,0
328214655,SLP294,right,645,glutamate,1
328244591,SMP564,right,646,dopamine,0
328253133,PAM10,right,647,dopamine,0
328265182,SMP259,right,648,acetylcholine,0
328265281,SIP006,right,649,glutamate,1
328265389,SMP082,right,650,glutamate,1
328269766,SMP347,right,651,dopamine,0
328270395,SMP399,right,652,acetylcholine,0
328273806,SMP226,right,653,glutamate,1
328274638,SMP551,right,654,dopamine,0
328274706,SMP486_c,right,655,acetylcholine,0
328278368,SMP486_b,right,656,acetylcholine,0
328278449,SMP406,right,657,acetylcholine,0
328283406,SMP440,right,658,dopamine,0
328291093,SMP487,right,659,acetylcholine,0
328373131,SMP286,left,660,gaba,1
328417092,SMP387,left,661,acetylcholine,0
328519723,SLP029,right,662,glutamate,1
328519904,LHAV3a6,right,663,acetylcholine,0
328524517,SLP039,right,664,glutamate,1
328524867,SLP201,right,665,glutamate,1
328524904,SLP040,right,666,acetylcholine,0
328525017,SLP116,right,667,acetylcholine,0
328530120,SLP199,right,668,glutamate,1
328533761,PPL201,right,669,dopamine,0
328533799,SLP427,right,670,acetylcholine,0
328533857,SLP038,right,671,acetylcholine,0
328533896,SLP141,right,672,glutamate,1
328537891,SLP428,right,673,acetylcholine,0
328538398,SLP193_b,right,674,glutamate,1
328538408,SLP327,right,675,dopamine,0
328542009,LHAD1i2_b,right,676,acetylcholine,0
328542218,SLP142,right,677,glutamate,1
328543014,LHAV3k5,right,678,glutamate,1
328543082,SLP160,right,679,acetylcholine,0
328546621,SLP424,right,680,acetylcholine,0
328546871,PAM10,right,681,dopamine,0
328559607,DSKMP3,right,682,acetylcholine,0
328563364,SLP408,right,683,acetylcholine,0
328593903,SMP352,right,684,acetylcholine,0
328601956,CRE105,right,685,acetylcholine,0
328611004,LHPV5e1,right,686,acetylcholine,0
328611467,SMP480,right,687,acetylcholine,0
328611654,SMP406,right,688,dopamine,0
328632707,SMP083,right,689,glutamate,1
328744210,FB5G,left,690,glutamate,1
328860895,SLP199,right,691,glutamate,1
328860948,SLP432_b,right,692,acetylcholine,0
328861072,SLP156,right,693,acetylcholine,0
328861126,SLP432_a,right,694,acetylcholine,0
328861282,LHCENT1,right,695,gaba,1
328870472,SLP440,right,696,acetylcholine,0
328875073,SLP180,right,697,glutamate,1
328879562,SLP319,right,698,glutamate,1
328879764,SLP025,right,699,glutamate,1
328883562,SLP127,right,700,dopamine,0
328883690,SLP021,right,701,glutamate,1
328887932,SLP432_b,right,702,acetylcholine,0
328887977,SLP024_a,right,703,glutamate,1
328896613,SLP405_b,right,704,acetylcholine,0
328905011,SLP281,right,705,glutamate,1
328909029,SLP164_b,right,706,acetylcholine,0
328909309,SLP408,right,707,glutamate,1
328930845,FB8F_a,right,708,glutamate,1
328935472,SMP147,right,709,gaba,1
328939480,SMP559,right,710,dopamine,0
328943204,SMP181,left,711,dopamine,0
328948348,SMP409,right,712,dopamine,0
328952123,SMP235,right,713,glutamate,1
328956505,SMP193,right,714,dopamine,0
329102850,FB8F_a,left,715,glutamate,1
329206270,LHAV2k4,right,716,acetylcholine,0
329206392,SLP126,right,717,acetylcholine,0
329206628,SLP015_e,right,718,glutamate,1
329210713,LHAD3f1_a,right,719,acetylcholine,0
329211098,LHAV6a3_a,right,720,serotonin,0
329211374,SLP431,right,721,acetylcholine,0
329214990,SLP045,right,722,acetylcholine,0
329215304,SLP104,right,723,glutamate,1
329215923,LHAV5a2_b,right,724,acetylcholine,0
329215976,LHAD3f1_a,right,725,acetylcholine,0
329215996,SLP015_c,right,726,glutamate,1
329216050,LHAV7a3_b,right,727,glutamate,1
329220439,LHPV5d1_a,right,728,acetylcholine,0
329221260,SLP024_a,right,729,glutamate,1
329225149,LHCENT10,right,730,gaba,1
329246255,SLP421,right,731,acetylcholine,0
329254286,SLP024_c,right,732,glutamate,1
329254539,LHPD2a8,right,733,glutamate,1
329257947,SLP019,right,734,glutamate,1
329258532,LHPV4d7,right,735,glutamate,1
329289084,FB6G,right,736,octopamine,0
329301513,SLP411,right,737,glutamate,1
329301762,SMP408_c,right,738,acetylcholine,0
329310230,SMP082,left,739,glutamate,1
329435390,PAM10,left,740,dopamine,0
329552035,SLP015_c,right,741,glutamate,1
329560716,SLP209,right,742,gaba,1
329561513,SLP142,right,743,glutamate,1
329561615,LHAD3b1_c,right,744,acetylcholine,0
329561679,SLP200,right,745,glutamate,1
329566174,OA-VPM3,right,746,octopamine,0
329566187,SLP176,right,747,glutamate,1
329566197,SMP549,right,748,dopamine,0
329566335,SLP028,right,749,glutamate,1
329566467,LHAV3b7,right,750,acetylcholine,0
329574917,SLP258,right,751,glutamate,1
329578247,SLP150,right,752,acetylcholine,0
329581637,LHAV6a9,right,753,acetylcholine,0
329582105,SLP101,right,754,glutamate,1
329599710,M_lvPNm32,right,755,acetylcholine,0
329638509,FB7E,right,756,glutamate,1
329646990,SMP568_d,right,757,acetylcholine,0
329732855,SMP368,left,758,,0
329772284,FB6S,left,759,glutamate,1
329897241,SLP241,right,760,acetylcholine,0
329897255,LHCENT10,right,761,gaba,1
329901950,SLP369,right,762,acetylcholine,0
329906396,LHAD3a8_b,right,763,acetylcholine,0
329918685,SMP484,right,764,acetylcholine,0
329919036,aSP-g3A,right,765,acetylcholine,0
329966674,SLP204,right,766,glutamate,1
329970706,SMP186,right,767,acetylcholine,0
329978745,SMP196,right,768,acetylcholine,0
329983926,FB5G,right,769,glutamate,1
329988112,SMP399,right,770,dopamine,0
330074340,SMP289,left,771,glutamate,1
330079381,SMP088,left,772,glutamate,1
330237771,SLP295,right,773,glutamate,1
330238043,SLP427,right,774,acetylcholine,0
330246657,LHPV6c2,right,775,acetylcholine,0
330256546,SLP192,right,776,glutamate,1
330259272,SLP259,right,777,glutamate,1
330260421,SLP010,right,778,glutamate,1
330268940,LHCENT9,right,779,gaba,1
330276998,SLP019,right,780,glutamate,1
330303073,SLP102,right,781,glutamate,1
330316013,SMP389,right,782,dopamine,0
330319977,SIP047,right,783,dopamine,0
330319983,CRE083,right,784,acetylcholine,0
330320065,SIP065,left,785,glutamate,1
330388864,PI1_a,noside,786,serotonin,0
330415332,SMP513,left,787,acetylcholine,0
330604760,LHAD2e2,right,788,glutamate,1
330640044,SMP181,right,789,dopamine,0
330640381,SLP102,right,790,glutamate,1
330661529,SMP172,right,791,dopamine,0
330661573,FB6S,right,792,glutamate,1
330661786,SMP087,left,793,glutamate,1
330678844,SMP081,left,794,glutamate,1
330937034,SLP194,right,795,glutamate,1
330989587,SIP008,right,796,glutamate,1
330998090,SMP399,right,797,dopamine,0
331002291,SIP005,right,798,glutamate,1
331006655,SMP347,right,799,acetylcholine,0
331011085,SIP088,right,800,acetylcholine,0
331338959,SMP191,right,801,acetylcholine,0
331343089,SMP405,right,802,dopamine,0
331411807,PI1_c,noside,803,acetylcholine,0
331662668,KCab-m,right,804,dopamine,0
331662710,PPL106,right,805,dopamine,0
331662717,KCab-s,right,806,dopamine,0
331774819,SMP084,left,807,glutamate,1
331999156,KCab-c,right,808,dopamine,0
331999213,KCab-s,right,809,dopamine,0
332003372,KCab-c,right,810,dopamine,0
332003629,KCab-m,right,811,dopamine,0
332003730,KCab-c,right,812,dopamine,0
332003895,KCab-m,right,813,dopamine,0
332003899,KCab-c,right,814,dopamine,0
332007728,KCab-m,right,815,dopamine,0
332008063,KCab-m,right,816,dopamine,0
332008082,KCab-m,right,817,dopamine,0
332340127,KCab-s,right,818,dopamine,0
332340236,KCab-m,right,819,dopamine,0
332344539,KCab-c,right,820,dopamine,0
332344592,KCab-c,right,821,dopamine,0
332344670,KCab-c,right,822,dopamine,0
332344760,KCab-c,right,823,dopamine,0
332344908,KCab-m,right,824,dopamine,0
332349228,KCab-c,right,825,dopamine,0
332349327,KCab-c,right,826,dopamine,0
332353106,KCab-m,right,827,dopamine,0
332353336,KCab-m,right,828,dopamine,0
332353438,KCab-s,right,829,dopamine,0
332353566,KCab-m,right,830,dopamine,0
332685594,KCab-c,right,831,dopamine,0
332685751,KCab-c,right,832,dopamine,0
332685755,KCab-c,right,833,dopamine,0
332689776,KCab-m,right,834,dopamine,0
332690153,KCab-c,right,835,dopamine,0
333030976,KCab-m,right,836,dopamine,0
333031114,KCab-m,right,837,dopamine,0
333035349,KCab-s,right,838,dopamine,0
333039671,KCab-m,right,839,dopamine,0
354775482,KCg-m,right,840,dopamine,0
354779890,KCg-m,right,841,dopamine,0
354797099,SLP290,right,842,glutamate,1
355073569,SIP059,right,843,acetylcholine,0
355077858,SIP032,right,844,acetylcholine,0
355086967,SMP211,right,845,glutamate,1
355133859,SLP286,right,846,glutamate,1
355453590,SLP316,right,847,glutamate,1
355651857,FR2,noside,848,acetylcholine,0
355816896,SLP309,right,849,glutamate,1
356131764,LHPD3a4_b,right,850,glutamate,1
356136008,SLP309,right,851,glutamate,1
356140100,SLP249,right,852,glutamate,1
356140121,CL132,right,853,glutamate,1
356144721,LHPV5h3,right,854,acetylcholine,0
356153135,LHPV4c3,right,855,glutamate,1
356429209,LHPD2c1,right,856,dopamine,0
356467849,LHPD3a1,right,857,glutamate,1
356468264,SLP314,right,858,glutamate,1
356472628,SLP078,right,859,glutamate,1
356472645,SLP364,right,860,glutamate,1
356472660,SLP445,right,861,glutamate,1
356481698,SLP308,right,862,glutamate,1
356486199,LHPD3b1_b,right,863,glutamate,1
356490891,SLP172,right,864,glutamate,1
356494648,SLP341,right,865,acetylcholine,0
356499529,LHPV6i1_a,right,866,acetylcholine,0
356503889,LHPV6f4_b,right,867,acetylcholine,0
356517307,SMP305,right,868,gaba,1
356670712,FR2,noside,869,acetylcholine,0
356809554,LHPV4e1,right,870,glutamate,1
356809556,CL087,right,871,acetylcholine,0
356818390,SLP305,right,872,glutamate,1
356818551,LPN,right,873,dopamine,0
356818664,LHPV6a9_b,right,874,acetylcholine,0
356823065,LHPV5f1,right,875,acetylcholine,0
356832459,SLP054,right,876,acetylcholine,0
356832508,LHAV3n1,right,877,acetylcholine,0
356835277,SMP225,right,878,glutamate,1
356844539,SLP407,right,879,acetylcholine,0
356878521,CL160,right,880,acetylcholine,0
356909006,SMP450,right,881,glutamate,1
356913605,CL179,right,882,glutamate,1
357146296,LHPV4l1,right,883,glutamate,1
357150583,SLP436,right,884,glutamate,1
357160116,LHPV6d1,right,885,acetylcholine,0
357223889,FS4B,left,886,acetylcholine,0
357224041,LHPV5l1,right,887,acetylcholine,0
357245785,CL191,right,888,glutamate,1
357249472,CL195,right,889,glutamate,1
357249642,CL185,right,890,glutamate,1
357249801,CL197,right,891,glutamate,1
357249838,CL198_a,right,892,glutamate,1
357249875,CL186,right,893,glutamate,1
357250005,SMP450,right,894,glutamate,1
357250124,CL191,right,895,glutamate,1
357250238,SMP452,right,896,glutamate,1
357482735,SLP460,right,897,glutamate,1
357490931,LHAV4d3,right,898,gaba,1
357496172,LHAV3a5,right,899,acetylcholine,0
357505462,SLP203,right,900,serotonin,0
357515217,SLP365,right,901,glutamate,1
357522097,SLP348,right,902,glutamate,1
357522570,SLP096,right,903,glutamate,1
357530358,SLP294,right,904,glutamate,1
357569116,FS4B,left,905,acetylcholine,0
357569231,FS4A,left,906,acetylcholine,0
357569240,FS4A,left,907,acetylcholine,0
357573154,SLP398,right,908,dopamine,0
357573309,FS4B,left,909,acetylcholine,0
357581846,SMP363,right,910,dopamine,0
357581860,SMP363,right,911,dopamine,0
357581939,SMP363,right,912,dopamine,0
357663649,FR2,noside,913,acetylcholine,0
357814777,CL087,right,914,acetylcholine,0
357823645,LHAV4d1,right,915,gaba,1
357832762,SLP111_b,right,916,acetylcholine,0
357842366,SLP177_a,right,917,glutamate,1
357855613,LHAV3a3,right,918,glutamate,1
357859600,SLP156,right,919,acetylcholine,0
357862532,SLP341,right,920,acetylcholine,0
357863646,SLP358,right,921,glutamate,1
357901388,SMP167,right,922,gaba,1
357909813,FS4A,left,923,acetylcholine,0
357919199,FS4B,left,924,acetylcholine,0
357923095,SMP539,right,925,glutamate,1
357932060,SMP297,right,926,gaba,1
357940977,SMP218,right,927,glutamate,1
357944721,SMP162,right,928,glutamate,1
357944930,SMP539,right,929,glutamate,1
357945095,SMP219,right,930,glutamate,1
357945155,SMP119,left,931,glutamate,1
357949102,SMP222,right,932,glutamate,1
357949364,SMP233,right,933,glutamate,1
358197007,SLP028,right,934,glutamate,1
358197600,SLP088,right,935,glutamate,1
358208973,SLP286,right,936,glutamate,1
358209090,SLP295,right,937,glutamate,1
358209104,SLP295,right,938,glutamate,1
358209154,SLP290,right,939,glutamate,1
358213022,SLP295,right,940,glutamate,1
358251878,FB1B,right,941,octopamine,0
358259842,FB8G,right,942,glutamate,1
358264919,SMP239,right,943,acetylcholine,0
358264979,SLP415,right,944,glutamate,1
358272988,SLP263,right,945,glutamate,1
358281935,SMP218,right,946,glutamate,1
358281997,SMP302,right,947,gaba,1
358285424,SMP226,right,948,glutamate,1
358286194,SMP537,right,949,glutamate,1
358286442,SMP466,right,950,acetylcholine,0
358290727,SMP261,right,951,acetylcholine,0
358290805,SMP083,left,952,glutamate,1
358424052,FB8G,left,953,glutamate,1
358501372,SLP317,right,954,glutamate,1
358514340,SLP306,right,955,acetylcholine,0
358515278,SLP323,right,956,acetylcholine,0
358529697,SLP141,right,957,glutamate,1
358538040,LHAV3c1,right,958,glutamate,1
358538491,LHAV3c2,right,959,glutamate,1
358541542,LHAV3c1,right,960,glutamate,1
358545984,SLP292,right,961,glutamate,1
358593042,SMP292,right,962,acetylcholine,0
358613806,SMP215,right,963,glutamate,1
358613830,SMP536,right,964,glutamate,1
358631450,SMP222,right,965,glutamate,1
358631537,SMP343,right,966,glutamate,1
358635284,SMP480,right,967,acetylcholine,0
358639742,SMP512,right,968,acetylcholine,0
358639884,SMP219,right,969,glutamate,1
358847551,SMP255,right,970,dopamine,0
358865451,LHPD3b1_b,right,971,glutamate,1
358870425,SLP177_a,right,972,glutamate,1
358874595,SLP051,right,973,acetylcholine,0
358877435,SLP156,right,974,acetylcholine,0
358878546,SLP110,right,975,acetylcholine,0
358879127,SLP320,right,976,glutamate,1
358890923,SLP135,right,977,glutamate,1
358899943,SLP377,right,978,glutamate,1
358976440,SMP219,right,979,glutamate,1
358976515,SMP228,right,980,glutamate,1
358985893,SMP526,left,981,dopamine,0
359027729,PI1_b,noside,982,dopamine,0
359066834,SMP288,left,983,gaba,1
359183551,SLP353,right,984,glutamate,1
359210228,LHAD1j1,right,985,acetylcholine,0
359210479,LHAV3a6,right,986,dopamine,0
359214479,LHCENT12,right,987,glutamate,1
359215268,SLP432_a,right,988,acetylcholine,0
359218739,SLP174,right,989,glutamate,1
359218762,SLP289,right,990,glutamate,1
359219263,SLP040,right,991,acetylcholine,0
359219503,SLP037,right,992,acetylcholine,0
359219722,SLP015_d,right,993,glutamate,1
359223830,LHPV4d6,right,994,glutamate,1
359227113,SLP015_c,right,995,glutamate,1
359240144,SLP015_c,right,996,glutamate,1
359240396,SIP054,right,997,acetylcholine,0
359279388,LHPV6b1,right,998,acetylcholine,0
359287673,SLP010,right,999,glutamate,1
359292188,SMP136,left,1000,glutamate,1
359317340,SMP408_c,right,1001,dopamine,0
359326692,SMP509,left,1002,acetylcholine,0
359326764,SMP231,right,1003,glutamate,1
359524536,LHPV4i4,right,1004,glutamate,1
359529027,LHPV5j4,right,1005,acetylcholine,0
359555152,SLP044_b,right,1006,acetylcholine,0
359555628,LHAV3b3,right,1007,acetylcholine,0
359555689,LHAV3b12,right,1008,acetylcholine,0
359556017,SLP016,right,1009,glutamate,1
359560118,LHAV2k4,right,1010,acetylcholine,0
359560701,SLP197,right,1011,glutamate,1
359560762,LHPV7b1,right,1012,acetylcholine,0
359564703,SLP041,right,1013,acetylcholine,0
359568205,LHAV5a6_a,right,1014,acetylcholine,0
359568460,SLP262,right,1015,glutamate,1
359581549,LHAV3k6,right,1016,acetylcholine,0
359586213,PAM09,right,1017,dopamine,0
359594119,SIP079,right,1018,acetylcholine,0
359598627,PAM10,right,1019,dopamine,0
359628017,SIP008,right,1020,glutamate,1
359637824,FB6T,right,1021,glutamate,1
359744514,pC1a,left,1022,acetylcholine,0
359891881,LHCENT12,right,1023,glutamate,1
359892436,LHAV5a2_a,right,1024,acetylcholine,0
359892669,SLP132,right,1025,glutamate,1
359897288,SLP241,right,1026,acetylcholine,0
359897526,SLP200,right,1027,glutamate,1
359900300,SLP103,right,1028,glutamate,1
359901157,LHAD1i1,right,1029,acetylcholine,0
359905678,LHAD1i1,right,1030,acetylcholine,0
359913281,SLP160,right,1031,acetylcholine,0
359913782,LHAD3a9,right,1032,acetylcholine,0
359917896,SLP431,right,1033,acetylcholine,0
359918228,SLP198,right,1034,glutamate,1
359926718,SLP025,right,1035,glutamate,1
359926731,SLP023,right,1036,glutamate,1
359926787,SLP008,right,1037,glutamate,1
359926923,SLP015_c,right,1038,glutamate,1
359931311,SLP212,right,1039,acetylcholine,0
359944162,SLP405_a,right,1040,acetylcholine,0
359974171,SIP084,right,1041,unknown,0
360236724,LHAV4l1,right,1042,gaba,1
360236750,LHAD3b1_e,right,1043,acetylcholine,0
360237353,LHAV2k4,right,1044,acetylcholine,0
360237650,SLP185,right,1045,gaba,1
360238069,LHAD3f1_a,right,1046,acetylcholine,0
360242173,SLP127,right,1047,dopamine,0
360245971,SLP017,right,1048,glutamate,1
360246734,LHAD3a2_a,right,1049,acetylcholine,0
360246848,SLP240_b,right,1050,dopamine,0
360254108,SMP334,right,1051,dopamine,0
360254511,LHAV6a9,right,1052,acetylcholine,0
360254994,LHPV5c1_b,right,1053,acetylcholine,0
360255138,LHAV3m1,right,1054,gaba,1
360259013,SLP425,right,1055,acetylcholine,0
360259229,LHAV3h1,right,1056,acetylcholine,0
360263797,SLP008,right,1057,glutamate,1
360268385,SLP433,right,1058,dopamine,0
360284300,LHCENT8,right,1059,gaba,1
360310976,SMP060,right,1060,glutamate,1
360314997,LHAD1d2,right,1061,acetylcholine,0
360315461,SLP102,right,1062,glutamate,1
360319284,SIP047,right,1063,dopamine,0
360319323,FB6Q,right,1064,glutamate,1
360349882,SMP193,right,1065,dopamine,0
360466268,FB8F_a,left,1066,glutamate,1
360573708,LHAV5a4_c,right,1067,acetylcholine,0
360578457,LHAV6a3_a,right,1068,acetylcholine,0
360578625,LHAV6a1_b,right,1069,acetylcholine,0
360578907,LHAD3a6,right,1070,acetylcholine,0
360583021,LHAD3a7_a,right,1071,acetylcholine,0
360587642,SLP369,right,1072,acetylcholine,0
360591860,SLP279,right,1073,glutamate,1
360595711,LHAV2k3,right,1074,acetylcholine,0
360596183,LHPV6a5,right,1075,acetylcholine,0
360660371,SIP030,right,1076,dopamine,0
360673271,SMP136,left,1077,glutamate,1
360677632,SMP251,right,1078,dopamine,0
360690414,SMP162,right,1079,glutamate,1
360698817,SMP105_b,right,1080,glutamate,1
360759031,SMP102,right,1081,glutamate,1
360764170,SMP125,right,1082,glutamate,1
360773196,SMP109,left,1083,acetylcholine,0
360914546,SLP240_a,right,1084,acetylcholine,0
360914617,LHAD3a5,right,1085,acetylcholine,0
360927799,LHAV5a5,right,1086,acetylcholine,0
360928792,LHAV3b10,right,1087,acetylcholine,0
360932188,LHAD1a4_b,right,1088,acetylcholine,0
360941147,PAM09,right,1089,dopamine,0
360950551,LHAV5b2,right,1090,acetylcholine,0
360954739,SLP015_e,right,1091,glutamate,1
360958913,mAL1,left,1092,gaba,1
361005850,SMP199,right,1093,acetylcholine,0
361040812,SMP081,left,1094,glutamate,1
361108721,SMP049,left,1095,gaba,1
361114148,SMP553,left,1096,,0
361259770,LHAV1d2_a,right,1097,acetylcholine,0
361260110,SLP241,right,1098,acetylcholine,0
361264970,SLP128,right,1099,dopamine,0
361269751,LHPV5c1_b,right,1100,acetylcholine,0
361269864,LHAD3b1_g,right,1101,acetylcholine,0
361273559,SLP327,right,1102,dopamine,0
361298637,SMP105_a,right,1103,glutamate,1
361312146,SMP103,right,1104,glutamate,1
361312808,SMP503,right,1105,dopamine,0
361341837,CRE083,right,1106,acetylcholine,0
361351171,SMP028,right,1107,glutamate,1
361355033,SMP259,right,1108,acetylcholine,0
361364000,FB7E,right,1109,glutamate,1
361376643,CRE025,right,1110,glutamate,1
361445621,SMP108,left,1111,acetylcholine,0
361614914,CL077,right,1112,acetylcholine,0
361636071,SMP105_a,right,1113,glutamate,1
361640697,SLP261,right,1114,glutamate,1
361700223,SMP170,right,1115,glutamate,1
361700674,SIP075,right,1116,dopamine,0
361704572,SMP453,right,1117,glutamate,1
361722354,SMP081,right,1118,glutamate,1
361787030,SMP041,left,1119,,0
361955066,SLP450,right,1120,acetylcholine,0
361955275,LHAD3a1,right,1121,acetylcholine,0
361959852,LHAV1d2_a,right,1122,acetylcholine,0
361964228,SLP103,right,1123,glutamate,1
361964245,SLP369,right,1124,acetylcholine,0
361968122,LHAD2e3,right,1125,acetylcholine,0
362007054,SLP424,right,1126,acetylcholine,0
362019898,SIP066,right,1127,glutamate,1
362020664,SIP030,right,1128,acetylcholine,0
362041442,SIP019,right,1129,acetylcholine,0
362045855,SMP449,right,1130,glutamate,1
362299997,SMP032,right,1131,acetylcholine,0
362369976,SMP215,right,1132,glutamate,1
362394990,SLP408,right,1133,acetylcholine,0
362395402,SMP172,right,1134,dopamine,0
362473525,AstA1,left,1135,gaba,1
362507326,FB6M,left,1136,glutamate,1
362689128,KCab-s,right,1137,dopamine,0
362693077,KCab-m,right,1138,dopamine,0
362693473,KCab-m,right,1139,dopamine,0
362697657,KCab-s,right,1140,dopamine,0
362701764,KCab-s,right,1141,dopamine,0
362701875,KCab-s,right,1142,dopamine,0
362701895,KCab-m,right,1143,dopamine,0
362701969,KCab-s,right,1144,dopamine,0
362715189,FB5H,right,1145,dopamine,0
362719326,SMP464,right,1146,acetylcholine,0
362814519,SMP088,left,1147,glutamate,1
362866879,CRE083,left,1148,acetylcholine,0
363029976,KCab-m,right,1149,dopamine,0
363030024,KCab-m,right,1150,dopamine,0
363030040,KCab-s,right,1151,dopamine,0
363034174,KCab-m,right,1152,dopamine,0
363034211,KCab-m,right,1153,dopamine,0
363034407,KCab-m,right,1154,dopamine,0
363034501,KCab-c,right,1155,dopamine,0
363038752,KCab-c,right,1156,dopamine,0
363038831,KCab-m,right,1157,dopamine,0
363042781,KCab-m,right,1158,dopamine,0
363047222,KCab-s,right,1159,dopamine,0
363370708,KCab-c,right,1160,dopamine,0
363370913,KCab-m,right,1161,dopamine,0
363371001,KCab-m,right,1162,dopamine,0
363375247,KCab-c,right,1163,dopamine,0
363375408,KCab-c,right,1164,dopamine,0
363375475,KCab-c,right,1165,dopamine,0
363379387,KCab-c,right,1166,dopamine,0
363384083,KCab-m,right,1167,dopamine,0
363384090,KCab-m,right,1168,dopamine,0
363384138,KCab-m,right,1169,dopamine,0
363387921,KCab-m,right,1170,dopamine,0
363716151,KCab-c,right,1171,dopamine,0
363716303,KCab-m,right,1172,dopamine,0
363716362,KCab-m,right,1173,dopamine,0
363724985,KCab-c,right,1174,dopamine,0
363724996,KCab-c,right,1175,dopamine,0
363725096,KCab-c,right,1176,dopamine,0
363725201,KCab-m,right,1177,dopamine,0
363725228,KCab-m,right,1178,dopamine,0
363729312,KCab-m,right,1179,dopamine,0
363729314,KCab-m,right,1180,dopamine,0
363733406,KCab-s,right,1181,dopamine,0
364061776,KCab-m,right,1182,dopamine,0
364066029,KCab-c,right,1183,dopamine,0
364070309,KCab-c,right,1184,dopamine,0
364070517,KCab-m,right,1185,dopamine,0
364156501,SMP134,left,1186,glutamate,1
364407023,KCab-m,right,1187,dopamine,0
364411143,KCab-s,right,1188,dopamine,0
385132611,KCg-m,right,1189,dopamine,0
385158577,KCg-m,right,1190,dopamine,0
386191185,SLP293,right,1191,glutamate,1
386280932,FC2B,right,1192,glutamate,1
386506469,SMP296,right,1193,gaba,1
386821054,LHPD3a2_a,right,1194,glutamate,1
386821081,LHPD3a2_c,right,1195,glutamate,1
386825553,LHPD3a1,right,1196,glutamate,1
386825636,LHPD3a3_a,right,1197,glutamate,1
386825720,LHPD3a4_c,right,1198,glutamate,1
386825792,LHPD3a3_b,right,1199,glutamate,1
386833812,LHPV4c4_a,right,1200,glutamate,1
386833850,SMP529,right,1201,acetylcholine,0
386834269,DN1pB,right,1202,glutamate,1
386838513,LHPV6i1_a,right,1203,acetylcholine,0
386838814,LHPV4c2,right,1204,glutamate,1
386842280,SLP171,right,1205,glutamate,1
386847799,SMP225,right,1206,glutamate,1
386877197,SMP424,right,1207,glutamate,1
387023620,PEN_b(PEN2),noside,1208,serotonin,0
387166379,DN1pA,right,1209,glutamate,1
387170738,SLP324,right,1210,acetylcholine,0
387180418,SLP308,right,1211,glutamate,1
387180498,LHPV6h1_a,right,1212,acetylcholine,0
387215056,LHPV6f6,right,1213,acetylcholine,0
387227028,CL172,right,1214,acetylcholine,0
387364605,EPG,noside,1215,glutamate,1
387503511,SLP324,right,1216,acetylcholine,0
387507495,SLP323,right,1217,acetylcholine,0
387512128,CL132,right,1218,glutamate,1
387516191,SLP312,right,1219,glutamate,1
387538632,LHAV3c2,right,1220,glutamate,1
387556524,SLP109,right,1221,glutamate,1
387568523,LHPD5d1,right,1222,acetylcholine,0
387809633,SIP051,right,1223,acetylcholine,0
387870860,LHPV6c1,right,1224,acetylcholine,0
387878711,SLP096,right,1225,glutamate,1
387913101,FS4C,left,1226,acetylcholine,0
387913933,FS4C,left,1227,acetylcholine,0
387939094,CL196,right,1228,glutamate,1
387939267,CL198_b,right,1229,glutamate,1
387943673,SLP462,right,1230,glutamate,1
387944118,DN1pA,right,1231,glutamate,1
387952104,LHPV10a1,right,1232,dopamine,0
388012215,hDeltaD,noside,1233,dopamine,0
388208592,SLP285,right,1234,glutamate,1
388211850,SLP284,right,1235,glutamate,1
388246273,SAF,right,1236,glutamate,1
388267095,SMP359_b,right,1237,acetylcholine,0
388280029,CL184,right,1238,glutamate,1
388280137,CL198_a,right,1239,glutamate,1
388280200,CL193,right,1240,glutamate,1
388280249,CL194,right,1241,glutamate,1
388280268,CL189,right,1242,glutamate,1
388280286,CL189,right,1243,glutamate,1
388280297,SMP453,right,1244,glutamate,1
388280322,SMP448,right,1245,glutamate,1
388280333,CL198_a,right,1246,glutamate,1
388280381,CL269,right,1247,acetylcholine,0
388280529,SMP453,right,1248,glutamate,1
388280541,SMP451,right,1249,glutamate,1
388280610,CL194,right,1250,glutamate,1
388284324,SLP032,right,1251,acetylcholine,0
388293131,SMP464,right,1252,acetylcholine,0
388513242,SLP110,right,1253,acetylcholine,0
388513464,LHAV4d2_a,right,1254,gaba,1
388553520,SLP094,right,1255,glutamate,1
388565572,SLP284,right,1256,dopamine,0
388605118,SMP167,right,1257,gaba,1
388608485,FS4A,left,1258,acetylcholine,0
388612388,FS4A,left,1259,acetylcholine,0
388629465,SLP407,right,1260,acetylcholine,0
388638672,SMP161,right,1261,glutamate,1
388854495,LHPV4h2,right,1262,glutamate,1
388859011,SLP349,right,1263,glutamate,1
388863775,LHPV6a3_b,right,1264,acetylcholine,0
388877336,SLP466,right,1265,acetylcholine,0
388881226,LHPV6m1,right,1266,glutamate,1
388885518,SLP468,right,1267,acetylcholine,0
388898076,LHAV3c2,right,1268,glutamate,1
388898102,SLP289,right,1269,glutamate,1
388898107,SLP288,right,1270,glutamate,1
388898135,SLP288,right,1271,glutamate,1
388898152,SLP289,right,1272,glutamate,1
388898153,SLP288,right,1273,glutamate,1
388898174,SLP288,right,1274,glutamate,1
388898182,SLP282,right,1275,glutamate,1
388902666,SLP289,right,1276,glutamate,1
388902705,SLP287,right,1277,glutamate,1
388902751,SLP284,right,1278,gaba,1
388924424,LHPD2d2,right,1279,glutamate,1
388954086,SMP184,right,1280,acetylcholine,0
388975834,SMP462,right,1281,acetylcholine,0
388984132,SMP532,right,1282,glutamate,1
389195896,SLP304,right,1283,acetylcholine,0
389199391,CL085,right,1284,acetylcholine,0
389199936,SLP304,right,1285,acetylcholine,0
389200241,SLP224,right,1286,acetylcholine,0
389204888,SLP111_b,right,1287,acetylcholine,0
389204929,SLP065,right,1288,gaba,1
389205204,SLP221,right,1289,acetylcholine,0
389210230,SLP366,right,1290,acetylcholine,0
389217959,SLP065,right,1291,gaba,1
389239243,SLP288,right,1292,glutamate,1
389247395,SLP183,right,1293,glutamate,1
389303772,SLP263,right,1294,glutamate,1
389307767,SMP354,right,1295,dopamine,0
389311717,SMP188,right,1296,acetylcholine,0
389325067,SMP440,right,1297,dopamine,0
389527383,SLP348,right,1298,glutamate,1
389536816,SLP111_b,right,1299,acetylcholine,0
389536926,SLP360,right,1300,acetylcholine,0
389541075,CL085,right,1301,acetylcholine,0
389545760,SLP206,right,1302,gaba,1
389546522,SLP311,right,1303,glutamate,1
389559112,SLP088,right,1304,glutamate,1
389563849,SMP294,right,1305,gaba,1
389568268,SLP139,right,1306,glutamate,1
389575937,SLP176,right,1307,glutamate,1
389589423,SLP343,right,1308,glutamate,1
389657555,SMP530,right,1309,glutamate,1
389687699,SMP295,right,1310,gaba,1
389909109,SLP037,right,1311,acetylcholine,0
389917104,LHPV4d5,right,1312,glutamate,1
389920846,SLP275,right,1313,acetylcholine,0
389929872,SLP163,right,1314,acetylcholine,0
389934175,SLP178,right,1315,glutamate,1
389951232,SLP260,right,1316,glutamate,1
389972823,SMP434,right,1317,acetylcholine,0
389976940,SMP430,right,1318,acetylcholine,0
390003153,SMP354,right,1319,dopamine,0
390024952,SMP261,right,1320,acetylcholine,0
390223560,LHPD3b3,right,1321,glutamate,1
390245740,LHAV5a7_c,right,1322,acetylcholine,0
390254536,LHAV3b8_b,right,1323,acetylcholine,0
390258187,SLP198,right,1324,glutamate,1
390271033,LHAV1e1,right,1325,gaba,1
390271275,SLP070,right,1326,glutamate,1
390275105,SLP175,right,1327,glutamate,1
390279522,SLP198,right,1328,glutamate,1
390279635,SLP171,right,1329,glutamate,1
390280026,SLP135,right,1330,glutamate,1
390330983,SMP046,right,1331,glutamate,1
390331214,PLP121,right,1332,dopamine,0
390331583,SMP368,right,1333,dopamine,0
390344260,SMP452,right,1334,glutamate,1
390344371,SMP230,right,1335,glutamate,1
390352384,SMP027,right,1336,glutamate,1
390356988,SMP217,right,1337,glutamate,1
390361224,SMP347,right,1338,dopamine,0
390378650,SMP534,right,1339,glutamate,1
390486371,SMP147,left,1340,gaba,1
390560212,LHAV3e3,right,1341,acetylcholine,0
390564245,SLP163,right,1342,acetylcholine,0
390579059,SLP112,right,1343,acetylcholine,0
390586752,LHAV3b2_a,right,1344,acetylcholine,0
390586997,LHAV2k10_b,right,1345,acetylcholine,0
390589591,SLP113,right,1346,acetylcholine,0
390590450,SMP531,right,1347,glutamate,1
390590590,SLP015_b,right,1348,glutamate,1
390593931,SLP044_c,right,1349,acetylcholine,0
390594712,SLP241,right,1350,acetylcholine,0
390598284,SLP045,right,1351,acetylcholine,0
390599010,SLP156,right,1352,acetylcholine,0
390599254,LHPV5h2,right,1353,acetylcholine,0
390603428,LHAV3e7,right,1354,acetylcholine,0
390607680,SLP027,right,1355,glutamate,1
390612328,SLP157,right,1356,acetylcholine,0
390616420,AVLP026,right,1357,acetylcholine,0
390616496,mAL1,left,1358,gaba,1
390628719,SLP193_b,right,1359,glutamate,1
390629106,SLP041,right,1360,acetylcholine,0
390641835,SIP051,right,1361,acetylcholine,0
390667603,FB1A,right,1362,glutamate,1
390706983,SMP231,right,1363,glutamate,1
390818643,SMP188,left,1364,acetylcholine,0
390909624,SLP166,right,1365,acetylcholine,0
390910102,SLP224,right,1366,acetylcholine,0
390918452,SLP168,right,1367,acetylcholine,0
390919468,SLP177_b,right,1368,glutamate,1
390919685,LHAV3a6,right,1369,acetylcholine,0
390931864,LHAV3b1_b,right,1370,acetylcholine,0
390935343,LHAV3b6_b,right,1371,acetylcholine,0
390935535,LHAV5a3_b,right,1372,acetylcholine,0
390947722,SLP162,right,1373,acetylcholine,0
390948259,LHAV6b1_a,right,1374,acetylcholine,0
390948580,LHAV6b1_a,right,1375,acetylcholine,0
390948675,SLP464,right,1376,acetylcholine,0
390952738,LHAD2e1,right,1377,acetylcholine,0
390953189,LHAD1f3_a,right,1378,glutamate,1
390961490,SLP071,right,1379,glutamate,1
390969969,SLP176,right,1380,glutamate,1
391021712,SIP047,right,1381,dopamine,0
391026123,SMP344,right,1382,glutamate,1
391034580,SMP518,right,1383,acetylcholine,0
391155063,FB2G_b,left,1384,glutamate,1
391155165,FB7G,left,1385,glutamate,1
391273276,LHPV5c1_a,right,1386,acetylcholine,0
391276906,LHAV2k7,right,1387,acetylcholine,0
391289383,SLP015_a,right,1388,glutamate,1
391289810,SLP044_d,right,1389,acetylcholine,0
391297978,SLP179_b,right,1390,glutamate,1
391310849,SLP180,right,1391,glutamate,1
391311186,SLP179_b,right,1392,glutamate,1
391328156,LHPD2a8,right,1393,glutamate,1
391362634,SMP344,right,1394,glutamate,1
391496898,SIP066,left,1395,glutamate,1
391599963,SLP103,right,1396,glutamate,1
391600399,SLP380,right,1397,glutamate,1
391604389,SLP240_a,right,1398,acetylcholine,0
391604407,LHAV3b1_a,right,1399,acetylcholine,0
391608263,SLP044_c,right,1400,acetylcholine,0
391609333,LHAV6a3_b,right,1401,acetylcholine,0
391610069,SMP420,right,1402,dopamine,0
391617921,SLP155,right,1403,acetylcholine,0
391618398,SLP432_b,right,1404,acetylcholine,0
391625677,LHAV5a1,right,1405,acetylcholine,0
391630222,SLP101,right,1406,glutamate,1
391631218,LHAV6b4,right,1407,acetylcholine,0
391643292,SLP044_a,right,1408,acetylcholine,0
391652073,SLP160,right,1409,acetylcholine,0
391716661,LHAD1d2,right,1410,acetylcholine,0
391945237,LHAV2k4,right,1411,acetylcholine,0
391949576,SLP240_a,right,1412,acetylcholine,0
391954490,LHAV6a9,right,1413,serotonin,0
391954889,SLP185,right,1414,gaba,1
391958263,SLP158,right,1415,acetylcholine,0
391958379,LHAD3b1_b,right,1416,acetylcholine,0
391963473,SLP292,right,1417,glutamate,1
391971839,SLP328,right,1418,acetylcholine,0
391971977,SLP021,right,1419,glutamate,1
391976125,SLP161,right,1420,acetylcholine,0
392002352,SLP409,right,1421,acetylcholine,0
392057736,SMP130,left,1422,glutamate,1
392130578,SMP084,left,1423,glutamate,1
392285973,SLP030,right,1424,glutamate,1
392299403,LHAD3b1_f,right,1425,acetylcholine,0
392304239,AVLP065,right,1426,glutamate,1
392307898,LHAD1f1,right,1427,glutamate,1
392308518,LHPV6d1,right,1428,acetylcholine,0
392325540,SLP012,right,1429,glutamate,1
392325925,SMP103,right,1430,glutamate,1
392368893,LHPD2d1,right,1431,glutamate,1
392389970,SMP153,right,1432,acetylcholine,0
392399005,SMP132,left,1433,glutamate,1
392411222,SMP120,left,1434,glutamate,1
392445880,PI1_b,noside,1435,octopamine,0
392636270,LHPV6p1,right,1436,glutamate,1
392640591,LHAV6a1_b,right,1437,acetylcholine,0
392645419,SLP129_b,right,1438,dopamine,0
392645639,LHPV7a1,right,1439,acetylcholine,0
392735903,SMP465,right,1440,acetylcholine,0
392757094,SMP551,left,1441,,0
392821837,pC1b,left,1442,glutamate,1
392985492,LHAV5a5,right,1443,acetylcholine,0
393003572,SLP429,right,1444,acetylcholine,0
393051378,SIP037,right,1445,glutamate,1
393055504,SIP036,right,1446,glutamate,1
393063351,SMP272,right,1447,dopamine,0
393171256,SMP172,left,1448,dopamine,0
393210919,SMP133,right,1449,glutamate,1
393215048,FB6Q,left,1450,glutamate,1
393340402,SLP015_e,right,1451,glutamate,1
393383025,KCab-s,right,1452,dopamine,0
393387426,KCab-s,right,1453,dopamine,0
393404592,SMP127,right,1454,glutamate,1
393499533,SMP548,left,1455,,0
393736822,KCab-m,right,1456,dopamine,0
393766777,PPL101,right,1457,dopamine,0
393776005,SMP085,right,1458,glutamate,1
393883499,SIP064,left,1459,acetylcholine,0
393888286,FB6S,left,1460,glutamate,1
394060556,KCab-s,right,1461,dopamine,0
394060620,KCab-s,right,1462,dopamine,0
394064790,KCab-m,right,1463,dopamine,0
394069210,KCab-m,right,1464,dopamine,0
394073547,KCab-m,right,1465,dopamine,0
394077610,KCab-m,right,1466,dopamine,0
394081878,KCab-s,right,1467,dopamine,0
394095053,SMP133,left,1468,glutamate,1
394225044,MBON14,left,1469,dopamine,0
394397189,KCab-s,right,1470,dopamine,0
394401778,KCab-m,right,1471,dopamine,0
394414724,KCab-m,right,1472,dopamine,0
394414783,KCab-m,right,1473,dopamine,0
394418743,KCab-m,right,1474,dopamine,0
394427392,KCab-s,right,1475,dopamine,0
394755376,KCab-m,right,1476,dopamine,0
394755632,KCab-c,right,1477,dopamine,0
394755645,KCab-c,right,1478,dopamine,0
394755742,KCab-c,right,1479,dopamine,0
394755782,KCab-c,right,1480,dopamine,0
394759626,KCab-c,right,1481,dopamine,0
394759837,KCab-m,right,1482,dopamine,0
394764082,KCab-m,right,1483,dopamine,0
394768379,KCab-s,right,1484,dopamine,0
395105113,KCab-m,right,1485,dopamine,0
415494049,KCg-m,right,1486,dopamine,0
415511327,KCg-m,right,1487,dopamine,0
415835070,KCg-m,right,1488,dopamine,0
415835178,KCg-m,right,1489,dopamine,0
415848195,KCg-m,right,1490,dopamine,0
415848228,KCg-m,right,1491,dopamine,0
415852518,KCg-m,right,1492,dopamine,0
415908516,KCg-m,right,1493,dopamine,0
416189410,KCg-m,right,1494,dopamine,0
416189500,KCg-m,right,1495,dopamine,0
416508862,KCg-m,right,1496,dopamine,0
416642425,EPG,noside,1497,glutamate,1
416837168,KCg-m,right,1498,dopamine,0
416876055,SLP278,right,1499,acetylcholine,0
417143726,SMP223,right,1500,glutamate,1
417186612,LHPD3a5,right,1501,glutamate,1
417186656,LHPD3a1,right,1502,glutamate,1
417190793,SLP309,right,1503,glutamate,1
417199910,M_lvPNm36,right,1504,acetylcholine,0
417204164,SLP324,right,1505,acetylcholine,0
417204354,LHPV4c4_a,right,1506,glutamate,1
417221397,SMP238,right,1507,acetylcholine,0
417536905,SMP225,right,1508,glutamate,1
417540543,SLP337,right,1509,glutamate,1
417550216,CL135,right,1510,acetylcholine,0
417554241,LHPV4g2,right,1511,glutamate,1
417558532,SMP421,right,1512,acetylcholine,0
417834021,LHPD2a4_a,right,1513,acetylcholine,0
417869138,LHPV6f6,right,1514,acetylcholine,0
417882515,SMP227,right,1515,glutamate,1
417890128,LHPV4c4_b,right,1516,glutamate,1
417908800,SMP320,right,1517,dopamine,0
417998204,PFNv,noside,1518,glutamate,1
418175238,SIP060,right,1519,dopamine,0
418205694,LHPV6f4_b,right,1520,acetylcholine,0
418214549,SLP171,right,1521,glutamate,1
418224106,SLP326,right,1522,acetylcholine,0
418224293,LHPV6h1_a,right,1523,acetylcholine,0
418224351,SLP323,right,1524,acetylcholine,0
418261858,SMP427,right,1525,dopamine,0
418503161,SMP245,right,1526,dopamine,0
418511983,SIP048,right,1527,acetylcholine,0
418516266,LHPD2c2,right,1528,dopamine,0
418516470,SMP205,right,1529,dopamine,0
418552044,LHPV6h2,right,1530,acetylcholine,0
418556051,SLP171,right,1531,glutamate,1
418585726,SLP095,right,1532,glutamate,1
418607079,AVLP590,right,1533,glutamate,1
418607328,SMP433,right,1534,acetylcholine,0
418607477,SMP437,right,1535,dopamine,0
418611695,SMP438,right,1536,dopamine,0
418641700,SMP537,right,1537,glutamate,1
418645869,DNES3,right,1538,neither,0
418861761,LHAV3n1,right,1539,acetylcholine,0
418865948,LHPD3a1,right,1540,glutamate,1
418870503,SLP087,right,1541,glutamate,1
418875451,LHPV6a9_b,right,1542,acetylcholine,0
418888180,SLP342,right,1543,glutamate,1
418888552,SLP314,right,1544,glutamate,1
418892691,SLP314,right,1545,glutamate,1
418897332,SLP312,right,1546,glutamate,1
418922937,SLP285,right,1547,glutamate,1
418969927,CL182,right,1548,glutamate,1
418969956,CL196,right,1549,glutamate,1
418970095,CL194,right,1550,glutamate,1
418970102,CL192,right,1551,glutamate,1
418970112,CL191,right,1552,glutamate,1
418970123,CL193,right,1553,glutamate,1
418970128,CL198_b,right,1554,glutamate,1
418970154,CL185,right,1555,glutamate,1
418970196,CL182,right,1556,glutamate,1
418987009,SMP464,right,1557,dopamine,0
419060083,PFGs,noside,1558,octopamine,0
419207462,LHAV5a7_b,right,1559,acetylcholine,0
419216386,LHPV5h3,right,1560,acetylcholine,0
419230063,SLP275,right,1561,acetylcholine,0
419234116,LHAV3b6_a,right,1562,acetylcholine,0
419337157,SMP260,right,1563,acetylcholine,0
419345606,SMP202,right,1564,dopamine,0
419543946,LHAV5a7_c,right,1565,acetylcholine,0
419548541,LHAV4g17,right,1566,gaba,1
419548748,LHAV5a2_a,right,1567,acetylcholine,0
419557747,LHPV6a3_b,right,1568,acetylcholine,0
419575044,SLP208,right,1569,gaba,1
419578845,LHAV3b8_a,right,1570,acetylcholine,0
419588136,SLP176,right,1571,glutamate,1
419596232,SLP291,right,1572,glutamate,1
419596540,SLP287,right,1573,glutamate,1
419639581,FS4C,left,1574,acetylcholine,0
419639583,FS4C,left,1575,acetylcholine,0
419669180,SMP518,right,1576,acetylcholine,0
419669547,SMP261,right,1577,acetylcholine,0
419880359,LHAV2i4,right,1578,acetylcholine,0
419880385,LHAV5a2_a,right,1579,acetylcholine,0
419880519,LHAV5a8,right,1580,acetylcholine,0
419884905,LHAV5a8,right,1581,acetylcholine,0
419884922,LHAV5a3_a,right,1582,acetylcholine,0
419884971,LHAV5a2_d,right,1583,acetylcholine,0
419885042,LHAV5a4_b,right,1584,acetylcholine,0
419889682,LHAV5a2_a,right,1585,acetylcholine,0
419889751,LHAV5a9_a,right,1586,acetylcholine,0
419907780,SLP453,right,1587,acetylcholine,0
419908058,SLP448,right,1588,acetylcholine,0
419919816,SLP083,right,1589,glutamate,1
419929377,LHAV3a1_a,right,1590,acetylcholine,0
419980081,ATL013,right,1591,acetylcholine,0
420010739,SMP356,right,1592,dopamine,0
420027427,SMP219,right,1593,glutamate,1
420221276,SLP374,right,1594,acetylcholine,0
420226410,LHAV5a6_b,right,1595,acetylcholine,0
420230547,LHAV5a4_c,right,1596,acetylcholine,0
420235118,LHAV5a9_b,right,1597,acetylcholine,0
420235167,SLP051,right,1598,acetylcholine,0
420239937,SLP311,right,1599,glutamate,1
420252614,SLP038,right,1600,acetylcholine,0
420274150,SLP236,right,1601,acetylcholine,0
420325753,SMP387,right,1602,acetylcholine,0
420347360,SMP306,right,1603,gaba,1
420351087,SMP401,right,1604,dopamine,0
420386244,SMP519,right,1605,acetylcholine,0
420567894,SLP088,right,1606,glutamate,1
420571563,SLP367,right,1607,glutamate,1
420572095,SLP087,right,1608,glutamate,1
420581268,SLP088,right,1609,glutamate,1
420586101,SMP249,right,1610,glutamate,1
420594200,LHAV5a7_c,right,1611,acetylcholine,0
420598392,SLP039,right,1612,acetylcholine,0
420614725,SLP291,right,1613,glutamate,1
420615275,LHAD1a4_a,right,1614,acetylcholine,0
420623873,SLP179_b,right,1615,glutamate,1
420627152,SLP012,right,1616,glutamate,1
420666689,SMP436,right,1617,dopamine,0
420671166,SMP499,right,1618,glutamate,1
420688241,SMP131,left,1619,glutamate,1
420688294,SMP453,right,1620,glutamate,1
420696828,SMP411,right,1621,dopamine,0
420723066,SMP036,right,1622,glutamate,1
420842989,FB7K,left,1623,glutamate,1
420904348,SLP226,right,1624,acetylcholine,0
420908078,CL027,right,1625,gaba,1
420952125,SLP176,right,1626,glutamate,1
420956213,LHAD1f1,right,1627,glutamate,1
420956527,LHAV6b3,right,1628,acetylcholine,0
420965117,AVLP024,right,1629,acetylcholine,0
420973599,SLP191,right,1630,glutamate,1
420973612,AVLP443,right,1631,acetylcholine,0
420977956,SLP262,right,1632,glutamate,1
421003580,SLP354,right,1633,glutamate,1
421041565,SMP157,right,1634,acetylcholine,0
421054850,SMP224,right,1635,glutamate,1
421055181,SMP231,right,1636,glutamate,1
421068062,SMP162,right,1637,glutamate,1
421184151,FB1E_a,left,1638,glutamate,1
421271305,SLP113,right,1639,acetylcholine,0
421292214,LHAV3b5,right,1640,acetylcholine,0
421297236,SLP227,right,1641,acetylcholine,0
421297485,SLP034,right,1642,acetylcholine,0
421300612,SLP012,right,1643,glutamate,1
421305688,SLP195,right,1644,glutamate,1
421305971,SLP036,right,1645,acetylcholine,0
421310144,LHAD3a3_b,right,1646,acetylcholine,0
421313563,SLP191,right,1647,glutamate,1
421318463,SLP198,right,1648,glutamate,1
421318649,aSP-f1A,right,1649,acetylcholine,0
421357275,FB8G,right,1650,glutamate,1
421405157,SMP400,right,1651,dopamine,0
421605182,SLP181,right,1652,glutamate,1
421620469,LHAD3f1_b,right,1653,acetylcholine,0
421633905,LHAV5a1,right,1654,acetylcholine,0
421638281,LHAV5a5,right,1655,acetylcholine,0
421641859,LHPD4c1,right,1656,acetylcholine,0
421642652,SLP193_b,right,1657,glutamate,1
421642764,SLP193_a,right,1658,glutamate,1
421646999,LHAV6e1,right,1659,acetylcholine,0
421650982,aSP-g3B,right,1660,acetylcholine,0
421650988,SLP177_b,right,1661,glutamate,1
421650994,LHAV2o1,right,1662,acetylcholine,0
421654726,SLP157,right,1663,acetylcholine,0
421655012,SLP179_b,right,1664,glutamate,1
421668365,SLP159,right,1665,acetylcholine,0
421698065,FB1A,right,1666,glutamate,1
421946059,SLP060,right,1667,gaba,1
421957539,LHAD1b5,right,1668,acetylcholine,0
421957711,LHAV6a3_b,right,1669,acetylcholine,0
421975193,SLP044_d,right,1670,acetylcholine,0
421983723,LHAD1a4_a,right,1671,acetylcholine,0
421992055,SLP179_a,right,1672,glutamate,1
421992069,aSP-g2,right,1673,acetylcholine,0
422000744,SLP178,right,1674,glutamate,1
422052346,SMP404,right,1675,dopamine,0
422056477,SMP566,right,1676,dopamine,0
422056521,SMP566,right,1677,dopamine,0
422191200,FB6A,left,1678,octopamine,0
422277426,CL090_c,right,1679,acetylcholine,0
422307542,LHPV5c1_d,right,1680,acetylcholine,0
422311625,LHAV6a6,right,1681,acetylcholine,0
422312019,LHAV5a3_a,right,1682,acetylcholine,0
422312023,LHAV5a3_b,right,1683,acetylcholine,0
422312162,LHAV5a3_a,right,1684,acetylcholine,0
422337400,SLP321,right,1685,acetylcholine,0
422388958,SLP021,right,1686,glutamate,1
422401750,SIP050,right,1687,dopamine,0
422622063,SMP042,right,1688,glutamate,1
422635203,SLP151,right,1689,acetylcholine,0
422640861,LHPV5c1_a,right,1690,acetylcholine,0
422644053,LHAV2f1_a,right,1691,gaba,1
422656780,LHAV6a4,right,1692,acetylcholine,0
422666053,LHAV2f1_b,right,1693,gaba,1
422669150,SLP018,right,1694,glutamate,1
422674339,SLP164_b,right,1695,acetylcholine,0
422682603,PAM04_a,right,1696,dopamine,0
422725634,MBON06,left,1697,glutamate,1
422738252,SMP178,right,1698,acetylcholine,0
422742649,FB6X,right,1699,glutamate,1
422751191,SMP177,right,1700,acetylcholine,0
422876942,FB6E,left,1701,glutamate,1
422877762,FB6U,left,1702,glutamate,1
422881784,FB1A,left,1703,glutamate,1
422971316,LHAV2c1,right,1704,acetylcholine,0
422997837,LHPV11a1,right,1705,acetylcholine,0
423096449,SMP007,right,1706,acetylcholine,0
423096943,SMP102,right,1707,glutamate,1
423101189,oviIN,right,1708,glutamate,1
423105632,SMP205,right,1709,dopamine,0
423330124,LHAV6a3_b,right,1710,acetylcholine,0
423343583,LHPV5c1_c,right,1711,acetylcholine,0
423351806,LHAV7b1,right,1712,acetylcholine,0
423364866,SIP074,right,1713,acetylcholine,0
423382015,MBON23,right,1714,acetylcholine,0
423416887,SLP073,right,1715,acetylcholine,0
423442357,SMP480,right,1716,acetylcholine,0
423563311,SMP136,right,1717,glutamate,1
423671124,SLP240_a,right,1718,acetylcholine,0
423684795,LHAV2f1_a,right,1719,gaba,1
423748579,LHPV10d1,right,1720,acetylcholine,0
423749262,CRE083,right,1721,acetylcholine,0
423757555,SLP218,right,1722,glutamate,1
423766084,SMP409,right,1723,acetylcholine,0
423770604,FB5I,right,1724,glutamate,1
423774471,MBON19,right,1725,acetylcholine,0
423792217,SMP121,left,1726,glutamate,1
423792440,SMP097_b,right,1727,glutamate,1
423852469,SMP087,left,1728,glutamate,1
424025668,LHPV5c1_a,right,1729,acetylcholine,0
424037884,SMP105_a,right,1730,glutamate,1
424089598,SIP071,right,1731,acetylcholine,0
424193116,SMP179,left,1732,acetylcholine,0
424193190,SMP086,left,1733,unknown,0
424236821,FB7C,left,1734,glutamate,1
424366776,LHAV1d2_a,right,1735,acetylcholine,0
424379864,SLP234,right,1736,acetylcholine,0
424384254,LHAV2k9,right,1737,acetylcholine,0
424388492,SIP085,right,1738,unknown,0
424434994,SIP064,right,1739,acetylcholine,0
424443911,SMP353,right,1740,acetylcholine,0
424452682,SMP133,left,1741,glutamate,1
424577375,FB6S,left,1742,glutamate,1
424582092,CRE083,left,1743,acetylcholine,0
424706955,LHAV1d2_a,right,1744,acetylcholine,0
424716408,LHAV3k1,right,1745,acetylcholine,0
424720670,SLP217,right,1746,glutamate,1
424729369,SLP217,right,1747,glutamate,1
424729434,SLP332,right,1748,acetylcholine,0
424733177,SLP253,right,1749,glutamate,1
424754530,KCab-s,right,1750,dopamine,0
424767514,MBON11,right,1751,gaba,1
424776680,LHAD1c2,right,1752,acetylcholine,0
424780893,LHAD1c2,right,1753,acetylcholine,0
424781115,LHAD1c2,right,1754,acetylcholine,0
424789697,MBON02,right,1755,glutamate,1
424792976,SMP133,left,1756,glutamate,1
424793122,SMP504,right,1757,acetylcholine,0
424918786,PPL107,left,1758,dopamine,0
424923616,SMP190,left,1759,,0
425060903,SLP164_a,right,1760,acetylcholine,0
425086839,KCab-p,right,1761,dopamine,0
425086851,KCab-p,right,1762,dopamine,0
425104113,KCab-m,right,1763,dopamine,0
425104178,CRE050,left,1764,glutamate,1
425104216,KCab-m,right,1765,dopamine,0
425112506,KCab-s,right,1766,dopamine,0
425121937,SMP137,right,1767,acetylcholine,0
425121959,LHAD1c2,right,1768,acetylcholine,0
425126008,SIP028,right,1769,gaba,1
425143700,SMP097_a,right,1770,glutamate,1
425148091,SMP085,right,1771,glutamate,1
425276848,DPM,left,1772,dopamine,0
425431837,KCab-s,right,1773,dopamine,0
425436170,KCab-m,right,1774,dopamine,0
425445301,KCab-c,right,1775,dopamine,0
425462513,SMP258,right,1776,acetylcholine,0
425471220,LHAD1b6_a,right,1777,acetylcholine,0
425768768,KCab-s,right,1778,dopamine,0
425768822,KCab-s,right,1779,dopamine,0
425790257,APL,right,1780,gaba,1
425803370,LHAV6f2,right,1781,acetylcholine,0
426139965,KCab-s,right,1782,dopamine,0
426464004,KCab-s,right,1783,dopamine,0
426477089,KCab-s,right,1784,dopamine,0
426818061,KCab-p,right,1785,dopamine,0
446533552,KCg-m,right,1786,dopamine,0
446714544,PFNd,noside,1787,glutamate,1
446826981,KCg-m,right,1788,dopamine,0
446848967,KCg-m,right,1789,dopamine,0
446883390,KCg-m,right,1790,dopamine,0
447219992,KCg-m,right,1791,dopamine,0
447224575,KCg-m,right,1792,dopamine,0
447228814,PVLP106,right,1793,glutamate,1
447599745,SMP527,right,1794,acetylcholine,0
447872055,PLP246,right,1795,acetylcholine,0
448204394,SIP035,right,1796,glutamate,1
448225646,LHPD3a4_b,right,1797,glutamate,1
448234999,SMP230,right,1798,glutamate,1
448238871,SMP220,right,1799,glutamate,1
448260940,LNd,right,1800,acetylcholine,0
448342846,CRE075,right,1801,glutamate,1
448515267,SMP221,right,1802,glutamate,1
448536695,SIP043,right,1803,glutamate,1
448576577,CL102,right,1804,acetylcholine,0
448869118,LHPD2a2,right,1805,acetylcholine,0
448899493,LHAV3n1,right,1806,acetylcholine,0
448908723,SLP224,right,1807,acetylcholine,0
448908822,SLP382,right,1808,glutamate,1
448912981,SLP447,right,1809,glutamate,1
448942604,SLP402,right,1810,glutamate,1
448994377,CRZ02,right,1811,acetylcholine,0
449205588,LHPD2a4_b,right,1812,acetylcholine,0
449205611,LHPD2a4_a,right,1813,acetylcholine,0
449209892,SIP051,right,1814,acetylcholine,0
449209971,SIP049,right,1815,acetylcholine,0
449218986,ATL004,right,1816,glutamate,1
449223263,LHAV3n1,right,1817,acetylcholine,0
449223347,LHAV3b5,right,1818,acetylcholine,0
449223379,LHAV3b11,right,1819,acetylcholine,0
449227486,LHAV3b2_c,right,1820,acetylcholine,0
449236636,SLP343,right,1821,glutamate,1
449241371,SLP080,right,1822,acetylcholine,0
449244969,SLP412,right,1823,glutamate,1
449250041,CL026,right,1824,glutamate,1
449263368,SLP326,right,1825,acetylcholine,0
449285328,SMP430,right,1826,acetylcholine,0
449288517,SMP533,right,1827,glutamate,1
449289591,LHPV4g2,right,1828,glutamate,1
449296405,CL169,right,1829,acetylcholine,0
449296930,SMP427,right,1830,dopamine,0
449331241,SMP523,left,1831,acetylcholine,0
449335798,SMP223,right,1832,glutamate,1
449438847,EPG,noside,1833,glutamate,1
449555517,LHPV6a5,right,1834,acetylcholine,0
449555633,LHPV6a2_a,right,1835,acetylcholine,0
449564064,LHPV6a2_a,right,1836,acetylcholine,0
449564352,LHPV6a6_b,right,1837,acetylcholine,0
449568848,LHPV6h2,right,1838,acetylcholine,0
449568880,LHPV6a8,right,1839,acetylcholine,0
449577409,LHAV3b9_a,right,1840,acetylcholine,0
449634539,SMP345,right,1841,glutamate,1
449681157,SMP232,right,1842,glutamate,1
449685778,SMP403,right,1843,dopamine,0
449749647,FR2,noside,1844,acetylcholine,0
449896330,SLP264,right,1845,glutamate,1
449901277,LHPV6h3,right,1846,acetylcholine,0
449905648,SLP158,right,1847,acetylcholine,0
449910002,LHAV5a2_a,right,1848,acetylcholine,0
449910481,LHPV6h1_b,right,1849,acetylcholine,0
449910491,LHPV6a11_b,right,1850,acetylcholine,0
449910741,LHPV6h3,right,1851,acetylcholine,0
449910907,LHPV6h3,right,1852,acetylcholine,0
449931630,SLP343,right,1853,glutamate,1
449949172,CL149,right,1854,acetylcholine,0
449975227,SMP293,right,1855,acetylcholine,0
450004338,CL184,right,1856,glutamate,1
450004504,CL192,right,1857,glutamate,1
450004562,CL190,right,1858,glutamate,1
450004644,CL182,right,1859,glutamate,1
450004974,SMP451,right,1860,glutamate,1
450005014,CL193,right,1861,glutamate,1
450008671,SMP309,right,1862,gaba,1
450026507,SMP524,right,1863,acetylcholine,0
450034902,LPN,right,1864,acetylcholine,0
450267976,LHAV3b6_a,right,1865,acetylcholine,0
450285679,SMP426,right,1866,glutamate,1
450294326,SLP284,right,1867,glutamate,1
450302778,SLP264,right,1868,glutamate,1
450354788,SMP033,right,1869,glutamate,1
450371612,SMP228,right,1870,glutamate,1
450376017,SMP483,right,1871,dopamine,0
450574212,LHAV5a6_b,right,1872,acetylcholine,0
450579065,LHAV5a2_a,right,1873,acetylcholine,0
450583886,SLP460,right,1874,glutamate,1
450597298,SLP360,right,1875,acetylcholine,0
450609707,LHAV3b11,right,1876,acetylcholine,0
450609788,SLP089,right,1877,glutamate,1
450617762,SLP223,right,1878,acetylcholine,0
450635626,SLP285,right,1879,glutamate,1
450678094,FS4B,left,1880,acetylcholine,0
450678237,SMP242,right,1881,acetylcholine,0
450700075,SLP266,right,1882,glutamate,1
450919762,LHPV4d4,right,1883,glutamate,1
450924155,LHAV5a1,right,1884,acetylcholine,0
450933288,LHAV2i4,right,1885,acetylcholine,0
450933392,LHAV2i4,right,1886,acetylcholine,0
450951445,LHAV2i5,right,1887,acetylcholine,0
450971893,SLP410,right,1888,glutamate,1
451015547,SMP167,right,1889,gaba,1
451040974,SMP252,left,1890,acetylcholine,0
451049385,LHPV10a1,right,1891,dopamine,0
451062462,SMP592,right,1892,dopamine,0
451071081,SMP302,right,1893,gaba,1
451071417,SMP289,right,1894,gaba,1
451118413,PI3,noside,1895,,0
451148838,SMP162,left,1896,glutamate,1
451279196,SLP466,right,1897,acetylcholine,0
451296290,LHAV3b9_b,right,1898,acetylcholine,0
451296383,SLP137,right,1899,glutamate,1
451304268,LHAV6a7,right,1900,acetylcholine,0
451308547,LHPV7a1,right,1901,acetylcholine,0
451355706,LHPV5a5,right,1902,acetylcholine,0
451356082,FB9C_a,right,1903,glutamate,1
451365099,SMP371,right,1904,glutamate,1
451382570,LHAD1b3,right,1905,acetylcholine,0
451386832,SLP144,right,1906,glutamate,1
451390676,SMP494,right,1907,acetylcholine,0
451424866,SMP229,right,1908,glutamate,1
451602687,LHPV6f3_d,right,1909,acetylcholine,0
451619287,LHAV5a3_a,right,1910,acetylcholine,0
451619617,LHAV5a7_a,right,1911,acetylcholine,0
451624794,SLP140,right,1912,glutamate,1
451644891,LHAV6a5,right,1913,acetylcholine,0
451646040,LHAV6a7,right,1914,acetylcholine,0
451646125,LHPV5h5,right,1915,acetylcholine,0
451650057,SLP140,right,1916,glutamate,1
451658249,SLP138,right,1917,glutamate,1
451662040,SMP389,right,1918,dopamine,0
451663172,SLP018,right,1919,glutamate,1
451689001,DNp25,right,1920,serotonin,0
451947899,SLP229,right,1921,acetylcholine,0
451952653,SLP077,right,1922,glutamate,1
451960272,SLP044_e,right,1923,acetylcholine,0
451982195,CL077,right,1924,acetylcholine,0
451982486,SLP238,right,1925,acetylcholine,0
451986590,LHAV5a1,right,1926,acetylcholine,0
451987038,LHAV6a6,right,1927,acetylcholine,0
451990898,LHAV5a1,right,1928,acetylcholine,0
451995306,SLP330,right,1929,dopamine,0
451995734,LHAD1b6_b,right,1930,acetylcholine,0
451995819,LHAV6a7,right,1931,acetylcholine,0
452029745,FB6I,right,1932,octopamine,0
452103083,SMP487,right,1933,acetylcholine,0
452162916,SMP120,right,1934,glutamate,1
452323015,LHAD1i2_b,right,1935,acetylcholine,0
452327439,LHAV2k4,right,1936,acetylcholine,0
452331917,LHAV2f1_b,right,1937,gaba,1
452336396,SLP049,right,1938,acetylcholine,0
452336897,LHAD1b6_a,right,1939,dopamine,0
452340825,SLP027,right,1940,glutamate,1
452340995,SMP283,right,1941,dopamine,0
452401052,SMP257,right,1942,acetylcholine,0
452401246,FB2G_b,right,1943,glutamate,1
452651021,LHAD1a4_b,right,1944,acetylcholine,0
452651486,LHAD1i1,right,1945,acetylcholine,0
452655734,LHAV5a7_c,right,1946,acetylcholine,0
452664348,LHAV6a4,right,1947,acetylcholine,0
452672881,LHPV4d1,right,1948,glutamate,1
452673056,SLP162,right,1949,acetylcholine,0
452673242,LHAV7a3_a,right,1950,glutamate,1
452676790,SLP049,right,1951,acetylcholine,0
452677002,SLP018,right,1952,glutamate,1
452677169,LHAV6b1_b,right,1953,acetylcholine,0
452681716,SLP049,right,1954,acetylcholine,0
452685249,SLP179_a,right,1955,glutamate,1
452689494,SMP550,right,1956,acetylcholine,0
452694446,mAL1,left,1957,gaba,1
452698565,SLP321,right,1958,acetylcholine,0
452742028,SMP457,right,1959,dopamine,0
452771533,SMP517,right,1960,acetylcholine,0
452953198,SLP076,right,1961,glutamate,1
452971138,SLP004,right,1962,gaba,1
452996289,SLP044_e,right,1963,acetylcholine,0
453009665,LHAV6a8,right,1964,glutamate,1
453018720,SLP047,right,1965,acetylcholine,0
453022644,SLP026,right,1966,glutamate,1
453026641,SLP179_a,right,1967,glutamate,1
453026883,SLP036,right,1968,acetylcholine,0
453026933,LHAD1f3_b,right,1969,glutamate,1
453030534,SLP195,right,1970,glutamate,1
453031248,LHAV7a7,right,1971,glutamate,1
453035422,aSP-f4,right,1972,acetylcholine,0
453044535,SLP333,right,1973,acetylcholine,0
453053044,SLP331,right,1974,acetylcholine,0
453087379,SIP004,right,1975,acetylcholine,0
453108601,SMP035,right,1976,glutamate,1
453130054,SMP516,right,1977,acetylcholine,0
453320065,SLP220,right,1978,acetylcholine,0
453320313,SLP229,right,1979,acetylcholine,0
453329254,SLP331,right,1980,acetylcholine,0
453333562,SLP123,right,1981,acetylcholine,0
453350926,LHAD1f1,right,1982,glutamate,1
453350952,SLP046,right,1983,acetylcholine,0
453355233,SLP018,right,1984,glutamate,1
453376390,SLP036,right,1985,acetylcholine,0
453380528,PAM04_b,right,1986,dopamine,0
453423834,SMP452,right,1987,glutamate,1
453436589,SMP517,right,1988,acetylcholine,0
453457927,SMP216,right,1989,glutamate,1
453522986,SMP162,left,1990,glutamate,1
453527730,SMP161,left,1991,glutamate,1
453536432,SMP089,left,1992,glutamate,1
453661962,SLP145,right,1993,glutamate,1
453662475,SLP088,right,1994,glutamate,1
453665759,LHAV6a4,right,1995,acetylcholine,0
453708274,aSP-f3,right,1996,acetylcholine,0
453717632,SLP043,right,1997,acetylcholine,0
453765256,FB2F_a,right,1998,glutamate,1
453794660,SMP098_b,right,1999,glutamate,1
453989516,SLP167,right,2000,acetylcholine,0
454001950,SLP450,right,2001,acetylcholine,0
454002974,CL110,right,2002,acetylcholine,0
454003707,SLP087,right,2003,glutamate,1
454019960,SLP046,right,2004,acetylcholine,0
454041627,SLP042,right,2005,acetylcholine,0
454045389,LHAD1a1,right,2006,acetylcholine,0
454089465,FB6Y,right,2007,glutamate,1
454136171,SMP603,right,2008,acetylcholine,0
454252960,PAM10,left,2009,dopamine,0
454330437,SLP167,right,2010,acetylcholine,0
454335501,SLP371,right,2011,acetylcholine,0
454347237,CL022,right,2012,acetylcholine,0
454347852,SLP153,right,2013,acetylcholine,0
454377810,LHAV2k4,right,2014,acetylcholine,0
454386099,SLP131,right,2015,acetylcholine,0
454438452,SIP043,right,2016,glutamate,1
454439022,SIP037,right,2017,glutamate,1
454477603,SMP089,right,2018,glutamate,1
454481372,CL165,right,2019,acetylcholine,0
454693209,LHAV2c1,right,2020,acetylcholine,0
454697392,LHAV6a3_a,right,2021,acetylcholine,0
454706029,LHPV5d3,right,2022,acetylcholine,0
454706490,LHAD1a3,right,2023,acetylcholine,0
454787848,CRE082,right,2024,acetylcholine,0
454792422,SMP133,left,2025,glutamate,1
454822542,SMP591,right,2026,glutamate,1
454896445,SMP079,left,2027,gaba,1
454935401,CRE083,left,2028,acetylcholine,0
454939928,FB6Y,left,2029,glutamate,1
455033548,LHAV2c1,right,2030,acetylcholine,0
455059749,CL078,right,2031,acetylcholine,0
455129365,SIP086,right,2032,glutamate,1
455133591,SMP132,left,2033,glutamate,1
455141922,ATL017,right,2034,glutamate,1
455154890,SMP155,right,2035,glutamate,1
455155337,SMP152,right,2036,acetylcholine,0
455159380,PAM01_b,right,2037,dopamine,0
455172836,SMP482,right,2038,acetylcholine,0
455229034,SMP549,left,2039,,0
455431209,PAM10,right,2040,dopamine,0
455439723,AVLP317,right,2041,acetylcholine,0
455456949,FB6S,right,2042,glutamate,1
455470212,PLP048,right,2043,glutamate,1
455483094,ATL018,right,2044,glutamate,1
455500416,PAL02,left,2045,dopamine,0
455728985,LHAV2k10_a,right,2046,acetylcholine,0
455746581,LHAD3e1_a,right,2047,acetylcholine,0
455751103,LHPV5c2,right,2048,acetylcholine,0
455793621,KCab-s,right,2049,dopamine,0
455793743,KCab-s,right,2050,dopamine,0
455793827,KCab-s,right,2051,dopamine,0
455811760,SIP045,right,2052,glutamate,1
455815977,SMP120,left,2053,glutamate,1
455819680,SIP075,right,2054,dopamine,0
455820184,SMP355,right,2055,dopamine,0
455828904,LHAD1b3,right,2056,acetylcholine,0
456082779,LHAV2c1,right,2057,acetylcholine,0
456083341,LHPV5b2_a,right,2058,acetylcholine,0
456096281,SLP254,right,2059,glutamate,1
456096372,SLP254,right,2060,acetylcholine,0
456096712,SLP254,right,2061,glutamate,1
456113323,SLP253,right,2062,glutamate,1
456121649,KCab-s,right,2063,dopamine,0
456134692,KCab-s,right,2064,dopamine,0
456152222,SIP044,right,2065,glutamate,1
456152258,SIP044,right,2066,glutamate,1
456156825,SMP195_b,right,2067,dopamine,0
456174330,PAM01_b,right,2068,dopamine,0
456187010,LHAD1b1_b,right,2069,dopamine,0
456427944,LHAD3a9,right,2070,acetylcholine,0
456427965,LHAD3b1_b,right,2071,acetylcholine,0
456432557,LHAV7a1_b,right,2072,glutamate,1
456458549,KCab-s,right,2073,dopamine,0
456462835,KCab-p,right,2074,dopamine,0
456462919,KCab-p,right,2075,dopamine,0
456467162,KCab-p,right,2076,dopamine,0
456523994,SMP165,right,2077,glutamate,1
456808311,KCab-s,right,2078,dopamine,0
456820863,KCab-m,right,2079,dopamine,0
456833888,SIP090,right,2080,acetylcholine,0
456846996,PAM11,right,2081,dopamine,0
456847100,SLP130,right,2082,acetylcholine,0
457175171,MBON15-like,right,2083,acetylcholine,0
457196444,MBON18,left,2084,dopamine,0
457196643,MBON28,right,2085,acetylcholine,0
457507485,KCab-s,right,2086,dopamine,0
457516092,LHAD3b1_g,right,2087,acetylcholine,0
457516218,LHAD3b1_h,right,2088,acetylcholine,0
457520471,AVLP056,right,2089,acetylcholine,0
476545134,KCab-m,right,2090,dopamine,0
477262101,KCab-c,right,2091,dopamine,0
477572961,KCa'b'-ap2,right,2092,dopamine,0
477861840,KCab-p,right,2093,dopamine,0
477900945,KCg-m,right,2094,dopamine,0
477900959,KCg-m,right,2095,dopamine,0
477909602,KCg-m,right,2096,dopamine,0
477909679,KCg-m,right,2097,dopamine,0
477909698,KCg-m,right,2098,dopamine,0
477918443,SLP463,right,2099,dopamine,0
478077561,PFNa,noside,2100,acetylcholine,0
478250407,KCg-m,right,2101,dopamine,0
478250482,KCg-m,right,2102,dopamine,0
478375456,EPG,noside,2103,glutamate,1
478427368,PFNv,noside,2104,glutamate,1
478591447,CL129,right,2105,acetylcholine,0
478613576,LHPD5c1,right,2106,glutamate,1
478618011,AOTU047,right,2107,glutamate,1
478660968,KCg-m,right,2108,dopamine,0
478928628,SLP184,right,2109,acetylcholine,0
478937243,SMP228,right,2110,glutamate,1
479260891,SMP595,right,2111,glutamate,1
479260921,SMP227,right,2112,glutamate,1
479290982,SLP337,right,2113,glutamate,1
479607153,PLP064_a,right,2114,acetylcholine,0
479607277,CL102,right,2115,acetylcholine,0
479637825,SMP320,right,2116,dopamine,0
479645393,SLP322,right,2117,acetylcholine,0
479908320,CL010,right,2118,glutamate,1
479908437,SLP082,right,2119,glutamate,1
479912666,SLP082,right,2120,glutamate,1
479912747,CL007,right,2121,acetylcholine,0
479917027,LHPD3a2_b,right,2122,glutamate,1
479917037,LHPD3a1,right,2123,glutamate,1
479917126,LHAV3b2_b,right,2124,acetylcholine,0
479921537,SLP342,right,2125,glutamate,1
479925776,CL012,right,2126,acetylcholine,0
479930311,SLP232,right,2127,acetylcholine,0
479935033,LHPV3c1,right,2128,acetylcholine,0
479952665,SLP326,right,2129,gaba,1
479969106,SLP362,right,2130,acetylcholine,0
479987085,SLP266,right,2131,glutamate,1
480029788,LPN,right,2132,dopamine,0
480219247,SLP247,right,2133,dopamine,0
480240812,SLP082,right,2134,glutamate,1
480244962,SLP088,right,2135,glutamate,1
480253500,LHAV3b2_a,right,2136,acetylcholine,0
480257743,LHAV3a2,right,2137,acetylcholine,0
480257882,LHAV3a2,right,2138,acetylcholine,0
480257896,LHAV3a1_a,right,2139,acetylcholine,0
480257914,LHAV3a2,right,2140,acetylcholine,0
480257919,LHAV3b8_a,right,2141,acetylcholine,0
480258191,LHAV3a1_b,right,2142,gaba,1
480258202,LHPV4a10_a,right,2143,glutamate,1
480258208,LHPV8a1,right,2144,acetylcholine,0
480262270,LHAV3b10,right,2145,acetylcholine,0
480262368,LHAV3b11,right,2146,acetylcholine,0
480276374,LHAV5e1,right,2147,glutamate,1
480297293,SLP285,right,2148,gaba,1
480310599,SLP371,right,2149,acetylcholine,0
480315387,SLP462,left,2150,glutamate,1
480328501,SMP427,right,2151,dopamine,0
480331310,SMP345,right,2152,glutamate,1
480335848,SMP435,right,2153,acetylcholine,0
480387478,SMP403,right,2154,dopamine,0
480391822,SMP532,right,2155,glutamate,1
480577646,LHPD3a2_b,right,2156,glutamate,1
480577749,LHPD3a3_c,right,2157,glutamate,1
480581727,CL014,right,2158,glutamate,1
480581806,LHPD3a1,right,2159,glutamate,1
480586157,LHAV3o1,right,2160,acetylcholine,0
480590337,LHPV6a1,right,2161,acetylcholine,0
480590566,LHPV12a1,right,2162,gaba,1
480590606,LHPV6a7,right,2163,acetylcholine,0
480594756,LHPV6a1,right,2164,acetylcholine,0
480595244,LHPV6a9_a,right,2165,acetylcholine,0
480599285,LHAV3a1_b,right,2166,gaba,1
480599437,LHPV6a1,right,2167,acetylcholine,0
480608510,PLP064_a,right,2168,acetylcholine,0
480664837,SLP402,right,2169,glutamate,1
480672667,CL154,right,2170,glutamate,1
480681197,SMP427,right,2171,dopamine,0
480698453,SMP303,right,2172,gaba,1
480918798,LHPD3a4_c,right,2173,glutamate,1
480922968,LHPD3a2_c,right,2174,glutamate,1
480923210,LHPV6a10,right,2175,acetylcholine,0
480927537,M_vPNml70,right,2176,gaba,1
480931586,LHAV4b2_a,right,2177,gaba,1
480931876,LHPV4i3_b,right,2178,glutamate,1
480931899,LHPV4b4,right,2179,glutamate,1
480931947,LHPV5h1,right,2180,acetylcholine,0
480940072,SLP275,right,2181,acetylcholine,0
480945354,LHPV6a1,right,2182,acetylcholine,0
480978811,SLP012,right,2183,glutamate,1
480987689,SMP320,right,2184,dopamine,0
480997558,SLP360,right,2185,acetylcholine,0
481034861,CL181,right,2186,glutamate,1
481034911,CL182,right,2187,glutamate,1
481035392,CL175,right,2188,glutamate,1
481053136,SMP221,right,2189,glutamate,1
481056857,SMP523,right,2190,acetylcholine,0
481070027,SMP513,right,2191,acetylcholine,0
481112669,PFL2,noside,2192,acetylcholine,0
481121605,PFL1,noside,2193,acetylcholine,0
481199836,FB8C,left,2194,glutamate,1
481264051,LHAV2n1,right,2195,gaba,1
481268653,M_vPNml89,right,2196,gaba,1
481268762,LHPV5a3,right,2197,acetylcholine,0
481286239,SLP220,right,2198,acetylcholine,0
481295335,SIP059,right,2199,acetylcholine,0
481359062,SMP425,right,2200,glutamate,1
481371769,SMP366,right,2201,dopamine,0
481390070,SMP355,right,2202,dopamine,0
481406868,SMP404,right,2203,dopamine,0
481410841,SMP302,right,2204,gaba,1
481427934,SMP220,right,2205,glutamate,1
481501144,SMP538,right,2206,glutamate,1
481600824,LHAV5a4_a,right,2207,acetylcholine,0
481627444,LHPV6a1,right,2208,acetylcholine,0
481636469,SLP133,right,2209,glutamate,1
481653694,SLP049,right,2210,acetylcholine,0
481657750,AVLP030,right,2211,gaba,1
481708589,FS4B,left,2212,acetylcholine,0
481731074,SLP399,right,2213,dopamine,0
481747302,SMP516,right,2214,acetylcholine,0
481941611,LHAV5a4_a,right,2215,acetylcholine,0
481941688,LHAV5a2_a,right,2216,acetylcholine,0
481941832,LHAV5a2_b,right,2217,acetylcholine,0
481941855,LHAV5a2_a,right,2218,acetylcholine,0
481941863,LHAV5a2_b,right,2219,acetylcholine,0
481941922,LHAV5a2_a,right,2220,acetylcholine,0
481946285,LHPV6i1_b,right,2221,acetylcholine,0
481989534,LHAV2i5,right,2222,acetylcholine,0
482002172,SMP206,right,2223,dopamine,0
482002701,LHAV6a5,right,2224,acetylcholine,0
482006328,LHPV4d3,right,2225,glutamate,1
482050067,FB9C_b,right,2226,glutamate,1
482071463,SMP307,right,2227,gaba,1
482183354,SMP517,left,2228,acetylcholine,0
482356368,LHPV11a1,right,2229,dopamine,0
482356653,SLP261,right,2230,glutamate,1
482417172,SLP138,right,2231,glutamate,1
482417237,SLP129_c,right,2232,acetylcholine,0
482421242,SMP264,right,2233,acetylcholine,0
482524464,SMP119,right,2234,glutamate,1
482633514,SLP136,right,2235,glutamate,1
482637370,SLP090,right,2236,glutamate,1
482680447,LHAV3k3,right,2237,acetylcholine,0
482684855,LHPV11a1,right,2238,acetylcholine,0
482685041,SLP048,right,2239,acetylcholine,0
482693819,SLP026,right,2240,glutamate,1
482702027,SLP384,right,2241,glutamate,1
482732443,LHAV6c1,right,2242,glutamate,1
482754144,SMP584,right,2243,acetylcholine,0
482757982,SLP144,right,2244,glutamate,1
482762280,PAM11,right,2245,dopamine,0
482762384,SLP144,right,2246,glutamate,1
482797167,SMP262,right,2247,acetylcholine,0
482852299,SMP601,left,2248,glutamate,1
482974860,LHPV5b1,right,2249,acetylcholine,0
483000509,SLP140,right,2250,glutamate,1
483004258,LHPV4d9,right,2251,glutamate,1
483017681,LHAD1b2_b,right,2252,acetylcholine,0
483021600,LHAV6f3_b,right,2253,acetylcholine,0
483025785,SLP239,right,2254,acetylcholine,0
483025951,SLP255,right,2255,glutamate,1
483038957,LHAV2f1_b,right,2256,gaba,1
483042692,aSP-f4,right,2257,acetylcholine,0
483189268,SMP523,left,2258,acetylcholine,0
483193732,FB8C,left,2259,glutamate,1
483245369,FB1G,left,2260,acetylcholine,0
483324087,SLP086,right,2261,glutamate,1
483337285,CL359,right,2262,acetylcholine,0
483349859,SLP193_a,right,2263,glutamate,1
483354202,LHAV2f1_a,right,2264,gaba,1
483646991,CL090_c,right,2265,acetylcholine,0
483708083,AVLP596,right,2266,acetylcholine,0
483711811,SLP187,right,2267,gaba,1
483712161,SLP056,right,2268,gaba,1
483716037,LHAD1a1,right,2269,acetylcholine,0
483720758,SMP256,right,2270,acetylcholine,0
483797945,SMP007,right,2271,acetylcholine,0
483988886,LHAV5a2_a,right,2272,acetylcholine,0
484005994,CL075,right,2273,acetylcholine,0
484006079,AVLP227,right,2274,acetylcholine,0
484014387,AVLP227,right,2275,acetylcholine,0
484015147,SLP086,right,2276,glutamate,1
484018923,LHPV4b9,right,2277,glutamate,1
484040200,SLP043,right,2278,acetylcholine,0
484069896,SLP295,right,2279,glutamate,1
484126552,SMP011,right,2280,glutamate,1
484130600,SMP145,right,2281,dopamine,0
484134987,SLP400,right,2282,acetylcholine,0
484350664,SLP086,right,2283,glutamate,1
484351401,SLP220,right,2284,acetylcholine,0
484355328,SMP043,right,2285,glutamate,1
484355342,LHPV5b5,right,2286,acetylcholine,0
484355636,SLP165,right,2287,acetylcholine,0
484359384,SLP166,right,2288,acetylcholine,0
484359937,CL093,right,2289,acetylcholine,0
484368420,SLP461,right,2290,acetylcholine,0
484377189,LHAV2f3,right,2291,gaba,1
484402369,SLP179_a,right,2292,glutamate,1
484554412,SMP120,right,2293,glutamate,1
484696850,SLP228,right,2294,acetylcholine,0
484735637,SLP330,right,2295,dopamine,0
484735678,PAM04_a,right,2296,dopamine,0
484821546,SMP586,right,2297,acetylcholine,0
484825371,SMP155,right,2298,gaba,1
484829654,SMP085,left,2299,glutamate,1
484890037,SMP162,left,2300,glutamate,1
484911881,SMP124,right,2301,glutamate,1
484911954,SMP089,left,2302,glutamate,1
485029592,SLP167,right,2303,acetylcholine,0
485037749,SLP121,right,2304,acetylcholine,0
485093313,LHAD3d2,right,2305,acetylcholine,0
485132675,SIP072,right,2306,dopamine,0
485171425,SMP085,left,2307,glutamate,1
485249150,SMP175,left,2308,,0
485387561,LHPV5h6,right,2309,acetylcholine,0
485430336,aSP-g3B,right,2310,acetylcholine,0
485430376,LHAD1a2_c,right,2311,acetylcholine,0
485430434,aSP-g1,right,2312,acetylcholine,0
485499217,SLP135,right,2313,glutamate,1
485511772,PAL01,right,2314,dopamine,0
485585976,SMP177,left,2315,acetylcholine,0
485589846,SMP157,left,2316,acetylcholine,0
485711235,SLP145,right,2317,glutamate,1
485715511,SLP100,right,2318,glutamate,1
485723857,LHAV2k5,right,2319,acetylcholine,0
485728655,LHPV5c2,right,2320,acetylcholine,0
485732870,LHAV2e4_b,right,2321,acetylcholine,0
485736803,LHAV2f1_a,right,2322,gaba,1
485745069,SLP442,right,2323,acetylcholine,0
485745927,LHAD1f5,right,2324,acetylcholine,0
485771504,AVLP024,right,2325,acetylcholine,0
485775679,aSP-g1,right,2326,acetylcholine,0
485926760,FB4E,left,2327,glutamate,1
485934965,oviIN,left,2328,gaba,1
486056294,SLP125,right,2329,acetylcholine,0
486073415,mAL6,left,2330,gaba,1
486073599,LHAV2k5,right,2331,acetylcholine,0
486103577,SMP105_b,right,2332,glutamate,1
486116439,LHAV6b3,right,2333,acetylcholine,0
486194398,SMP077,right,2334,gaba,1
486315287,FB5H,left,2335,dopamine,0
486410031,PVLP009,right,2336,acetylcholine,0
486444499,LHAV2a2,right,2337,acetylcholine,0
486444857,SMP107,right,2338,glutamate,1
486496648,SMP195_a,right,2339,dopamine,0
486501502,LHPV5g2,right,2340,acetylcholine,0
486518323,SMP135,left,2341,glutamate,1
486544396,PAL02,right,2342,dopamine,0
486646991,SMP404,left,2343,acetylcholine,0
486807709,SLP332,right,2344,glutamate,1
486812022,SIP015,right,2345,glutamate,1
486815976,KCa'b'-ap2,right,2346,dopamine,0
486837442,KCa'b'-m,right,2347,dopamine,0
486841797,SIP040,right,2348,glutamate,1
486842208,FB5C,right,2349,glutamate,1
486850582,LHPD2a3,right,2350,glutamate,1
486876782,SMP124,left,2351,glutamate,1
486880919,SMP012,right,2352,glutamate,1
486932201,SMP083,left,2353,glutamate,1
487100556,SLP379,right,2354,glutamate,1
487143497,MBON24,right,2355,acetylcholine,0
487144598,LHCENT3,right,2356,gaba,1
487148422,LHAD3g1,right,2357,glutamate,1
487160828,KCa'b'-m,right,2358,dopamine,0
487187476,SIP087,right,2359,serotonin,0
487191620,SIP070,right,2360,dopamine,0
487212916,SMP591,right,2361,glutamate,1
487217638,SMP099,right,2362,glutamate,1
487454622,LHAD3b1_e,right,2363,acetylcholine,0
487467388,LHPV5b6,right,2364,acetylcholine,0
487489028,KCa'b'-ap2,right,2365,dopamine,0
487489064,KCa'b'-ap2,right,2366,dopamine,0
487493197,KCa'b'-ap2,right,2367,dopamine,0
487501700,KCab-s,right,2368,dopamine,0
487523851,FB5B,right,2369,glutamate,1
487537477,SLP217,right,2370,glutamate,1
487541595,SMP411,right,2371,dopamine,0
487610557,SMP094,left,2372,glutamate,1
487636204,SMP478,left,2373,acetylcholine,0
487795196,LHPV5b2_b,right,2374,acetylcholine,0
487812620,SLP152,right,2375,acetylcholine,0
487834111,KCa'b'-ap1,right,2376,dopamine,0
487834131,KCa'b'-ap1,right,2377,dopamine,0
487834179,KCa'b'-ap1,right,2378,dopamine,0
487847296,KCab-s,right,2379,dopamine,0
487882254,CRE097,right,2380,acetylcholine,0
487882530,SMP261,right,2381,acetylcholine,0
487887067,SMP071,right,2382,glutamate,1
487899426,SMP193,right,2383,dopamine,0
487899562,PAM01_a,right,2384,dopamine,0
487925037,MBON03,right,2385,glutamate,1
487925063,MBON04,right,2386,glutamate,1
487968933,AVLP032,right,2387,acetylcholine,0
488179585,KCab-s,right,2388,dopamine,0
488179878,KCa'b'-ap1,right,2389,dopamine,0
488184014,KCab-s,right,2390,dopamine,0
488188560,KCab-s,right,2391,dopamine,0
488205572,KCab-s,right,2392,dopamine,0
488223252,SMP262,right,2393,acetylcholine,0
488231898,SMP037,right,2394,glutamate,1
488231939,SMP093,right,2395,glutamate,1
488322846,SMP128,left,2396,glutamate,1
488520820,KCab-p,right,2397,dopamine,0
488533722,KCab-s,right,2398,dopamine,0
488550675,LHAD3e1_b,right,2399,acetylcholine,0
488559952,PAM01_a,right,2400,dopamine,0
488572496,SMP123,left,2401,glutamate,1
488896350,SLP217,right,2402,glutamate,1
488922181,SMP048,right,2403,acetylcholine,0
488931037,CL043,right,2404,glutamate,1
489686575,CL038,left,2405,glutamate,1
507243409,KCab-c,right,2406,dopamine,0
507260559,KCab-m,right,2407,dopamine,0
507592981,KCab-m,right,2408,dopamine,0
508292573,KCab-c,right,2409,dopamine,0
508447812,FR2,noside,2410,acetylcholine,0
508599181,KCg-m,right,2411,dopamine,0
508599194,KCg-m,right,2412,dopamine,0
508599211,KCg-m,right,2413,dopamine,0
508599271,KCg-m,right,2414,dopamine,0
508599276,KCg-m,right,2415,dopamine,0
508616471,KCg-m,right,2416,dopamine,0
508689623,CRE074,right,2417,glutamate,1
508793049,PEN_a(PEN1),noside,2418,glutamate,1
508793106,FR2,noside,2419,acetylcholine,0
508918609,KCa'b'-m,right,2420,dopamine,0
508935964,KCg-m,right,2421,dopamine,0
508939879,KCg-m,right,2422,dopamine,0
508939914,KCg-m,right,2423,dopamine,0
508940291,KCg-m,right,2424,dopamine,0
508949033,KCg-m,right,2425,dopamine,0
509013752,KCg-m,right,2426,dopamine,0
509264220,KCg-m,right,2427,dopamine,0
509410587,PEN_a(PEN1),noside,2428,glutamate,1
509626405,VP1l+_lvPN,right,2429,acetylcholine,0
509631101,SMP220,right,2430,glutamate,1
509643775,SLP266,right,2431,glutamate,1
509695478,KCg-m,right,2432,dopamine,0
509700197,KCg-m,right,2433,dopamine,0
509924185,SMP245,right,2434,acetylcholine,0
509928512,LHPD2b1_a,right,2435,acetylcholine,0
509928946,SIP038,right,2436,glutamate,1
509968249,LHPV6f3_a,right,2437,acetylcholine,0
509993739,SLP322,right,2438,acetylcholine,0
510049477,SMP541,right,2439,glutamate,1
510269590,SIP038,right,2440,glutamate,1
510278421,CRE073,right,2441,glutamate,1
510278853,SMP210,right,2442,glutamate,1
510282921,SLP072,right,2443,glutamate,1
510317265,LHPD4d1,right,2444,glutamate,1
510602264,CL125,right,2445,glutamate,1
510623727,SLP312,right,2446,glutamate,1
510623836,SLP314,right,2447,glutamate,1
510658534,AVLP471,right,2448,glutamate,1
510676580,SMP424,right,2449,glutamate,1
510680365,SMP444,right,2450,glutamate,1
510680957,SMP228,right,2451,glutamate,1
510921766,SLP090,right,2452,glutamate,1
510926056,LHPD3a4_b,right,2453,glutamate,1
510934715,LHPD3a5,right,2454,glutamate,1
510943286,LHAV3b4,right,2455,acetylcholine,0
510951971,SLP345,right,2456,glutamate,1
510952092,SLP345,right,2457,glutamate,1
510956058,LHAV3c1,right,2458,glutamate,1
510956083,SLP345,right,2459,glutamate,1
510956443,LHAV3c1,right,2460,glutamate,1
510987433,SMP011,right,2461,glutamate,1
511025402,CL161,right,2462,acetylcholine,0
511051477,s-LNv,noside,2463,acetylcholine,0
511120297,IB030,right,2464,glutamate,1
511262901,LHAV6b1_a,right,2465,acetylcholine,0
511262952,LHAV3o1,right,2466,acetylcholine,0
511267109,LHPD3a4_c,right,2467,glutamate,1
511267220,LHPD3a4_c,right,2468,glutamate,1
511267279,LHPV5h2,right,2469,acetylcholine,0
511271342,LHPD3a4_a,right,2470,glutamate,1
511271379,LHAV3b2_b,right,2471,acetylcholine,0
511271574,LHCENT8,right,2472,gaba,1
511349908,SMP183,right,2473,acetylcholine,0
511353266,SLP412,right,2474,glutamate,1
511358390,SLP277,right,2475,acetylcholine,0
511561131,SMP524,left,2476,acetylcholine,0
511608576,LHPD3a2_c,right,2477,glutamate,1
511616870,LHPD3a3_b,right,2478,glutamate,1
511617404,LHAD1d1,right,2479,acetylcholine,0
511621576,LHAV3o1,right,2480,acetylcholine,0
511625768,LHPV6a1,right,2481,acetylcholine,0
511626068,LHPV6a1,right,2482,acetylcholine,0
511626286,LHPV6a1,right,2483,acetylcholine,0
511634742,SLP362,right,2484,acetylcholine,0
511660697,CL019_a,right,2485,glutamate,1
511685955,LHPV7a2,right,2486,acetylcholine,0
511685969,PLP210,right,2487,dopamine,0
511686666,CL357,right,2488,dopamine,0
511699812,SLP338,right,2489,glutamate,1
511806866,hDeltaE,noside,2490,dopamine,0
511949386,LHAV5a6_b,right,2491,acetylcholine,0
511949534,LHAV4b6,right,2492,gaba,1
511966686,LHAV4d1,right,2493,gaba,1
511966731,LHPV6a1,right,2494,acetylcholine,0
511970945,LHAV2i1,right,2495,acetylcholine,0
512014262,SMP320,right,2496,dopamine,0
512023157,SLP360,right,2497,acetylcholine,0
512048416,SMP294,right,2498,gaba,1
512079523,SMP295,right,2499,gaba,1
512294414,LHAV5a2_a,right,2500,acetylcholine,0
512308235,CL272_a,right,2501,acetylcholine,0
512312176,LHPV4b4,right,2502,glutamate,1
512377806,SLP406,right,2503,serotonin,0
512411244,CL178,right,2504,glutamate,1
512411317,CL190,right,2505,glutamate,1
512411321,CL180,right,2506,glutamate,1
512416525,SLP148,right,2507,glutamate,1
512441111,SMP061,right,2508,glutamate,1
512441442,SMP402,right,2509,dopamine,0
512635818,LHAD3c1,right,2510,acetylcholine,0
512645188,LHAV4d5,right,2511,gaba,1
512671271,SLP006,right,2512,glutamate,1
512765816,LHAD1b6_a,right,2513,dopamine,0
512765910,PAM11,right,2514,dopamine,0
512774096,SMP590,right,2515,dopamine,0
512782759,SMP090,right,2516,glutamate,1
512787296,SMP317,right,2517,dopamine,0
512851433,DNp10,left,2518,acetylcholine,0
512976561,LHAV5a7_a,right,2519,acetylcholine,0
512981720,LHAV4d5,right,2520,gaba,1
512982243,LHPV4b4,right,2521,glutamate,1
513029260,LHAV3l1,right,2522,gaba,1
513050445,LHPV5b1,right,2523,acetylcholine,0
513058708,LHPV5b1,right,2524,acetylcholine,0
513106377,SLP100,right,2525,glutamate,1
513317334,LHPV6e1,right,2526,acetylcholine,0
513323340,LHPV4b3,right,2527,glutamate,1
513339129,SLP124,right,2528,acetylcholine,0
513339951,SLP084,right,2529,glutamate,1
513344531,SMP495,right,2530,glutamate,1
513357277,LHAV2f3,right,2531,gaba,1
513404289,LHAD1b5,right,2532,acetylcholine,0
513447083,DNES1,right,2533,unknown,0
513451621,PAM11,right,2534,dopamine,0
513555436,SMP524,left,2535,acetylcholine,0
513668146,SMP495,right,2536,glutamate,1
513741732,LHAV7b1,right,2537,acetylcholine,0
513784136,FB1G,right,2538,acetylcholine,0
513788774,FB6F,right,2539,glutamate,1
514013549,CL317,right,2540,glutamate,1
514017455,CL090_c,right,2541,acetylcholine,0
514043443,SMP245,right,2542,dopamine,0
514060419,LHPV4d3,right,2543,glutamate,1
514068564,LHPD5a1,right,2544,glutamate,1
514073078,LHAD1a2_b,right,2545,acetylcholine,0
514073634,SLP050,right,2546,acetylcholine,0
514116545,SMP412,right,2547,dopamine,0
514367640,SLP222,right,2548,acetylcholine,0
514375643,LHAV6b2_a,right,2549,acetylcholine,0
514396940,LHAV6a2_a,right,2550,acetylcholine,0
514397189,SLP042,right,2551,acetylcholine,0
514406435,LHAV2k11_b,right,2552,acetylcholine,0
514475106,SMP371,right,2553,glutamate,1
514530654,PI1_b,noside,2554,unknown,0
514683250,SLP222,right,2555,acetylcholine,0
514708179,CL244,right,2556,acetylcholine,0
514712745,SLP014,right,2557,glutamate,1
514713432,LHAV6b2_a,right,2558,acetylcholine,0
514747179,LHPV4d3,right,2559,glutamate,1
514807275,FB5G,right,2560,glutamate,1
514816333,SMP566,right,2561,dopamine,0
514833145,SMP591,right,2562,dopamine,0
514837265,SMP067,right,2563,glutamate,1
514842241,SMP253,right,2564,dopamine,0
514850616,pC1e,right,2565,acetylcholine,0
514859045,SMP220,right,2566,glutamate,1
514958793,SMP371,left,2567,glutamate,1
515049524,AVLP227,right,2568,acetylcholine,0
515092013,SMP022,right,2569,glutamate,1
515096130,LHAV7a7,right,2570,glutamate,1
515152792,ATL024,right,2571,glutamate,1
515251693,SMP062,left,2572,glutamate,1
515307870,FS3,left,2573,acetylcholine,0
515385637,SLP270,right,2574,acetylcholine,0
515385759,CL024,right,2575,glutamate,1
515390688,LHAV4e6,right,2576,gaba,1
515394155,SLP306,right,2577,acetylcholine,0
515437073,SLP035,right,2578,acetylcholine,0
515450389,SLP243,right,2579,gaba,1
515588291,SMP520,left,2580,acetylcholine,0
515718803,AVLP048,right,2581,acetylcholine,0
515813661,SIP027,right,2582,gaba,1
515852217,SMP263,right,2583,acetylcholine,0
515925122,SMP517,left,2584,acetylcholine,0
515947324,SMP255,left,2585,,0
516055524,CL063,right,2586,gaba,1
516085453,LHPV4d8,right,2587,glutamate,1
516098538,SLP185,right,2588,gaba,1
516163285,SMP464,right,2589,dopamine,0
516214576,SMP124,left,2590,glutamate,1
516283789,SMP589,left,2591,dopamine,0
516322115,FB2L,left,2592,glutamate,1
516399646,CL071,right,2593,acetylcholine,0
516409549,AVLP225_b,right,2594,acetylcholine,0
516421917,AVLP191,right,2595,gaba,1
516425902,LHAV6f2,right,2596,acetylcholine,0
516504076,SIP072,right,2597,dopamine,0
516603060,SMP107,right,2598,glutamate,1
516625009,SMP042,left,2599,,0
516762858,LHAV2k5,right,2600,acetylcholine,0
516771668,LHAV2e3,right,2601,acetylcholine,0
516780722,SMP003,right,2602,acetylcholine,0
516806504,SLP213,right,2603,acetylcholine,0
516832391,LHAD3g1,right,2604,glutamate,1
516844782,SIP071,right,2605,acetylcholine,0
516857964,SMP022,right,2606,glutamate,1
516875221,SMP062,right,2607,glutamate,1
516965856,SMP124,right,2608,glutamate,1
517086196,AVLP442,right,2609,acetylcholine,0
517090901,AVLP212,right,2610,acetylcholine,0
517117602,LHAV2f1_a,right,2611,gaba,1
517138678,LHAV5b2,right,2612,acetylcholine,0
517169460,CRE072,right,2613,acetylcholine,0
517207902,PAM05,right,2614,dopamine,0
517280671,SMP092,left,2615,glutamate,1
517445395,LHAV1f1,right,2616,acetylcholine,0
517458316,LHAV2f1_a,right,2617,gaba,1
517479202,LHAV7b1,right,2618,acetylcholine,0
517506265,LHCENT4,right,2619,glutamate,1
517510393,KCa'b'-ap2,right,2620,dopamine,0
517514142,PPL104,right,2621,dopamine,0
517514588,SMP443,right,2622,glutamate,1
517518166,MBON11,left,2623,gaba,1
517578770,SMP098_a,right,2624,glutamate,1
517587356,SAG,noside,2625,gaba,1
517682957,CRE087,left,2626,acetylcholine,0
517838657,SIP036,right,2627,glutamate,1
517838849,SMP031,right,2628,acetylcholine,0
517842578,LHAD1b5,right,2629,acetylcholine,0
517847127,KCa'b'-ap2,right,2630,dopamine,0
517850316,KCa'b'-ap2,right,2631,dopamine,0
517854468,MBON19,right,2632,acetylcholine,0
517858947,KCab-p,right,2633,dopamine,0
517871837,KCa'b'-m,right,2634,dopamine,0
517872280,SMP114,left,2635,glutamate,1
517885151,SMP258,right,2636,acetylcholine,0
517902689,SMP091,right,2637,gaba,1
517910959,SMP117_b,left,2638,glutamate,1
518183562,SIP016,right,2639,glutamate,1
518187118,KCa'b'-ap2,right,2640,dopamine,0
518191547,KCa'b'-ap2,right,2641,dopamine,0
518195738,KCab-p,right,2642,dopamine,0
518212987,KCa'b'-m,right,2643,dopamine,0
518329528,ATL006,left,2644,acetylcholine,0
518369709,SMP126,right,2645,glutamate,1
518476551,LHAV2c1,right,2646,acetylcholine,0
518528152,KCa'b'-ap2,right,2647,dopamine,0
518532490,KCa'b'-m,right,2648,dopamine,0
518558825,CRE107,right,2649,glutamate,1
518598175,SLP329,right,2650,dopamine,0
518670779,MBON33,left,2651,,0
518847630,SLP152,right,2652,acetylcholine,0
518861029,SIP071,right,2653,acetylcholine,0
518864844,KCa'b'-ap1,right,2654,dopamine,0
518864924,KCa'b'-ap1,right,2655,dopamine,0
518869381,KCa'b'-ap1,right,2656,dopamine,0
518869459,KCa'b'-ap1,right,2657,dopamine,0
518873469,KCab-s,right,2658,dopamine,0
518873604,KCab-s,right,2659,dopamine,0
518882016,KCab-s,right,2660,dopamine,0
518899665,LHPV4m1,right,2661,acetylcholine,0
518899771,SIP009,right,2662,glutamate,1
518920893,SMP105_b,right,2663,glutamate,1
518921865,SMP264,right,2664,acetylcholine,0
518925962,SMP593,left,2665,gaba,1
518930199,MBON35,right,2666,acetylcholine,0
518930220,SMP097_b,right,2667,glutamate,1
519004170,SLP212,left,2668,dopamine,0
519046655,FB1H,left,2669,dopamine,0
519206240,KCa'b'-ap1,right,2670,dopamine,0
519210172,KCa'b'-ap1,right,2671,dopamine,0
519214622,KCa'b'-ap1,right,2672,dopamine,0
519214895,KCa'b'-ap1,right,2673,dopamine,0
519218919,KCab-s,right,2674,dopamine,0
519223027,KCab-s,right,2675,dopamine,0
519223428,KCab-m,right,2676,dopamine,0
519232054,KCab-s,right,2677,dopamine,0
519249805,LHAV6d1,right,2678,glutamate,1
519275692,SMP105_b,right,2679,glutamate,1
519279166,CRE027,left,2680,glutamate,1
519555690,KCab-p,right,2681,dopamine,0
519564501,KCab-s,right,2682,dopamine,0
519573099,KCab-s,right,2683,dopamine,0
519573128,KCab-p,right,2684,dopamine,0
519591210,SMP196,right,2685,acetylcholine,0
519616809,SMP180,right,2686,dopamine,0
519620935,CRE027,left,2687,glutamate,1
519629116,CL050_b,right,2688,glutamate,1
519694628,SMP333,left,2689,,0
519900699,KCab-s,right,2690,dopamine,0
519905418,KCab-s,right,2691,dopamine,0
519909788,PVLP008_a,right,2692,glutamate,1
519940322,SMP247,right,2693,dopamine,0
519949044,oviDNb,right,2694,gaba,1
519957346,SMP106,right,2695,glutamate,1
520272258,SMP098_a,right,2696,glutamate,1
520285559,SMP100,right,2697,glutamate,1
520380132,SMP127,left,2698,glutamate,1
520613226,SMP105_a,right,2699,glutamate,1
520617773,CL265,right,2700,acetylcholine,0
537945877,KCab-c,right,2701,dopamine,0
538282782,KCab-m,right,2702,dopamine,0
538308362,KCab-m,right,2703,dopamine,0
538602138,KCg-m,right,2704,dopamine,0
538653955,KCab-c,right,2705,dopamine,0
538908474,KCab-m,right,2706,dopamine,0
538951958,KCg-m,right,2707,dopamine,0
539249493,KCab-m,right,2708,dopamine,0
539462336,PEN_b(PEN2),noside,2709,serotonin,0
539759172,FR2,noside,2710,acetylcholine,0
539810773,PFNa,noside,2711,acetylcholine,0
539949478,KCg-m,right,2712,dopamine,0
539949536,KCg-m,right,2713,dopamine,0
539975118,KCg-m,right,2714,dopamine,0
539983731,KCg-m,right,2715,dopamine,0
540112974,hDeltaD,noside,2716,acetylcholine,0
540290380,AOTU043,right,2717,acetylcholine,0
540325242,SMP223,right,2718,glutamate,1
540329317,SLP324,right,2719,acetylcholine,0
540389646,KCg-m,right,2720,dopamine,0
540389734,KCg-m,right,2721,dopamine,0
540462600,OCG01,noside,2722,glutamate,1
540493022,PFNa,noside,2723,acetylcholine,0
540657374,LHPV6f5,right,2724,acetylcholine,0
540662210,LHPV6f4_b,right,2725,acetylcholine,0
540679089,SLP267,right,2726,glutamate,1
540730639,KCg-m,right,2727,dopamine,0
540730657,KCg-m,right,2728,dopamine,0
540730738,KCg-m,right,2729,dopamine,0
540967864,LHPD2c2,right,2730,acetylcholine,0
540972196,SMP210,right,2731,glutamate,1
540972281,SIP043,right,2732,glutamate,1
540998783,LHPV4c1_a,right,2733,glutamate,1
540998882,SMP232,right,2734,glutamate,1
541007502,LHPV6f4_b,right,2735,acetylcholine,0
541011631,SMP326,right,2736,acetylcholine,0
541118908,EPG,noside,2737,glutamate,1
541119189,PFNa,noside,2738,acetylcholine,0
541127846,ExR5,left,2739,glutamate,1
541326096,PLP064_b,right,2740,acetylcholine,0
541347811,SMP029,right,2741,glutamate,1
541373868,LHPV6f5,right,2742,acetylcholine,0
541378802,SLP267,right,2743,glutamate,1
541615798,LHAV5a2_a,right,2744,acetylcholine,0
541615964,LHAD3d4,right,2745,acetylcholine,0
541624179,LHAV3b2_c,right,2746,acetylcholine,0
541628695,LHAV5b1,right,2747,acetylcholine,0
541632940,LHAV5b1,right,2748,acetylcholine,0
541632990,M_vPNml70,right,2749,gaba,1
541663112,LHPV5j5,right,2750,acetylcholine,0
541681271,LHPV6f3_d,right,2751,acetylcholine,0
541697718,5-HTPMPV01,left,2752,serotonin,0
541723677,CL152,right,2753,glutamate,1
541723731,CL245,right,2754,glutamate,1
541723810,CL152,right,2755,glutamate,1
541870397,EPG,noside,2756,glutamate,1
541952417,LHPV4a10_a,right,2757,glutamate,1
541956768,LHPV4i5,right,2758,glutamate,1
541957126,LHPV4d5,right,2759,glutamate,1
541961677,LHAV3b5,right,2760,acetylcholine,0
541961750,LHAV3b6_a,right,2761,acetylcholine,0
541965840,LHAV3c3,right,2762,glutamate,1
541970375,LHAV7a3_a,right,2763,glutamate,1
542039038,PPL204,right,2764,dopamine,0
542056766,SLP337,right,2765,glutamate,1
542068823,CL153,right,2766,glutamate,1
542293528,LHAV4g7_b,right,2767,gaba,1
542297875,LHPD4a2,right,2768,glutamate,1
542298159,LHAV5a6_b,right,2769,acetylcholine,0
542298702,LHAV5a1,right,2770,acetylcholine,0
542311358,M_vPNml69,right,2771,gaba,1
542315097,LHPV1c1,right,2772,acetylcholine,0
542371432,KCab-p,right,2773,dopamine,0
542376096,SMP237,right,2774,acetylcholine,0
542410481,SMP496,right,2775,glutamate,1
542457618,SMP302,right,2776,gaba,1
542634516,LHPD2a1,right,2777,acetylcholine,0
542634818,DM1_lPN,right,2778,acetylcholine,0
542639270,LHPV4a10_a,right,2779,glutamate,1
542639377,LHAV4g4_b,right,2780,gaba,1
542643555,LHAV3b3,right,2781,acetylcholine,0
542652400,LHAV7a4,right,2782,glutamate,1
542652506,DM4_vPN,right,2783,gaba,1
542656552,LHPD4a1,right,2784,glutamate,1
542665187,LHAV2h1_b,right,2785,acetylcholine,0
542665377,M_vPNml79,right,2786,gaba,1
542679122,SLP381,right,2787,glutamate,1
542691005,SMP319,right,2788,dopamine,0
542695056,CL255,right,2789,acetylcholine,0
542699260,CL020,right,2790,glutamate,1
542747457,SLP324,right,2791,acetylcholine,0
542751938,DNp44,right,2792,acetylcholine,0
542980274,LHPV4a10_b,right,2793,glutamate,1
543002278,LHPV4i3_a,right,2794,glutamate,1
543010474,VP4+_vPN,right,2795,gaba,1
543023799,CL019_b,right,2796,glutamate,1
543049093,SMP314,right,2797,dopamine,0
543053986,LHPD4b1,right,2798,glutamate,1
543062097,CL356,right,2799,acetylcholine,0
543092817,SMP342,right,2800,glutamate,1
543135607,CL165,right,2801,acetylcholine,0
543256347,SMP291,left,2802,acetylcholine,0
543321179,LHAD1b2_c,right,2803,acetylcholine,0
543333530,LHAV4b6,right,2804,gaba,1
543365151,SLP002,right,2805,gaba,1
543365167,SMP232,right,2806,glutamate,1
543369332,SLP449,right,2807,acetylcholine,0
543412036,CL018,right,2808,glutamate,1
543412198,LHAD1b1_a,right,2809,dopamine,0
543433461,SMP363,right,2810,dopamine,0
543441466,SMP441,right,2811,glutamate,1
543445683,CL191,right,2812,glutamate,1
543446584,SLP148,right,2813,glutamate,1
543455619,SLP147,right,2814,glutamate,1
543566744,SMP540,right,2815,glutamate,1
543679473,LHPV4b2,right,2816,glutamate,1
543684107,LHPV6a1,right,2817,acetylcholine,0
543692985,SLP003,right,2818,gaba,1
543702186,aMe26,noside,2819,acetylcholine,0
543718301,CL359,right,2820,acetylcholine,0
543766436,LHPV2h1,right,2821,acetylcholine,0
543770627,LHAV2i2,right,2822,acetylcholine,0
543821838,PAL03,right,2823,dopamine,0
543934429,SMP531,left,2824,,0
544007573,LHAV6a2_c,right,2825,serotonin,0
544012081,LHAV5a10_a,right,2826,acetylcholine,0
544021095,DA4l_adPN,right,2827,acetylcholine,0
544037996,SMP313,right,2828,acetylcholine,0
544038013,SLP081,right,2829,glutamate,1
544038123,mALD1,left,2830,gaba,1
544038227,SLP081,right,2831,glutamate,1
544038294,LT72,right,2832,acetylcholine,0
544046671,SLP219,right,2833,acetylcholine,0
544107243,LHAD1b2_d,right,2834,acetylcholine,0
544107335,LHAD1b2_a,right,2835,acetylcholine,0
544158940,SMP189,right,2836,dopamine,0
544262033,SMP421,left,2837,,0
544265891,SMP404,left,2838,acetylcholine,0
544265926,SMP271,left,2839,,0
544270890,SMP069,left,2840,glutamate,1
544361987,LHPV10c1,right,2841,gaba,1
544378933,CL090_d,right,2842,acetylcholine,0
544379269,CL070,right,2843,acetylcholine,0
544383511,CL015,right,2844,glutamate,1
544435277,LHAV6c1,right,2845,glutamate,1
544512309,SMP487,right,2846,acetylcholine,0
544611593,SMP404,left,2847,acetylcholine,0
544620289,SMP249,left,2848,,0
544637659,SMP192,left,2849,acetylcholine,0
544699051,LHAV3g1,right,2850,glutamate,1
544706811,SMP246,right,2851,dopamine,0
544720220,SLP086,right,2852,glutamate,1
544750318,LHAV6b1_b,right,2853,acetylcholine,0
544831533,CL017,right,2854,glutamate,1
544931723,SMP527,left,2855,,0
544956941,FB6K,left,2856,glutamate,1
545039548,CL134,right,2857,glutamate,1
545082184,LHAD3e1_a,right,2858,acetylcholine,0
545385576,PLP130,right,2859,acetylcholine,0
545427747,SLP227,right,2860,acetylcholine,0
545440837,LHAD1a2_a,right,2861,acetylcholine,0
545441096,SLP035,right,2862,acetylcholine,0
545444996,SMP038,right,2863,glutamate,1
545445407,SLP256,right,2864,glutamate,1
545453209,mAL2B,left,2865,gaba,1
545501062,SMP464,right,2866,dopamine,0
545510060,PLP122,right,2867,dopamine,0
545738451,LHCENT13_a,right,2868,gaba,1
545743228,SLP147,right,2869,glutamate,1
545748103,SLP310,right,2870,acetylcholine,0
545786279,AVLP028,right,2871,acetylcholine,0
545786473,LHAD1f3_b,right,2872,glutamate,1
545872467,CL041,right,2873,gaba,1
545903200,SMP090,right,2874,glutamate,1
545967423,SMP408,left,2875,acetylcholine,0
545971650,SMP408,left,2876,acetylcholine,0
545971745,SMP409,left,2877,acetylcholine,0
545971748,SMP408,left,2878,acetylcholine,0
546080131,SIP055,right,2879,acetylcholine,0
546083486,LHAV6a5,right,2880,acetylcholine,0
546123239,LHAV2k6,right,2881,acetylcholine,0
546127037,LHAD1f4,right,2882,glutamate,1
546196205,CRE003_a,right,2883,acetylcholine,0
546217818,SMP579,right,2884,gaba,1
546287086,SMP123,right,2885,glutamate,1
546312597,SMP198,left,2886,,0
546316427,SMP133,right,2887,glutamate,1
546325197,SMP136,right,2888,glutamate,1
546412678,SLP085,right,2889,glutamate,1
546438473,SLP455,right,2890,acetylcholine,0
546464512,SLP154,right,2891,acetylcholine,0
546472393,LHAD1f4,right,2892,glutamate,1
546507208,SIP003_a,right,2893,acetylcholine,0
546511447,LHPV5a1_b,right,2894,acetylcholine,0
546641039,SMP052,left,2895,glutamate,1
546661830,SMP135,right,2896,glutamate,1
546661879,SMP131,right,2897,glutamate,1
546661881,SMP133,right,2898,glutamate,1
546661929,SMP449,left,2899,glutamate,1
546765551,SMP173,right,2900,dopamine,0
546765753,SLP242,right,2901,acetylcholine,0
546852112,FB2F_b,right,2902,glutamate,1
546917498,SMP482,right,2903,acetylcholine,0
546977514,LPN,left,2904,,0
547002880,SMP199,left,2905,acetylcholine,0
547103110,SLP122,right,2906,acetylcholine,0
547115923,LHAV2k11_a,right,2907,acetylcholine,0
547129228,LHPD4d2_a,right,2908,glutamate,1
547158593,SMP003,right,2909,acetylcholine,0
547227734,SMP590,right,2910,dopamine,0
547240545,SMP123,left,2911,glutamate,1
547258283,CL160,right,2912,dopamine,0
547310321,SMP123,right,2913,glutamate,1
547343857,SMP134,right,2914,glutamate,1
547439565,AVLP225_b,right,2915,acetylcholine,0
547443555,SLP118,right,2916,acetylcholine,0
547457113,LHAD3f1_b,right,2917,acetylcholine,0
547551580,CL020,right,2918,glutamate,1
547552266,MBON33,right,2919,acetylcholine,0
547565159,SMP409,right,2920,dopamine,0
547681002,SMP134,right,2921,glutamate,1
547888586,SIP050,right,2922,dopamine,0
547918570,SMP300,right,2923,gaba,1
547927681,SMP501,right,2924,glutamate,1
547978595,SMP598,right,2925,glutamate,1
548199677,LHAV6c1,right,2926,glutamate,1
548203966,SIP015,right,2927,glutamate,1
548225503,CL018,right,2928,glutamate,1
548488948,AVLP024,right,2929,acetylcholine,0
548549000,KCa'b'-m,right,2930,dopamine,0
548549395,KCa'b'-m,right,2931,dopamine,0
548552875,KCa'b'-m,right,2932,dopamine,0
548552915,KCa'b'-m,right,2933,dopamine,0
548553386,KCa'b'-m,right,2934,dopamine,0
548553494,KCa'b'-m,right,2935,dopamine,0
548562283,SIP009,right,2936,glutamate,1
548570973,CRE013,right,2937,gaba,1
548571023,FB5B,right,2938,glutamate,1
548575149,CRE087,right,2939,acetylcholine,0
548691397,SMP130,right,2940,glutamate,1
548712377,SMP384,right,2941,dopamine,0
548722538,SMP237,left,2942,,0
548821347,SLP117,right,2943,acetylcholine,0
548872750,LHPD2b1_a,right,2944,acetylcholine,0
548878145,SIP027,right,2945,gaba,1
548885313,KCa'b'-ap2,right,2946,dopamine,0
548885407,KCa'b'-ap2,right,2947,dopamine,0
548889938,KCa'b'-m,right,2948,dopamine,0
548894251,KCa'b'-m,right,2949,dopamine,0
548898403,KCa'b'-m,right,2950,dopamine,0
548898520,KCa'b'-m,right,2951,dopamine,0
548907426,FB4X,right,2952,glutamate,1
548937579,SMP265,right,2953,acetylcholine,0
548955060,SMP511,right,2954,acetylcholine,0
548993536,SMP473,right,2955,acetylcholine,0
549049148,CRE097,left,2956,acetylcholine,0
549158040,SLP451,right,2957,dopamine,0
549161688,SLP451,right,2958,dopamine,0
549175510,CL003,right,2959,glutamate,1
549192526,SLP115,right,2960,acetylcholine,0
549209939,SLP370,right,2961,acetylcholine,0
549219101,SIP015,right,2962,glutamate,1
549222167,KCa'b'-ap2,right,2963,dopamine,0
549226277,KCa'b'-ap2,right,2964,dopamine,0
549230949,KCa'b'-ap2,right,2965,dopamine,0
549248200,KCab-p,right,2966,dopamine,0
549252548,SMP247,right,2967,acetylcholine,0
549257678,SIP042_b,right,2968,glutamate,1
549261610,SMP117_a,left,2969,glutamate,1
549269622,SMP564,right,2970,acetylcholine,0
549282467,SMP593,right,2971,gaba,1
549347735,SMP092,left,2972,glutamate,1
549377313,SMP519,left,2973,acetylcholine,0
549382144,SMP409,left,2974,acetylcholine,0
549385850,FB6W,left,2975,glutamate,1
549502646,AVLP038,right,2976,acetylcholine,0
549521047,LHAV2k2,right,2977,acetylcholine,0
549567614,KCa'b'-ap2,right,2978,dopamine,0
549571627,KCab-p,right,2979,dopamine,0
549572017,KCab-m,right,2980,dopamine,0
549576117,KCab-m,right,2981,dopamine,0
549576424,KCab-m,right,2982,dopamine,0
549597974,SMP142,right,2983,dopamine,0
549610772,PAM05,right,2984,dopamine,0
549611256,CL041,right,2985,gaba,1
549701100,SMP050,left,2986,gaba,1
549722579,CRE040,left,2987,glutamate,1
549727330,CRE099,left,2988,glutamate,1
549744594,FB5B,left,2989,glutamate,1
549895967,LHAD3b1_e,right,2990,acetylcholine,0
549899821,KCa'b'-ap1,right,2991,dopamine,0
549904227,KCa'b'-ap1,right,2992,dopamine,0
549904387,KCa'b'-ap1,right,2993,dopamine,0
549908737,KCa'b'-ap2,right,2994,dopamine,0
549916869,KCab-m,right,2995,dopamine,0
549917317,KCab-m,right,2996,dopamine,0
549935124,SIP038,right,2997,glutamate,1
549943673,CL042,right,2998,glutamate,1
549955973,PAM01_a,right,2999,dopamine,0
549961114,LHAV5a7_c,right,3000,acetylcholine,0
550068041,CRE013,left,3001,gaba,1
550081497,MBON24,left,3002,acetylcholine,0
550081666,SMP114,right,3003,glutamate,1
550245056,KCa'b'-ap1,right,3004,dopamine,0
550271272,KCab-s,right,3005,dopamine,0
550275952,SMP115,left,3006,glutamate,1
550275987,CRE098,left,3007,acetylcholine,0
550280614,SIP010,right,3008,glutamate,1
550297695,SMP415,right,3009,dopamine,0
550318785,SMP106,right,3010,glutamate,1
550319575,pC1c,left,3011,acetylcholine,0
550319585,SMP101,right,3012,glutamate,1
550322829,SMP602,left,3013,glutamate,1
550326974,SMP093,right,3014,glutamate,1
550404663,SMP154,left,3015,glutamate,1
550408954,PAM01_a,left,3016,dopamine,0
550413337,SMP132,right,3017,glutamate,1
550422384,SMP115,right,3018,glutamate,1
550426732,CRE107,left,3019,glutamate,1
550598935,KCab-s,right,3020,dopamine,0
550599514,KCab-s,right,3021,dopamine,0
550617370,SMP247,right,3022,dopamine,0
550621853,CRE018,right,3023,acetylcholine,0
550638250,SMP002,right,3024,acetylcholine,0
550651224,SMP106,right,3025,glutamate,1
550655668,oviDNa,right,3026,acetylcholine,0
550655959,SMP101,right,3027,glutamate,1
550681259,CRE028,right,3028,glutamate,1
550750102,SMP053,left,3029,glutamate,1
550953198,SLP450,right,3030,acetylcholine,0
550962648,AVLP032,left,3031,acetylcholine,0
550988122,SMP471,right,3032,acetylcholine,0
551000891,SMP100,right,3033,glutamate,1
551004984,CL045,right,3034,glutamate,1
551043841,CRE033,left,3035,glutamate,1
551113395,PAM10,left,3036,dopamine,0
551298257,LHAD1c2,right,3037,acetylcholine,0
551302781,SMP104,right,3038,glutamate,1
551303686,SMP118,left,3039,glutamate,1
551333454,SMP106,right,3040,glutamate,1
551337690,SMP101,right,3041,glutamate,1
551341782,CL044,right,3042,glutamate,1
551410783,SMP068,left,3043,glutamate,1
551445253,PAM04_a,left,3044,dopamine,0
551666144,SMP106,right,3045,glutamate,1
551669824,SMP106,right,3046,glutamate,1
551751981,CRE005,left,3047,acetylcholine,0
551790504,PAM04_a,left,3048,dopamine,0
551790913,PAM04_a,left,3049,dopamine,0
551989415,LHAD1b1_b,right,3050,dopamine,0
552101431,CRE005,left,3051,acetylcholine,0
568635279,KCab-m,right,3052,dopamine,0
569002579,KCab-m,right,3053,dopamine,0
569313277,KCab-m,right,3054,dopamine,0
569317846,KCab-m,right,3055,dopamine,0
569334986,KCab-c,right,3056,dopamine,0
569395077,FR2,noside,3057,acetylcholine,0
569481415,PFNa,noside,3058,acetylcholine,0
569615641,KCab-s,right,3059,dopamine,0
569650323,KCg-m,right,3060,dopamine,0
569736250,FR2,noside,3061,acetylcholine,0
569775058,PEN_b(PEN2),noside,3062,glutamate,1
569943419,KCab-m,right,3063,dopamine,0
569999973,KCg-m,right,3064,dopamine,0
570185174,PFNa,noside,3065,acetylcholine,0
570288900,KCab-m,right,3066,dopamine,0
570314896,KCa'b'-m,right,3067,dopamine,0
570327880,KCg-m,right,3068,dopamine,0
570336412,KCg-m,right,3069,dopamine,0
570336487,KCg-m,right,3070,dopamine,0
570461892,PEN_a(PEN1),noside,3071,glutamate,1
570518166,PFNa,noside,3072,acetylcholine,0
570643102,KCg-m,right,3073,dopamine,0
570643109,KCg-m,right,3074,dopamine,0
570643135,KCg-m,right,3075,dopamine,0
570643193,KCg-m,right,3076,dopamine,0
570647526,KCg-m,right,3077,dopamine,0
570742510,KCg-m,right,3078,dopamine,0
570742527,KCg-m,right,3079,dopamine,0
570742599,KCg-m,right,3080,dopamine,0
570997147,KCg-m,right,3081,dopamine,0
571139809,FR1,right,3082,dopamine,0
571140165,hDeltaK,noside,3083,dopamine,0
571346836,DNg30,right,3084,octopamine,0
571346887,LHPV6f3_c,right,3085,acetylcholine,0
571364144,SMP228,right,3086,glutamate,1
571368849,SMP232,right,3087,glutamate,1
571372889,SLP267,right,3088,glutamate,1
571424323,KCg-m,right,3089,dopamine,0
571424636,KCg-m,right,3090,dopamine,0
571424650,KCg-m,right,3091,dopamine,0
571424748,KCg-m,right,3092,dopamine,0
571463188,vDeltaK,noside,3093,glutamate,1
571666400,LHPD2b1_b,right,3094,acetylcholine,0
571666434,LHPD2a1,right,3095,acetylcholine,0
571692839,SLP324,right,3096,acetylcholine,0
571709547,SMP233,right,3097,glutamate,1
571713905,SLP266,right,3098,glutamate,1
571778381,KCg-m,right,3099,dopamine,0
571778433,KCg-m,right,3100,dopamine,0
571826184,PFNp_a,noside,3101,glutamate,1
572046627,PLP011,right,3102,acetylcholine,0
572166953,PFNp_b,noside,3103,glutamate,1
572167406,PFNp_a,noside,3104,glutamate,1
572167413,PFNp_b,noside,3105,glutamate,1
572494993,PFNv,noside,3106,glutamate,1
572642334,LHPV4a10_a,right,3107,glutamate,1
572647105,LHPV5h2,right,3108,acetylcholine,0
572650358,LHPD3a3_c,right,3109,glutamate,1
572650888,LHPD4a2,right,3110,glutamate,1
572651463,LHPV5a5,right,3111,acetylcholine,0
572663539,M_vPNml87,right,3112,gaba,1
572754059,CL086_a,right,3113,acetylcholine,0
572870540,EPG,noside,3114,acetylcholine,0
572988605,LHAV6a1_a,right,3115,acetylcholine,0
572988717,LHAV6f1_a,right,3116,acetylcholine,0
573005505,LHPV5b3,right,3117,acetylcholine,0
573009633,LHPV6b1,right,3118,acetylcholine,0
573039796,CL134,right,3119,glutamate,1
573056433,LHPV5h1,right,3120,acetylcholine,0
573065577,KCab-p,right,3121,dopamine,0
573090850,AVLP097,right,3122,acetylcholine,0
573142557,SMP463,right,3123,dopamine,0
573324939,LHAV4g7_b,right,3124,gaba,1
573328182,LHPV5c1_b,right,3125,acetylcholine,0
573328325,LHAD1c3,right,3126,acetylcholine,0
573329304,LHPD2a1,right,3127,acetylcholine,0
573329873,LHAV6b3,right,3128,acetylcholine,0
573333284,LHPV5a1_a,right,3129,acetylcholine,0
573333575,LHPV5d1_b,right,3130,acetylcholine,0
573333835,DM4_adPN,right,3131,acetylcholine,0
573333903,LHPV5a1_b,right,3132,acetylcholine,0
573337611,LHPD2a1,right,3133,acetylcholine,0
573346248,LHPD4a1,right,3134,glutamate,1
573346324,LHAV2f2_b,right,3135,gaba,1
573350770,LHPV2b5_b,right,3136,gaba,1
573354832,LHPD4a1,right,3137,glutamate,1
573381453,LHPV6f4_a,right,3138,acetylcholine,0
573402255,SMP341,right,3139,dopamine,0
573414975,SLP357,right,3140,acetylcholine,0
573415212,SLP334,right,3141,glutamate,1
573669915,M_vPNml83,right,3142,gaba,1
573670049,LHPV5a2,right,3143,acetylcholine,0
573683438,LHAD1b2_b,right,3144,acetylcholine,0
573683455,LHPV5a1_a,right,3145,acetylcholine,0
573695941,LHPV4b3,right,3146,glutamate,1
573699419,SLP128,right,3147,acetylcholine,0
573708714,LHPV5h4,right,3148,acetylcholine,0
573713481,LHAD2c1,right,3149,acetylcholine,0
573774122,LHPV4g1,right,3150,glutamate,1
574011220,LHAV6a1_b,right,3151,acetylcholine,0
574027813,LHAD2c3,right,3152,acetylcholine,0
574028395,LHPD4a1,right,3153,glutamate,1
574032862,VA5_lPN,right,3154,acetylcholine,0
574037266,DA4m_adPN,right,3155,acetylcholine,0
574037281,VA5_lPN,right,3156,acetylcholine,0
574037479,LHPV4a12_b,right,3157,glutamate,1
574040939,LHAD1b2_c,right,3158,acetylcholine,0
574041014,LHAV3e5,right,3159,acetylcholine,0
574062996,SMP229,right,3160,glutamate,1
574128034,LHAV2i2,right,3161,acetylcholine,0
574351760,LHPD4d2_b,right,3162,glutamate,1
574352231,LHAV2h1_a,right,3163,acetylcholine,0
574364525,LHPD3a2_b,right,3164,glutamate,1
574372960,LHPV6a3_b,right,3165,acetylcholine,0
574374051,VA5_lPN,right,3166,acetylcholine,0
574377562,LHAV2d1,right,3167,acetylcholine,0
574377845,LHAV3f1,right,3168,glutamate,1
574378463,LHAV2g3,right,3169,acetylcholine,0
574378565,LHAV2h1_b,right,3170,acetylcholine,0
574382779,LHAV2g1,right,3171,acetylcholine,0
574395611,SLP267,right,3172,glutamate,1
574395727,PLP089,right,3173,gaba,1
574420970,CL018,right,3174,glutamate,1
574468840,LHPV6a1,right,3175,acetylcholine,0
574511458,SMP514,left,3176,dopamine,0
574515806,SMP520,right,3177,acetylcholine,0
574688051,LHPV12a1,left,3178,gaba,1
574688277,LHAD1d1,right,3179,acetylcholine,0
574696428,LHPV4a8,right,3180,glutamate,1
574706585,LHAD1c3,right,3181,acetylcholine,0
574710121,LHAV2f2_b,right,3182,gaba,1
574723544,LHAV2k2,right,3183,acetylcholine,0
574732075,SMP580,right,3184,dopamine,0
574736017,CL287,right,3185,gaba,1
574740549,CL070,right,3186,acetylcholine,0
574834955,DNES1,right,3187,unknown,0
574965048,aMe24,left,3188,,0
575042709,LHAV2e1,right,3189,acetylcholine,0
575068849,SLP082,right,3190,glutamate,1
575073127,CL024,right,3191,glutamate,1
575073147,CL073,right,3192,acetylcholine,0
575073196,CL024,right,3193,glutamate,1
575081131,CL028,right,3194,gaba,1
575120546,SLP147,right,3195,glutamate,1
575197482,SMP389,right,3196,dopamine,0
575301459,SMP520,left,3197,dopamine,0
575319031,FB7C,left,3198,glutamate,1
575384259,LHAD1b4,right,3199,acetylcholine,0
575389396,LHAV3e8,right,3200,acetylcholine,0
575400910,SLP121,right,3201,acetylcholine,0
575405846,CL291,right,3202,acetylcholine,0
575409592,SLP081,right,3203,glutamate,1
575418068,LHAV2a4_b,right,3204,acetylcholine,0
575426742,SLP129_c,right,3205,acetylcholine,0
575534632,AOTU060,right,3206,gaba,1
575664331,IB048,left,3207,glutamate,1
575729037,LHAV4b4,right,3208,gaba,1
575750788,LHPV5b3,right,3209,acetylcholine,0
575768294,SMP159,right,3210,glutamate,1
575768329,SLP227,right,3211,acetylcholine,0
575806223,LHAD1a1,right,3212,acetylcholine,0
575845494,FB2I_a,right,3213,glutamate,1
576079106,CL032,right,3214,glutamate,1
576082257,SMP314,right,3215,dopamine,0
576143501,AVLP028,right,3216,acetylcholine,0
576161592,LHAV7b1,right,3217,acetylcholine,0
576208238,FB6R,right,3218,glutamate,1
576260070,SMP297,right,3219,gaba,1
576475847,SMP248,right,3220,dopamine,0
576502536,LHPD2c7,right,3221,glutamate,1
576519520,SIP003_a,right,3222,acetylcholine,0
576566223,SMP153,right,3223,acetylcholine,0
576566287,SMP008,right,3224,acetylcholine,0
576566621,SMP472,right,3225,acetylcholine,0
576574889,SMP052,right,3226,dopamine,0
576613618,PI3,noside,3227,,0
576764909,PLP089,right,3228,gaba,1
576773752,LHCENT13_a,right,3229,gaba,1
576774002,LHAV2e4_a,right,3230,acetylcholine,0
576812462,LHAD1a2_a,right,3231,acetylcholine,0
576816635,SLP036,right,3232,acetylcholine,0
576821609,SLP161,right,3233,acetylcholine,0
576825965,OA-VUMa7,right,3234,octopamine,0
576843029,LHAD2c1,right,3235,acetylcholine,0
576864518,SIP012,right,3236,glutamate,1
576898212,SMP007,right,3237,acetylcholine,0
576985092,SMP470,left,3238,acetylcholine,0
577002771,SMP067,left,3239,glutamate,1
577123102,SLP306,right,3240,acetylcholine,0
577205270,SIP003_a,right,3241,acetylcholine,0
577205852,SIP013,right,3242,glutamate,1
577244511,SMP044,right,3243,glutamate,1
577330676,SMP383,left,3244,acetylcholine,0
577369038,ATL004,left,3245,glutamate,1
577373434,FB6B,left,3246,glutamate,1
577455404,AVLP127,right,3247,serotonin,0
577464071,LHAV7b1,right,3248,acetylcholine,0
577473231,mAL4,left,3249,gaba,1
577499411,SLP248,right,3250,glutamate,1
577542489,M_lvPNm24,right,3251,acetylcholine,0
577546843,LHPV5a1_b,right,3252,acetylcholine,0
577554935,SMP145,left,3253,dopamine,0
577697202,ATL018,left,3254,glutamate,1
577709776,SMP541,left,3255,glutamate,1
577801333,LHAV2e3,right,3256,acetylcholine,0
577835762,LHAD1f4,right,3257,glutamate,1
577844302,LHAD1f4,right,3258,glutamate,1
578016879,SMP592,right,3259,glutamate,1
578034170,ATL018,left,3260,glutamate,1
578151363,LHAV2f4,right,3261,gaba,1
578155687,LHPV4d2,right,3262,glutamate,1
578189223,mAL3B,left,3263,gaba,1
578189576,aSP-f1B,right,3264,acetylcholine,0
578254032,SMP151,right,3265,gaba,1
578284233,SMP583,right,3266,glutamate,1
578397434,FB2F_b,left,3267,glutamate,1
578474318,SLP002,right,3268,gaba,1
578474907,LHAV1f1,right,3269,acetylcholine,0
578521941,SLP187,right,3270,gaba,1
578530106,mAL2A,left,3271,gaba,1
578556621,SIP035,right,3272,glutamate,1
578587259,CL019_b,right,3273,glutamate,1
578587420,CL018,right,3274,glutamate,1
578621125,SMP470,right,3275,acetylcholine,0
578694777,PAM11,left,3276,dopamine,0
578811223,SLP220,right,3277,acetylcholine,0
578837220,AVLP245,right,3278,acetylcholine,0
578841489,LHAV2f3,right,3279,gaba,1
578893446,SIP016,right,3280,glutamate,1
578914626,SIP049,right,3281,acetylcholine,0
578919867,SMP023,right,3282,glutamate,1
578936675,FB5G,right,3283,glutamate,1
579014562,SMP103,right,3284,glutamate,1
579169195,SLP237,right,3285,acetylcholine,0
579169802,LHAV4e7_a,right,3286,gaba,1
579169910,LHAV4e7_a,right,3287,gaba,1
579194975,SMP510,right,3288,acetylcholine,0
579230376,SMP031,right,3289,acetylcholine,0
579234980,LHPD2c7,right,3290,glutamate,1
579235017,LHAV9a1_a,right,3291,acetylcholine,0
579239039,SMP023,right,3292,glutamate,1
579260627,SMP024,right,3293,glutamate,1
579268807,FB1C,right,3294,dopamine,0
579420623,FB5Y,left,3295,glutamate,1
579428619,SMP010,left,3296,,0
579510789,AVLP314,right,3297,acetylcholine,0
579536041,SMP556,right,3298,dopamine,0
579562628,LHAV6a1_b,right,3299,acetylcholine,0
579575594,LHPV5e3,right,3300,acetylcholine,0
579576294,LHPV5a2,right,3301,acetylcholine,0
579583329,KCa'b'-m,right,3302,dopamine,0
579587796,KCa'b'-m,right,3303,dopamine,0
579592279,KCa'b'-m,right,3304,dopamine,0
579592619,KCa'b'-m,right,3305,dopamine,0
579596940,SIP016,right,3306,glutamate,1
579648510,SMP604,right,3307,dopamine,0
579700707,SMP550,left,3308,,0
579890564,AVLP471,right,3309,glutamate,1
579911580,SIP048,right,3310,acetylcholine,0
579912201,LHCENT5,right,3311,gaba,1
579916831,MBON15-like,right,3312,acetylcholine,0
579924731,KCa'b'-m,right,3313,dopamine,0
579928928,KCa'b'-m,right,3314,dopamine,0
579946370,SMP009,right,3315,acetylcholine,0
579963818,SMP018_c,right,3316,acetylcholine,0
580093930,CRE098,left,3317,acetylcholine,0
580192148,SLP434,right,3318,acetylcholine,0
580209760,mAL4,left,3319,gaba,1
580227374,AVLP029,right,3320,gaba,1
580231908,LHAV7a1_b,right,3321,serotonin,0
580244242,LHAD3a7_b,right,3322,acetylcholine,0
580244333,LHPV5b6,right,3323,acetylcholine,0
580282938,SIP038,right,3324,glutamate,1
580287695,SIP035,right,3325,glutamate,1
580288167,SIP075,right,3326,dopamine,0
580300616,SMP150,right,3327,glutamate,1
580317662,PAM08_c,right,3328,dopamine,0
580326857,SMP377,right,3329,dopamine,0
580426342,FB5Y,left,3330,glutamate,1
580546081,LHAV2a3,right,3331,acetylcholine,0
580547055,LHAV2c1,right,3332,acetylcholine,0
580585323,LHAD3a2_b,right,3333,acetylcholine,0
580585427,LHAD3a3_a,right,3334,acetylcholine,0
580585459,LHAD3a4_a,right,3335,acetylcholine,0
580598373,KCa'b'-ap2,right,3336,dopamine,0
580610916,KCab-m,right,3337,dopamine,0
580611301,KCab-m,right,3338,dopamine,0
580662960,SMP092,right,3339,glutamate,1
580732172,SMP471,left,3340,acetylcholine,0
580732377,SMP093,left,3341,glutamate,1
580745387,SMP501,left,3342,glutamate,1
580780309,SMP118,right,3343,glutamate,1
580926331,LHAD3a8_a,right,3344,acetylcholine,0
580926422,LHAD3a7_a,right,3345,acetylcholine,0
580934661,KCa'b'-ap1,right,3346,dopamine,0
580947602,KCa'b'-ap1,right,3347,dopamine,0
580951922,KCab-m,right,3348,dopamine,0
581004609,SMP458,right,3349,acetylcholine,0
581013183,aSP-f2,right,3350,dopamine,0
581060581,CRE027,right,3351,glutamate,1
581099105,SMP178,left,3352,acetylcholine,0
581121058,FB5B,left,3353,glutamate,1
581250607,SIP043,right,3354,glutamate,1
581262846,PVLP007,right,3355,glutamate,1
581293182,KCab-m,right,3356,dopamine,0
581332573,PAM01_a,right,3357,dopamine,0
581336531,SMP075,right,3358,glutamate,1
581409749,SMP093,left,3359,glutamate,1
581599674,PVLP008_c,right,3360,glutamate,1
581599704,PVLP008_c,right,3361,glutamate,1
581603800,PVLP008_b,right,3362,glutamate,1
581633934,KCab-s,right,3363,dopamine,0
581652283,SLP129_c,right,3364,acetylcholine,0
581678043,CRE051,right,3365,gaba,1
581690438,SMP097_a,right,3366,glutamate,1
581746661,SMP048,left,3367,acetylcholine,0
581790318,SMP507,left,3368,acetylcholine,0
581962275,SMP510,right,3369,acetylcholine,0
582027317,aSP-f2,right,3370,dopamine,0
582027783,CRE044,right,3371,gaba,1
582101022,SMP116,right,3372,glutamate,1
582101205,SMP138,right,3373,glutamate,1
582139830,PAM04_a,left,3374,dopamine,0
582148591,PAM10,left,3375,dopamine,0
582338836,SMP265,right,3376,acetylcholine,0
582355376,PAM08_e,right,3377,dopamine,0
582381047,SMP058,right,3378,glutamate,1
582381054,SMP063,right,3379,glutamate,1
582696254,SMP005,right,3380,acetylcholine,0
582700300,SMP004,right,3381,acetylcholine,0
582709537,CRE044,right,3382,gaba,1
583015749,SLP129_c,right,3383,acetylcholine,0
583024065,SMP106,right,3384,glutamate,1
583024625,SMP106,right,3385,glutamate,1
583127938,SMP068,left,3386,glutamate,1
583132200,SMP052,left,3387,glutamate,1
583175492,PAM04_a,left,3388,dopamine,0
599674785,KCab-m,right,3389,dopamine,0
600011602,KCab-m,right,3390,dopamine,0
600356751,KCg-m,right,3391,dopamine,0
600365719,KCab-p,right,3392,dopamine,0
600464601,FR2,noside,3393,acetylcholine,0
600667501,KCab-s,right,3394,dopamine,0
600684832,KCg-m,right,3395,dopamine,0
600693904,KCg-m,right,3396,dopamine,0
600702348,KCg-m,right,3397,dopamine,0
600702483,KCg-m,right,3398,dopamine,0
601047826,KCg-m,right,3399,dopamine,0
601047827,KCg-m,right,3400,dopamine,0
601047853,KCg-m,right,3401,dopamine,0
601120917,PFNv,noside,3402,glutamate,1
601216096,PFNa,noside,3403,acetylcholine,0
601319398,KCab-m,right,3404,dopamine,0
601388689,KCg-d,right,3405,dopamine,0
601470598,FR1,right,3406,dopamine,0
601557317,PFNv,noside,3407,glutamate,1
601712754,KCg-m,right,3408,dopamine,0
601725569,KCg-d,right,3409,dopamine,0
601824532,vDeltaL,noside,3410,glutamate,1
602071049,SMP468,right,3411,acetylcholine,0
602118253,KCg-m,right,3412,dopamine,0
602148552,hDeltaA,noside,3413,glutamate,1
602368546,SMP204,right,3414,glutamate,1
602459169,KCg-m,right,3415,dopamine,0
602459213,KCg-m,right,3416,dopamine,0
602459682,KCg-m,right,3417,dopamine,0
602476655,LHPV9b1,right,3418,glutamate,1
602502825,vDeltaM,noside,3419,glutamate,1
602562786,FS4B,left,3420,acetylcholine,0
602645152,SMP217,right,3421,glutamate,1
602675369,SLP266,right,3422,glutamate,1
602808843,KCa'b'-ap2,right,3423,dopamine,0
602809029,KCg-m,right,3424,dopamine,0
602852509,FR1,right,3425,dopamine,0
602990602,LHAV7a1_a,right,3426,glutamate,1
602999843,LHPV5d1_a,right,3427,acetylcholine,0
603003871,LHAV5a9_a,right,3428,acetylcholine,0
603007915,LHAV2i1,right,3429,acetylcholine,0
603068370,SMP284,right,3430,glutamate,1
603095061,LHPV6b1,right,3431,acetylcholine,0
603167111,PS166,right,3432,acetylcholine,0
603340681,LHPV4a7_b,right,3433,glutamate,1
603349484,M_vPNml85,right,3434,gaba,1
603422422,KCab-s,right,3435,dopamine,0
603444300,CL098,right,3436,acetylcholine,0
603466235,SMP296,right,3437,gaba,1
603477954,DNES1,right,3438,unknown,0
603478303,DNES1,right,3439,unknown,0
603482385,SMP528,right,3440,glutamate,1
603681826,LHAV6a3_b,right,3441,acetylcholine,0
603751637,PLP065,right,3442,acetylcholine,0
603785283,VP1l+VP3_ilPN,noside,3443,acetylcholine,0
604009598,LHAD3b1_a,right,3444,acetylcholine,0
604022763,LHPV4a10_a,right,3445,glutamate,1
604031105,LHAV4a5,right,3446,gaba,1
604031203,DM4_vPN,right,3447,gaba,1
604039904,LHPV6a2_b,right,3448,acetylcholine,0
604061479,SLP223,right,3449,acetylcholine,0
604070433,SMP029,right,3450,glutamate,1
604070461,LHPV6k2,right,3451,glutamate,1
604194925,SMP467,right,3452,dopamine,0
604195063,SMP468,right,3453,dopamine,0
604195247,SMP463,right,3454,dopamine,0
604242162,PFNv,noside,3455,acetylcholine,0
604255448,vDeltaK,noside,3456,glutamate,1
604289581,SMP376,left,3457,glutamate,1
604364004,LHAD3b1_e,right,3458,acetylcholine,0
604368022,LHPV5a1_a,right,3459,acetylcholine,0
604398262,LHPV4b1_b,right,3460,glutamate,1
604429310,LHPD4b1,right,3461,glutamate,1
604476368,CL207,right,3462,acetylcholine,0
604510234,SMP417,right,3463,acetylcholine,0
604510524,IB054,right,3464,acetylcholine,0
604700963,LHAD3f1_b,right,3465,acetylcholine,0
604705430,LHAD3b1_e,right,3466,acetylcholine,0
604709727,LHPV10b1,right,3467,acetylcholine,0
604722017,LHAV7a1_a,right,3468,glutamate,1
604726283,M_vPNml77,right,3469,gaba,1
604731022,LHPV4j4,right,3470,glutamate,1
604735525,LHAV2f2_a,right,3471,gaba,1
604735824,LHPV2b4,right,3472,gaba,1
604735961,LHPV4b9,right,3473,glutamate,1
604769716,SLP298,right,3474,glutamate,1
604773096,PLP181,right,3475,glutamate,1
604791287,PLP128,right,3476,acetylcholine,0
604856102,SMP065,right,3477,glutamate,1
604864322,SMP415,right,3478,dopamine,0
604864392,SMP251,left,3479,,0
605046401,LHAD1c3,right,3480,acetylcholine,0
605050789,M_vPNml84,right,3481,gaba,1
605058898,LHAV3e5,right,3482,acetylcholine,0
605063393,LHPV5h4,right,3483,acetylcholine,0
605076723,SLP335,right,3484,glutamate,1
605090489,LHAV3b11,right,3485,acetylcholine,0
605153844,SLP148,right,3486,glutamate,1
605154073,CL072,right,3487,acetylcholine,0
605166418,SMP552,right,3488,glutamate,1
605391864,LHPV2b4,right,3489,gaba,1
605399330,LHAV5a2_a,right,3490,acetylcholine,0
605416852,LHPV4a5_b,right,3491,glutamate,1
605417133,LHAV4e2_a,right,3492,gaba,1
605550395,SMP321,right,3493,dopamine,0
605554875,SMP495,right,3494,glutamate,1
605662705,SMP044,left,3495,,0
605723658,LHAV4g18,right,3496,gaba,1
605727696,LHPV4a7_c,right,3497,glutamate,1
605732731,LHAD1c3,right,3498,acetylcholine,0
605740410,LHPV4a8,right,3499,glutamate,1
605754137,LHPV2a5,right,3500,gaba,1
605762571,SLP121,right,3501,acetylcholine,0
605770509,SLP002,right,3502,gaba,1
605791875,LHAV4d2_b,right,3503,gaba,1
605801224,SLP148,right,3504,glutamate,1
605852310,CL177,right,3505,glutamate,1
606090268,VC1_lPN,right,3506,acetylcholine,0
606115742,CL024,right,3507,glutamate,1
606193500,CL196,right,3508,glutamate,1
606340818,SMP403,left,3509,glutamate,1
606362007,FB2E,left,3510,glutamate,1
606431658,LHAV2h1_b,right,3511,acetylcholine,0
606444098,LHAV4e7_b,right,3512,gaba,1
606461310,LHAD1b2_a,right,3513,acetylcholine,0
606479285,LHAV2k7,right,3514,acetylcholine,0
606492411,LHAV2k12_a,right,3515,acetylcholine,0
606703149,SMP185,left,3516,acetylcholine,0
607096048,LHAV4d4,right,3517,gaba,1
607104768,LHAV4e2_a,right,3518,gaba,1
607109790,LHAV2a5_b,right,3519,acetylcholine,0
607117287,CL269,right,3520,acetylcholine,0
607130326,LHAV2i3,right,3521,acetylcholine,0
607131089,mAL6,left,3522,gaba,1
607152422,LHPD4b1,right,3523,glutamate,1
607195856,LHAV9a1_a,right,3524,acetylcholine,0
607212413,LHAV6c1,right,3525,glutamate,1
607221569,SIP003_b,right,3526,acetylcholine,0
607251100,SMP358,right,3527,acetylcholine,0
607260192,SMP263,right,3528,acetylcholine,0
607273128,SMP315,right,3529,dopamine,0
607273339,SMP427,right,3530,dopamine,0
607373222,ATL017,left,3531,glutamate,1
607441336,LHAV3e4_a,right,3532,acetylcholine,0
607458700,CL024,right,3533,glutamate,1
607592906,ATL008,right,3534,glutamate,1
607597135,SMP149,right,3535,dopamine,0
607787481,LHAV4e5,right,3536,gaba,1
607787538,CL272_b,right,3537,acetylcholine,0
607795307,CL071,right,3538,acetylcholine,0
607799924,CL272_b,right,3539,acetylcholine,0
607820937,SLP187,right,3540,gaba,1
607855896,CL106,right,3541,acetylcholine,0
607886496,SIP012,right,3542,glutamate,1
607894716,SIP003_a,right,3543,acetylcholine,0
607898830,SIP027,right,3544,gaba,1
607899687,CRE103,right,3545,dopamine,0
607925257,SMP057,right,3546,glutamate,1
607929192,SMP514,right,3547,acetylcholine,0
607933758,FB5Q,right,3548,glutamate,1
607938091,SMP581,right,3549,dopamine,0
607955261,SMP520,right,3550,acetylcholine,0
608076385,FB2F_c,left,3551,glutamate,1
608145495,PLP089,right,3552,gaba,1
608162891,LHPV4d2,right,3553,glutamate,1
608188506,LHAV7a4,right,3554,glutamate,1
608240515,LHPV5g2,right,3555,acetylcholine,0
608241077,SIP029,left,3556,acetylcholine,0
608261812,SMP542,right,3557,glutamate,1
608278754,SMP246,right,3558,dopamine,0
608283432,SMP129,left,3559,glutamate,1
608301148,SMP065,right,3560,glutamate,1
608465100,LHCENT13_a,right,3561,gaba,1
608491067,SLP186,right,3562,gaba,1
608534083,LHAV7a4,right,3563,glutamate,1
608534097,SLP215,right,3564,acetylcholine,0
608546564,SLP187,right,3565,gaba,1
608602824,SMP317,right,3566,dopamine,0
608628936,SIP052,right,3567,glutamate,1
608715651,SMP579,left,3568,,0
608754263,SMP059,left,3569,glutamate,1
608840926,CL023,right,3570,acetylcholine,0
608891515,SLP286,right,3571,glutamate,1
608922563,AL-MBDL1,right,3572,gaba,1
608948356,SMP018_b,right,3573,glutamate,1
609000216,SMP261,right,3574,acetylcholine,0
609052312,SMP036,left,3575,,0
609168709,LHAV2e2,right,3576,acetylcholine,0
609173201,AVLP574,right,3577,acetylcholine,0
609224408,AVLP028,right,3578,acetylcholine,0
609233083,LHAV7a6,right,3579,glutamate,1
609247082,SMP024,right,3580,glutamate,1
609281007,CL043,right,3581,glutamate,1
609310926,SMP144,right,3582,glutamate,1
609384093,SMP317,left,3583,,0
609513630,SLP245,right,3584,acetylcholine,0
609548390,AVLP315,right,3585,acetylcholine,0
609587511,SIP010,right,3586,glutamate,1
609587594,SIP011,right,3587,glutamate,1
609587618,LHAV6d1,right,3588,glutamate,1
609591640,SIP013,right,3589,glutamate,1
609591686,SIP013,right,3590,glutamate,1
609591758,SIP011,right,3591,glutamate,1
609591823,SIP011,right,3592,glutamate,1
609591880,SIP010,right,3593,glutamate,1
609591891,SIP011,right,3594,glutamate,1
609591989,SIP010,right,3595,glutamate,1
609655670,SMP315,right,3596,dopamine,0
609656444,SMP143,right,3597,dopamine,0
609677179,SMP098_b,right,3598,glutamate,1
609773847,SIP066,left,3599,glutamate,1
609855276,AVLP139,right,3600,acetylcholine,0
609867847,mAL4,left,3601,gaba,1
609893831,SMP043,right,3602,glutamate,1
609924156,M_lvPNm39,right,3603,acetylcholine,0
609941228,LHPV5a1_a,right,3604,acetylcholine,0
609975449,SMP018_c,right,3605,glutamate,1
609979769,SMP360,right,3606,dopamine,0
609993550,SMP092,right,3607,glutamate,1
610113424,SMP504,left,3608,acetylcholine,0
610243047,SIP074,right,3609,acetylcholine,0
610274029,M_vPNml50,right,3610,gaba,1
610274046,M_vPNml50,right,3611,gaba,1
610299911,CRE003_a,right,3612,acetylcholine,0
610312734,CRE023,right,3613,glutamate,1
610321430,SMP360,right,3614,dopamine,0
610321522,SMP151,right,3615,gaba,1
610351307,SMP089,right,3616,glutamate,1
610368283,SMP099,right,3617,glutamate,1
610415691,SMP061,left,3618,glutamate,1
610558436,SMP526,right,3619,dopamine,0
610571450,mAL3B,left,3620,gaba,1
610601810,LHCENT14,right,3621,glutamate,1
610611010,SMP197,right,3622,acetylcholine,0
610618198,KCa'b'-m,right,3623,dopamine,0
610666582,SMP410,right,3624,dopamine,0
610731053,CRE027,right,3625,glutamate,1
610916994,aSP-g1,right,3626,acetylcholine,0
610920670,AVLP247,right,3627,acetylcholine,0
610938082,LHAD3b1_g,right,3628,acetylcholine,0
610968248,KCa'b'-m,right,3629,dopamine,0
610981555,SIP069,right,3630,acetylcholine,0
610981584,CRE003_a,right,3631,acetylcholine,0
611015907,SMP176,right,3632,acetylcholine,0
611029037,SMP069,right,3633,glutamate,1
611037750,SMP122,left,3634,glutamate,1
611089775,MBON35,left,3635,acetylcholine,0
611249116,CL062_b,right,3636,acetylcholine,0
611274992,LHPV5b4_b,right,3637,acetylcholine,0
611288467,SIP053,right,3638,dopamine,0
611300533,KCa'b'-m,right,3639,dopamine,0
611304789,KCab-s,right,3640,dopamine,0
611305085,KCa'b'-m,right,3641,dopamine,0
611309194,KCab-m,right,3642,dopamine,0
611323175,mALB1,left,3643,gaba,1
611323310,SIP042_a,right,3644,glutamate,1
611340150,SMP317,right,3645,dopamine,0
611343891,SMP366,right,3646,dopamine,0
611352588,LHAD1b6_b,right,3647,acetylcholine,0
611361002,SMP248,right,3648,dopamine,0
611452437,SMP155,left,3649,gaba,1
611477605,MBON07,left,3650,unknown,0
611620813,LHPV5c3,right,3651,acetylcholine,0
611629428,CRE077,right,3652,acetylcholine,0
611646050,KCab-p,right,3653,dopamine,0
611646132,KCab-s,right,3654,dopamine,0
611646147,KCab-p,right,3655,dopamine,0
611663250,SIP053,right,3656,acetylcholine,0
611693656,SMP164,right,3657,gaba,1
611694145,AOTU012,right,3658,acetylcholine,0
611771101,SMP067,left,3659,glutamate,1
611814312,FB4F_a,left,3660,glutamate,1
611974080,KCa'b'-ap1,right,3661,dopamine,0
612004584,CRE069,right,3662,glutamate,1
612034653,SMP014,right,3663,acetylcholine,0
612285653,LHAV2a2,right,3664,acetylcholine,0
612307129,SMP110,right,3665,acetylcholine,0
612323667,KCa'b'-m,right,3666,dopamine,0
612336669,AVLP493,right,3667,acetylcholine,0
612367371,SMP004,right,3668,acetylcholine,0
612371421,MBON01,right,3669,glutamate,1
612414168,CRE029_a,left,3670,glutamate,1
612422902,MBON25,right,3671,glutamate,1
612440702,PAM01_b,left,3672,dopamine,0
612634432,PVLP008_b,right,3673,glutamate,1
612638791,PAM04_a,right,3674,dopamine,0
612643681,CRE094,left,3675,acetylcholine,0
612648076,SIP016,right,3676,glutamate,1
612652688,SIP042_a,right,3677,glutamate,1
612668833,KCab-s,right,3678,dopamine,0
612669205,KCab-s,right,3679,dopamine,0
612703762,CRE052,right,3680,gaba,1
612712334,SMP030,right,3681,acetylcholine,0
612738462,MBON03,left,3682,glutamate,1
612742137,SMP140,left,3683,glutamate,1
612742165,CRE029_b,left,3684,glutamate,1
612742224,CRE035,left,3685,glutamate,1
612742229,CRE028,left,3686,glutamate,1
612742248,MBON25,left,3687,glutamate,1
612742298,CRE036,left,3688,glutamate,1
612742316,CRE036,left,3689,glutamate,1
612746557,SMP141,left,3690,glutamate,1
612746670,CRE026,left,3691,glutamate,1
612755343,CRE023,left,3692,glutamate,1
612988814,SMP173,right,3693,dopamine,0
613040803,CRE049,right,3694,dopamine,0
613044611,SMP075,right,3695,glutamate,1
613066879,SMP113,right,3696,acetylcholine,0
613079053,MBON04,left,3697,glutamate,1
613083298,CRE030_a,left,3698,glutamate,1
613083317,CRE039,left,3699,glutamate,1
613083359,CRE029_c,left,3700,glutamate,1
613083375,CRE032,left,3701,glutamate,1
613126471,CRE044,left,3702,gaba,1
613179816,SMP058,left,3703,glutamate,1
613191512,CL129,left,3704,,0
613338546,SMP194,right,3705,acetylcholine,0
613386220,CRE045,right,3706,gaba,1
613394707,SMP555,right,3707,acetylcholine,0
613398716,PAM01_b,right,3708,dopamine,0
613420343,SMP056,right,3709,glutamate,1
613719036,MBON10,right,3710,gaba,1
613756703,IB003,right,3711,glutamate,1
613756712,CL039,right,3712,glutamate,1
613756808,PS005_e,right,3713,glutamate,1
613756849,IB004,right,3714,glutamate,1
613813102,SMP072,left,3715,glutamate,1
613822435,SMP103,right,3716,glutamate,1
613835634,PAM01_b,left,3717,dopamine,0
613847777,PAM01_a,left,3718,dopamine,0
614081109,SMP005,right,3719,acetylcholine,0
614081151,FB5A,right,3720,gaba,1
614413183,SMP574,right,3721,dopamine,0
630373425,KCab-c,right,3722,dopamine,0
630373497,KCab-s,right,3723,dopamine,0
630377642,KCab-m,right,3724,dopamine,0
630381662,KCab-m,right,3725,dopamine,0
630381893,KCg-m,right,3726,dopamine,0
630714299,DM2_lPN,right,3727,acetylcholine,0
630722830,KCab-s,right,3728,dopamine,0
630722941,KCg-m,right,3729,dopamine,0
630727056,KCg-m,right,3730,dopamine,0
630731599,KCg-t,right,3731,dopamine,0
630748479,KCa'b'-ap1,right,3732,dopamine,0
631051012,KCab-s,right,3733,dopamine,0
631051057,KCg-m,right,3734,dopamine,0
631055506,KCg-m,right,3735,dopamine,0
631059587,KCab-s,right,3736,dopamine,0
631064055,KCg-m,right,3737,dopamine,0
631396256,KCg-m,right,3738,dopamine,0
631396453,KCab-m,right,3739,dopamine,0
631396532,KCg-m,right,3740,dopamine,0
631400190,KCg-m,right,3741,dopamine,0
631400288,KCg-d,right,3742,dopamine,0
631400598,KCg-m,right,3743,dopamine,0
631400622,KCg-m,right,3744,dopamine,0
631400693,KCg-m,right,3745,dopamine,0
631422121,KCg-m,right,3746,dopamine,0
631422224,KCg-m,right,3747,dopamine,0
631733127,KCg-m,right,3748,dopamine,0
631737164,KCg-m,right,3749,dopamine,0
631737380,KCg-m,right,3750,dopamine,0
631741308,KCg-d,right,3751,dopamine,0
631741483,KCg-m,right,3752,dopamine,0
632013356,KCab-m,right,3753,dopamine,0
632048075,KCg-m,right,3754,dopamine,0
632069728,KCg-m,right,3755,dopamine,0
632069757,KCg-m,right,3756,dopamine,0
632069851,KCg-m,right,3757,dopamine,0
632082635,KCg-m,right,3758,dopamine,0
632086737,KCg-d,right,3759,dopamine,0
632091116,KCg-d,right,3760,dopamine,0
632155800,PFNv,noside,3761,glutamate,1
632181938,vDeltaL,noside,3762,glutamate,1
632229278,PFNd,noside,3763,glutamate,1
632259507,PFNp_b,noside,3764,octopamine,0
632397510,KCg-m,right,3765,dopamine,0
632397750,KCg-m,right,3766,dopamine,0
632397780,KCg-m,right,3767,dopamine,0
632397786,KCg-m,right,3768,dopamine,0
632397798,KCg-m,right,3769,dopamine,0
632402333,KCg-m,right,3770,dopamine,0
632544268,EPG,noside,3771,glutamate,1
632570417,PS123,left,3772,glutamate,1
632574613,vDeltaL,noside,3773,dopamine,0
632600726,PFNm_a,noside,3774,acetylcholine,0
632734572,KCg-m,right,3775,dopamine,0
632751823,VC5_lvPN,right,3776,acetylcholine,0
632764978,KCg-d,right,3777,dopamine,0
632808044,KCg-m,right,3778,dopamine,0
632911211,PFNp_c,noside,3779,acetylcholine,0
632915714,PFNm_a,noside,3780,acetylcholine,0
633097767,SLP322,right,3781,acetylcholine,0
633097828,LHAV3q1,right,3782,acetylcholine,0
633101926,LHPV4c2,right,3783,glutamate,1
633144545,KCg-m,right,3784,dopamine,0
633148704,KCg-m,right,3785,dopamine,0
633148716,KCg-m,right,3786,dopamine,0
633148859,KCg-m,right,3787,dopamine,0
633149039,KCg-m,right,3788,dopamine,0
633149202,KCg-m,right,3789,dopamine,0
633200861,PFNp_a,noside,3790,glutamate,1
633200871,PFNp_b,noside,3791,glutamate,1
633200987,PFNp_b,noside,3792,glutamate,1
633201022,PFNp_b,noside,3793,glutamate,1
633438933,LHPV4c1_b,right,3794,glutamate,1
633447561,AVLP472,right,3795,acetylcholine,0
633498748,KCg-m,right,3796,dopamine,0
633541717,PFNp_a,noside,3797,glutamate,1
633541960,FC2C,right,3798,glutamate,1
633546217,EPG,noside,3799,glutamate,1
633684017,LHPV5d2,right,3800,acetylcholine,0
633793553,LHAV3p1,right,3801,glutamate,1
633895972,PFNm_b,noside,3802,glutamate,1
633943192,PFNd,noside,3803,acetylcholine,0
633951900,FR1,left,3804,gaba,1
634029702,LHPV4i5,right,3805,glutamate,1
634038998,LHAD3b1_g,right,3806,acetylcholine,0
634069028,LHPV5b2_b,right,3807,acetylcholine,0
634090169,LHPV6l2,right,3808,glutamate,1
634223708,FC1D,right,3809,glutamate,1
634236922,IB025,right,3810,glutamate,1
634363193,LHAV4k1,right,3811,gaba,1
634379734,M_vPNml88,right,3812,gaba,1
634595283,hDeltaA,noside,3813,acetylcholine,0
634608015,PFR_a,noside,3814,dopamine,0
634608104,PEN_a(PEN1),noside,3815,acetylcholine,0
634707780,M_vPNml58,right,3816,gaba,1
634711906,LHPV4a7_a,right,3817,glutamate,1
634712475,LHAV4b1_b,right,3818,gaba,1
634712940,LHAV4g5,right,3819,gaba,1
634717239,LHPV4a7_b,right,3820,glutamate,1
634741770,LHPV5b1,right,3821,acetylcholine,0
634759240,VP4_vPN,right,3822,gaba,1
634867234,SMP307,right,3823,serotonin,0
634879889,SMP463,right,3824,dopamine,0
634884062,CL206,right,3825,acetylcholine,0
634888570,CL202,right,3826,acetylcholine,0
634962055,EPG,noside,3827,glutamate,1
635048729,DP1m_vPN,right,3828,gaba,1
635062078,DP1m_adPN,right,3829,acetylcholine,0
635091875,LHAV4b2_b,right,3830,gaba,1
635109166,LHPV7a2,right,3831,acetylcholine,0
635135723,CL254,right,3832,acetylcholine,0
635234035,PFL2,noside,3833,acetylcholine,0
635385969,LHAV4g7_a,right,3834,gaba,1
635407942,M_vPNml85,right,3835,gaba,1
635416407,DM5_lPN,right,3836,acetylcholine,0
635424442,LHPV6i1_a,right,3837,acetylcholine,0
635501884,CL083,right,3838,acetylcholine,0
635773848,SLP335,right,3839,glutamate,1
635860358,SMP459,right,3840,glutamate,1
635878327,SMP380,right,3841,glutamate,1
635882644,ATL036,right,3842,glutamate,1
635890732,SMP573,right,3843,acetylcholine,0
635895000,SMP271,right,3844,gaba,1
635908014,SMP052,right,3845,acetylcholine,0
636102761,LHPV6j1,right,3846,acetylcholine,0
636344136,SMP403,left,3847,glutamate,1
636418270,M_vPNml58,right,3848,gaba,1
636434899,LHPV4b1_a,right,3849,glutamate,1
636451654,LHAV5a8,right,3850,acetylcholine,0
636465174,LHPV4b2,right,3851,glutamate,1
636594376,SMP200,right,3852,glutamate,1
636667489,SMP482,left,3853,acetylcholine,0
636758191,LHPV4a7_d,right,3854,glutamate,1
636789034,LHAV8a1,right,3855,glutamate,1
636789080,VC5_adPN,right,3856,acetylcholine,0
636792984,LHAV2k13,right,3857,acetylcholine,0
636798093,LHPV5c1_a,right,3858,acetylcholine,0
636944318,SMP383,right,3859,acetylcholine,0
637008792,SMP521,right,3860,acetylcholine,0
637121560,LHPV4a5_b,right,3861,glutamate,1
637121971,LHAV4a2,right,3862,gaba,1
637224582,SMP445,right,3863,glutamate,1
637306291,SMP582,left,3864,acetylcholine,0
637393228,SMP491,left,3865,acetylcholine,0
637462647,M_vPNml80,right,3866,gaba,1
637475264,SLP356,right,3867,acetylcholine,0
637483692,SLP165,right,3868,acetylcholine,0
637540087,SLP242,right,3869,acetylcholine,0
637621553,SMP332,right,3870,dopamine,0
637820110,AVLP595,right,3871,acetylcholine,0
637850749,mAL4,left,3872,gaba,1
637914938,WED092,right,3873,acetylcholine,0
637949421,SMP453,left,3874,glutamate,1
638040562,SMP588,left,3875,dopamine,0
638074940,FS4C,right,3876,acetylcholine,0
638136190,LHAV4e4,right,3877,gaba,1
638136814,LHAD1b4,right,3878,acetylcholine,0
638148213,LHAV2a5_b,right,3879,acetylcholine,0
638148241,CL256,right,3880,acetylcholine,0
638152829,SLP246,right,3881,acetylcholine,0
638178497,LHAV1f1,right,3882,acetylcholine,0
638196102,LHAV2k8,right,3883,acetylcholine,0
638204954,SLP187,right,3884,gaba,1
638312678,SMP080,right,3885,acetylcholine,0
638342057,PI3,noside,3886,,0
638394209,SMP362,left,3887,,0
638472166,LHAD1d1,right,3888,acetylcholine,0
638476210,LHAV2a4_a,right,3889,acetylcholine,0
638476365,LHAV4e2_a,right,3890,gaba,1
638481581,OA-VUMa2,right,3891,octopamine,0
638826442,LHAV2a1,right,3892,acetylcholine,0
638829946,CL257,right,3893,acetylcholine,0
638882263,mAL4,left,3894,gaba,1
638930511,SIP028,right,3895,gaba,1
638964662,IB021,right,3896,acetylcholine,0
638985608,SMP365,right,3897,dopamine,0
639008013,SMP403,right,3898,dopamine,0
639050664,SMP065,left,3899,glutamate,1
639240544,LHAD1f3_b,right,3900,glutamate,1
639275368,LHPD5f1,right,3901,glutamate,1
639276164,M_lvPNm25,right,3902,acetylcholine,0
639327084,SMP275,right,3903,glutamate,1
639585968,LHCENT11,right,3904,acetylcholine,0
639650941,SMP329,right,3905,dopamine,0
639655157,SMP008,right,3906,acetylcholine,0
639655378,SMP328,right,3907,dopamine,0
639659397,SMP316_b,right,3908,dopamine,0
639779973,FB2D,left,3909,glutamate,1
639862370,SLP437,right,3910,gaba,1
639875892,CL023,right,3911,acetylcholine,0
639905310,LC40a,right,3912,acetylcholine,0
639957655,SMP448,right,3913,glutamate,1
639958133,LHPV5g1_b,right,3914,acetylcholine,0
639974538,CRE093,right,3915,acetylcholine,0
639995972,CRE078,right,3916,acetylcholine,0
640104852,CRE078,left,3917,acetylcholine,0
640194409,AVLP508,right,3918,acetylcholine,0
640199721,PLP089,right,3919,gaba,1
640220321,LHAV2a3,right,3920,acetylcholine,0
640221192,LHAV4e1_b,right,3921,gaba,1
640276971,SMP022,right,3922,glutamate,1
640281116,SIP041,right,3923,glutamate,1
640298617,FB2F_b,right,3924,glutamate,1
640375483,SMP262,right,3925,acetylcholine,0
640470684,FB2F_b,left,3926,glutamate,1
640539567,AVLP434_a,right,3927,acetylcholine,0
640596169,SMP419,right,3928,glutamate,1
640617445,CRE063,right,3929,acetylcholine,0
640630581,CRE058,right,3930,gaba,1
640665331,FB5Q,right,3931,glutamate,1
640691030,SMP422,right,3932,dopamine,0
640691209,SMP069,right,3933,glutamate,1
640804169,FB2F_a,left,3934,glutamate,1
640877406,SLP375,right,3935,acetylcholine,0
640915837,LHAV2k11_a,right,3936,acetylcholine,0
640963092,LHPD2a4_c,right,3937,glutamate,1
640963528,SIP018,right,3938,glutamate,1
640963556,LHPD2a1,right,3939,acetylcholine,0
641066630,SMP099,left,3940,glutamate,1
641114676,SMP070,left,3941,gaba,1
641126853,SMP129,right,3942,glutamate,1
641278400,aSP-g2,right,3943,acetylcholine,0
641291034,LHAD3d1,right,3944,acetylcholine,0
641403248,SMP099,left,3945,glutamate,1
641563387,AVLP574,right,3946,acetylcholine,0
641567225,SLP188_b,right,3947,gaba,1
641631806,LHPV5b4_a,right,3948,acetylcholine,0
641631962,LHPV5b4_a,right,3949,acetylcholine,0
641645610,SMP195_a,right,3950,dopamine,0
641653381,KCa'b'-m,right,3951,dopamine,0
641688553,CRE042,right,3952,gaba,1
641709938,SMP112,right,3953,acetylcholine,0
642024743,SMP173,right,3954,acetylcholine,0
642046803,SMP588,left,3955,dopamine,0
642262407,AVLP040,right,3956,acetylcholine,0
642263196,AVLP040,right,3957,acetylcholine,0
642323384,CRE092,right,3958,acetylcholine,0
642335523,KCab-p,right,3959,dopamine,0
642335553,KCa'b'-m,right,3960,dopamine,0
642365841,FB5Z,right,3961,glutamate,1
642378701,SMP326,right,3962,acetylcholine,0
642387775,SIP023,right,3963,acetylcholine,0
642387793,LHPD2c5,right,3964,glutamate,1
642409381,LHPD5e1,right,3965,acetylcholine,0
642504699,LHPV5e3,left,3966,acetylcholine,0
642509080,SMP007,right,3967,acetylcholine,0
642516892,PPL105,left,3968,dopamine,0
642612763,LHAV5c1,right,3969,acetylcholine,0
642616710,CL062_b,right,3970,acetylcholine,0
642629807,AVLP568,right,3971,acetylcholine,0
642629827,AVLP570,right,3972,acetylcholine,0
642642309,AVLP245,right,3973,acetylcholine,0
642651049,SIP074,right,3974,acetylcholine,0
642660081,LHAV9a1_b,right,3975,acetylcholine,0
642664141,MBON15,right,3976,acetylcholine,0
642680823,KCab-s,right,3977,dopamine,0
642680826,KCab-p,right,3978,dopamine,0
642680853,KCab-m,right,3979,dopamine,0
642680881,KCab-m,right,3980,dopamine,0
642680969,KCab-p,right,3981,dopamine,0
642681035,KCab-m,right,3982,dopamine,0
642689607,KCab-m,right,3983,dopamine,0
642693620,SIP049,right,3984,acetylcholine,0
642694410,SMP476,right,3985,dopamine,0
642702809,CRE050,right,3986,glutamate,1
642715563,SMP018_b,right,3987,acetylcholine,0
642715622,FB2C,right,3988,glutamate,1
642715875,SMP018_a,right,3989,acetylcholine,0
642720054,AOTU035,right,3990,glutamate,1
642720190,SMP578,right,3991,gaba,1
642723975,mALB2,left,3992,gaba,1
642728308,VES006,right,3993,acetylcholine,0
642732835,MBON32,right,3994,gaba,1
642763374,oviDNb,left,3995,gaba,1
642948546,SLP160,right,3996,acetylcholine,0
643005055,SIP043,right,3997,glutamate,1
643052767,SMP248,right,3998,acetylcholine,0
643060819,SMP020,right,3999,acetylcholine,0
643061275,SIP089,right,4000,gaba,1
643142863,PAM01_a,left,4001,dopamine,0
643156727,SMP176,left,4002,,0
643307064,AVLP521,right,4003,acetylcholine,0
643329030,SIP069,right,4004,dopamine,0
643350227,CRE093,left,4005,acetylcholine,0
643362770,KCab-s,right,4006,dopamine,0
643363111,KCab-s,right,4007,dopamine,0
643376222,CL040,right,4008,glutamate,1
643389529,SMP392,right,4009,acetylcholine,0
643393020,SMP329,right,4010,dopamine,0
643393688,IB018,right,4011,acetylcholine,0
643398197,IB011,right,4012,gaba,1
643401816,SMP055,right,4013,glutamate,1
643402037,SMP357,right,4014,dopamine,0
643488175,CRE045,left,4015,gaba,1
643501489,PAM02,left,4016,dopamine,0
643523134,PAM05,left,4017,dopamine,0
643535876,PAM10,left,4018,dopamine,0
643679015,SIP053,right,4019,acetylcholine,0
643691163,SIP042_b,right,4020,glutamate,1
643703819,KCab-s,right,4021,dopamine,0
643717679,SMP173,right,4022,acetylcholine,0
643721915,SMP248,right,4023,acetylcholine,0
643739027,CRE052,right,4024,gaba,1
643760681,SMP132,right,4025,glutamate,1
643773259,CRE034,left,4026,glutamate,1
643794320,CRE029_a,right,4027,glutamate,1
643830129,CRE046,left,4028,gaba,1
643847447,MBON32,left,4029,gaba,1
643859327,CRE078,left,4030,acetylcholine,0
644001906,PVLP007,right,4031,glutamate,1
644113913,SMP139,left,4032,glutamate,1
644118254,CRE030_b,left,4033,glutamate,1
644148539,CRE039,right,4034,glutamate,1
644148561,SMP139,right,4035,glutamate,1
644148647,CRE031,right,4036,glutamate,1
644148661,CRE036,right,4037,glutamate,1
644148705,CRE036,right,4038,glutamate,1
644152981,CRE029_b,right,4039,glutamate,1
644153089,CRE039,right,4040,glutamate,1
644161860,CRE045,left,4041,gaba,1
644408508,SLP245,right,4042,acetylcholine,0
644417074,PAM06_b,right,4043,dopamine,0
644417091,SMP213,right,4044,glutamate,1
644425543,SMP055,right,4045,glutamate,1
644433538,SMP015,right,4046,acetylcholine,0
644450565,CRE005,right,4047,glutamate,1
644450686,SMP059,right,4048,glutamate,1
644455046,PS003,right,4049,glutamate,1
644455092,CL051,right,4050,glutamate,1
644757911,SMP318,right,4051,glutamate,1
644761952,LHPD2c5,right,4052,glutamate,1
644788121,LAL007,right,4053,acetylcholine,0
644870768,PAM01_a,left,4054,dopamine,0
644896959,PAM09,left,4055,dopamine,0
645086558,CL251,right,4056,acetylcholine,0
645090294,PAM04_a,right,4057,dopamine,0
645111897,VES061,right,4058,acetylcholine,0
645224664,PAM01_a,left,4059,dopamine,0
645449236,CL278,right,4060,acetylcholine,0
645456880,aIPg2,right,4061,acetylcholine,0
645897107,CRE044,left,4062,gaba,1
660730340,KCab-c,right,4063,dopamine,0
661076014,KCab-c,right,4064,dopamine,0
661080007,KCa'b'-m,right,4065,dopamine,0
661084049,KCg-m,right,4066,dopamine,0
661395129,KCg-m,right,4067,dopamine,0
661399477,KCg-m,right,4068,dopamine,0
661407917,KCa'b'-m,right,4069,dopamine,0
661408056,KCg-m,right,4070,dopamine,0
661408094,KCab-m,right,4071,dopamine,0
661421129,KCg-m,right,4072,dopamine,0
661430106,KCg-m,right,4073,dopamine,0
661430179,KCg-m,right,4074,dopamine,0
661740651,KCg-m,right,4075,dopamine,0
661757811,KCg-m,right,4076,dopamine,0
661766416,KCg-m,right,4077,dopamine,0
662081640,KCg-m,right,4078,dopamine,0
662081902,KCg-m,right,4079,dopamine,0
662085486,KCg-m,right,4080,dopamine,0
662094168,KCg-m,right,4081,dopamine,0
662103124,KCab-c,right,4082,dopamine,0
662107551,KCg-m,right,4083,dopamine,0
662107593,KCg-m,right,4084,dopamine,0
662197764,SMP309,right,4085,gaba,1
662409505,KCa'b'-m,right,4086,dopamine,0
662409582,KCa'b'-ap2,right,4087,dopamine,0
662414157,KCab-c,right,4088,dopamine,0
662418320,KCg-m,right,4089,dopamine,0
662452625,KCg-m,right,4090,dopamine,0
662461539,KCg-m,right,4091,dopamine,0
662728826,KCab-m,right,4092,dopamine,0
662754991,KCg-m,right,4093,dopamine,0
662763626,KCg-m,right,4094,dopamine,0
662763904,KCg-m,right,4095,dopamine,0
662767770,KCg-m,right,4096,dopamine,0
662772373,KCab-m,right,4097,dopamine,0
662772393,KCg-m,right,4098,dopamine,0
662776660,VC3m_lvPN,right,4099,acetylcholine,0
662789529,KCab-s,right,4100,dopamine,0
662802782,KCg-m,right,4101,dopamine,0
662806818,KCg-m,right,4102,dopamine,0
662840966,PFNm_b,noside,4103,acetylcholine,0
662845370,PFNm_b,noside,4104,acetylcholine,0
662966385,PFNm_b,noside,4105,acetylcholine,0
663091787,KCg-m,right,4106,dopamine,0
663130304,KCg-d,right,4107,dopamine,0
663134970,KCg-m,right,4108,dopamine,0
663190769,PEN_a(PEN1),noside,4109,glutamate,1
663225743,PFNm_a,noside,4110,acetylcholine,0
663242420,FR2,noside,4111,acetylcholine,0
663298610,PFNd,noside,4112,glutamate,1
663432544,VP3+_vPN,right,4113,glutamate,1
663437249,SLP325,right,4114,acetylcholine,0
663493162,KCg-m,right,4115,dopamine,0
663558074,PFNa,noside,4116,acetylcholine,0
663562172,PEN_b(PEN2),noside,4117,glutamate,1
663787020,VP1m+_lvPN,right,4118,glutamate,1
663799582,IB115,right,4119,acetylcholine,0
663834152,KCg-m,right,4120,dopamine,0
663898692,PFNa,noside,4121,acetylcholine,0
663950556,vDeltaM,noside,4122,glutamate,1
663950729,PFNm_b,noside,4123,acetylcholine,0
664141134,KCg-m,right,4124,dopamine,0
664184060,KCg-m,right,4125,dopamine,0
664187932,KCg-m,right,4126,dopamine,0
664188056,KCg-m,right,4127,dopamine,0
664188083,KCg-m,right,4128,dopamine,0
664188108,KCg-m,right,4129,dopamine,0
664188129,KCg-m,right,4130,dopamine,0
664188211,KCg-m,right,4131,dopamine,0
664235541,PFNd,noside,4132,glutamate,1
664313308,PFNp_a,noside,4133,acetylcholine,0
664447502,SMP228,right,4134,glutamate,1
664511977,KCg-d,right,4135,dopamine,0
664628372,hDeltaA,noside,4136,acetylcholine,0
664632485,PFNp_b,noside,4137,acetylcholine,0
664645558,PEN_a(PEN1),noside,4138,glutamate,1
664650297,PEN_b(PEN2),noside,4139,octopamine,0
664787948,ATL014,right,4140,glutamate,1
664814903,VP1m+_lvPN,right,4141,glutamate,1
664824047,LHPV6n1,right,4142,acetylcholine,0
664943511,PFGs,noside,4143,octopamine,0
664978073,hDeltaB,noside,4144,acetylcholine,0
665169278,CL136,right,4145,acetylcholine,0
665314820,EPG,noside,4146,glutamate,1
665332092,FR1,left,4147,gaba,1
665439889,LHPV4b3,right,4148,glutamate,1
665454282,LHAV3d1,right,4149,glutamate,1
665466951,CL014,right,4150,glutamate,1
665479890,ATL001,right,4151,glutamate,1
665552356,SMP296,right,4152,gaba,1
665556968,SMP468,right,4153,dopamine,0
665735597,LHAV4g9,right,4154,gaba,1
665747387,LHAV6a2_b,right,4155,acetylcholine,0
665820084,CL327,right,4156,acetylcholine,0
665897487,SMP468,right,4157,acetylcholine,0
666122442,LHAV3e4_a,right,4158,acetylcholine,0
666135689,DA3_adPN,right,4159,acetylcholine,0
666136034,LHAD2c2,right,4160,acetylcholine,0
666162219,SLP465,right,4161,acetylcholine,0
666200256,CL025,right,4162,glutamate,1
666230992,SMP491,right,4163,acetylcholine,0
666252297,CL234,right,4164,glutamate,1
666308023,PFL3,noside,4165,acetylcholine,0
666312288,PFR_b,noside,4166,acetylcholine,0
666450841,LHPV4a11,right,4167,glutamate,1
666451615,LHAV4g8,right,4168,gaba,1
666481389,LHPV4h1_a,right,4169,glutamate,1
666503184,CL016,right,4170,glutamate,1
666537229,CL225,left,4171,acetylcholine,0
666567261,AVLP472,right,4172,acetylcholine,0
666572081,IB048,right,4173,glutamate,1
666575508,SMP382,right,4174,dopamine,0
666709858,SMP491,left,4175,acetylcholine,0
666769954,LHPV4a7_a,right,4176,glutamate,1
666818214,mAL4,left,4177,gaba,1
666818300,V_l2PN,right,4178,acetylcholine,0
666843563,CL016,right,4179,glutamate,1
666843764,LC28a,noside,4180,acetylcholine,0
666916874,LHPV6f2_b,right,4181,acetylcholine,0
666994301,PFL3,noside,4182,acetylcholine,0
667132722,LHAD1a2_c,right,4183,acetylcholine,0
667141710,LHAV4g8,right,4184,gaba,1
667184255,CL133,right,4185,glutamate,1
667241165,SMP192,right,4186,acetylcholine,0
667258443,CL182,right,4187,glutamate,1
667266529,CRE108,right,4188,acetylcholine,0
667271225,SMP428,right,4189,dopamine,0
667279709,SMP395,right,4190,acetylcholine,0
667444187,LHAV5a5,right,4191,acetylcholine,0
667474054,LHAV4a7,right,4192,gaba,1
667486204,LHPV4j2,right,4193,glutamate,1
667538952,PLP095,right,4194,acetylcholine,0
667603691,ATL035,right,4195,glutamate,1
667754178,FB2J,left,4196,glutamate,1
667823920,M_vPNml56,right,4197,gaba,1
667824200,LHPV4h3,right,4198,glutamate,1
667827599,LHAV2g3,right,4199,acetylcholine,0
667832004,LHAV3e6,right,4200,acetylcholine,0
667840305,mAL4,left,4201,gaba,1
667841133,LHAV2k12_a,right,4202,acetylcholine,0
667857582,LHPV7c1,right,4203,acetylcholine,0
667931999,FB2I_a,right,4204,glutamate,1
667936188,FS1B,left,4205,acetylcholine,0
667949027,SLP454,right,4206,serotonin,0
668144344,LHAV6a1_b,right,4207,acetylcholine,0
668148078,LHAV4g8,right,4208,gaba,1
668152044,LHAV2a4_a,right,4209,acetylcholine,0
668285416,SMP151,left,4210,gaba,1
668466304,LHAV5a3_b,right,4211,acetylcholine,0
668485522,LHAV4g13,right,4212,gaba,1
668489498,LHAV1d1,right,4213,acetylcholine,0
668497214,LHAV2g3,right,4214,acetylcholine,0
668552668,LHAV2p1,right,4215,acetylcholine,0
668617936,CL228,right,4216,acetylcholine,0
668618317,SMP409,right,4217,dopamine,0
668716892,FB8B,left,4218,glutamate,1
668742424,SMP422,left,4219,,0
668876945,mAL3B,left,4220,gaba,1
668967527,CRE040,right,4221,gaba,1
669075559,SMP339,left,4222,,0
669088684,SMP204,left,4223,glutamate,1
669171261,LHAV4d1,right,4224,gaba,1
669325882,5-HTPMPV03,right,4225,serotonin,0
669421910,SMP392,left,4226,acetylcholine,0
669512877,PLP067,right,4227,acetylcholine,0
669649730,LAL022,right,4228,acetylcholine,0
669649736,SMP270,right,4229,dopamine,0
669666822,SMP019,right,4230,acetylcholine,0
669670654,SMP554,right,4231,gaba,1
669675454,SMP268,right,4232,glutamate,1
669852092,LHAV4e4,right,4233,gaba,1
669856713,AVLP281,right,4234,acetylcholine,0
669857319,LHAV4b3,right,4235,gaba,1
669869547,LHAV4a4,right,4236,gaba,1
669878695,CL078,right,4237,acetylcholine,0
669965108,CRE076,right,4238,acetylcholine,0
669977676,ATL002,right,4239,glutamate,1
669978138,SMP018_b,right,4240,glutamate,1
670020922,SMP331,right,4241,acetylcholine,0
670024927,SMP416,right,4242,dopamine,0
670219670,LHAD2f1,right,4243,acetylcholine,0
670297553,CRE103,right,4244,acetylcholine,0
670348810,SMP332,right,4245,dopamine,0
670353202,IB050,right,4246,glutamate,1
670353384,SMP279_a,right,4247,glutamate,1
670357457,SMP393,right,4248,acetylcholine,0
670370149,SMP267,right,4249,glutamate,1
670370808,SMP267,right,4250,glutamate,1
670435003,SMP492,left,4251,acetylcholine,0
670542802,SLP452,right,4252,acetylcholine,0
670547235,PLP169,right,4253,acetylcholine,0
670547617,AOTU009,right,4254,glutamate,1
670651346,FB2F_a,right,4255,glutamate,1
670651584,SIP028,right,4256,gaba,1
670703141,SMP423,right,4257,dopamine,0
670810688,SMP057,left,4258,glutamate,1
670883838,SMP316_a,right,4259,dopamine,0
670914976,mAL4,left,4260,gaba,1
670915068,mAL4,left,4261,gaba,1
671005363,SMP207,right,4262,glutamate,1
671035328,SMP245,right,4263,dopamine,0
671233447,AVLP176_a,right,4264,acetylcholine,0
671234167,SMP275,right,4265,glutamate,1
671255587,mAL4,left,4266,gaba,1
671268907,SLP042,right,4267,acetylcholine,0
671307834,LHAV9a1_b,right,4268,acetylcholine,0
671342033,SMP489,right,4269,acetylcholine,0
671345931,FS3,left,4270,dopamine,0
671449467,SMP317,left,4271,,0
671566029,CL074,right,4272,acetylcholine,0
671574812,AVLP209,right,4273,gaba,1
671600919,mAL4,left,4274,gaba,1
671604934,mAL3A,left,4275,gaba,1
671657343,CRE088,right,4276,acetylcholine,0
671660941,SMP568_a,right,4277,acetylcholine,0
671929521,AVLP139,right,4278,serotonin,0
671933799,SLP186,right,4279,gaba,1
672002621,CRE063,right,4280,acetylcholine,0
672006007,CRE053,right,4281,gaba,1
672041363,SMP326,right,4282,acetylcholine,0
672192070,CRE077,left,4283,glutamate,1
672248510,CL088,right,4284,acetylcholine,0
672283773,AVLP432,right,4285,acetylcholine,0
672287506,SLP186,right,4286,gaba,1
672352543,MBON10,right,4287,gaba,1
672407642,SMP039,right,4288,dopamine,0
672524871,CRE088,left,4289,acetylcholine,0
672593764,AVLP268,right,4290,acetylcholine,0
672594073,CL346,left,4291,glutamate,1
672653737,mAL2A,left,4292,gaba,1
672697926,SMP568_a,right,4293,acetylcholine,0
672723441,SMP377,right,4294,dopamine,0
672960748,LHAV6h1,right,4295,glutamate,1
672982133,AVLP247,right,4296,acetylcholine,0
673029543,KCa'b'-m,right,4297,dopamine,0
673047760,CRE089,right,4298,dopamine,0
673068602,SMP045,right,4299,glutamate,1
673072855,SLP170,right,4300,glutamate,1
673073015,SMP409,right,4301,acetylcholine,0
673085197,CRE051,right,4302,gaba,1
673085574,SMP391,right,4303,glutamate,1
673090000,SMP278,right,4304,glutamate,1
673302212,LHAV5a10_b,right,4305,acetylcholine,0
673362451,CRE055,right,4306,gaba,1
673366098,MBON16,right,4307,acetylcholine,0
673366263,KCa'b'-ap2,right,4308,dopamine,0
673370525,KCa'b'-m,right,4309,dopamine,0
673405506,SMP377,right,4310,dopamine,0
673413730,SMP008,right,4311,acetylcholine,0
673418040,SLP246,right,4312,dopamine,0
673426911,SMP207,right,4313,glutamate,1
673426956,LHAD1b2_a,right,4314,acetylcholine,0
673509195,MBON01,left,4315,glutamate,1
673518025,SMP164,left,4316,,0
673639143,AVLP215,right,4317,gaba,1
673702721,MBON15,right,4318,acetylcholine,0
673715784,KCab-m,right,4319,dopamine,0
673733299,SMP197,right,4320,dopamine,0
673741976,SMP377,right,4321,dopamine,0
673746277,FB4N,right,4322,glutamate,1
673746538,SMP018_a,right,4323,acetylcholine,0
673755123,SMP323,right,4324,acetylcholine,0
673758836,SMP455,right,4325,acetylcholine,0
673763861,AOTU016,right,4326,acetylcholine,0
673772212,SMP068,right,4327,glutamate,1
673776769,SMP156,right,4328,acetylcholine,0
673863199,CRE041,left,4329,gaba,1
674001478,LHAV2a2,right,4330,acetylcholine,0
674009814,SLP190,right,4331,gaba,1
674056647,KCab-m,right,4332,dopamine,0
674056882,KCab-m,right,4333,dopamine,0
674069555,SIP073,right,4334,dopamine,0
674091900,SMP323,right,4335,acetylcholine,0
674096140,LHPD2c2,right,4336,dopamine,0
674100160,CRE052,right,4337,gaba,1
674108632,AVLP075,right,4338,glutamate,1
674108802,SMP112,right,4339,acetylcholine,0
674186774,SMP055,left,4340,glutamate,1
674393414,KCa'b'-ap2,right,4341,dopamine,0
674398014,KCab-m,right,4342,dopamine,0
674420122,SMP377,right,4343,dopamine,0
674423996,SIP061,right,4344,acetylcholine,0
674427795,SMP328,right,4345,acetylcholine,0
674446014,LAL030_a,right,4346,acetylcholine,0
674519060,PAM01_a,left,4347,dopamine,0
674532291,SMP051,left,4348,glutamate,1
674558711,FB5P,left,4349,glutamate,1
674687388,PVLP008_a,right,4350,glutamate,1
674738872,KCa'b'-ap2,right,4351,dopamine,0
674760695,SMP016_a,right,4352,acetylcholine,0
674760884,CRE099,right,4353,acetylcholine,0
674781866,SMP578,right,4354,gaba,1
674807824,CRE029_a,left,4355,glutamate,1
674882250,CRE011,left,4356,acetylcholine,0
675119034,SMP210,right,4357,glutamate,1
675127699,CRE045,right,4358,gaba,1
675127915,SMP006,right,4359,acetylcholine,0
675136878,CRE070,right,4360,acetylcholine,0
675144908,CRE028,left,4361,glutamate,1
675144948,CRE031,left,4362,glutamate,1
675148961,PS004,right,4363,glutamate,1
675153151,PLP245,left,4364,,0
675166212,PAL03,left,4365,dopamine,0
675187509,CRE033,right,4366,glutamate,1
675187531,SMP141,right,4367,glutamate,1
675187558,CRE029_b,right,4368,glutamate,1
675187572,CRE030_a,right,4369,glutamate,1
675187578,CRE036,right,4370,glutamate,1
675187643,CRE030_b,right,4371,glutamate,1
675447609,SMP020,right,4372,acetylcholine,0
675451588,PAM14,right,4373,dopamine,0
675468771,PAM13,right,4374,dopamine,0
675485886,PS008_b,right,4375,glutamate,1
675489869,CL051,right,4376,glutamate,1
675489881,CL047,right,4377,glutamate,1
675489914,IB004,right,4378,glutamate,1
675489921,IB002,right,4379,glutamate,1
675489962,PS004,right,4380,glutamate,1
675490002,IB004,right,4381,glutamate,1
675490017,CL046,right,4382,glutamate,1
675490109,IB004,right,4383,glutamate,1
675490171,PS008_b,right,4384,glutamate,1
675490204,PLP245,right,4385,acetylcholine,0
675490215,PS008_b,right,4386,glutamate,1
675490252,CL038,right,4387,acetylcholine,0
675528661,CRE024,right,4388,glutamate,1
675602461,PAM09,left,4389,dopamine,0
675763039,PAM06_a,right,4390,dopamine,0
675767414,CRE078,right,4391,acetylcholine,0
675779986,SIP017,right,4392,glutamate,1
675784199,CRE089,right,4393,acetylcholine,0
675800901,LHPD2a7,right,4394,glutamate,1
675805841,LAL095,right,4395,glutamate,1
675809900,SMP006,right,4396,acetylcholine,0
675822559,AVLP316,right,4397,acetylcholine,0
675822802,CRE007,right,4398,glutamate,1
675835107,PS002,right,4399,gaba,1
676133767,LAL030_a,right,4400,acetylcholine,0
676138357,LHPD2a7,right,4401,glutamate,1
676263239,PAM01_a,left,4402,dopamine,0
676479156,aIPg2,right,4403,acetylcholine,0
676479217,AVLP015,right,4404,glutamate,1
676504624,LT55,left,4405,glutamate,1
676573560,CRE007,left,4406,glutamate,1
676612729,PAM04_a,left,4407,dopamine,0
676616719,PAM04_a,left,4408,dopamine,0
676824431,SMP493,right,4409,acetylcholine,0
676832896,H1,right,4410,,0
676836779,TuTuA,left,4411,glutamate,1
677182018,FB2B_b,right,4412,glutamate,1
691760950,KCab-m,right,4413,dopamine,0
692093440,KCg-m,right,4414,dopamine,0
692110379,KCab-s,right,4415,dopamine,0
692119287,KCg-m,right,4416,dopamine,0
692430198,KCg-m,right,4417,dopamine,0
692434135,KCg-m,right,4418,dopamine,0
692792746,KCab-c,right,4419,dopamine,0
692810011,KCg-m,right,4420,dopamine,0
692818786,KCg-m,right,4421,dopamine,0
692818802,KCg-m,right,4422,dopamine,0
692852666,PFNa,noside,4423,acetylcholine,0
692857189,PFNp_c,noside,4424,acetylcholine,0
693099031,KCg-m,right,4425,dopamine,0
693099064,KCab-m,right,4426,dopamine,0
693099102,KCg-m,right,4427,dopamine,0
693116396,KCab-c,right,4428,dopamine,0
693125078,VC3l_adPN,right,4429,acetylcholine,0
693133603,KCg-m,right,4430,dopamine,0
693159855,KCab-s,right,4431,dopamine,0
693448777,KCab-c,right,4432,dopamine,0
693453332,KCab-c,right,4433,dopamine,0
693479072,VM7v_adPN,right,4434,acetylcholine,0
693483018,DL5_adPN,right,4435,acetylcholine,0
693500431,KCg-m,right,4436,dopamine,0
693500652,KCg-m,right,4437,dopamine,0
693651381,PFNp_c,noside,4438,acetylcholine,0
693655791,vDeltaK,noside,4439,glutamate,1
693755250,PEN_b(PEN2),noside,4440,serotonin,0
693785371,KCg-m,right,4441,dopamine,0
693785633,KCab-m,right,4442,dopamine,0
693837780,KCg-m,right,4443,dopamine,0
693841887,KCg-m,right,4444,dopamine,0
693841929,KCab-s,right,4445,dopamine,0
693846112,KCg-m,right,4446,dopamine,0
693927941,ALIN1,right,4447,glutamate,1
693979726,PFNp_e,noside,4448,acetylcholine,0
694126781,LHPV8d1,right,4449,acetylcholine,0
694299183,CL247,left,4450,gaba,1
694445969,SLP383,right,4451,glutamate,1
694471913,LHPV6f1,right,4452,acetylcholine,0
694472338,LHPV4c1_b,right,4453,glutamate,1
694472667,SLP325,right,4454,acetylcholine,0
694524222,KCg-m,right,4455,dopamine,0
694562388,FR1,right,4456,gaba,1
694605944,PS136,right,4457,neither,0
694665957,PFNp_a,noside,4458,acetylcholine,0
694666271,PFNp_a,noside,4459,acetylcholine,0
694670358,vDeltaM,noside,4460,glutamate,1
694670373,PFNp_a,noside,4461,glutamate,1
694813336,ATL020,right,4462,acetylcholine,0
694813676,LHPV4c1_b,right,4463,glutamate,1
694818168,LHPV8c1,right,4464,acetylcholine,0
694834412,VM4_adPN,right,4465,acetylcholine,0
694920753,EPG,noside,4466,glutamate,1
694985489,PFNp_b,noside,4467,octopamine,0
695124651,aMe3,noside,4468,glutamate,1
695154667,SMP244,right,4469,acetylcholine,0
695163759,PLP159,right,4470,gaba,1
695167675,LHPV6f1,right,4471,acetylcholine,0
695172463,PLP048,right,4472,glutamate,1
695270840,PFNd,noside,4473,glutamate,1
695326397,vDeltaL,noside,4474,glutamate,1
695326490,vDeltaJ,noside,4475,dopamine,0
695465316,PLP079,right,4476,glutamate,1
695469100,SMP216,right,4477,glutamate,1
695500178,LHPD2a7,right,4478,glutamate,1
695508439,LHPV6f1,right,4479,acetylcholine,0
695629525,EPG,noside,4480,glutamate,1
695671851,PFNd,noside,4481,acetylcholine,0
695798021,LHPV6k2,right,4482,glutamate,1
695922355,ATL031,right,4483,dopamine,0
695956656,EPG,noside,4484,glutamate,1
696082279,LHPV5d1_b,right,4485,acetylcholine,0
696095464,LHAV4b1_a,right,4486,gaba,1
696095496,LHPV4a9_b,right,4487,glutamate,1
696126258,LHAV2m1,right,4488,gaba,1
696143413,LHAV3a4,right,4489,glutamate,1
696233299,IB115,right,4490,acetylcholine,0
696328374,vDeltaE,noside,4491,glutamate,1
696336849,PFNa,noside,4492,acetylcholine,0
696354016,FR1,left,4493,dopamine,0
696362840,EPG,noside,4494,glutamate,1
696432315,LHPV5a2,right,4495,acetylcholine,0
696489026,LHPV6f3_e,right,4496,acetylcholine,0
696617609,SMP461,right,4497,acetylcholine,0
696617614,CL209,right,4498,acetylcholine,0
696617663,SMP461,right,4499,acetylcholine,0
696682163,EL,left,4500,acetylcholine,0
696772937,LHAV4g5,right,4501,gaba,1
696791034,LHPV4d4,right,4502,glutamate,1
696795331,LHAV6f1_a,right,4503,acetylcholine,0
696829800,LHPV6h1_a,right,4504,acetylcholine,0
696830498,LHPV6h1_b,right,4505,acetylcholine,0
696846594,SMP217,right,4506,glutamate,1
696850811,SLP076,right,4507,glutamate,1
696859236,CL014,right,4508,glutamate,1
696859758,PLP149,right,4509,gaba,1
696881909,aMe26,noside,4510,acetylcholine,0
696950427,ATL038,right,4511,glutamate,1
697001770,EPG,noside,4512,acetylcholine,0
697014740,PFNp_b,noside,4513,serotonin,0
697014777,PFNp_a,noside,4514,acetylcholine,0
697132371,VM2_adPN,right,4515,acetylcholine,0
697132415,LHAD1a3,right,4516,acetylcholine,0
697145036,M_vPNml83,right,4517,gaba,1
697265869,SMP581,right,4518,dopamine,0
697269889,SMP380,right,4519,dopamine,0
697316795,ATL029,right,4520,glutamate,1
697355826,vDeltaA_b,noside,4521,dopamine,0
697355847,PFNd,noside,4522,acetylcholine,0
697398827,SMP459,left,4523,acetylcholine,0
697416237,ATL036,left,4524,glutamate,1
697456597,LHAV4g9,right,4525,gaba,1
697476780,LHAD1h1,right,4526,gaba,1
697485362,DM5_lPN,right,4527,acetylcholine,0
697533563,SLP082,right,4528,glutamate,1
697537598,CL255,right,4529,acetylcholine,0
697645622,SMP467,right,4530,dopamine,0
697793250,LHAV4k1,right,4531,gaba,1
697801711,LHPV4a7_a,right,4532,glutamate,1
697844568,M_lvPNm40,right,4533,acetylcholine,0
697848868,DC4_vPN,right,4534,gaba,1
697853509,LHPV5b6,right,4535,acetylcholine,0
697886966,SMP274,right,4536,glutamate,1
697891313,CL198_b,right,4537,glutamate,1
697939194,SMP491,right,4538,acetylcholine,0
698016469,MDN,right,4539,acetylcholine,0
698180393,LHAV4i1,right,4540,gaba,1
698180486,LHAV6f1_b,right,4541,acetylcholine,0
698180927,LHAV3g2_b,right,4542,acetylcholine,0
698185483,LHAV3g2_a,right,4543,acetylcholine,0
698194389,LHPV2b5_a,right,4544,gaba,1
698223800,IB059,right,4545,glutamate,1
698224251,SMP279_c,right,4546,glutamate,1
698314499,SMP331,right,4547,dopamine,0
698508565,V_ilPN,noside,4548,acetylcholine,0
698513115,LHPV2a4,right,4549,gaba,1
698526273,M_vPNml74,right,4550,gaba,1
698565676,Z_lvPNm1,right,4551,acetylcholine,0
698569644,CL201,right,4552,acetylcholine,0
698569832,Z_lvPNm1,right,4553,acetylcholine,0
698646654,SMP438,right,4554,dopamine,0
698742094,SMP160,right,4555,glutamate,1
698820341,LHPV4a7_c,right,4556,glutamate,1
698829728,LHAV4g13,right,4557,gaba,1
698846552,LHPV4a7_c,right,4558,glutamate,1
698846779,LHPV4d10,right,4559,glutamate,1
698888718,LHAV1b3,right,4560,acetylcholine,0
698970725,WEDPN12,right,4561,glutamate,1
698979607,SMP047,right,4562,glutamate,1
698996246,SMP413,right,4563,dopamine,0
699031185,SIFa,noside,4564,octopamine,0
699160906,LHAV4k2,right,4565,gaba,1
699161039,LHAV4k1,right,4566,gaba,1
699178922,LHPD2a2,right,4567,acetylcholine,0
699203489,LHPV5c1_d,right,4568,acetylcholine,0
699212545,LHAV2k12_b,right,4569,acetylcholine,0
699311994,PLP237,right,4570,acetylcholine,0
699312063,ATL013,right,4571,acetylcholine,0
699324804,SIP081,right,4572,acetylcholine,0
699358695,CL030,right,4573,glutamate,1
699363923,SMP158,right,4574,acetylcholine,0
699397554,IB025,left,4575,glutamate,1
699515201,LHPV4i1,right,4576,glutamate,1
699553429,SLP237,right,4577,acetylcholine,0
699588209,LC40a,right,4578,acetylcholine,0
699652692,ATL041,right,4579,acetylcholine,0
699687305,SMP512,left,4580,acetylcholine,0
699695617,SMP331,right,4581,glutamate,1
699894933,LHAV4e3,right,4582,gaba,1
699976619,SIP003_b,right,4583,acetylcholine,0
699998408,SMP016_a,right,4584,acetylcholine,0
700002191,mALB5,left,4585,gaba,1
700037217,SMP413,right,4586,dopamine,0
700210227,LHAV4e5,right,4587,gaba,1
700235813,mAL4,left,4588,gaba,1
700321894,CRE053,right,4589,gaba,1
700335140,SMP490,right,4590,acetylcholine,0
700356592,SMP018_c,right,4591,acetylcholine,0
700377995,SMP332,right,4592,dopamine,0
700486220,LAL022,left,4593,acetylcholine,0
700498286,FB2F_b,left,4594,glutamate,1
700550360,LHAV4e2_b,right,4595,gaba,1
700567946,LHPV2b3,right,4596,gaba,1
700683875,FS1B,left,4597,acetylcholine,0
700779022,SMP065,left,4598,glutamate,1
700787980,SMP417,left,4599,acetylcholine,0
700792608,SMP473,left,4600,acetylcholine,0
700878180,LHAV4d5,right,4601,gaba,1
700878295,LHAV4d1,right,4602,gaba,1
700884019,LHCENT13_b,right,4603,gaba,1
700982749,LHPV5g1_b,right,4604,acetylcholine,0
700991872,SMP197,right,4605,dopamine,0
700999023,FB2F_c,right,4606,glutamate,1
701051650,SMP279_a,right,4607,glutamate,1
701055731,SMP070,right,4608,glutamate,1
701201945,AVLP017,right,4609,glutamate,1
701327912,SIP041,right,4610,glutamate,1
701328333,LHPV2f3,right,4611,gaba,1
701345660,LAL182,right,4612,acetylcholine,0
701366259,FS3,left,4613,acetylcholine,0
701371011,SMP370,right,4614,glutamate,1
701383309,SMP144,left,4615,glutamate,1
701470006,SMP425,left,4616,,0
701577869,LHPV5b3,right,4617,acetylcholine,0
701672499,SMP429,right,4618,acetylcholine,0
701733434,SMP039,right,4619,dopamine,0
701742479,SMP316_b,right,4620,dopamine,0
701915554,SLP082,right,4621,glutamate,1
701923413,mALD2,left,4622,gaba,1
702010197,LHPV5g1_b,right,4623,acetylcholine,0
702069970,SMP019,right,4624,acetylcholine,0
702079023,SMP282,right,4625,glutamate,1
702079135,SMP282,right,4626,glutamate,1
702152113,AVLP075,left,4627,glutamate,1
702199343,CRE089,left,4628,acetylcholine,0
702200873,ATL012,left,4629,glutamate,1
702364805,LHAD2b1,right,4630,acetylcholine,0
702389193,FS3,left,4631,dopamine,0
702493502,CL029,left,4632,,0
702506641,IB018,left,4633,acetylcholine,0
702536798,FS2,right,4634,acetylcholine,0
702674134,LHAV6f3_c,right,4635,acetylcholine,0
702692200,SMP212,right,4636,glutamate,1
702704906,CRE058,right,4637,gaba,1
702708540,CRE089,right,4638,acetylcholine,0
702730227,SMP270,right,4639,dopamine,0
702760942,CL157,right,4640,acetylcholine,0
702985703,CL272_b,right,4641,acetylcholine,0
703033179,mALB3,left,4642,gaba,1
703050435,LAL039,right,4643,acetylcholine,0
703059097,CRE018,right,4644,acetylcholine,0
703101952,SMP021,right,4645,acetylcholine,0
703106626,IB112,left,4646,glutamate,1
703179782,SMP066,left,4647,glutamate,1
703179848,SMP148,left,4648,gaba,1
703196977,LAL022,left,4649,glutamate,1
703282980,CL036,right,4650,glutamate,1
703296640,CL079,right,4651,acetylcholine,0
703305408,LHAV4c1_a,right,4652,gaba,1
703351975,mAL3B,left,4653,gaba,1
703387200,SIP014,right,4654,glutamate,1
703430259,ATL010,right,4655,gaba,1
703438567,SMP021,right,4656,acetylcholine,0
703520999,SMP590,right,4657,dopamine,0
703702863,LHPD2c2,right,4658,acetylcholine,0
703740639,SMP447,right,4659,glutamate,1
703779386,SMP330,right,4660,dopamine,0
703866010,SMP143,left,4661,dopamine,0
703900244,CRE042,left,4662,gaba,1
704078253,LHPD2a6,right,4663,glutamate,1
704111734,SMP019,right,4664,acetylcholine,0
704116248,LAL032,right,4665,acetylcholine,0
704233784,FB2C,left,4666,glutamate,1
704319193,SLP189_a,right,4667,gaba,1
704409534,KCab-p,right,4668,dopamine,0
704409742,KCab-s,right,4669,dopamine,0
704453006,SMP322,right,4670,acetylcholine,0
704466265,MBON12,right,4671,acetylcholine,0
704487840,SMP602,right,4672,glutamate,1
704548608,SMP391,left,4673,acetylcholine,0
704552421,SMP037,left,4674,glutamate,1
704674025,SLP452,right,4675,acetylcholine,0
704699661,ALIN1,right,4676,acetylcholine,0
704699697,AVLP244,right,4677,acetylcholine,0
704742082,KCa'b'-m,right,4678,dopamine,0
704746449,KCab-p,right,4679,dopamine,0
704746457,KCab-p,right,4680,dopamine,0
704750475,KCab-s,right,4681,dopamine,0
704750665,KCab-m,right,4682,dopamine,0
704750673,KCab-m,right,4683,dopamine,0
704750742,KCab-s,right,4684,dopamine,0
704750766,KCab-m,right,4685,dopamine,0
704750842,KCab-m,right,4686,dopamine,0
704759205,KCa'b'-ap2,right,4687,dopamine,0
704777224,CRE098,right,4688,acetylcholine,0
704785058,SMP008,right,4689,acetylcholine,0
704785256,SMP377,right,4690,dopamine,0
704785546,SIP061,right,4691,dopamine,0
704798196,LHPD2a7,right,4692,glutamate,1
704880200,SMP066,left,4693,glutamate,1
704898746,SMP326,left,4694,,0
705082892,KCa'b'-m,right,4695,dopamine,0
705091521,KCab-m,right,4696,dopamine,0
705091769,KCab-c,right,4697,dopamine,0
705091939,KCab-c,right,4698,dopamine,0
705118017,FB5X,right,4699,glutamate,1
705139000,LHAD1c1_b,right,4700,acetylcholine,0
705229969,SMP359,left,4701,,0
705381843,LHAV4c2,right,4702,gaba,1
705432638,KCab-s,right,4703,dopamine,0
705432922,KCab-m,right,4704,dopamine,0
705454177,SMP018_a,right,4705,glutamate,1
705462899,CRE018,right,4706,acetylcholine,0
705463175,CRE094,right,4707,acetylcholine,0
705463539,FB5F,right,4708,glutamate,1
705471952,SIP022,right,4709,acetylcholine,0
705554385,CL237,right,4710,dopamine,0
705558104,SMP055,left,4711,glutamate,1
705722260,LHPV5b3,right,4712,acetylcholine,0
705774051,KCab-s,right,4713,dopamine,0
705787638,CRE103,right,4714,acetylcholine,0
705795727,CRE094,right,4715,acetylcholine,0
705816818,SMP213,right,4716,glutamate,1
706080993,SIP025,right,4717,acetylcholine,0
706183728,IB003,right,4718,glutamate,1
706183770,PS007,right,4719,glutamate,1
706183789,IB004,right,4720,glutamate,1
706183807,SIP021,right,4721,glutamate,1
706183853,CL049,right,4722,glutamate,1
706183871,CL048,right,4723,glutamate,1
706183872,IB004,right,4724,glutamate,1
706183893,IB004,right,4725,glutamate,1
706451920,SIP045,right,4726,glutamate,1
706473389,SMP020,right,4727,acetylcholine,0
706499298,CRE085,right,4728,acetylcholine,0
706508078,SMP112,right,4729,acetylcholine,0
706520453,SMP054,right,4730,gaba,1
706524876,PS005_a,right,4731,glutamate,1
706524889,PS005_d,right,4732,glutamate,1
706525068,IB001,right,4733,glutamate,1
706525097,CL050_b,right,4734,glutamate,1
706819341,PAM13,right,4735,dopamine,0
706831482,LHAD2d1,right,4736,glutamate,1
706840303,CRE051,right,4737,gaba,1
706862579,CRE059,right,4738,glutamate,1
706948318,MBON31,left,4739,gaba,1
707116522,DNa10,right,4740,acetylcholine,0
707190304,CL138,right,4741,dopamine,0
707509964,CRE044,right,4742,gaba,1
707539688,FB5A,right,4743,glutamate,1
707647321,PAM04_a,left,4744,dopamine,0
707660374,PAM04_a,left,4745,dopamine,0
707837502,VES062,right,4746,acetylcholine,0
707854620,SMP557,right,4747,dopamine,0
707854989,aIPg1,right,4748,acetylcholine,0
707858790,aIPg1,right,4749,acetylcholine,0
707863263,aIPg1,right,4750,acetylcholine,0
708187441,SIP024,right,4751,acetylcholine,0
708208811,CL030,right,4752,glutamate,1
708290604,TuTuA,right,4753,glutamate,1
708545526,SMP547,right,4754,acetylcholine,0
722450065,KCg-m,right,4755,dopamine,0
722463321,KCg-d,right,4756,dopamine,0
722467632,KCg-m,right,4757,dopamine,0
722467714,KCg-d,right,4758,dopamine,0
722471778,KCg-m,right,4759,dopamine,0
722471825,KCg-d,right,4760,dopamine,0
722817260,DA1_lPN,right,4761,acetylcholine,0
722821616,KCg-m,right,4762,dopamine,0
723153828,KCg-m,right,4763,dopamine,0
723158245,KCg-m,right,4764,dopamine,0
723167312,KCg-m,right,4765,dopamine,0
723495119,KCg-m,right,4766,dopamine,0
723508068,KCa'b'-ap1,right,4767,dopamine,0
723508086,KCg-d,right,4768,dopamine,0
723508095,KCg-d,right,4769,dopamine,0
723508162,KCg-m,right,4770,dopamine,0
723546819,PFNp_a,noside,4771,glutamate,1
723602649,PFNv,noside,4772,octopamine,0
723848801,KCg-m,right,4773,dopamine,0
723849351,KCg-m,right,4774,dopamine,0
723853340,KCab-s,right,4775,dopamine,0
724134138,KCab-m,right,4776,dopamine,0
724142845,KCg-m,right,4777,dopamine,0
724228740,PFNp_c,noside,4778,acetylcholine,0
724267537,PFNv,noside,4779,glutamate,1
724276536,PFNp_c,noside,4780,acetylcholine,0
724280817,PEN_b(PEN2),noside,4781,acetylcholine,0
724522447,KCg-m,right,4782,dopamine,0
724531411,KCg-m,right,4783,dopamine,0
724816115,DP1l_adPN,right,4784,acetylcholine,0
724820565,LHPV2a1_a,right,4785,gaba,1
724867606,KCg-m,right,4786,dopamine,0
724867917,KCg-m,right,4787,dopamine,0
724876683,KCg-m,right,4788,dopamine,0
724885340,KCg-m,right,4789,dopamine,0
725174424,KCab-m,right,4790,dopamine,0
725200110,KCg-m,right,4791,dopamine,0
725217343,KCg-m,right,4792,dopamine,0
725360291,PFNp_b,noside,4793,glutamate,1
725368734,vDeltaI,noside,4794,dopamine,0
725498630,LHPV6f1,right,4795,acetylcholine,0
725701350,LHPV10d1,left,4796,acetylcholine,0
725839388,WED092,left,4797,acetylcholine,0
725860918,LHPV2i2,right,4798,acetylcholine,0
725942718,EL,right,4799,acetylcholine,0
725951521,EPG,noside,4800,glutamate,1
725951660,EL,right,4801,acetylcholine,0
725955898,FS4B,right,4802,acetylcholine,0
726024758,PFNm_b,noside,4803,acetylcholine,0
726207450,VM4_lvPN,right,4804,acetylcholine,0
726283852,hDeltaL,noside,4805,dopamine,0
726352774,PFGs,noside,4806,octopamine,0
726663601,vDeltaA_a,noside,4807,glutamate,1
726836665,SLP361,right,4808,acetylcholine,0
727035427,PFNp_b,noside,4809,acetylcholine,0
727153132,aSP-f3,right,4810,acetylcholine,0
727182822,LHPV6f3_b,right,4811,acetylcholine,0
727225324,IB116,right,4812,gaba,1
727260872,SMP460,right,4813,acetylcholine,0
727276708,ATL039,right,4814,glutamate,1
727280915,SMP296,right,4815,gaba,1
727285326,SMP298,right,4816,gaba,1
727302430,CL204,right,4817,acetylcholine,0
727350004,EL,left,4818,acetylcholine,0
727371546,PFNm_b,noside,4819,acetylcholine,0
727376283,PFR_a,noside,4820,dopamine,0
727472481,VM2_adPN,right,4821,acetylcholine,0
727527845,LHPV6o1,right,4822,glutamate,1
727647972,SMP469,right,4823,glutamate,1
727652372,PS113,right,4824,gaba,1
727713068,IB024,left,4825,acetylcholine,0
727808408,LHAV4g12,right,4826,gaba,1
727838223,LHPV5a2,right,4827,acetylcholine,0
727855437,M_vPNml71,right,4828,gaba,1
727889637,CL015,right,4829,glutamate,1
727899277,CL195,right,4830,glutamate,1
727929407,SMP284,right,4831,glutamate,1
727968539,ATL018,right,4832,glutamate,1
728109792,IB023,left,4833,acetylcholine,0
728205616,LHPV8b1,right,4834,acetylcholine,0
728230690,SLP082,right,4835,glutamate,1
728235160,CL285,right,4836,glutamate,1
728260915,IB027,left,4837,acetylcholine,0
728274506,CL225,left,4838,acetylcholine,0
728274770,CL013,right,4839,glutamate,1
728292005,SMP243,right,4840,acetylcholine,0
728483069,LHAV4a1_b,right,4841,gaba,1
728483249,LHAV4g12,right,4842,gaba,1
728598851,CL254,right,4843,acetylcholine,0
728625156,LHPV5g1_a,right,4844,acetylcholine,0
728633073,WED092,left,4845,acetylcholine,0
728666990,PS134,right,4846,acetylcholine,0
728667734,SMP279_a,right,4847,glutamate,1
728836965,LHPV5c1_d,right,4848,acetylcholine,0
728858272,LHPV4d10,right,4849,glutamate,1
728895864,CL142,right,4850,glutamate,1
728912816,AVLP089,right,4851,glutamate,1
728974338,LHPV5g1_a,right,4852,acetylcholine,0
728991288,ATL012,right,4853,glutamate,1
728995438,SMP018_c,right,4854,acetylcholine,0
729007932,CL328,right,4855,acetylcholine,0
729007988,CL006,right,4856,acetylcholine,0
729017279,SMP397,right,4857,acetylcholine,0
729211483,LHAV4b1_a,right,4858,gaba,1
729219639,M_vPNml74,right,4859,gaba,1
729228602,LHPV5j1,right,4860,acetylcholine,0
729280727,CL024,right,4861,glutamate,1
729306452,CL195,right,4862,glutamate,1
729328076,ATL009,right,4863,gaba,1
729358056,SMP394,right,4864,acetylcholine,0
729479296,FB2I_b,left,4865,glutamate,1
729518762,LHPV4a4_c,right,4866,glutamate,1
729527582,LHPV2b2_a,right,4867,gaba,1
729530620,LHPV4a7_f,right,4868,glutamate,1
729535036,LHPV2b2_a,right,4869,gaba,1
729535748,LHPV4i2,right,4870,glutamate,1
729544359,M_vPNml84,right,4871,gaba,1
729608317,Z_lvPNm1,right,4872,acetylcholine,0
729621875,CL002,right,4873,glutamate,1
729660692,ATL009,right,4874,gaba,1
729677428,SIP034,right,4875,glutamate,1
729698667,SMP325,right,4876,dopamine,0
729742221,MDN,left,4877,acetylcholine,0
729790291,SMP313,left,4878,,0
729815858,ATL025,left,4879,glutamate,1
729824475,FB2E,left,4880,glutamate,1
729859814,LHPV4a9_a,right,4881,glutamate,1
729867427,LHPV4a6,right,4882,glutamate,1
729867599,LHAD1c1_a,right,4883,acetylcholine,0
729877292,LHPV4a8,right,4884,glutamate,1
729954382,LHPV4h1_a,right,4885,glutamate,1
729957687,PLP095,right,4886,acetylcholine,0
729997357,SIP001,right,4887,acetylcholine,0
730001920,SIP055,right,4888,acetylcholine,0
730005624,SMP016_b,right,4889,acetylcholine,0
730006122,LAL022,right,4890,acetylcholine,0
730013818,ATL007,left,4891,glutamate,1
730014166,ATL033,right,4892,glutamate,1
730169579,FB2F_a,left,4893,glutamate,1
730213826,DP1l_vPN,right,4894,gaba,1
730222949,LHPV4a5_a,right,4895,glutamate,1
730252777,M_lvPNm41,right,4896,acetylcholine,0
730325440,LHPV5b1,right,4897,acetylcholine,0
730337785,FB2J,right,4898,glutamate,1
730398148,SMP520,left,4899,acetylcholine,0
730398229,SMP312,right,4900,acetylcholine,0
730454511,SMP063,left,4901,glutamate,1
730497472,LAL022,left,4902,acetylcholine,0
730537677,LHAV4g5,right,4903,gaba,1
730562988,LHAD1b2_d,right,4904,acetylcholine,0
730562993,LHAV2b3,right,4905,acetylcholine,0
730563850,LHPV4a5_a,right,4906,glutamate,1
730618686,LC40a,right,4907,acetylcholine,0
730687491,CRE003_b,right,4908,acetylcholine,0
730692294,IB049,right,4909,glutamate,1
730709173,OA-ASM1,right,4910,serotonin,0
730717696,SMP066,right,4911,glutamate,1
730721558,SMP331,right,4912,acetylcholine,0
730730860,SMP281,right,4913,glutamate,1
730739217,SMP372,right,4914,dopamine,0
730830911,SIP081,left,4915,acetylcholine,0
730843584,ATL032,right,4916,dopamine,0
730882970,LHAV4e1_a,right,4917,gaba,1
730942383,SLP179_a,right,4918,glutamate,1
731062953,SMP330,right,4919,dopamine,0
731071789,SMP281,right,4920,glutamate,1
731140809,SMP158,left,4921,acetylcholine,0
731145160,SMP201,left,4922,,0
731176276,ATL011,left,4923,glutamate,1
731180030,ATL025,right,4924,acetylcholine,0
731192952,FB1E_a,left,4925,glutamate,1
731244892,LHAV4e2_a,right,4926,gaba,1
731270909,LHAV4b1_b,right,4927,gaba,1
731357364,SIP002,right,4928,acetylcholine,0
731567967,LHAV4e2_b,right,4929,gaba,1
731688775,SIP001,right,4930,acetylcholine,0
731689147,SMP211,right,4931,glutamate,1
731690040,M_spPN5t10,left,4932,acetylcholine,0
731736853,LT36,left,4933,gaba,1
731917767,LHPV5b1,right,4934,acetylcholine,0
731918732,LHAV4e2_b,right,4935,gaba,1
731919293,LHAV4e7_b,right,4936,gaba,1
731922839,LHPV2b3,right,4937,gaba,1
731923098,LHAV4g1_b,right,4938,gaba,1
732034061,FB2H_b,right,4939,glutamate,1
732034854,CL362,right,4940,acetylcholine,0
732059827,FS1B,left,4941,acetylcholine,0
732077752,PLP216,right,4942,gaba,1
732082028,CL006,right,4943,acetylcholine,0
732086360,SMP277,right,4944,glutamate,1
732155427,SMP416,left,4945,glutamate,1
732159588,SMP064,left,4946,glutamate,1
732163357,SMP492,right,4947,acetylcholine,0
732280395,LHAV4e1_b,right,4948,gaba,1
732354059,LHPV5c4,right,4949,acetylcholine,0
732357920,LHPV2f3,right,4950,gaba,1
732401014,FS3,left,4951,acetylcholine,0
732431788,SMP312,right,4952,dopamine,0
732496591,SMP402,left,4953,glutamate,1
732600113,PLP002,right,4954,gaba,1
732686529,LHAV7a5,right,4955,glutamate,1
732741880,FS3,left,4956,acetylcholine,0
732777416,SMP321,right,4957,acetylcholine,0
732984478,mAL4,left,4958,gaba,1
733005935,LHAV2j1,right,4959,acetylcholine,0
733036127,MBON07,right,4960,glutamate,1
733040015,CRE073,right,4961,glutamate,1
733182574,SMP162,left,4962,glutamate,1
733192083,CL157,left,4963,acetylcholine,0
733203990,FB5Q,left,4964,glutamate,1
733235394,ATL012,left,4965,glutamate,1
733316908,DA1_vPN,right,4966,gaba,1
733399215,CRE089,right,4967,acetylcholine,0
733458828,SMP163,right,4968,gaba,1
733649312,SLP467,right,4969,acetylcholine,0
733700589,SLP283,right,4970,glutamate,1
733765528,ATL010,right,4971,gaba,1
733796382,SMP282,right,4972,glutamate,1
733873446,SMP506,left,4973,,0
733986433,SLP119,right,4974,acetylcholine,0
734024994,CL283,right,4975,glutamate,1
734088804,LAL037,right,4976,acetylcholine,0
734089294,LAL036,right,4977,acetylcholine,0
734132592,SMP323,right,4978,acetylcholine,0
734327429,SMP325,right,4979,dopamine,0
734352404,AVLP038,right,4980,acetylcholine,0
734408687,CRE091,right,4981,acetylcholine,0
734473582,SMP019,right,4982,acetylcholine,0
734491001,SMP592,right,4983,dopamine,0
734581598,Delta7,left,4984,glutamate,1
734599550,CRE076,left,4985,acetylcholine,0
734663091,CL091,right,4986,acetylcholine,0
734664277,CL090_d,right,4987,acetylcholine,0
734667914,LHAV4h1,right,4988,gaba,1
734677385,CL092,right,4989,acetylcholine,0
734686161,SLP307,right,4990,acetylcholine,0
734693858,LHAD1a2_a,right,4991,acetylcholine,0
734724111,mAL3A,left,4992,gaba,1
734754585,SMP568_a,right,4993,acetylcholine,0
734801540,FB2D,right,4994,glutamate,1
734901302,SMP326,left,4995,,0
735004751,PLP090,right,4996,acetylcholine,0
735008444,AVLP062,right,4997,glutamate,1
735073668,mAL3A,left,4998,gaba,1
735091236,ALIN3,right,4999,acetylcholine,0
735112319,PAM14,right,5000,dopamine,0
735134301,PAM08_c,right,5001,dopamine,0
735282133,PAM09,left,5002,dopamine,0
735371535,CL099,right,5003,acetylcholine,0
735415046,mAL3A,left,5004,gaba,1
735470305,SMP024,right,5005,glutamate,1
735470654,AVLP563,right,5006,dopamine,0
735488299,LAL022,right,5007,acetylcholine,0
735600320,PAM06_a,left,5008,dopamine,0
735699469,AVLP225_b,right,5009,acetylcholine,0
735708012,CL035,right,5010,acetylcholine,0
735733975,AVLP297,right,5011,acetylcholine,0
735772860,LHPD2a3,right,5012,glutamate,1
735785459,KCab-m,right,5013,dopamine,0
735785541,KCab-s,right,5014,dopamine,0
735785583,KCab-s,right,5015,dopamine,0
735785639,KCab-c,right,5016,dopamine,0
735785741,KCab-s,right,5017,dopamine,0
735790008,KCab-s,right,5018,dopamine,0
735798583,SIP074,right,5019,acetylcholine,0
735941254,SMP142,left,5020,dopamine,0
735941543,FB2C,left,5021,glutamate,1
736079298,AVLP065,right,5022,glutamate,1
736079469,CL062_b,right,5023,acetylcholine,0
736109737,SMP568_c,right,5024,acetylcholine,0
736117977,KCa'b'-m,right,5025,dopamine,0
736122569,KCab-m,right,5026,dopamine,0
736126563,KCab-c,right,5027,dopamine,0
736126644,KCab-c,right,5028,dopamine,0
736126668,KCab-c,right,5029,dopamine,0
736126717,KCab-c,right,5030,dopamine,0
736126732,KCab-m,right,5031,dopamine,0
736126746,KCab-m,right,5032,dopamine,0
736140238,CRE080,right,5033,acetylcholine,0
736157288,SMP447,right,5034,glutamate,1
736173896,CRE052,right,5035,gaba,1
736174181,CRE006,right,5036,glutamate,1
736286550,FB5F,left,5037,glutamate,1
736433303,CL236,right,5038,acetylcholine,0
736463614,KCab-m,right,5039,dopamine,0
736467526,KCab-m,right,5040,dopamine,0
736467640,KCab-m,right,5041,dopamine,0
736507123,CRE096,right,5042,acetylcholine,0
736632557,CRE092,left,5043,acetylcholine,0
736748242,PVLP007,right,5044,glutamate,1
736757366,AVLP247,right,5045,acetylcholine,0
736791573,SMP382,right,5046,dopamine,0
736808522,KCa'b'-ap2,right,5047,dopamine,0
736808904,KCab-s,right,5048,dopamine,0
736813212,KCab-s,right,5049,dopamine,0
736830579,CRE008,right,5050,glutamate,1
736839651,CRE057,right,5051,gaba,1
736860990,OA-VUMa6,right,5052,octopamine,0
736877789,CL048,right,5053,glutamate,1
736877989,PS005_f,right,5054,glutamate,1
737093692,PVLP007,right,5055,glutamate,1
737093754,PVLP007,right,5056,glutamate,1
737149820,KCa'b'-ap2,right,5057,dopamine,0
737149964,KCa'b'-ap1,right,5058,dopamine,0
737150041,KCa'b'-ap2,right,5059,dopamine,0
737167616,PAM02,right,5060,dopamine,0
737189212,SMP596,right,5061,dopamine,0
737218533,CL049,right,5062,glutamate,1
737218550,CL050_a,right,5063,glutamate,1
737218635,CL047,right,5064,glutamate,1
737218650,IB004,right,5065,glutamate,1
737218700,PS006,right,5066,glutamate,1
737218701,CL048,right,5067,glutamate,1
737218738,CL050_b,right,5068,glutamate,1
737218741,CL051,right,5069,glutamate,1
737218753,CL051,right,5070,gaba,1
737218764,IB002,right,5071,glutamate,1
737218823,IB004,right,5072,glutamate,1
737218831,IB004,right,5073,glutamate,1
737218848,IB001,right,5074,glutamate,1
737218956,CL049,right,5075,glutamate,1
737262193,CL038,left,5076,gaba,1
737486877,CRE003_a,right,5077,acetylcholine,0
737491049,SIP073,right,5078,dopamine,0
737491062,KCa'b'-ap1,right,5079,dopamine,0
737491087,SMP377,right,5080,dopamine,0
737512824,CRE064,right,5081,acetylcholine,0
737607426,SIP020,left,5082,glutamate,1
737607614,PS004,left,5083,gaba,1
737607638,SIP020,left,5084,glutamate,1
737824168,AOTU028,right,5085,acetylcholine,0
737831894,SIP089,right,5086,gaba,1
737832306,AOTU029,right,5087,acetylcholine,0
738009096,CRE094,left,5088,acetylcholine,0
738155917,OA-ASM1,right,5089,serotonin,0
738531654,SMP208,right,5090,glutamate,1
739213376,SIP033,right,5091,glutamate,1
739256609,CL029,right,5092,glutamate,1
739567785,VES060,right,5093,acetylcholine,0
739572008,CRE039,left,5094,glutamate,1
739917109,SMP558,right,5095,acetylcholine,0
753489735,KCab-c,right,5096,dopamine,0
753489892,KCab-c,right,5097,dopamine,0
753489951,KCab-c,right,5098,dopamine,0
753506746,KCg-d,right,5099,dopamine,0
753839564,KCg-m,right,5100,dopamine,0
753847960,KCg-m,right,5101,dopamine,0
753852265,KCab-c,right,5102,dopamine,0
753852396,KCab-c,right,5103,dopamine,0
753852432,KCg-m,right,5104,dopamine,0
754163207,KCab-c,right,5105,dopamine,0
754184667,KCab-s,right,5106,dopamine,0
754188911,KCg-m,right,5107,dopamine,0
754188980,KCg-m,right,5108,dopamine,0
754197850,KCab-s,right,5109,dopamine,0
754202022,KCg-m,right,5110,dopamine,0
754206396,KCg-m,right,5111,dopamine,0
754473844,KCg-d,right,5112,dopamine,0
754525744,KCa'b'-ap2,right,5113,dopamine,0
754534424,DA1_lPN,right,5114,acetylcholine,0
754538763,KCab-c,right,5115,dopamine,0
754538881,DA1_lPN,right,5116,acetylcholine,0
754547386,KCg-m,right,5117,dopamine,0
754854077,VC4_adPN,right,5118,acetylcholine,0
754870859,KCg-m,right,5119,dopamine,0
754879354,KCab-c,right,5120,dopamine,0
754884149,KCg-d,right,5121,dopamine,0
754893183,KCa'b'-ap2,right,5122,dopamine,0
755173189,KCab-c,right,5123,dopamine,0
755177787,KCab-m,right,5124,dopamine,0
755229523,KCg-m,right,5125,dopamine,0
755234235,KCab-c,right,5126,dopamine,0
755518957,DM3_adPN,right,5127,acetylcholine,0
755544921,KCg-m,right,5128,dopamine,0
755644082,PFNm_a,noside,5129,acetylcholine,0
755851102,KCg-m,right,5130,dopamine,0
755868550,KCab-c,right,5131,dopamine,0
755950242,hDeltaB,noside,5132,glutamate,1
756049717,PFNp_b,noside,5133,glutamate,1
756062593,PFNp_d,noside,5134,glutamate,1
756196285,KCg-m,right,5135,dopamine,0
756196541,KCg-d,right,5136,dopamine,0
756351555,PS131,right,5137,glutamate,1
756390536,PFNp_a,noside,5138,acetylcholine,0
756399239,vDeltaI,noside,5139,dopamine,0
756502912,PLP080,right,5140,glutamate,1
756520292,WED091,right,5141,acetylcholine,0
756567539,KCab-m,right,5142,dopamine,0
756585129,KCab-m,right,5143,dopamine,0
756601858,KCg-d,right,5144,dopamine,0
756623488,SMP487,right,5145,acetylcholine,0
756870190,LHPV4c1_c,right,5146,glutamate,1
756874510,SLP325,right,5147,acetylcholine,0
757046868,PS136,left,5148,acetylcholine,0
757055317,PEN_a(PEN1),noside,5149,acetylcholine,0
757055403,PFNp_c,noside,5150,acetylcholine,0
757215581,LHPV4c1_b,right,5151,glutamate,1
757258507,M_lvPNm45,right,5152,acetylcholine,0
757374944,OCG04,noside,5153,acetylcholine,0
757374955,OCG08,noside,5154,unknown,0
757396504,FS4A,left,5155,acetylcholine,0
757413552,PFNd,noside,5156,glutamate,1
757530777,LC28b,noside,5157,acetylcholine,0
757535511,PLP122,right,5158,acetylcholine,0
757538997,AOTU044,right,5159,acetylcholine,0
757556799,VL1_vPN,right,5160,gaba,1
757569579,M_lvPNm44,right,5161,acetylcholine,0
757591093,M_lvPNm45,right,5162,acetylcholine,0
757694775,PFL3,noside,5163,neither,0
757699000,PFR_a,noside,5164,dopamine,0
757699264,PFNp_b,noside,5165,glutamate,1
757880474,AOTU044,right,5166,glutamate,1
758035825,hDeltaJ,noside,5167,dopamine,0
758065781,PFNd,noside,5168,acetylcholine,0
758069781,PFNp_b,noside,5169,acetylcholine,0
758069811,PFNp_a,noside,5170,acetylcholine,0
758078409,FC3,left,5171,acetylcholine,0
758154573,LHPV6a1,right,5172,acetylcholine,0
758178605,LHPD3a5,right,5173,glutamate,1
758239379,LHPV6k1,right,5174,glutamate,1
758296423,SMP241,right,5175,acetylcholine,0
758320421,SMP296,right,5176,gaba,1
758419409,EPG,noside,5177,glutamate,1
758588355,PLP239,right,5178,acetylcholine,0
758605646,PLP065,right,5179,acetylcholine,0
758636869,ATL019,right,5180,acetylcholine,0
758674661,ATL003,right,5181,glutamate,1
758743604,PFNp_d,noside,5182,acetylcholine,0
758903321,LHPV2a1_d,right,5183,gaba,1
758938220,PLP197,right,5184,gaba,1
758955666,CL162,right,5185,acetylcholine,0
758960629,CL013,right,5186,glutamate,1
758977730,SMP382,right,5187,dopamine,0
758990518,WED093,left,5188,acetylcholine,0
758990648,SMP369,right,5189,acetylcholine,0
759084183,PFNm_b,noside,5190,acetylcholine,0
759084486,PFNa,noside,5191,acetylcholine,0
759464163,PPL204,left,5192,dopamine,0
759468647,ATL039,left,5193,glutamate,1
759582005,LHPV5j3,right,5194,acetylcholine,0
759582415,LHPV2a3,right,5195,gaba,1
759585675,LHAV2g1,right,5196,acetylcholine,0
759586113,LHAV4i2,right,5197,gaba,1
759586495,LHPV2a5,right,5198,gaba,1
759633968,CL019_a,right,5199,glutamate,1
759667315,SMP381,right,5200,dopamine,0
759681018,SMP016_b,right,5201,glutamate,1
759685279,PS157,right,5202,gaba,1
759810119,CSD,left,5203,serotonin,0
759888036,LHPV4a7_c,right,5204,glutamate,1
759888294,LHPV4j1_a,right,5205,glutamate,1
759888465,LHPV4i1,right,5206,glutamate,1
759922408,M_vPNml74,right,5207,gaba,1
759922984,SLP334,right,5208,glutamate,1
759960572,PLP180,right,5209,glutamate,1
759983358,CL089_b,right,5210,acetylcholine,0
759987515,CL295,right,5211,acetylcholine,0
759991385,CL292,right,5212,dopamine,0
760004504,CL225,right,5213,acetylcholine,0
760021137,SMP016_b,right,5214,glutamate,1
760026626,ATL031,left,5215,dopamine,0
760069033,SMP266,right,5216,glutamate,1
760094565,PFL2,noside,5217,acetylcholine,0
760225398,LHPV4a1,right,5218,glutamate,1
760250272,M_vPNml84,right,5219,gaba,1
760250511,M_vPNml78,right,5220,gaba,1
760264077,M_vPNml74,right,5221,gaba,1
760268555,LHPD2a9,right,5222,acetylcholine,0
760272462,LHAD2c3,right,5223,acetylcholine,0
760306167,PVLP003,right,5224,glutamate,1
760323253,SMP279_c,right,5225,glutamate,1
760358472,SMP017,right,5226,acetylcholine,0
760397191,SMP279_b,right,5227,glutamate,1
760397222,SIP033,right,5228,glutamate,1
760522417,PLP027,right,5229,gaba,1
760541793,LHAV4a1_a,right,5230,gaba,1
760566169,LHPV4a1,right,5231,glutamate,1
760566454,LHPV4a4_b,right,5232,glutamate,1
760566735,LHPV4a2,right,5233,glutamate,1
760566744,LHPV4a4_c,right,5234,glutamate,1
760566746,LHPV4a4_b,right,5235,glutamate,1
760569606,LHPV4i1,right,5236,glutamate,1
760570054,LHPV4j1_b,right,5237,glutamate,1
760604568,LHAD1a2_b,right,5238,acetylcholine,0
760630148,SLP226,right,5239,acetylcholine,0
760686202,FB2E,right,5240,glutamate,1
760690116,CRE066,right,5241,dopamine,0
760703506,CRE003_b,right,5242,acetylcholine,0
760729207,SMP281,right,5243,glutamate,1
760733648,SMP397,right,5244,acetylcholine,0
760733959,SMP277,right,5245,glutamate,1
760806798,IB060,left,5246,gaba,1
760902933,LHAV4g16_b,right,5247,gaba,1
760907730,LHPV4a4_a,right,5248,glutamate,1
760971727,CL100,right,5249,acetylcholine,0
760993807,CL080,right,5250,acetylcholine,0
761040902,CRE002,right,5251,acetylcholine,0
761044410,SMP016_a,right,5252,acetylcholine,0
761083880,SMP281,right,5253,glutamate,1
761144013,CL030,left,5254,,0
761170446,SMP397,left,5255,acetylcholine,0
761182853,ATL033,left,5256,glutamate,1
761203947,FB2J,left,5257,glutamate,1
761229983,LHAV4g8,right,5258,gaba,1
761232088,LHAV4g15,right,5259,gaba,1
761236545,LHPV4a7_e,right,5260,glutamate,1
761239957,LHAV2h1_a,right,5261,acetylcholine,0
761247578,LHPV2b1,right,5262,gaba,1
761252954,LHPV2b3,right,5263,gaba,1
761325477,AVLP447,right,5264,gaba,1
761342678,CL081,right,5265,acetylcholine,0
761489398,SMP502,left,5266,glutamate,1
761537199,SMP489,left,5267,acetylcholine,0
761544832,FB2M,left,5268,glutamate,1
761575136,LHAV4g4_b,right,5269,gaba,1
761580655,LHAV4a7,right,5270,gaba,1
761593520,LHPV2b3,right,5271,gaba,1
761636549,LHAV7a2,right,5272,glutamate,1
761661626,aSP-f1A,right,5273,acetylcholine,0
761813205,SMP545,left,5274,gaba,1
761843188,SMP393,left,5275,acetylcholine,0
761938645,M_vPNml67,right,5276,gaba,1
762037782,SMP254,left,5277,acetylcholine,0
762058745,LAL032,right,5278,acetylcholine,0
762111368,IB060,right,5279,gaba,1
762171741,SMP493,left,5280,acetylcholine,0
762222901,FB6C_b,left,5281,octopamine,0
762226975,FB2F_c,left,5282,glutamate,1
762227003,FB2M,left,5283,glutamate,1
762262916,LHAV4b3,right,5284,gaba,1
762263004,LHAV4e2_b,right,5285,gaba,1
762274975,LHAD1b2_c,right,5286,acetylcholine,0
762698149,CRE088,left,5287,acetylcholine,0
762745906,SMP270,right,5288,dopamine,0
762819263,PI2,noside,5289,,0
762857726,SMP316,left,5290,,0
762948368,LHAV4e2_b,right,5291,gaba,1
762957069,LHAV4d2_b,right,5292,gaba,1
762961590,LHAV2b11,right,5293,acetylcholine,0
762982753,M_adPNm5,right,5294,acetylcholine,0
763034485,LHPV5c3,right,5295,acetylcholine,0
763086729,LAL032,right,5296,acetylcholine,0
763116783,SMP281,right,5297,glutamate,1
763116811,SMP057,right,5298,glutamate,1
763220810,IB009,left,5299,gaba,1
763435729,FS4C,left,5300,acetylcholine,0
763483246,SMP469,right,5301,unknown,0
763652770,LHPV2c5,right,5302,gaba,1
763686208,mAL5B,left,5303,gaba,1
763730414,M_smPNm1,left,5304,gaba,1
763731153,LHPV2d1,right,5305,gaba,1
763885580,SMP054,left,5306,gaba,1
764001607,LHPV2c5,right,5307,gaba,1
764006565,LHAV4c2,right,5308,gaba,1
764122498,PLP042_a,right,5309,glutamate,1
764131610,ATL040,right,5310,glutamate,1
764144161,SMP324,right,5311,dopamine,0
764148834,SMP325,right,5312,acetylcholine,0
764153172,SMP281,right,5313,glutamate,1
764330286,AVLP176_a,right,5314,acetylcholine,0
764334721,CL271,right,5315,acetylcholine,0
764339062,AVLP043,right,5316,acetylcholine,0
764339342,LHCENT13_d,right,5317,gaba,1
764377593,AVLP025,right,5318,acetylcholine,0
764399773,mAL5B,left,5319,gaba,1
764408961,LHAV6b2_b,right,5320,acetylcholine,0
764409134,LHPV2d1,right,5321,gaba,1
764412104,CRE092,right,5322,acetylcholine,0
764459322,FS3,left,5323,acetylcholine,0
764683701,SLP007,right,5324,glutamate,1
764684348,SAD082,right,5325,acetylcholine,0
764727525,AVLP446,right,5326,gaba,1
764800313,FS3,left,5327,acetylcholine,0
764800337,FS2,left,5328,dopamine,0
764817903,SMP111,right,5329,acetylcholine,0
765021328,SLP120,right,5330,acetylcholine,0
765028935,AVLP189_b,right,5331,acetylcholine,0
765029085,LHAV5c1,right,5332,acetylcholine,0
765034172,AVLP045,right,5333,acetylcholine,0
765050884,AVLP189_b,right,5334,acetylcholine,0
765063664,VES080,right,5335,acetylcholine,0
765072733,aSP-f4,right,5336,acetylcholine,0
765145895,FS3,left,5337,glutamate,1
765245188,SMP546,left,5338,acetylcholine,0
765366557,CL346,left,5339,glutamate,1
765457262,PAM06_a,right,5340,dopamine,0
765504308,SMP111,right,5341,acetylcholine,0
765590602,SMP312,left,5342,,0
765703442,PLP055,right,5343,acetylcholine,0
765797569,SMP195_a,right,5344,dopamine,0
765810666,LAL037,right,5345,acetylcholine,0
765975775,CRE092,left,5346,acetylcholine,0
766126400,CRE103,right,5347,acetylcholine,0
766186252,SMP385,left,5348,dopamine,0
766298734,PAM11,left,5349,dopamine,0
766384925,SLP188_b,right,5350,gaba,1
766385551,SMP569,right,5351,acetylcholine,0
766388652,AVLP048,right,5352,acetylcholine,0
766389130,AVLP218,right,5353,acetylcholine,0
766389431,AVLP060,right,5354,glutamate,1
766389528,AVLP217,right,5355,acetylcholine,0
766410696,AVLP037,right,5356,acetylcholine,0
766410805,AVLP038,right,5357,acetylcholine,0
766493391,CRE058,right,5358,gaba,1
766505428,CRE079,right,5359,glutamate,1
766653529,LHAD2b1,right,5360,,0
766653726,CRE095,left,5361,acetylcholine,0
766730917,AVLP225_a,right,5362,acetylcholine,0
766734548,SLP223,right,5363,acetylcholine,0
766734991,AVLP225_b,right,5364,acetylcholine,0
766738741,AVLP063,right,5365,glutamate,1
766739499,AVLP389,right,5366,acetylcholine,0
766781641,LHAV4c2,right,5367,gaba,1
766820559,KCab-m,right,5368,dopamine,0
766838498,PAM14,right,5369,dopamine,0
766846796,CRE098,right,5370,acetylcholine,0
766863785,FB5J,right,5371,glutamate,1
766864238,FB2C,right,5372,glutamate,1
766937594,FB5W,left,5373,glutamate,1
766950752,SIP021,left,5374,glutamate,1
766963432,FB5X,left,5375,glutamate,1
767084239,AVLP046,right,5376,acetylcholine,0
767093324,CL270,right,5377,acetylcholine,0
767123688,CL326,right,5378,glutamate,1
767161652,KCab-m,right,5379,dopamine,0
767161677,KCab-m,right,5380,dopamine,0
767174553,CRE058,right,5381,gaba,1
767187563,CRE069,left,5382,,0
767313008,CRE097,left,5383,acetylcholine,0
767313151,FB5X,left,5384,glutamate,1
767321428,CRE082,left,5385,acetylcholine,0
767329844,CRE089,left,5386,acetylcholine,0
767433432,aSP-f3,right,5387,acetylcholine,0
767455273,CL144,right,5388,glutamate,1
767473384,OA-VPM4,noside,5389,octopamine,0
767486231,CRE093,left,5390,acetylcholine,0
767494105,KCab-p,right,5391,dopamine,0
767502579,KCab-c,right,5392,dopamine,0
767502627,KCab-c,right,5393,dopamine,0
767502639,KCab-c,right,5394,dopamine,0
767502657,KCab-c,right,5395,dopamine,0
767502667,KCab-c,right,5396,dopamine,0
767541763,SMP174,right,5397,acetylcholine,0
767571712,IB004,right,5398,glutamate,1
767571751,IB004,right,5399,glutamate,1
767615925,SMP057,left,5400,glutamate,1
767671354,PAM14,left,5401,dopamine,0
767852204,KCa'b'-m,right,5402,dopamine,0
767878191,SMP208,right,5403,glutamate,1
767903933,SMP273,right,5404,glutamate,1
767904550,CRE021,right,5405,gaba,1
767912577,CL046,right,5406,glutamate,1
768132738,LHPV5c3,right,5407,acetylcholine,0
768184496,KCa'b'-m,right,5408,dopamine,0
768184604,KCa'b'-ap2,right,5409,dopamine,0
768184623,KCa'b'-m,right,5410,dopamine,0
768192947,LHPD2a4_b,right,5411,acetylcholine,0
768224139,FB4O,right,5412,glutamate,1
768253675,SIP021,right,5413,glutamate,1
768301292,SIP021,left,5414,glutamate,1
768525593,KCa'b'-ap1,right,5415,dopamine,0
768525608,KCa'b'-ap2,right,5416,dopamine,0
768525647,KCa'b'-ap2,right,5417,dopamine,0
768555687,MBON10,right,5418,gaba,1
768590452,aIPg3,right,5419,acetylcholine,0
768806088,PVLP008_c,right,5420,glutamate,1
768884949,CRE057,right,5421,gaba,1
768932330,FB5X,right,5422,glutamate,1
769018494,PAM13,left,5423,dopamine,0
769022355,SMP040,left,5424,,0
769191110,AOTU021,right,5425,gaba,1
769195048,AOTU007,right,5426,acetylcholine,0
769199010,LHAD1b2_a,right,5427,acetylcholine,0
769263962,AVLP477,right,5428,glutamate,1
769268002,CRE034,right,5429,glutamate,1
769355285,CRE085,left,5430,acetylcholine,0
769544445,TuTuB_b,right,5431,glutamate,1
769605178,CRE047,right,5432,gaba,1
769721865,KCab-c,right,5433,dopamine,0
769924974,CRE086,right,5434,acetylcholine,0
770226597,TuTuB_a,left,5435,acetylcholine,0
770249286,LT34,right,5436,gaba,1
770257411,CRE037,left,5437,glutamate,1
770585045,PVLP118,right,5438,acetylcholine,0
770692923,PAM05,left,5439,dopamine,0
770930321,CRE037,left,5440,glutamate,1
770952011,CRE038,left,5441,glutamate,1
784204967,KCg-m,right,5442,dopamine,0
784533172,KCg-d,right,5443,dopamine,0
784541732,KCg-d,right,5444,dopamine,0
784541854,KCg-m,right,5445,dopamine,0
784844007,KCab-c,right,5446,dopamine,0
784844112,KCab-c,right,5447,dopamine,0
784882707,KCab-c,right,5448,dopamine,0
784895866,KCg-m,right,5449,dopamine,0
785189156,KCab-m,right,5450,dopamine,0
785198372,KCab-m,right,5451,dopamine,0
785232629,KCab-c,right,5452,dopamine,0
785232649,KCg-m,right,5453,dopamine,0
785525736,KCab-m,right,5454,dopamine,0
785573850,KCab-s,right,5455,dopamine,0
785888696,KCab-c,right,5456,dopamine,0
785914742,KCg-m,right,5457,dopamine,0
785918963,KCg-t,right,5458,dopamine,0
785957618,PFNp_b,noside,5459,serotonin,0
786000969,PFNp_c,noside,5460,acetylcholine,0
786013791,FR2,noside,5461,acetylcholine,0
786013801,PFNd,noside,5462,acetylcholine,0
786013842,PFNm_b,noside,5463,acetylcholine,0
786013856,PFNd,noside,5464,acetylcholine,0
786221078,KCab-m,right,5465,dopamine,0
786260089,KCg-d,right,5466,dopamine,0
786674282,PFNd,noside,5467,glutamate,1
786679162,PFNp_e,noside,5468,acetylcholine,0
786691714,FR1,right,5469,dopamine,0
786929029,KCab-s,right,5470,dopamine,0
786989348,PFNd,noside,5471,glutamate,1
786989395,PFNd,noside,5472,glutamate,1
786989471,PFR_b,noside,5473,glutamate,1
786994048,hDeltaB,noside,5474,glutamate,1
787196614,SLP276,right,5475,acetylcholine,0
787205311,LHPV6f2_c,right,5476,acetylcholine,0
787227302,LHPV6f1,right,5477,acetylcholine,0
787374226,PFL3,noside,5478,dopamine,0
787421325,IB034,left,5479,glutamate,1
787421409,IB035,left,5480,glutamate,1
787421505,IB036,left,5481,glutamate,1
787433966,vDeltaA_b,noside,5482,acetylcholine,0
787563782,PLP217,right,5483,acetylcholine,0
787563949,LHPV6q1,left,5484,acetylcholine,0
787564556,SMP243,right,5485,acetylcholine,0
787762461,ExR2,left,5486,dopamine,0
787779388,vDeltaA_b,noside,5487,glutamate,1
787883174,aMe9,noside,5488,acetylcholine,0
787883482,aMe9,noside,5489,acetylcholine,0
787908929,LHPV4c1_b,right,5490,glutamate,1
787909611,ATL020,right,5491,acetylcholine,0
788055763,OCG02,noside,5492,acetylcholine,0
788111826,PFNd,noside,5493,glutamate,1
788173517,LHAV4g16_a,right,5494,gaba,1
788306624,DM6_adPN,right,5495,acetylcholine,0
788306724,VC4_adPN,right,5496,acetylcholine,0
788400963,FR1,right,5497,gaba,1
788427061,FR1,left,5498,gaba,1
788461444,PFGs,noside,5499,octopamine,0
788519447,LHAD2c3,right,5500,acetylcholine,0
788565050,LC28b,noside,5501,acetylcholine,0
788648194,DL2d_adPN,right,5502,acetylcholine,0
788729370,hDeltaG,noside,5503,acetylcholine,0
788794171,EPG,noside,5504,glutamate,1
788940872,M_adPNm6,right,5505,acetylcholine,0
788945049,M_adPNm8,right,5506,acetylcholine,0
789070314,hDeltaK,noside,5507,glutamate,1
789104870,PFNp_b,noside,5508,serotonin,0
789121913,PFR_a,noside,5509,dopamine,0
789126240,EPG,noside,5510,glutamate,1
789126422,hDeltaA,noside,5511,acetylcholine,0
789130596,PFL3,noside,5512,acetylcholine,0
789248033,LHPV2c3,right,5513,gaba,1
789308735,FB2I_b,right,5514,glutamate,1
789330613,aDT4,right,5515,acetylcholine,0
789330989,SMP243,right,5516,acetylcholine,0
789398359,SMP543,right,5517,gaba,1
789445825,vDeltaB,noside,5518,dopamine,0
789580340,LHAV4a5,right,5519,gaba,1
789588935,LHAV1a1,right,5520,acetylcholine,0
789623676,CL099,right,5521,acetylcholine,0
789636635,LT46,left,5522,gaba,1
789645810,CL225,right,5523,acetylcholine,0
789726348,CL235,right,5524,glutamate,1
789765346,hDeltaL,noside,5525,dopamine,0
789934899,LHPV2a3,right,5526,gaba,1
789969011,CL254,right,5527,acetylcholine,0
789990540,CL352,right,5528,glutamate,1
789990773,IB028,left,5529,acetylcholine,0
790025201,WED124,right,5530,acetylcholine,0
790288721,LHAV3e2,right,5531,acetylcholine,0
790305346,PLP131,right,5532,gaba,1
790313423,CL016,right,5533,glutamate,1
790335135,CL225,right,5534,serotonin,0
790371015,PLP146,right,5535,acetylcholine,0
790391552,PS146,right,5536,glutamate,1
790405385,SMP386,right,5537,acetylcholine,0
790417660,CL166,right,5538,dopamine,0
790434264,WED097,right,5539,glutamate,1
790508166,CL235,left,5540,glutamate,1
790577606,LHPV4k1_b,right,5541,glutamate,1
790629881,aSP-f3,right,5542,acetylcholine,0
790641825,LHPD2c4,right,5543,glutamate,1
790668865,PLP182,right,5544,glutamate,1
790668991,CL220,right,5545,acetylcholine,0
790741191,SMP327,right,5546,acetylcholine,0
790741674,SMP429,right,5547,dopamine,0
790917992,LHPV4a3,right,5548,glutamate,1
790918006,LHPV4k1_b,right,5549,glutamate,1
790918021,LHPV4f1_b,right,5550,glutamate,1
790918098,LHPV4a1,right,5551,glutamate,1
790918133,LHPV4a1,right,5552,glutamate,1
790918176,LHPV4a2,right,5553,glutamate,1
790922968,LHPV4a12_a,right,5554,glutamate,1
790948245,LHPV2a4,right,5555,gaba,1
790982851,LHPD2c6,right,5556,glutamate,1
791017605,CL340,right,5557,acetylcholine,0
791039731,AOTU063,right,5558,glutamate,1
791043906,SMP381,right,5559,acetylcholine,0
791099453,SMP275,right,5560,glutamate,1
791298858,M_vPNml84,right,5561,gaba,1
791303168,LHPV2a4,right,5562,gaba,1
791307174,LHAV7a5,right,5563,glutamate,1
791311618,LHPV2a2,right,5564,gaba,1
791371842,CL145,right,5565,glutamate,1
791384849,SMP382,right,5566,dopamine,0
791406204,SMP074,right,5567,glutamate,1
791427589,SMP396,right,5568,acetylcholine,0
791505612,CL030,left,5569,,0
791527493,5-HTPMPV03,left,5570,serotonin,0
791677863,CL101,right,5571,acetylcholine,0
791738711,SMP523,right,5572,acetylcholine,0
791946302,LHPV2b2_a,right,5573,gaba,1
791946438,LHPV2b2_a,right,5574,gaba,1
792019471,CL360,right,5575,serotonin,0
792023887,M_lvPNm45,right,5576,acetylcholine,0
792024028,M_lvPNm43,right,5577,acetylcholine,0
792040520,PPM1201,right,5578,dopamine,0
792045391,CL074,right,5579,acetylcholine,0
792062042,SMP381,right,5580,acetylcholine,0
792079254,SIP031,right,5581,glutamate,1
792209304,PS002,left,5582,gaba,1
792313813,LHPV3a2,right,5583,acetylcholine,0
792326206,LHAD1g1,right,5584,gaba,1
792338630,LHPV2e2,right,5585,gaba,1
792364888,Z_vPNml1,right,5586,gaba,1
792368888,MBON20,right,5587,gaba,1
792369310,PLP251,right,5588,acetylcholine,0
792450754,SIP034,right,5589,glutamate,1
792537736,SMP396,left,5590,acetylcholine,0
792541534,SMP397,left,5591,acetylcholine,0
792610827,LHAV4a6,right,5592,gaba,1
792616185,M_vPNml59,right,5593,gaba,1
792692885,SLP457,right,5594,dopamine,0
792800570,CL006,right,5595,acetylcholine,0
792908892,PLP246,left,5596,,0
793128475,FC2C,right,5597,dopamine,0
793171281,PI3,noside,5598,,0
793298641,LHAV4e3,right,5599,gaba,1
793677224,LHPV3a2,right,5600,acetylcholine,0
793702856,LHAV6a2_b,right,5601,acetylcholine,0
793728667,LHAV9a1_c,right,5602,acetylcholine,0
793797279,SMP475,right,5603,dopamine,0
793815358,IB006,right,5604,gaba,1
793879702,SMP403,left,5605,glutamate,1
793992755,LHPV2b2_b,right,5606,gaba,1
794088227,LHPD2c3,right,5607,glutamate,1
794225197,CL249,left,5608,serotonin,0
794256078,IB021,left,5609,glutamate,1
794277305,SMP371,left,5610,glutamate,1
794333532,LHPV5b5,right,5611,acetylcholine,0
794337453,LHAV4a3_a,right,5612,gaba,1
794406234,LHAV9a1_c,right,5613,dopamine,0
794458695,IB020,right,5614,acetylcholine,0
794462286,CRE003_b,right,5615,acetylcholine,0
794466376,IB049,right,5616,glutamate,1
794622522,FB7L,left,5617,glutamate,1
794752471,LHPV2i1,right,5618,acetylcholine,0
794945765,FS1B,right,5619,acetylcholine,0
794945885,FS1B,right,5620,acetylcholine,0
794946803,FS1B,right,5621,dopamine,0
794967711,CRE091,left,5622,acetylcholine,0
795135527,LAL034,right,5623,acetylcholine,0
795187525,SMP266,right,5624,glutamate,1
795291970,FS4A,right,5625,acetylcholine,0
795362225,AVLP189_a,right,5626,acetylcholine,0
795374201,CL115,right,5627,gaba,1
795546494,SMP463,right,5628,acetylcholine,0
795723912,AVLP037,right,5629,acetylcholine,0
795745097,aSP-f3,right,5630,acetylcholine,0
795814655,LAL038,right,5631,acetylcholine,0
795826923,CRE017,right,5632,acetylcholine,0
795982617,CRE093,left,5633,acetylcholine,0
796052404,PLP006,right,5634,glutamate,1
796056661,CL258,right,5635,acetylcholine,0
796056849,AVLP187,right,5636,acetylcholine,0
796061060,AVLP043,right,5637,acetylcholine,0
796098427,CL099,right,5638,acetylcholine,0
796175881,FS3,left,5639,dopamine,0
796193592,CRE016,right,5640,acetylcholine,0
796232909,SMP510,left,5641,,0
796393522,SMP316_a,right,5642,acetylcholine,0
796397791,PLP055,right,5643,acetylcholine,0
796401179,PLP052,right,5644,acetylcholine,0
796431821,PLP184,right,5645,glutamate,1
796730640,CL075,right,5646,acetylcholine,0
796733261,CL082,right,5647,acetylcholine,0
796733296,AVLP035,right,5648,acetylcholine,0
796733475,AVLP270,right,5649,acetylcholine,0
796733478,CL263,right,5650,acetylcholine,0
796743384,PLP057,right,5651,acetylcholine,0
796754549,AVLP164,right,5652,acetylcholine,0
796755936,SMP557,right,5653,acetylcholine,0
796836697,CRE055,right,5654,gaba,1
796978752,LAL040,left,5655,gaba,1
797074354,CL097,right,5656,acetylcholine,0
797075463,AVLP271,right,5657,acetylcholine,0
797082982,AVLP063,right,5658,glutamate,1
797101318,AVLP168,right,5659,acetylcholine,0
797187575,CRE055,right,5660,gaba,1
797194962,CRE020,right,5661,acetylcholine,0
797216807,LAL024,right,5662,acetylcholine,0
797420557,SLP189_a,right,5663,gaba,1
797423594,AVLP060,right,5664,glutamate,1
797424771,AVLP176_d,right,5665,acetylcholine,0
797442049,AVLP280,right,5666,acetylcholine,0
797514653,KCab-m,right,5667,dopamine,0
797558130,CRE099,right,5668,acetylcholine,0
797562316,CRE095,right,5669,acetylcholine,0
797635637,PS002,left,5670,gaba,1
797687628,PAM14,left,5671,dopamine,0
797796343,SLP121,right,5672,acetylcholine,0
797812785,AVLP141,right,5673,acetylcholine,0
797855394,KCab-m,right,5674,dopamine,0
797981213,CRE043_c,left,5675,gaba,1
797989902,FB5A,left,5676,gaba,1
798002859,FB5E,left,5677,glutamate,1
798027992,PAM06_a,left,5678,dopamine,0
798114519,AVLP047,right,5679,acetylcholine,0
798119747,AVLP127,right,5680,acetylcholine,0
798132291,PVLP007,right,5681,glutamate,1
798192091,KCab-m,right,5682,dopamine,0
798192115,KCab-m,right,5683,dopamine,0
798192162,KCab-c,right,5684,dopamine,0
798196366,KCab-m,right,5685,dopamine,0
798196389,KCab-m,right,5686,dopamine,0
798196454,KCab-m,right,5687,dopamine,0
798196461,KCab-c,right,5688,dopamine,0
798356481,PAM08_b,left,5689,dopamine,0
798494331,AVLP141,right,5690,acetylcholine,0
798528850,KCa'b'-m,right,5691,dopamine,0
798533259,KCab-c,right,5692,dopamine,0
798537392,KCab-c,right,5693,dopamine,0
798537456,KCab-c,right,5694,dopamine,0
798537538,KCab-c,right,5695,dopamine,0
798537580,KCab-c,right,5696,dopamine,0
798537638,KCab-c,right,5697,dopamine,0
798537701,KCab-c,right,5698,dopamine,0
798585556,PAM06_b,left,5699,dopamine,0
798684461,CRE043_d,left,5700,gaba,1
798693540,PAM06_a,left,5701,dopamine,0
798849134,CRE095,left,5702,acetylcholine,0
798869986,KCab-s,right,5703,dopamine,0
798874090,KCab-s,right,5704,dopamine,0
798892246,CRE058,right,5705,gaba,1
798908816,CRE055,right,5706,gaba,1
798939240,SMP556,right,5707,dopamine,0
798995311,PS002,left,5708,gaba,1
799215269,KCab-p,right,5709,dopamine,0
799219511,KCa'b'-m,right,5710,dopamine,0
799219795,KCab-p,right,5711,dopamine,0
799249679,CRE092,right,5712,acetylcholine,0
799263200,CRE043_d,right,5713,gaba,1
799279899,LAL154,left,5714,acetylcholine,0
799362484,PAM14,left,5715,dopamine,0
799521639,AOTU024,right,5716,glutamate,1
799560834,KCa'b'-m,right,5717,dopamine,0
799578347,PAM13,right,5718,dopamine,0
799583417,CRE064,right,5719,dopamine,0
799586652,MBON05,left,5720,glutamate,1
799868224,AOTU019,right,5721,gaba,1
799872343,AOTU060,right,5722,gaba,1
799901370,KCa'b'-ap1,right,5723,dopamine,0
799906141,KCa'b'-ap2,right,5724,dopamine,0
799919294,PAM14,right,5725,dopamine,0
800212579,SMP148,right,5726,gaba,1
800212976,AOTU022,right,5727,gaba,1
800233950,AVLP316,right,5728,acetylcholine,0
800238269,CRE062,right,5729,acetylcholine,0
800256481,SMP208,right,5730,glutamate,1
800264315,PAM04_a,right,5731,dopamine,0
800273538,CRE055,right,5732,gaba,1
800286386,CRE080,right,5733,acetylcholine,0
800303089,PPL108,right,5734,dopamine,0
800373114,AVLP477,left,5735,glutamate,1
800579317,CL037,right,5736,glutamate,1
800579638,CL279,right,5737,acetylcholine,0
800588608,CRE085,right,5738,acetylcholine,0
800618162,CRE092,right,5739,acetylcholine,0
800622401,PAM13,right,5740,dopamine,0
800743420,PAM04_a,left,5741,dopamine,0
800920725,CL139,right,5742,acetylcholine,0
800925392,CL312,right,5743,acetylcholine,0
800929667,AOTU063,right,5744,glutamate,1
800937779,LAL031,right,5745,acetylcholine,0
801257348,CL029,right,5746,glutamate,1
801279493,SMP213,right,5747,glutamate,1
801283077,LAL030_a,right,5748,acetylcholine,0
815222743,KCg-d,right,5749,dopamine,0
815240159,KCab-m,right,5750,dopamine,0
815568065,KCg-d,right,5751,dopamine,0
815580911,KCg-m,right,5752,dopamine,0
815585355,KCab-c,right,5753,dopamine,0
815909099,KCg-m,right,5754,dopamine,0
815921891,KCab-c,right,5755,dopamine,0
815922095,KCab-s,right,5756,dopamine,0
815922112,KCg-m,right,5757,dopamine,0
815926323,KCab-c,right,5758,dopamine,0
815926332,KCab-m,right,5759,dopamine,0
815926346,KCab-c,right,5760,dopamine,0
815930761,KCab-s,right,5761,dopamine,0
816219578,KCab-c,right,5762,dopamine,0
816219622,KCab-c,right,5763,dopamine,0
816219675,KCab-c,right,5764,dopamine,0
816254592,KCab-c,right,5765,dopamine,0
816263443,KCab-c,right,5766,dopamine,0
816276055,KCg-m,right,5767,dopamine,0
816276925,KCg-m,right,5768,dopamine,0
816613438,KCa'b'-ap1,right,5769,dopamine,0
816682053,PFNp_a,noside,5770,acetylcholine,0
816682061,PFNp_b,noside,5771,glutamate,1
816682110,PFNp_a,noside,5772,acetylcholine,0
816962833,KCa'b'-ap2,right,5773,dopamine,0
817044778,IB027,right,5774,glutamate,1
817294806,KCa'b'-ap2,right,5775,dopamine,0
817299301,KCa'b'-m,right,5776,dopamine,0
817342497,PFNp_b,noside,5777,glutamate,1
817346903,PFNd,noside,5778,acetylcholine,0
817359552,SMP306,right,5779,glutamate,1
817674780,PFNp_a,noside,5780,acetylcholine,0
817678848,FC2C,right,5781,dopamine,0
817683388,PFNp_a,noside,5782,acetylcholine,0
817985849,KCab-s,right,5783,dopamine,0
817993932,KCab-s,right,5784,dopamine,0
818063189,PFNa,noside,5785,acetylcholine,0
818119357,PFNp_c,noside,5786,acetylcholine,0
818128117,vDeltaM,noside,5787,glutamate,1
818594818,PLP159,right,5788,gaba,1
818637585,KCab-c,right,5789,dopamine,0
818796911,hDeltaB,noside,5790,acetylcholine,0
818888010,LHAV4b3,right,5791,gaba,1
818983130,DA2_lPN,right,5792,acetylcholine,0
819073675,PFNd,noside,5793,glutamate,1
819138027,PFNp_b,noside,5794,acetylcholine,0
819138035,PFNp_a,noside,5795,acetylcholine,0
819138239,PFNd,noside,5796,acetylcholine,0
819220237,LHPV2c1_a,right,5797,gaba,1
819440815,FR1,left,5798,dopamine,0
819725372,CL199,right,5799,acetylcholine,0
819751391,FC1F,right,5800,glutamate,1
819828716,PFR_b,noside,5801,glutamate,1
819828986,EPG,noside,5802,glutamate,1
819895218,LHAV2b3,right,5803,acetylcholine,0
819943010,LHAV2b6,right,5804,acetylcholine,0
819992660,SMP244,right,5805,acetylcholine,0
819993149,M_lPNm11A,right,5806,acetylcholine,0
820015203,AVLP472,right,5807,acetylcholine,0
820061976,SMP469,right,5808,unknown,0
820144012,EL,left,5809,acetylcholine,0
820390160,SMP461,right,5810,acetylcholine,0
820545761,VM7v_adPN,left,5811,,0
820563959,LHAV1a1,right,5812,acetylcholine,0
820581199,LHAV4a3_a,right,5813,gaba,1
820581604,LHPV4a9_a,right,5814,glutamate,1
820662203,PLP120,right,5815,acetylcholine,0
820710068,AVLP581,left,5816,glutamate,1
820758075,WED093,left,5817,acetylcholine,0
820856412,SMP460,left,5818,acetylcholine,0
820856726,SMP460,left,5819,acetylcholine,0
821003563,PLP129,right,5820,gaba,1
821007911,PLP119,right,5821,glutamate,1
821038170,CL353,right,5822,glutamate,1
821051099,IB054,right,5823,acetylcholine,0
821193443,IB010,left,5824,gaba,1
821201495,DNp25,left,5825,gaba,1
821272765,LHPV4g1,right,5826,glutamate,1
821306235,LHAV4g3,right,5827,gaba,1
821340054,PLP091,right,5828,acetylcholine,0
821344462,OA-ASM2,right,5829,serotonin,0
821344463,AVLP089,right,5830,glutamate,1
821366556,CL016,right,5831,glutamate,1
821366958,CL016,right,5832,glutamate,1
821418392,LAL147,right,5833,glutamate,1
821444004,SMP429,right,5834,dopamine,0
821552280,ATL029,left,5835,glutamate,1
821612285,LHAV2b2_c,right,5836,acetylcholine,0
821617263,LHPV4d7,right,5837,glutamate,1
821621397,LHPV4d7,right,5838,glutamate,1
821625208,LHAV7a1_b,right,5839,glutamate,1
821642912,LHPV4d1,right,5840,glutamate,1
821686394,VES012,right,5841,acetylcholine,0
821702731,LC28b,noside,5842,acetylcholine,0
821703262,CL031,right,5843,glutamate,1
821712204,CL355,left,5844,glutamate,1
821728921,CL167,right,5845,acetylcholine,0
821729208,CL168,right,5846,acetylcholine,0
821729315,CL171,right,5847,acetylcholine,0
821729349,CL167,right,5848,acetylcholine,0
821729374,CL161,right,5849,acetylcholine,0
821780859,SMP459,right,5850,dopamine,0
821946760,LHPV2b2_a,right,5851,gaba,1
821957319,LHPV4a9_b,right,5852,glutamate,1
821987663,LHPV2b3,right,5853,gaba,1
822004733,LHAV3e2,right,5854,acetylcholine,0
822005494,LHPV2a1_d,right,5855,gaba,1
822009511,LHPV2a1_a,right,5856,gaba,1
822069335,PS134,left,5857,acetylcholine,0
822070386,PS109,right,5858,acetylcholine,0
822070896,CL170,right,5859,acetylcholine,0
822078542,SMP381,right,5860,acetylcholine,0
822229630,ATL014,left,5861,,0
822289778,LHAV4a1_b,right,5862,gaba,1
822358700,LHPD2c4,right,5863,glutamate,1
822358833,LHPD2a6,right,5864,glutamate,1
822376419,SMP414,right,5865,dopamine,0
822380754,SMP414,right,5866,dopamine,0
822393878,PLP147,right,5867,acetylcholine,0
822428009,SMP597,right,5868,acetylcholine,0
822461999,SMP398,right,5869,acetylcholine,0
822505389,CL211,right,5870,acetylcholine,0
822622842,LHAV4b1_b,right,5871,gaba,1
822684007,LHPV2a1_b,right,5872,gaba,1
822687493,LHPV2a3,right,5873,gaba,1
822692353,LHAV3e1,right,5874,acetylcholine,0
822708945,mALD3,left,5875,gaba,1
822907387,IB050,left,5876,glutamate,1
822911647,IB020,left,5877,acetylcholine,0
823015627,SIP042_a,right,5878,glutamate,1
823037476,M_vPNml52,right,5879,gaba,1
823058013,CL104,right,5880,acetylcholine,0
823058829,AVLP445,right,5881,acetylcholine,0
823058891,CL109,right,5882,acetylcholine,0
823062947,CL330,right,5883,acetylcholine,0
823063281,PLP144,right,5884,gaba,1
823063315,CL250,right,5885,acetylcholine,0
823314446,DL2d_vPN,right,5886,gaba,1
823374529,LHPV2e2,right,5887,gaba,1
823395525,PLP058,right,5888,acetylcholine,0
823400451,LHPV2c6,right,5889,gaba,1
823668338,LHAV4a1_b,right,5890,gaba,1
823705448,LHPV2e1_b,right,5891,gaba,1
823852745,SMP468,right,5892,dopamine,0
823913632,IB112,right,5893,acetylcholine,0
823988254,LHAV4a7,right,5894,gaba,1
823999645,LHAV1a3,right,5895,acetylcholine,0
823999989,LHAV4a3_b,right,5896,gaba,1
824115620,CL192,right,5897,glutamate,1
824115747,SMP502,right,5898,glutamate,1
824128501,LAL030_b,right,5899,acetylcholine,0
824349873,LHAD1b2_a,right,5900,acetylcholine,0
824353701,VL2p_vPN,right,5901,gaba,1
824380581,LHAV1b3,right,5902,acetylcholine,0
824457714,SMP380,right,5903,glutamate,1
824470535,CL044,right,5904,glutamate,1
825032139,LHPV2c1_b,right,5905,gaba,1
825061437,mAL4,left,5906,gaba,1
825359499,LHAV2b10,right,5907,acetylcholine,0
825489724,CRE017,right,5908,acetylcholine,0
825822254,LAL030_b,right,5909,acetylcholine,0
826062651,AVLP186,right,5910,acetylcholine,0
826136822,SMP568_b,right,5911,acetylcholine,0
826416797,AVLP243,right,5912,acetylcholine,0
826659627,FS1B,left,5913,dopamine,0
826740838,PLP180,right,5914,glutamate,1
826762561,LHAV4c1_a,right,5915,gaba,1
826784485,LC40a,right,5916,acetylcholine,0
826844892,LAL031,right,5917,acetylcholine,0
826957102,CRE028,right,5918,glutamate,1
826969429,CRE045,left,5919,gaba,1
827081671,CL082,right,5920,acetylcholine,0
827086517,AVLP187,right,5921,acetylcholine,0
827198933,LAL032,right,5922,acetylcholine,0
827267214,PS121,right,5923,acetylcholine,0
827323331,CRE084,right,5924,dopamine,0
827422560,PLP187,right,5925,acetylcholine,0
827432118,PLP180,right,5926,glutamate,1
827673856,SMP477,left,5927,glutamate,1
827794325,AVLP047,right,5928,acetylcholine,0
827889434,CRE020,right,5929,acetylcholine,0
827889523,CRE009,right,5930,acetylcholine,0
827911067,CRE093,right,5931,acetylcholine,0
828027702,FB2C,left,5932,glutamate,1
828144363,LHPV2c4,right,5933,gaba,1
828144800,AVLP166,right,5934,acetylcholine,0
828455033,AVLP416,right,5935,acetylcholine,0
828455051,SLP189_b,right,5936,gaba,1
828455332,SLP189_b,right,5937,gaba,1
828463239,AVLP573,right,5938,acetylcholine,0
828477488,AVLP046,right,5939,acetylcholine,0
828485538,AVLP055,right,5940,glutamate,1
828497517,CL267,right,5941,acetylcholine,0
828597380,CRE095,right,5942,acetylcholine,0
828795703,AVLP225_a,right,5943,acetylcholine,0
828800065,AVLP113,right,5944,acetylcholine,0
828813438,AVLP137,right,5945,acetylcholine,0
828826099,AVLP054,right,5946,glutamate,1
828826327,PVLP008_a,right,5947,glutamate,1
828830111,AVLP039,right,5948,acetylcholine,0
828934059,FB5T,right,5949,glutamate,1
828955389,CL174,right,5950,acetylcholine,0
829015629,KCab-m,right,5951,dopamine,0
829050526,CRE080,left,5952,acetylcholine,0
829059301,CRE080,left,5953,acetylcholine,0
829141094,aMe15,right,5954,acetylcholine,0
829145708,AVLP031,right,5955,gaba,1
829154825,AVLP279,right,5956,acetylcholine,0
829155062,AVLP040,right,5957,acetylcholine,0
829162792,CL022,right,5958,acetylcholine,0
829163055,AVLP190,right,5959,acetylcholine,0
829231385,KCab-m,right,5960,dopamine,0
829231457,KCab-m,right,5961,dopamine,0
829235909,KCab-p,right,5962,dopamine,0
829261936,PAM12,right,5963,dopamine,0
829279239,LAL077,right,5964,gaba,1
829379400,PAM14,left,5965,dopamine,0
829542849,CL038,right,5966,acetylcholine,0
829568160,KCab-c,right,5967,dopamine,0
829572252,KCab-c,right,5968,dopamine,0
829572451,KCab-c,right,5969,dopamine,0
829572544,KCab-c,right,5970,dopamine,0
829593966,CRE055,right,5971,gaba,1
829598814,CRE054,right,5972,gaba,1
829636950,CRE046,right,5973,gaba,1
829693574,SMP273,left,5974,acetylcholine,0
829697614,CRE043_a,left,5975,gaba,1
829939688,CRE058,right,5976,gaba,1
830034406,LAL154,right,5977,acetylcholine,0
830276571,PAM05,right,5978,dopamine,0
830586919,KCa'b'-ap2,right,5979,dopamine,0
830634936,CRE054,right,5980,gaba,1
830915321,AOTU027,right,5981,acetylcholine,0
831225810,AOTU016,right,5982,acetylcholine,0
831273286,KCa'b'-ap1,right,5983,dopamine,0
831273322,LHPD2c3,right,5984,glutamate,1
831291329,SMP477,right,5985,acetylcholine,0
831321033,LAL110,right,5986,acetylcholine,0
831325065,SMP174,right,5987,acetylcholine,0
832016427,FB4F_a,right,5988,glutamate,1
832357089,CRE044,right,5989,gaba,1
832646151,SMP214,right,5990,glutamate,1
832974054,PS023,right,5991,acetylcholine,0
834044577,PAM06_b,right,5992,dopamine,0
846270628,KCab-c,right,5993,dopamine,0
846602958,KCg-d,right,5994,dopamine,0
846611449,KCab-c,right,5995,dopamine,0
846611908,KCab-c,right,5996,dopamine,0
846616006,KCab-c,right,5997,dopamine,0
846616159,KCab-m,right,5998,dopamine,0
846620223,KCab-s,right,5999,dopamine,0
846620287,KCab-m,right,6000,dopamine,0
846952407,KCab-m,right,6001,dopamine,0
846952683,KCab-m,right,6002,dopamine,0
846991524,hDeltaB,noside,6003,glutamate,1
847250148,KCab-c,right,6004,dopamine,0
847254513,KCab-c,right,6005,dopamine,0
847254536,KCab-m,right,6006,dopamine,0
847254566,KCab-c,right,6007,dopamine,0
847254581,KCab-m,right,6008,dopamine,0
847293869,KCab-s,right,6009,dopamine,0
847297956,KCg-m,right,6010,dopamine,0
847297982,KCab-m,right,6011,dopamine,0
847302850,KCg-m,right,6012,dopamine,0
847336715,FS3,right,6013,acetylcholine,0
847336755,PEN_a(PEN1),noside,6014,octopamine,0
847595624,KCab-c,right,6015,dopamine,0
847690594,IB041,right,6016,glutamate,1
847712233,PFNp_b,noside,6017,octopamine,0
847712250,PFNp_e,noside,6018,acetylcholine,0
847712342,PFNp_b,noside,6019,octopamine,0
847989021,KCab-m,right,6020,dopamine,0
848287126,KCab-c,right,6021,dopamine,0
848316930,KCab-c,right,6022,dopamine,0
848321392,KCab-c,right,6023,dopamine,0
848330091,KCab-s,right,6024,dopamine,0
848407278,PFNp_b,noside,6025,glutamate,1
848480760,vDeltaI,noside,6026,glutamate,1
848662421,KCab-c,right,6027,dopamine,0
848662441,KCab-c,right,6028,dopamine,0
848666776,KCab-m,right,6029,dopamine,0
848692583,KCg-m,right,6030,dopamine,0
848761388,PEG,noside,6031,gaba,1
848800043,PFNp_c,noside,6032,acetylcholine,0
848800082,PFNp_c,noside,6033,acetylcholine,0
848817674,PFNa,noside,6034,acetylcholine,0
849059197,hDeltaK,noside,6035,glutamate,1
849162653,PFNp_d,noside,6036,glutamate,1
849163019,vDeltaK,noside,6037,glutamate,1
849175947,vDeltaM,noside,6038,glutamate,1
849275471,LHPV6f2_c,right,6039,acetylcholine,0
849279791,WED093,right,6040,acetylcholine,0
849370246,KCab-s,right,6041,dopamine,0
849370258,KCab-s,right,6042,dopamine,0
849421763,PEN_b(PEN2),noside,6043,glutamate,1
849421893,PFNm_b,noside,6044,glutamate,1
849482511,PEN_a(PEN1),noside,6045,acetylcholine,0
849491263,IB037,left,6046,glutamate,1
849685478,KCab-m,right,6047,dopamine,0
849707224,KCab-s,right,6048,dopamine,0
849745643,hDeltaH,noside,6049,glutamate,1
849763224,PFNa,noside,6050,glutamate,1
849832062,PFNa,noside,6051,acetylcholine,0
849832122,PFNp_b,noside,6052,octopamine,0
849844855,PFNa,noside,6053,acetylcholine,0
849918343,LHAV4b2_b,right,6054,gaba,1
849992080,WED182,right,6055,gaba,1
850099854,FC1D,right,6056,gaba,1
850104005,PFNd,noside,6057,glutamate,1
850117033,vDeltaD,noside,6058,glutamate,1
850181951,FS1B,left,6059,dopamine,0
850182049,hDeltaB,noside,6060,acetylcholine,0
850194651,PFL2,noside,6061,acetylcholine,0
850233586,SLP353,right,6062,glutamate,1
850260732,LHAV2b7_b,right,6063,acetylcholine,0
850294342,LHPV4g2,right,6064,glutamate,1
850375847,VA1d_adPN,right,6065,acetylcholine,0
850462487,vDeltaK,noside,6066,acetylcholine,0
850492366,PFNp_c,noside,6067,acetylcholine,0
850636610,LHAV2i2,right,6068,acetylcholine,0
850703925,M_lPNm11B,right,6069,acetylcholine,0
850708783,M_lvPNm48,right,6070,acetylcholine,0
850708902,M_lPNm11C,right,6071,acetylcholine,0
850717220,VP1l+VP3_ilPN,noside,6072,acetylcholine,0
850760107,hDeltaL,noside,6073,dopamine,0
850764542,hDeltaE,noside,6074,acetylcholine,0
850829072,PFNp_b,noside,6075,acetylcholine,0
850829248,PFNp_c,noside,6076,acetylcholine,0
850855138,PFL3,noside,6077,acetylcholine,0
850898421,DM3_adPN,left,6078,,0
850972999,LHAV2b10,right,6079,acetylcholine,0
851027931,LHPV5b3,right,6080,acetylcholine,0
851059964,CL329,right,6081,acetylcholine,0
851106245,ATL016,right,6082,glutamate,1
851110676,LAL148,right,6083,glutamate,1
851114700,ATL044,right,6084,acetylcholine,0
851170296,PFNp_b,noside,6085,acetylcholine,0
851200326,hDeltaD,noside,6086,dopamine,0
851209002,ATL032,left,6087,dopamine,0
851235543,DM4_adPN,left,6088,,0
851309562,LHAV4b4,right,6089,gaba,1
851314221,LHPV4k1_a,right,6090,glutamate,1
851317951,LHAV4a3_a,right,6091,gaba,1
851365481,PLP064_b,right,6092,acetylcholine,0
851374345,PLP024,right,6093,gaba,1
851399490,SMP460,right,6094,acetylcholine,0
851459972,CSD,right,6095,serotonin,0
851493896,PFL3,noside,6096,acetylcholine,0
851684181,M_lvPNm42,right,6097,acetylcholine,0
851684210,LHAV4a4,right,6098,gaba,1
851715547,PLP152,right,6099,acetylcholine,0
851727478,CL225,left,6100,acetylcholine,0
851961337,LHAV2b2_a,right,6101,acetylcholine,0
852051464,CL284,right,6102,glutamate,1
852236918,ATL034,left,6103,glutamate,1
852293337,LHPV2b1,right,6104,gaba,1
852302293,LHAV2b3,right,6105,acetylcholine,0
852302504,LHAV2b2_a,right,6106,acetylcholine,0
852414623,CL014,right,6107,glutamate,1
852422640,CL161,right,6108,acetylcholine,0
852422685,CL164,right,6109,acetylcholine,0
852479643,PS114,left,6110,glutamate,1
852678239,LHAV4g6_a,right,6111,gaba,1
852724544,LT67,right,6112,acetylcholine,0
852733214,SMP279_b,right,6113,glutamate,1
852738290,CL298,right,6114,acetylcholine,0
852738570,LT57,right,6115,acetylcholine,0
852738675,CL064,right,6116,gaba,1
852747146,CL090_b,right,6117,acetylcholine,0
852763122,CL166,right,6118,acetylcholine,0
852763402,CL169,right,6119,acetylcholine,0
852763857,CL163,right,6120,acetylcholine,0
852763931,CL170,right,6121,acetylcholine,0
852767924,CL131,right,6122,acetylcholine,0
852906243,CL324,left,6123,serotonin,0
852976677,LHAV4g13,right,6124,gaba,1
852993150,LHPV4d6,right,6125,glutamate,1
853078844,CL059,right,6126,acetylcholine,0
853097199,CL090_e,right,6127,acetylcholine,0
853100744,CL130,right,6128,acetylcholine,0
853173648,IB111,right,6129,acetylcholine,0
853251409,IB110,left,6130,,0
853376855,LHAV7a5,right,6131,glutamate,1
853386077,LHPV2e1_a,right,6132,gaba,1
853428443,CL145,right,6133,glutamate,1
853437538,CL352,left,6134,glutamate,1
853437567,PLP199,right,6135,gaba,1
853437941,CL143,right,6136,glutamate,1
853514696,CL344,right,6137,dopamine,0
853717974,LHPV2a1_e,right,6138,gaba,1
853726809,WEDPN2B,right,6139,gaba,1
853748581,PLP067,right,6140,acetylcholine,0
853778346,CL088,right,6141,acetylcholine,0
853791166,CL084,right,6142,acetylcholine,0
853951730,SMP074,left,6143,glutamate,1
853963621,PS146,left,6144,glutamate,1
854093627,PLP084,right,6145,gaba,1
854106922,CL004,right,6146,glutamate,1
854110312,CL292,right,6147,acetylcholine,0
854128583,CL273,right,6148,acetylcholine,0
854451303,CL148,right,6149,glutamate,1
854680421,LHAV1a3,right,6150,acetylcholine,0
854776068,LHPV2c2,right,6151,gaba,1
854806485,CL184,right,6152,glutamate,1
854883067,CRE014,right,6153,acetylcholine,0
855043038,LHAV2k9,right,6154,acetylcholine,0
855147657,CL123,right,6155,acetylcholine,0
855159870,CL186,right,6156,glutamate,1
855250466,FB9C_a,right,6157,dopamine,0
855384597,LHAV1a2_a,right,6158,acetylcholine,0
855414220,aSP-g2,right,6159,acetylcholine,0
855439675,LHAV1a3,right,6160,acetylcholine,0
855493136,SMP381,right,6161,dopamine,0
855526852,IB114,right,6162,gaba,1
855630800,SMP316,left,6163,,0
855638407,SMP547,left,6164,acetylcholine,0
856066807,LHPV2c1_b,right,6165,gaba,1
856071065,VA1v_vPN,right,6166,gaba,1
856131667,WEDPN6A,right,6167,gaba,1
856407289,LHAV4a4,right,6168,gaba,1
856408517,LHAV4c1_a,right,6169,gaba,1
856886459,SMP068,right,6170,glutamate,1
857141091,VES036,right,6171,gaba,1
857235574,CL045,right,6172,glutamate,1
857451691,LHAV4b5,right,6173,gaba,1
857455968,LHAV1b1,right,6174,acetylcholine,0
857456902,LT57,right,6175,acetylcholine,0
857478368,VES036,right,6176,gaba,1
857538779,CRE093,right,6177,acetylcholine,0
857788501,AVLP045,right,6178,acetylcholine,0
857793013,AVLP251,right,6179,gaba,1
857806966,LHPV2c5,right,6180,gaba,1
857819389,LC41,right,6181,acetylcholine,0
857819555,AVLP475,right,6182,glutamate,1
858030363,FS2,left,6183,acetylcholine,0
858047578,FC2C,right,6184,dopamine,0
858117444,CL272_a,right,6185,acetylcholine,0
858117772,CL290,right,6186,acetylcholine,0
858237673,LAL079,right,6187,gaba,1
858453703,AVLP561,right,6188,acetylcholine,0
858458268,CL071,right,6189,acetylcholine,0
858573728,LAL034,right,6190,acetylcholine,0
858574470,LAL034,right,6191,acetylcholine,0
858587718,ExR6,right,6192,glutamate,1
858604252,FB2C,right,6193,glutamate,1
858604499,CRE015,right,6194,acetylcholine,0
858725815,PAM03,left,6195,dopamine,0
858803404,PLP053,right,6196,acetylcholine,0
858812398,CL111,right,6197,acetylcholine,0
858838262,PVLP008_a,right,6198,glutamate,1
858838467,PVLP004,right,6199,glutamate,1
858906840,LAL115,right,6200,acetylcholine,0
858933153,FB4A,right,6201,glutamate,1
858937324,FB4D,right,6202,glutamate,1
858962600,PS008_b,right,6203,glutamate,1
859044775,SMP488,left,6204,acetylcholine,0
859144723,PLP057,right,6205,acetylcholine,0
859148698,SLP189_b,right,6206,gaba,1
859152522,CL034,right,6207,acetylcholine,0
859152863,CL345,left,6208,glutamate,1
859166241,AVLP173,right,6209,acetylcholine,0
859166719,AVLP176_b,right,6210,acetylcholine,0
859174595,AVLP444,right,6211,acetylcholine,0
859200049,AVLP141,right,6212,acetylcholine,0
859265651,PPL107,right,6213,octopamine,0
859269976,LAL078,right,6214,gaba,1
859339195,PI3,noside,6215,acetylcholine,0
859372751,FB5A,left,6216,gaba,1
859381489,SMP133,right,6217,glutamate,1
859489348,SLP188_a,right,6218,gaba,1
859490096,SLP189_b,right,6219,gaba,1
859507274,AVLP520,right,6220,acetylcholine,0
859507725,AVLP050,right,6221,acetylcholine,0
859554255,SMP453,left,6222,glutamate,1
859618655,FB4D,right,6223,glutamate,1
859714144,FB4Q_a,left,6224,glutamate,1
859735285,CRE105,left,6225,acetylcholine,0
859765252,PAM06_a,left,6226,dopamine,0
859839499,AVLP532,right,6227,serotonin,0
859925004,KCab-m,right,6228,dopamine,0
859960201,CRE043_b,right,6229,gaba,1
859977121,FB4Q_a,right,6230,glutamate,1
860257495,KCab-m,right,6231,dopamine,0
860261985,KCab-c,right,6232,dopamine,0
860265987,KCab-m,right,6233,dopamine,0
860266014,KCab-m,right,6234,dopamine,0
860266062,KCab-m,right,6235,dopamine,0
860266123,KCab-c,right,6236,dopamine,0
860266309,KCab-m,right,6237,dopamine,0
860266346,KCab-c,right,6238,dopamine,0
860266377,KCab-c,right,6239,dopamine,0
860266404,KCab-c,right,6240,dopamine,0
860305498,FB6N,right,6241,glutamate,1
860577283,CL062_a,right,6242,acetylcholine,0
860603005,KCab-c,right,6243,dopamine,0
860607168,KCab-c,right,6244,dopamine,0
860607367,KCab-c,right,6245,dopamine,0
860607450,KCab-c,right,6246,dopamine,0
860607455,KCab-c,right,6247,dopamine,0
860607480,KCab-c,right,6248,dopamine,0
860607503,KCab-c,right,6249,dopamine,0
860892243,AOTU002_a,right,6250,acetylcholine,0
860892302,LC10,noside,6251,acetylcholine,0
860896571,AOTU041,right,6252,gaba,1
860896673,LC10,noside,6253,acetylcholine,0
860905614,AOTU014,right,6254,glutamate,1
860905704,AOTU002_a,right,6255,acetylcholine,0
860910011,AOTU060,right,6256,gaba,1
860910051,AOTU060,right,6257,gaba,1
860910626,AOTU033,right,6258,acetylcholine,0
860944055,KCab-c,right,6259,dopamine,0
860983686,PAM06_a,right,6260,dopamine,0
861005020,CRE029_b,left,6261,glutamate,1
861065482,SMP138,left,6262,glutamate,1
861073717,CRE012,left,6263,gaba,1
861224611,LC10,noside,6264,dopamine,0
861228990,AOTU048,right,6265,gaba,1
861229018,LC10,noside,6266,acetylcholine,0
861229030,LC10,noside,6267,acetylcholine,0
861229043,AOTU017,right,6268,acetylcholine,0
861229045,LC10,noside,6269,acetylcholine,0
861233174,LC10,noside,6270,acetylcholine,0
861233221,LC10,noside,6271,acetylcholine,0
861233275,AOTU041,right,6272,gaba,1
861233292,LC10,noside,6273,acetylcholine,0
861233300,AOTU017,right,6274,acetylcholine,0
861233303,LC10,noside,6275,acetylcholine,0
861237607,AOTU002_b,right,6276,acetylcholine,0
861237679,AOTU008_a,right,6277,acetylcholine,0
861237903,AOTU017,right,6278,acetylcholine,0
861241941,AOTU007,right,6279,acetylcholine,0
861242327,AOTU023,right,6280,glutamate,1
861242399,LT52,right,6281,glutamate,1
861246683,AOTU016,right,6282,acetylcholine,0
861251038,aIPg4,right,6283,acetylcholine,0
861251506,AOTU042,left,6284,gaba,1
861251942,LAL130,left,6285,acetylcholine,0
861260193,AOTU016,right,6286,acetylcholine,0
861280857,KCab-p,right,6287,dopamine,0
861285145,KCab-p,right,6288,dopamine,0
861565546,LC10,noside,6289,acetylcholine,0
861570090,LC10,noside,6290,acetylcholine,0
861574292,LC10,noside,6291,acetylcholine,0
861574362,LC10,noside,6292,acetylcholine,0
861574580,AOTU001,right,6293,acetylcholine,0
861574640,LC10,noside,6294,acetylcholine,0
861574669,LC10,noside,6295,acetylcholine,0
861578690,LC10,noside,6296,acetylcholine,0
861578855,AOTU015,right,6297,acetylcholine,0
861578964,LC10,noside,6298,acetylcholine,0
861579069,LC10,noside,6299,acetylcholine,0
861583205,AOTU030,right,6300,dopamine,0
861583277,AOTU008_a,right,6301,acetylcholine,0
861583357,LC10,noside,6302,acetylcholine,0
861583398,LC10,noside,6303,acetylcholine,0
861588280,LC10,noside,6304,glutamate,1
861592758,AOTU017,right,6305,acetylcholine,0
861630613,KCa'b'-m,right,6306,dopamine,0
861634934,KCa'b'-m,right,6307,dopamine,0
861665641,MBON12,right,6308,acetylcholine,0
861683024,SMP570,right,6309,dopamine,0
861915698,LC10,noside,6310,acetylcholine,0
861915746,LC10,noside,6311,acetylcholine,0
861920004,LC10,noside,6312,acetylcholine,0
861920007,LC10,noside,6313,acetylcholine,0
861920107,LC10,noside,6314,acetylcholine,0
861920141,LC10,noside,6315,glutamate,1
861924584,AOTU050,right,6316,gaba,1
861924744,AOTU002_b,right,6317,acetylcholine,0
861928967,AOTU007,right,6318,acetylcholine,0
861937730,AOTU026,right,6319,acetylcholine,0
862010850,LAL030_a,right,6320,acetylcholine,0
862036858,FB4P_b,right,6321,glutamate,1
862252074,LC10,noside,6322,acetylcholine,0
862256868,LC10,noside,6323,acetylcholine,0
862265395,AOTU008_b,right,6324,acetylcholine,0
862265490,LT52,right,6325,glutamate,1
862265699,LC10,noside,6326,acetylcholine,0
862265735,LC10,noside,6327,acetylcholine,0
862269552,LC10,noside,6328,acetylcholine,0
862270029,AOTU002_b,right,6329,acetylcholine,0
862270098,AOTU002_b,right,6330,acetylcholine,0
862270125,AOTU008_a,right,6331,acetylcholine,0
862274410,AOTU016,right,6332,acetylcholine,0
862278897,AOTU061,right,6333,gaba,1
862312670,KCa'b'-ap1,right,6334,dopamine,0
862597411,AOTU001,right,6335,acetylcholine,0
862602167,LC10,noside,6336,acetylcholine,0
862606678,LC10,noside,6337,glutamate,1
862606783,AOTU050,right,6338,gaba,1
862610554,LC10,noside,6339,glutamate,1
862615150,LT52,right,6340,glutamate,1
862671913,CRE054,right,6341,gaba,1
862697175,SMP568_c,right,6342,acetylcholine,0
862705904,PAM12,right,6343,dopamine,0
862787861,CRE037,right,6344,glutamate,1
862947261,AOTU007,right,6345,acetylcholine,0
862977470,LAL028,right,6346,acetylcholine,0
863331646,AOTU003,right,6347,acetylcholine,0
863698974,LAL155,left,6348,acetylcholine,0
863711565,PAM12,right,6349,dopamine,0
863815503,CRE085,left,6350,acetylcholine,0
864073833,FB5V,right,6351,glutamate,1
864156049,CRE047,left,6352,gaba,1
877313996,KCab-c,right,6353,dopamine,0
877318574,KCab-m,right,6354,dopamine,0
877659583,KCab-m,right,6355,dopamine,0
877659673,KCab-m,right,6356,dopamine,0
877702431,PFNp_a,noside,6357,octopamine,0
877974490,KCab-c,right,6358,dopamine,0
877982991,KCab-c,right,6359,dopamine,0
877987539,KCab-c,right,6360,dopamine,0
877987901,KCab-m,right,6361,dopamine,0
877992236,KCab-m,right,6362,dopamine,0
877992303,KCab-m,right,6363,dopamine,0
878324222,KCab-c,right,6364,dopamine,0
878324438,KCab-m,right,6365,dopamine,0
878333234,KCab-c,right,6366,dopamine,0
878333333,KCab-m,right,6367,dopamine,0
878337317,KCab-m,right,6368,dopamine,0
878380399,PFNd,noside,6369,glutamate,1
878652627,KCa'b'-m,right,6370,dopamine,0
878670047,KCab-m,right,6371,dopamine,0
878725581,PFNp_a,noside,6372,acetylcholine,0
878742820,vDeltaL,noside,6373,glutamate,1
879032295,KCab-m,right,6374,dopamine,0
879183243,vDeltaM,noside,6375,glutamate,1
879183317,PEN_b(PEN2),noside,6376,octopamine,0
879192161,FR1,left,6377,gaba,1
879412016,PS148,right,6378,glutamate,1
879442155,PFNa,noside,6379,acetylcholine,0
879450931,hDeltaC,noside,6380,dopamine,0
879468563,PFGs,noside,6381,octopamine,0
879748663,PFNa,noside,6382,acetylcholine,0
879779401,PFNp_b,noside,6383,glutamate,1
879844133,PFNp_d,noside,6384,acetylcholine,0
879844144,PFNp_b,noside,6385,octopamine,0
879844178,PFNp_d,noside,6386,octopamine,0
879844206,PFNp_a,noside,6387,acetylcholine,0
879844210,PFNp_b,noside,6388,acetylcholine,0
880055173,KCab-s,right,6389,dopamine,0
880185131,PFNa,noside,6390,acetylcholine,0
880202324,vDeltaE,noside,6391,glutamate,1
880323994,LHPV5j3,right,6392,acetylcholine,0
880383629,KCg-m,right,6393,dopamine,0
880404940,KCab-m,right,6394,dopamine,0
880409455,KCab-s,right,6395,dopamine,0
880526177,PFNp_a,noside,6396,acetylcholine,0
880526292,PFNp_c,noside,6397,acetylcholine,0
880526308,PFNp_d,noside,6398,glutamate,1
880526398,PFNp_a,noside,6399,acetylcholine,0
880526454,vDeltaM,noside,6400,glutamate,1
880526477,PFNa,noside,6401,acetylcholine,0
880530613,Delta7,left,6402,glutamate,1
880538997,PFNd,noside,6403,glutamate,1
880668750,LHPV2f2,right,6404,gaba,1
880771722,hDeltaA,noside,6405,glutamate,1
880780647,OCG09,noside,6406,unknown,0
880811120,vDeltaA_b,noside,6407,glutamate,1
880875736,Delta7,left,6408,glutamate,1
880875742,IbSpsP,noside,6409,glutamate,1
880875840,PFL2,noside,6410,acetylcholine,0
880875861,PEG,noside,6411,glutamate,1
880875900,PFNm_a,noside,6412,acetylcholine,0
880875927,PFL3,noside,6413,acetylcholine,0
880880259,Delta7,right,6414,glutamate,1
880987657,LHPV4b7,right,6415,glutamate,1
880987844,LHPV4g1,right,6416,glutamate,1
880988155,LHPV4b5,right,6417,glutamate,1
881005404,PLP171,right,6418,gaba,1
881057369,KCg-m,right,6419,dopamine,0
881152299,vDeltaA_b,noside,6420,glutamate,1
881212361,SpsP,left,6421,glutamate,1
881216816,PFNp_a,noside,6422,acetylcholine,0
881217171,LPsP,right,6423,glutamate,1
881220948,FC2B,left,6424,octopamine,0
881221166,Delta7,right,6425,glutamate,1
881329355,LHPV4b2,right,6426,glutamate,1
881329648,LHPV4b6,right,6427,glutamate,1
881342447,LHPV2f1_b,right,6428,gaba,1
881458145,PFL1,noside,6429,dopamine,0
881458181,PFL1,noside,6430,gaba,1
881493195,vDeltaH,noside,6431,dopamine,0
881506038,PFR_b,noside,6432,serotonin,0
881527223,PFNd,noside,6433,acetylcholine,0
881527237,vDeltaJ,noside,6434,dopamine,0
881527404,vDeltaK,noside,6435,glutamate,1
881596353,PLP115_a,right,6436,acetylcholine,0
881620582,LHAV2c1,right,6437,acetylcholine,0
881696475,LHPV6f2_a,right,6438,acetylcholine,0
881717404,PLP160,right,6439,gaba,1
881868311,PFNp_a,noside,6440,acetylcholine,0
881889906,FC3,left,6441,acetylcholine,0
881898734,PEG,noside,6442,glutamate,1
881933350,DM6_adPN,left,6443,,0
881986401,LHAV4g6_b,right,6444,gaba,1
881991445,LHAV4a3_a,right,6445,gaba,1
881995193,LHAV2g2_a,right,6446,acetylcholine,0
881999404,LHAV2b9,right,6447,acetylcholine,0
882003599,LHAV2b7_a,right,6448,acetylcholine,0
882144985,IB005,right,6449,gaba,1
882200934,PFR_a,noside,6450,octopamine,0
882235460,ATL026,left,6451,acetylcholine,0
882239837,PFL2,noside,6452,acetylcholine,0
882353566,M_vPNml68,right,6453,gaba,1
882383361,LHPV2f1_a,right,6454,gaba,1
882400424,PLP156,right,6455,acetylcholine,0
882404950,PLP156,right,6456,acetylcholine,0
882421743,PLP136,right,6457,acetylcholine,0
882435030,PLP237,right,6458,acetylcholine,0
882487140,ATL030,right,6459,glutamate,1
882533209,PFL1,noside,6460,acetylcholine,0
882580620,CL199,left,6461,acetylcholine,0
882615309,DM6_adPN,left,6462,,0
882685590,LHAV4a6,right,6463,gaba,1
882746220,LC28a,noside,6464,acetylcholine,0
882827132,SMP489,right,6465,acetylcholine,0
882922539,IB047,left,6466,acetylcholine,0
882987799,LHAV1a5,right,6467,acetylcholine,0
882995659,LHPV2g1,right,6468,acetylcholine,0
883018168,LHAV1a3,right,6469,acetylcholine,0
883030091,LHAV2a1,right,6470,acetylcholine,0
883031393,LHAV4a3_b,right,6471,gaba,1
883163764,IB117,right,6472,glutamate,1
883177120,PS129,left,6473,acetylcholine,0
883338122,LHAV1a1,right,6474,acetylcholine,0
883358778,LHPV2b1,right,6475,gaba,1
883414342,PLP185,right,6476,glutamate,1
883415238,PLP145,right,6477,acetylcholine,0
883415421,PLP186,right,6478,glutamate,1
883415496,LC40a,right,6479,acetylcholine,0
883462146,WED126,right,6480,acetylcholine,0
883479122,CL150,right,6481,acetylcholine,0
883500704,PS258,right,6482,acetylcholine,0
883514695,IB043,right,6483,gaba,1
883772374,CL353,left,6484,glutamate,1
883781857,CL220,right,6485,acetylcholine,0
883790186,AOTU038,right,6486,gaba,1
883798219,CL171,right,6487,acetylcholine,0
883799590,IB055,right,6488,acetylcholine,0
883803361,CL340,right,6489,acetylcholine,0
883924268,PS129,right,6490,dopamine,0
883941593,PS146,left,6491,glutamate,1
884122973,PLP157,right,6492,glutamate,1
884122996,CL355,left,6493,glutamate,1
884123011,CL355,left,6494,glutamate,1
884123412,SMP280,right,6495,glutamate,1
884140963,CL086_e,right,6496,acetylcholine,0
884157262,CL216,right,6497,acetylcholine,0
884157443,IB070,right,6498,acetylcholine,0
884446447,PLP085,right,6499,gaba,1
884450920,CL096,right,6500,acetylcholine,0
884477324,CL089_c,right,6501,acetylcholine,0
884477487,PLP208,right,6502,acetylcholine,0
884480476,IB004,right,6503,glutamate,1
884481648,CL353,right,6504,glutamate,1
884484964,SMP072,right,6505,glutamate,1
884485938,CL131,right,6506,acetylcholine,0
884498779,CL328,right,6507,acetylcholine,0
884575336,hDeltaG,noside,6508,dopamine,0
884635896,IB109,left,6509,glutamate,1
884636075,SMP395,left,6510,acetylcholine,0
884856749,SIP020,right,6511,glutamate,1
884916323,OA-ASM3,left,6512,serotonin,0
884916654,FB7L,right,6513,glutamate,1
884916660,PFGs,noside,6514,neither,0
884921013,FB7I,left,6515,glutamate,1
884921015,FC2B,right,6516,dopamine,0
884921084,FS3,left,6517,acetylcholine,0
885106439,WED093,right,6518,acetylcholine,0
885119984,IB059,right,6519,glutamate,1
885132185,PLP003,right,6520,gaba,1
885163107,AVLP033,right,6521,acetylcholine,0
885168486,CL001,right,6522,glutamate,1
885253510,hDeltaE,noside,6523,acetylcholine,0
885253534,FC2C,left,6524,acetylcholine,0
885257860,FB8C,right,6525,glutamate,1
885257867,hDeltaF,noside,6526,dopamine,0
885257938,FS1A,left,6527,dopamine,0
885262043,FB7I,left,6528,glutamate,1
885262087,FB7I,right,6529,glutamate,1
885262090,FC2C,left,6530,glutamate,1
885262118,FC2C,left,6531,glutamate,1
885262169,FB8B,left,6532,glutamate,1
885262237,vDeltaC,noside,6533,dopamine,0
885262311,FB7L,right,6534,glutamate,1
885435892,LHPV2c1_c,right,6535,gaba,1
885491239,CL296,right,6536,acetylcholine,0
885495731,CL005,right,6537,acetylcholine,0
885508576,PS119,left,6538,acetylcholine,0
885513409,CL187,right,6539,glutamate,1
885594701,vDeltaC,noside,6540,gaba,1
885598772,FS4A,right,6541,acetylcholine,0
885598938,FB1J,right,6542,glutamate,1
885599043,FB8H,right,6543,glutamate,1
885599075,vDeltaB,noside,6544,dopamine,0
885599178,vDeltaB,noside,6545,gaba,1
885599260,FB7J,right,6546,glutamate,1
885599283,FS4B,right,6547,acetylcholine,0
885602804,FB9A,left,6548,glutamate,1
885603106,FB7E,left,6549,glutamate,1
885603391,vDeltaA_b,noside,6550,glutamate,1
885603527,vDeltaB,noside,6551,dopamine,0
885603529,vDeltaB,noside,6552,dopamine,0
885607728,FB8G,left,6553,glutamate,1
885685726,AVLP590,left,6554,,0
885776346,LHPV2e1_b,right,6555,gaba,1
885788485,WEDPN2A,right,6556,gaba,1
885794269,WEDPN7B,right,6557,acetylcholine,0
885810757,PLP086,right,6558,gaba,1
885939366,FB9C_a,left,6559,glutamate,1
885939885,FB9B_d,left,6560,glutamate,1
885939922,FB1J,left,6561,glutamate,1
885940052,FB8H,left,6562,glutamate,1
885940095,FB8H,right,6563,glutamate,1
885943588,vDeltaA_a,noside,6564,glutamate,1
885943890,FB9B_b,left,6565,glutamate,1
885943925,FB9A,left,6566,glutamate,1
885943948,vDeltaA_a,noside,6567,glutamate,1
885944105,FB9B_d,right,6568,glutamate,1
885944205,vDeltaA_a,noside,6569,dopamine,0
885944508,SAF,left,6570,gaba,1
885948438,vDeltaA_a,noside,6571,acetylcholine,0
886066221,LHAV2a1,right,6572,acetylcholine,0
886095820,LHAV4g1_b,right,6573,gaba,1
886124924,LHPV2e2,right,6574,gaba,1
886130319,LHPV2a1_c,right,6575,gaba,1
886134689,WEDPN11,right,6576,glutamate,1
886159795,AVLP581,left,6577,glutamate,1
886276864,hDeltaD,noside,6578,dopamine,0
886280235,FB9B_d,right,6579,glutamate,1
886280332,FB9B_d,left,6580,glutamate,1
886280488,FB9B_a,right,6581,glutamate,1
886280616,FB9B_b,right,6582,glutamate,1
886280641,FB9B_a,right,6583,gaba,1
886280796,hDeltaF,noside,6584,dopamine,0
886280843,vDeltaA_a,noside,6585,dopamine,0
886281051,SAF,left,6586,glutamate,1
886281163,hDeltaD,noside,6587,acetylcholine,0
886284719,FB9B_a,left,6588,glutamate,1
886284941,FB9B_c,left,6589,glutamate,1
886285039,FB9B_a,left,6590,glutamate,1
886285243,vDeltaA_a,noside,6591,dopamine,0
886285443,FB9B_b,left,6592,glutamate,1
886289222,vDeltaA_a,noside,6593,dopamine,0
886328403,SMP316,left,6594,,0
886367305,PS146,right,6595,glutamate,1
886527723,CL011,right,6596,glutamate,1
886621686,FB9B_e,left,6597,glutamate,1
886621751,FB9B_e,left,6598,gaba,1
886622166,vDeltaA_a,noside,6599,glutamate,1
886626370,FB9B_c,right,6600,glutamate,1
886635309,FB9A,left,6601,glutamate,1
886812643,M_vPNml55,right,6602,gaba,1
886820993,LHAV2b4,right,6603,acetylcholine,0
886963259,FB9B_c,left,6604,glutamate,1
887105351,VA1v_vPN,right,6605,gaba,1
887148641,aSP-g1,right,6606,acetylcholine,0
887165687,mALB3,left,6607,gaba,1
887195902,DNp13,right,6608,acetylcholine,0
887230673,CRE016,right,6609,acetylcholine,0
887433630,LHAV4e2_b,right,6610,gaba,1
887519423,mALB4,left,6611,gaba,1
887588829,SMP558,right,6612,acetylcholine,0
887921032,CRE016,right,6613,acetylcholine,0
887930118,SMP488,right,6614,acetylcholine,0
888084738,SLP033,right,6615,acetylcholine,0
888146447,AVLP493,right,6616,acetylcholine,0
888159271,AVLP463,right,6617,gaba,1
888171826,LC41,right,6618,acetylcholine,0
888171855,VES036,right,6619,gaba,1
888491795,AVLP243,right,6620,acetylcholine,0
888577052,LAL080,right,6621,gaba,1
888598546,SA1_b,right,6622,glutamate,1
888840788,AVLP583,left,6623,glutamate,1
889190744,AVLP055,right,6624,glutamate,1
889190964,AVLP055,right,6625,glutamate,1
889194717,LHPV2c2,right,6626,gaba,1
889194759,PVLP004,right,6627,glutamate,1
889414782,FB6N,left,6628,glutamate,1
889497360,PLP053,right,6629,acetylcholine,0
889523223,PLP089,right,6630,gaba,1
889531496,PVLP004,right,6631,glutamate,1
889535602,PVLP008_a,right,6632,glutamate,1
889540433,AVLP187,right,6633,acetylcholine,0
889838921,AVLP339,right,6634,acetylcholine,0
889852017,AVLP279,right,6635,dopamine,0
889856565,AVLP444,right,6636,acetylcholine,0
889859354,CL271,right,6637,acetylcholine,0
889863729,AVLP593,right,6638,serotonin,0
889911741,mAL5A,left,6639,gaba,1
889975909,LAL078,right,6640,gaba,1
889993487,CRE090,right,6641,dopamine,0
890118683,PAM14,left,6642,dopamine,0
890191898,SLP229,right,6643,acetylcholine,0
890191937,AVLP049,right,6644,acetylcholine,0
890192601,SLP188_a,right,6645,gaba,1
890204660,CL290,right,6646,acetylcholine,0
890287086,CRE095,right,6647,acetylcholine,0
890425079,FS1A,right,6648,dopamine,0
890524529,AVLP267,right,6649,acetylcholine,0
890614937,SIP003_b,right,6650,acetylcholine,0
890671753,FB5D,right,6651,glutamate,1
890883360,AVLP061,right,6652,glutamate,1
890925383,AVLP010,right,6653,gaba,1
891107336,FB5W,left,6654,glutamate,1
891111303,CRE096,left,6655,acetylcholine,0
891301236,KCab-m,right,6656,dopamine,0
891301315,KCab-m,right,6657,dopamine,0
891577717,AVLP044_a,right,6658,acetylcholine,0
891577867,AVLP044_b,right,6659,acetylcholine,0
891582311,AVLP039,right,6660,acetylcholine,0
891582338,LC10,noside,6661,acetylcholine,0
891586904,LC10,noside,6662,acetylcholine,0
891595069,LC10,noside,6663,glutamate,1
891603228,AVLP566,right,6664,acetylcholine,0
891629070,KCab-s,right,6665,dopamine,0
891637860,KCab-c,right,6666,dopamine,0
891642176,KCab-c,right,6667,dopamine,0
891642215,KCab-c,right,6668,dopamine,0
891642281,KCab-c,right,6669,dopamine,0
891642345,KCab-c,right,6670,dopamine,0
891663788,LAL080,right,6671,gaba,1
891771553,CRE100,left,6672,gaba,1
891914014,AVLP036,right,6673,acetylcholine,0
891918523,LC10,noside,6674,dopamine,0
891918572,LC10,noside,6675,acetylcholine,0
891922783,LC10,noside,6676,acetylcholine,0
891922927,LC10,noside,6677,acetylcholine,0
891923486,LC10,noside,6678,acetylcholine,0
891927484,LC10,noside,6679,acetylcholine,0
891927673,LC10,noside,6680,acetylcholine,0
891927728,LC10,noside,6681,acetylcholine,0
891927839,LC10,noside,6682,acetylcholine,0
891927856,MC64,noside,6683,acetylcholine,0
891931735,LC10,noside,6684,glutamate,1
891935748,LC10,noside,6685,glutamate,1
891935958,LC10,noside,6686,acetylcholine,0
891936249,LC10,noside,6687,acetylcholine,0
891978843,KCab-c,right,6688,dopamine,0
892255086,LC10,noside,6689,dopamine,0
892255122,LC10,noside,6690,acetylcholine,0
892259523,LC10,noside,6691,acetylcholine,0
892259609,LC10,noside,6692,acetylcholine,0
892259847,LT52,right,6693,glutamate,1
892268119,LC10,noside,6694,acetylcholine,0
892268282,LC10,noside,6695,acetylcholine,0
892268510,LC10,noside,6696,acetylcholine,0
892268533,AOTU008_a,right,6697,acetylcholine,0
892268553,LC10,noside,6698,acetylcholine,0
892273269,LC10,noside,6699,acetylcholine,0
892277112,AOTU041,left,6700,gaba,1
892277589,LC10,noside,6701,acetylcholine,0
892277609,LC10,noside,6702,acetylcholine,0
892277790,LT52,right,6703,glutamate,1
892281819,LC10,noside,6704,glutamate,1
892282289,LC10,noside,6705,acetylcholine,0
892286449,AOTU008_b,right,6706,acetylcholine,0
892294329,AOTU025,right,6707,acetylcholine,0
892376241,SMP570,right,6708,dopamine,0
892376440,SMP446,right,6709,glutamate,1
892385258,CRE043_a,right,6710,gaba,1
892398461,CRE014,right,6711,acetylcholine,0
892600621,LT52,right,6712,glutamate,1
892600723,LC10,noside,6713,acetylcholine,0
892604992,LC10,noside,6714,acetylcholine,0
892605049,AOTU059,right,6715,gaba,1
892605388,LC10,noside,6716,acetylcholine,0
892609503,AOTU008_a,right,6717,acetylcholine,0
892609615,LC10,noside,6718,acetylcholine,0
892609630,LT52,right,6719,glutamate,1
892613686,LC10,noside,6720,acetylcholine,0
892614148,AOTU001,right,6721,acetylcholine,0
892618060,AOTU041,left,6722,gaba,1
892622625,LC10,noside,6723,acetylcholine,0
892622947,LC10,noside,6724,acetylcholine,0
892623020,LC10,noside,6725,acetylcholine,0
892722090,CRE081,right,6726,acetylcholine,0
892950729,LC10,noside,6727,acetylcholine,0
892958763,LC10,noside,6728,acetylcholine,0
892959608,LC10,noside,6729,acetylcholine,0
892959869,AOTU008_b,right,6730,acetylcholine,0
892963332,LC10,noside,6731,acetylcholine,0
892963477,LC10,noside,6732,acetylcholine,0
892963681,LC10,noside,6733,acetylcholine,0
892963919,LC10,noside,6734,acetylcholine,0
892964102,LC10,noside,6735,glutamate,1
892968554,LC10,noside,6736,glutamate,1
892968637,LC10,noside,6737,acetylcholine,0
892997744,SMP211,right,6738,glutamate,1
893149866,PAM12,left,6739,dopamine,0
893158121,PAM04_a,left,6740,dopamine,0
893287494,LC10,noside,6741,glutamate,1
893287520,LC10,noside,6742,glutamate,1
893287523,LC10,noside,6743,acetylcholine,0
893305416,LC10,noside,6744,acetylcholine,0
893338749,SMP212,right,6745,glutamate,1
893338771,SIP024,right,6746,acetylcholine,0
893347461,KCa'b'-ap2,right,6747,dopamine,0
893628094,LT52,right,6748,glutamate,1
893632417,LC10,noside,6749,acetylcholine,0
893633230,LC10,noside,6750,acetylcholine,0
893637097,LC10,noside,6751,glutamate,1
893642012,LC10,noside,6752,acetylcholine,0
893645771,LC10,noside,6753,glutamate,1
893688605,KCa'b'-ap1,right,6754,dopamine,0
893710296,PAM14,right,6755,dopamine,0
893723183,CRE065,right,6756,acetylcholine,0
893741163,FB4P_a,right,6757,glutamate,1
893805187,PAM08_e,left,6758,dopamine,0
894020730,MBON31,right,6759,glutamate,1
894168625,FB4P_b,left,6760,glutamate,1
894362173,LAL004,right,6761,acetylcholine,0
894380152,CRE014,right,6762,acetylcholine,0
894422413,LAL110,right,6763,acetylcholine,0
894551935,CRE039,left,6764,glutamate,1
894702888,LAL013,right,6765,acetylcholine,0
894707517,AOTU004,right,6766,acetylcholine,0
894724798,SMP214,right,6767,glutamate,1
895091952,CRE086,right,6768,acetylcholine,0
895441451,MBON26,right,6769,acetylcholine,0
908340253,KCab-m,right,6770,dopamine,0
908353540,KCab-m,right,6771,dopamine,0
908668522,KCab-m,right,6772,dopamine,0
908668556,KCab-m,right,6773,dopamine,0
908685688,KCab-m,right,6774,dopamine,0
908685859,KCab-m,right,6775,dopamine,0
908689934,KCab-m,right,6776,dopamine,0
908690107,KCab-m,right,6777,dopamine,0
908699052,KCab-m,right,6778,dopamine,0
908728886,FC1E,right,6779,acetylcholine,0
909026561,KCab-m,right,6780,dopamine,0
909026992,KCab-m,right,6781,dopamine,0
909069688,FC1D,right,6782,glutamate,1
909368173,KCab-m,right,6783,dopamine,0
909372586,KCab-m,right,6784,dopamine,0
909372602,KCab-m,right,6785,dopamine,0
909414983,FC3,right,6786,acetylcholine,0
909704857,KCab-c,right,6787,dopamine,0
909717461,KCg-d,right,6788,dopamine,0
909730907,KCab-s,right,6789,dopamine,0
909730911,KCab-m,right,6790,dopamine,0
909756199,IB040,right,6791,glutamate,1
909756319,FC1F,right,6792,acetylcholine,0
909760587,vDeltaM,noside,6793,glutamate,1
909760594,FC1F,right,6794,acetylcholine,0
909760662,FC1E,right,6795,acetylcholine,0
909777910,PFNa,noside,6796,acetylcholine,0
909877092,PFNd,noside,6797,glutamate,1
910063154,KCab-m,right,6798,dopamine,0
910063307,KCab-s,right,6799,dopamine,0
910093235,FC3,right,6800,acetylcholine,0
910105915,vDeltaE,noside,6801,glutamate,1
910105985,PS151,right,6802,glutamate,1
910213890,vDeltaL,noside,6803,glutamate,1
910386568,KCab-c,right,6804,dopamine,0
910404284,KCab-m,right,6805,dopamine,0
910412830,KCab-m,right,6806,dopamine,0
910438331,EPG,noside,6807,glutamate,1
910438484,FC3,right,6808,acetylcholine,0
910438571,FC1D,right,6809,acetylcholine,0
910442723,Delta7,right,6810,glutamate,1
910442752,Delta7,left,6811,glutamate,1
910442782,Delta7,right,6812,glutamate,1
910447075,PEN_a(PEN1),noside,6813,glutamate,1
910447181,PFL3,noside,6814,acetylcholine,0
910447220,PFNd,noside,6815,glutamate,1
910451489,PPM1204,right,6816,glutamate,1
910473088,PFNp_b,noside,6817,octopamine,0
910783731,Delta7,left,6818,glutamate,1
910783805,IbSpsP,noside,6819,glutamate,1
910783883,Delta7,left,6820,glutamate,1
910783961,Delta7,right,6821,glutamate,1
910787908,IbSpsP,noside,6822,glutamate,1
910787992,PFL1,noside,6823,gaba,1
910796989,Delta7,left,6824,glutamate,1
910801332,Delta7,left,6825,glutamate,1
910878587,PFNp_a,noside,6826,acetylcholine,0
911012735,LHPV5h1,right,6827,acetylcholine,0
911094343,KCab-m,right,6828,dopamine,0
911129204,Delta7,left,6829,glutamate,1
911129339,Delta7,right,6830,glutamate,1
911134009,Delta7,right,6831,glutamate,1
911134017,PFL3,noside,6832,octopamine,0
911138168,Delta7,right,6833,glutamate,1
911211196,Delta7,left,6834,glutamate,1
911215499,PFNp_c,noside,6835,acetylcholine,0
911219981,PFNp_d,noside,6836,serotonin,0
911220021,vDeltaK,noside,6837,acetylcholine,0
911220126,vDeltaB,noside,6838,dopamine,0
911220286,vDeltaM,noside,6839,dopamine,0
911220322,vDeltaM,noside,6840,glutamate,1
911220325,PFNp_d,noside,6841,acetylcholine,0
911220331,PFNp_b,noside,6842,octopamine,0
911220341,vDeltaA_a,noside,6843,dopamine,0
911232821,hDeltaC,noside,6844,dopamine,0
911241750,Delta7,left,6845,glutamate,1
911332304,aMe12,right,6846,acetylcholine,0
911400981,KCab-c,right,6847,dopamine,0
911470352,Delta7,right,6848,glutamate,1
911496103,vDeltaA_b,noside,6849,dopamine,0
911500529,PFNp_c,noside,6850,acetylcholine,0
911504643,PFNd,noside,6851,acetylcholine,0
911504689,PFNv,noside,6852,octopamine,0
911560974,PFNd,noside,6853,acetylcholine,0
911565319,PFL1,noside,6854,acetylcholine,0
911565408,P1-9,left,6855,octopamine,0
911565419,Delta7,right,6856,glutamate,1
911569552,PFL3,noside,6857,acetylcholine,0
911574041,Delta7,right,6858,glutamate,1
911574261,Delta7,right,6859,glutamate,1
911578041,hDeltaK,noside,6860,dopamine,0
911578483,PFL1,noside,6861,gaba,1
911578496,Delta7,right,6862,glutamate,1
911578595,Delta7,left,6863,glutamate,1
911755444,KCg-m,right,6864,dopamine,0
911759695,KCg-m,right,6865,dopamine,0
911802614,PFR_a,noside,6866,dopamine,0
911815444,OCG09,noside,6867,unknown,0
911823931,PFNp_a,noside,6868,glutamate,1
911893174,SpsP,left,6869,glutamate,1
911897818,PFNv,noside,6870,acetylcholine,0
911897964,PFNv,noside,6871,acetylcholine,0
911901802,Delta7,right,6872,glutamate,1
911906936,Delta7,right,6873,glutamate,1
911911004,Delta7,right,6874,glutamate,1
911911193,Delta7,left,6875,glutamate,1
911911699,Delta7,right,6876,glutamate,1
911915224,PFR_b,noside,6877,glutamate,1
911919044,Delta7,left,6878,glutamate,1
911919815,P6-8P9,left,6879,unknown,0
911919917,Delta7,right,6880,glutamate,1
911984113,LHAV4b2_a,right,6881,unknown,0
912022802,LHPV4b4,right,6882,glutamate,1
912022866,LHPV4b3,right,6883,glutamate,1
912044495,LHPV2f3,right,6884,gaba,1
912045124,LHPV2f1_a,right,6885,gaba,1
912045178,LHPV2a2,right,6886,gaba,1
912049625,LHPV5b2_a,right,6887,acetylcholine,0
912147871,PFGs,noside,6888,dopamine,0
912147912,PEG,noside,6889,dopamine,0
912182400,FC3,right,6890,acetylcholine,0
912186689,vDeltaI,noside,6891,dopamine,0
912186993,vDeltaM,noside,6892,acetylcholine,0
912187099,vDeltaE,noside,6893,acetylcholine,0
912191317,vDeltaC,noside,6894,dopamine,0
912238927,PFNp_e,noside,6895,acetylcholine,0
912243353,Delta7,left,6896,glutamate,1
912290165,PVLP133_a,right,6897,acetylcholine,0
912390224,LHPV2f2,right,6898,gaba,1
912390737,PLP041,right,6899,glutamate,1
912488890,PFL3,noside,6900,dopamine,0
912545106,EPG,noside,6901,glutamate,1
912558136,PFNp_b,noside,6902,unknown,0
912583959,FC2B,left,6903,acetylcholine,0
912596952,EL,left,6904,acetylcholine,0
912601209,PLP244,left,6905,octopamine,0
912601268,EPG,noside,6906,glutamate,1
912663435,LHAV4g6_b,right,6907,gaba,1
912667199,LHAV2b9,right,6908,acetylcholine,0
912732057,LHPV3b1_b,right,6909,acetylcholine,0
912894601,FC1D,left,6910,acetylcholine,0
912894972,PFNp_a,noside,6911,acetylcholine,0
912894991,PFNv,noside,6912,acetylcholine,0
912898873,PFNp_d,noside,6913,acetylcholine,0
912899006,vDeltaM,noside,6914,acetylcholine,0
912925080,PFL3,noside,6915,acetylcholine,0
912951014,MBON26,left,6916,acetylcholine,0
913013165,LHAV4g9,right,6917,gaba,1
913235746,PFNp_e,noside,6918,acetylcholine,0
913262104,IB005,left,6919,gaba,1
913341138,LHPV4g1,right,6920,glutamate,1
913341672,LHAV1a3,right,6921,acetylcholine,0
913345831,LHPV2c1_c,right,6922,gaba,1
913468894,PLP237,right,6923,acetylcholine,0
913474046,CL281,right,6924,glutamate,1
913649999,DM6_adPN,left,6925,,0
913650065,VM7d_adPN,left,6926,,0
913650068,VM7d_adPN,left,6927,,0
913650164,VM7v_adPN,left,6928,,0
913681721,LHPV3a1,right,6929,acetylcholine,0
913754682,LHPV2i2,right,6930,acetylcholine,0
913810052,CL045,right,6931,glutamate,1
913810960,IB073,right,6932,acetylcholine,0
913823058,CL266_b,right,6933,acetylcholine,0
913835893,IB019,right,6934,acetylcholine,0
914026662,LHAV1a4,right,6935,acetylcholine,0
914027038,LHPV2g1,right,6936,acetylcholine,0
914100101,LC40a,right,6937,acetylcholine,0
914130079,CL004,right,6938,glutamate,1
914203527,PS123,right,6939,acetylcholine,0
914298735,IB024,right,6940,acetylcholine,0
914364284,LHPV3a3_b,right,6941,dopamine,0
914466864,SMP280,right,6942,glutamate,1
914475586,PLP188,right,6943,acetylcholine,0
914492772,CL089_b,right,6944,acetylcholine,0
914492942,CL086_a,right,6945,acetylcholine,0
914497437,CL089_b,right,6946,acetylcholine,0
914778159,CL112,right,6947,acetylcholine,0
914829796,CL355,left,6948,glutamate,1
914834542,CL086_c,right,6949,acetylcholine,0
914846465,CL235,right,6950,glutamate,1
914850280,CL168,right,6951,acetylcholine,0
915105102,LAL183,left,6952,acetylcholine,0
915105429,PVLP076,right,6953,acetylcholine,0
915148745,PLP153,right,6954,acetylcholine,0
915152645,PLP254,right,6955,acetylcholine,0
915157442,PLP153,right,6956,acetylcholine,0
915157547,PLP153,right,6957,acetylcholine,0
915169946,CL355,left,6958,glutamate,1
915179102,PLP074,right,6959,gaba,1
915188031,IB016,right,6960,glutamate,1
915273354,hDeltaK,noside,6961,neither,0
915273413,FB6J,left,6962,glutamate,1
915273417,FS1A,left,6963,dopamine,0
915277883,hDeltaK,noside,6964,octopamine,0
915451074,WEDPN2A,right,6965,gaba,1
915481348,PLP005,right,6966,glutamate,1
915481511,CL283,right,6967,glutamate,1
915503330,PLP032,right,6968,acetylcholine,0
915511932,CL086_a,right,6969,acetylcholine,0
915519608,LAL006,right,6970,acetylcholine,0
915520244,CL336,right,6971,acetylcholine,0
915528488,PLP093,right,6972,acetylcholine,0
915549815,IB006,left,6973,gaba,1
915605750,hDeltaF,noside,6974,dopamine,0
915605802,FC2C,left,6975,dopamine,0
915605935,FS2,right,6976,acetylcholine,0
915605943,FB6P,right,6977,glutamate,1
915605959,vDeltaC,noside,6978,dopamine,0
915606051,hDeltaL,noside,6979,acetylcholine,0
915610218,vDeltaD,noside,6980,glutamate,1
915610256,hDeltaL,noside,6981,acetylcholine,0
915610388,FS4C,right,6982,acetylcholine,0
915610423,vDeltaD,noside,6983,glutamate,1
915610561,FB6B,right,6984,glutamate,1
915610680,FS4A,right,6985,acetylcholine,0
915610725,FB7J,right,6986,glutamate,1
915610732,FS2,right,6987,dopamine,0
915610815,FB7J,left,6988,glutamate,1
915614485,vDeltaC,noside,6989,dopamine,0
915614729,FB6J,left,6990,glutamate,1
915615021,FB5Z,left,6991,glutamate,1
915615087,hDeltaC,noside,6992,dopamine,0
915619188,FB7H,left,6993,glutamate,1
915619240,FS3,right,6994,dopamine,0
915623395,FC2B,left,6995,glutamate,1
915623433,hDeltaC,noside,6996,dopamine,0
915632613,VES053,left,6997,,0
915724147,LHAV1a2_b,right,6998,acetylcholine,0
915792794,LHPV2c5,right,6999,gaba,1
915843377,CL354,left,7000,glutamate,1
915852626,CL086_b,right,7001,acetylcholine,0
915852772,CL086_b,right,7002,acetylcholine,0
915857055,CL324,right,7003,serotonin,0
915866098,CL079,right,7004,acetylcholine,0
915943091,hDeltaG,noside,7005,acetylcholine,0
915946994,FC2C,left,7006,dopamine,0
915947054,FS2,left,7007,dopamine,0
915951309,FS3,left,7008,acetylcholine,0
915951605,FC2B,right,7009,glutamate,1
915951662,FB7I,right,7010,glutamate,1
915960293,FB6V,right,7011,glutamate,1
915960391,FB6H,left,7012,dopamine,0
915964590,FB6G,left,7013,glutamate,1
915964748,FS1A,right,7014,dopamine,0
916029180,CL175,left,7015,,0
916037507,PS108,left,7016,glutamate,1
916038365,CL040,left,7017,glutamate,1
916284630,PFL2,noside,7018,acetylcholine,0
916288036,FB6L,right,7019,dopamine,0
916288408,FB7E,left,7020,glutamate,1
916288456,FB7K,left,7021,glutamate,1
916288689,FB8I,left,7022,glutamate,1
916288692,FS2,left,7023,acetylcholine,0
916292026,FB7A,left,7024,glutamate,1
916292606,vDeltaB,noside,7025,dopamine,0
916292657,vDeltaC,noside,7026,dopamine,0
916296656,FC2C,right,7027,glutamate,1
916296860,FC2C,right,7028,dopamine,0
916301251,vDeltaC,noside,7029,dopamine,0
916305060,hDeltaG,noside,7030,glutamate,1
916305683,FB7D,right,7031,glutamate,1
916305728,FB6J,right,7032,glutamate,1
916309801,FS4A,right,7033,gaba,1
916309838,FS4A,right,7034,acetylcholine,0
916310074,FS4B,left,7035,acetylcholine,0
916456567,AVLP495,right,7036,acetylcholine,0
916479148,AVLP487,right,7037,gaba,1
916560513,CL159,left,7038,,0
916628962,FB1I,right,7039,glutamate,1
916629242,vDeltaC,noside,7040,dopamine,0
916629616,FB8F_b,left,7041,glutamate,1
916629686,FB8I,left,7042,glutamate,1
916633472,vDeltaE,noside,7043,glutamate,1
916633574,vDeltaB,noside,7044,dopamine,0
916633638,FB8F_a,left,7045,glutamate,1
916637896,FS3,right,7046,acetylcholine,0
916642481,vDeltaB,noside,7047,glutamate,1
916646157,FS3,left,7048,acetylcholine,0
916646694,FS2,left,7049,glutamate,1
916646779,FS3,right,7050,acetylcholine,0
916651038,hDeltaE,noside,7051,glutamate,1
916651101,vDeltaB,noside,7052,dopamine,0
916655865,SMP472,left,7053,acetylcholine,0
916763916,LHAV4g2,right,7054,gaba,1
916773484,LHAV4g11,right,7055,gaba,1
916828438,WEDPN2B,right,7056,gaba,1
916862506,CL224,right,7057,acetylcholine,0
916970165,vDeltaA_b,noside,7058,glutamate,1
916970190,FB9C_a,left,7059,gaba,1
916970574,FS4A,right,7060,acetylcholine,0
916970680,FS3,left,7061,acetylcholine,0
916974420,PFNa,noside,7062,acetylcholine,0
916987393,FS4B,right,7063,acetylcholine,0
916987940,vDeltaB,noside,7064,glutamate,1
916992347,vDeltaC,noside,7065,glutamate,1
917086906,LHAV4a3_b,right,7066,gaba,1
917298286,CL209,right,7067,acetylcholine,0
917311067,SAF,left,7068,glutamate,1
917311264,vDeltaA_a,noside,7069,dopamine,0
917311482,vDeltaA_a,noside,7070,glutamate,1
917311549,vDeltaA_a,noside,7071,dopamine,0
917311596,vDeltaA_a,noside,7072,dopamine,0
917315269,FS3,right,7073,acetylcholine,0
917315578,vDeltaA_a,noside,7074,dopamine,0
917324165,vDeltaA_a,noside,7075,dopamine,0
917328229,vDeltaA_a,noside,7076,dopamine,0
917328669,vDeltaA_a,noside,7077,dopamine,0
917423207,SLP007,right,7078,glutamate,1
917450071,LHAV1a2_a,right,7079,acetylcholine,0
917493211,AOTU065,right,7080,acetylcholine,0
917497441,LHAD2c2,right,7081,acetylcholine,0
917527702,AVLP034,right,7082,acetylcholine,0
917553030,AVLP567,right,7083,acetylcholine,0
917643796,OA-ASM2,left,7084,serotonin,0
917647959,ExR1,left,7085,octopamine,0
917656984,FS4A,left,7086,acetylcholine,0
917669507,vDeltaA_a,noside,7087,dopamine,0
917669951,vDeltaA_a,noside,7088,glutamate,1
917674256,hDeltaD,noside,7089,dopamine,0
917691380,PS114,right,7090,glutamate,1
917727045,CL217,left,7091,acetylcholine,0
917842566,LHPV2c1_a,right,7092,gaba,1
917919724,CRE066,right,7093,dopamine,0
918123297,LHAV4a4,right,7094,gaba,1
918334668,ExR1,left,7095,octopamine,0
918468865,LHAV4b5,right,7096,gaba,1
918529614,LT52,right,7097,glutamate,1
918549930,SLP225,right,7098,acetylcholine,0
918973470,PS008_a,right,7099,glutamate,1
919168397,AVLP428,right,7100,glutamate,1
919177076,AVLP068,right,7101,glutamate,1
919185724,LHAV1c1,right,7102,acetylcholine,0
919202307,VES063,right,7103,acetylcholine,0
919206921,VES037,right,7104,gaba,1
919314668,PS008_a,right,7105,glutamate,1
919314747,CL046,right,7106,glutamate,1
919318621,PS005_c,right,7107,glutamate,1
919426491,SIP086,left,7108,glutamate,1
919513165,AVLP518,right,7109,acetylcholine,0
919526332,LHAV2b10,right,7110,acetylcholine,0
919624822,LAL078,right,7111,gaba,1
919659561,CL051,right,7112,glutamate,1
919763043,ExR3,left,7113,octopamine,0
919845196,LHAV2b10,right,7114,acetylcholine,0
919846263,SLP005,right,7115,glutamate,1
919850789,AVLP049,right,7116,acetylcholine,0
920086841,PS003,left,7117,glutamate,1
920441518,FS2,right,7118,acetylcholine,0
920470959,MBON07,left,7119,unknown,0
920536487,AVLP170,right,7120,acetylcholine,0
920869856,PLP161,right,7121,acetylcholine,0
920873167,PLP161,right,7122,acetylcholine,0
920895475,AVLP586,left,7123,glutamate,1
920951427,CL123,right,7124,acetylcholine,0
920994194,LAL077,right,7125,gaba,1
921015773,LAL080,right,7126,gaba,1
921232037,AVLP219,right,7127,acetylcholine,0
921235264,AVLP167_b,right,7128,acetylcholine,0
921576508,AVLP279,right,7129,acetylcholine,0
921589471,AVLP266,right,7130,acetylcholine,0
921590115,AVLP062,right,7131,glutamate,1
921654144,LAL057,right,7132,acetylcholine,0
921667198,LAL078,right,7133,gaba,1
921814579,FB2K,left,7134,glutamate,1
921935093,CL094,right,7135,acetylcholine,0
921935459,CL114,right,7136,gaba,1
921969630,LHAV4c2,right,7137,gaba,1
921969761,mAL3A,left,7138,gaba,1
922069357,FB5W,right,7139,glutamate,1
922146751,FB4O,left,7140,glutamate,1
922302296,CL060,right,7141,glutamate,1
922354084,CRE054,right,7142,gaba,1
922595498,AVLP256,right,7143,gaba,1
922608418,AVLP045,right,7144,acetylcholine,0
922643119,AOTU062,right,7145,gaba,1
922659797,CL289,right,7146,acetylcholine,0
922677093,KCab-c,right,7147,dopamine,0
922677121,KCab-c,right,7148,dopamine,0
922810839,SMP152,left,7149,acetylcholine,0
922966733,AOTU059,right,7150,gaba,1
922988906,PS008_b,right,7151,dopamine,0
922992588,SMP578,right,7152,gaba,1
923013923,KCab-c,right,7153,dopamine,0
923018247,KCab-c,right,7154,dopamine,0
923018290,KCab-m,right,7155,dopamine,0
923027316,PAM14,right,7156,dopamine,0
923303392,LC10,noside,7157,acetylcholine,0
923321015,LC10,noside,7158,glutamate,1
923359312,KCab-s,right,7159,dopamine,0
923385340,PAM05,right,7160,dopamine,0
923415956,SMP165,left,7161,glutamate,1
923636089,LC10,noside,7162,glutamate,1
923640363,LC10,noside,7163,acetylcholine,0
923644592,LC10,noside,7164,acetylcholine,0
923644961,LC10,noside,7165,acetylcholine,0
923648748,LC10,noside,7166,acetylcholine,0
923657277,LC10,noside,7167,acetylcholine,0
923661510,LC10,noside,7168,acetylcholine,0
923661937,LC10,noside,7169,acetylcholine,0
923700162,KCa'b'-m,right,7170,dopamine,0
923726321,PAM04_a,right,7171,dopamine,0
923761285,CRE106,right,7172,acetylcholine,0
923787513,FB4K,left,7173,glutamate,1
923809011,FB4K,right,7174,glutamate,1
923869685,PAM06_a,left,7175,dopamine,0
923977051,LC10,noside,7176,glutamate,1
923989857,AOTU003,right,7177,acetylcholine,0
923994365,LC10,noside,7178,acetylcholine,0
923994401,LC10,noside,7179,glutamate,1
923998505,LC10,noside,7180,acetylcholine,0
924002286,LC10,noside,7181,acetylcholine,0
924002690,LC10,noside,7182,acetylcholine,0
924326157,LC10,noside,7183,glutamate,1
924326233,LC10,noside,7184,glutamate,1
924335413,LC10,noside,7185,acetylcholine,0
924344089,LC10,noside,7186,acetylcholine,0
924344128,LC10,noside,7187,glutamate,1
924348411,LC10,noside,7188,acetylcholine,0
924429714,PAM08_b,right,7189,dopamine,0
924681085,LC10,noside,7190,glutamate,1
924689450,LC10,noside,7191,acetylcholine,0
924723528,KCa'b'-ap1,right,7192,dopamine,0
924737391,SMP568_a,right,7193,acetylcholine,0
924788221,CL261,right,7194,acetylcholine,0
925003837,LC10,noside,7195,acetylcholine,0
925004416,LC10,noside,7196,glutamate,1
925008566,LC10,noside,7197,glutamate,1
925008763,TuTuA,right,7198,glutamate,1
925017453,LC10,noside,7199,glutamate,1
925017553,LC10,noside,7200,glutamate,1
925021558,LC10,noside,7201,glutamate,1
925241334,LAL155,right,7202,glutamate,1
925344753,LC10,noside,7203,glutamate,1
925465972,SMP446,right,7204,glutamate,1
925548084,FB4P_b,left,7205,glutamate,1
925799233,PAM01_b,right,7206,dopamine,0
926454306,LAL043,right,7207,gaba,1
926490072,FB5V,right,7208,glutamate,1
926813501,LAL043,right,7209,gaba,1
939030036,KCab-m,right,7210,dopamine,0
939729237,KCab-s,right,7211,dopamine,0
939729706,KCab-c,right,7212,dopamine,0
939733452,KCab-s,right,7213,dopamine,0
939733918,KCa'b'-m,right,7214,dopamine,0
939734122,KCab-s,right,7215,dopamine,0
939734266,KCab-m,right,7216,dopamine,0
939738364,KCab-m,right,7217,dopamine,0
939738376,KCab-s,right,7218,dopamine,0
939738399,KCab-m,right,7219,dopamine,0
939738424,KCab-c,right,7220,dopamine,0
939738473,KCab-c,right,7221,dopamine,0
939738477,KCab-m,right,7222,dopamine,0
939742503,KCab-c,right,7223,dopamine,0
939742609,KCab-c,right,7224,dopamine,0
940070913,KCab-m,right,7225,dopamine,0
940075056,KCab-p,right,7226,dopamine,0
940075464,KCab-m,right,7227,dopamine,0
940079170,KCab-s,right,7228,dopamine,0
940079253,KCab-m,right,7229,dopamine,0
940079513,KCab-m,right,7230,dopamine,0
940079568,KCab-m,right,7231,dopamine,0
940079657,KCab-m,right,7232,dopamine,0
940079771,KCab-m,right,7233,dopamine,0
940083749,KCab-c,right,7234,dopamine,0
940084011,KCab-m,right,7235,dopamine,0
940084060,KCab-m,right,7236,dopamine,0
940084095,KCab-c,right,7237,dopamine,0
940084152,KCab-c,right,7238,dopamine,0
940087822,KCab-c,right,7239,dopamine,0
940420292,KCa'b'-m,right,7240,dopamine,0
940425106,KCab-m,right,7241,dopamine,0
940425171,KCab-s,right,7242,dopamine,0
940425232,KCab-m,right,7243,dopamine,0
940748411,KCab-m,right,7244,dopamine,0
940752707,KCab-m,right,7245,dopamine,0
940761352,KCab-c,right,7246,dopamine,0
940787029,IbSpsP,noside,7247,glutamate,1
940791032,FC1C,right,7248,acetylcholine,0
940791048,PS154,right,7249,glutamate,1
940791092,PFNp_b,noside,7250,octopamine,0
940791093,PFNp_b,noside,7251,octopamine,0
940791115,PFNp_b,noside,7252,octopamine,0
940791123,PFNp_b,noside,7253,acetylcholine,0
940791248,FS1A,right,7254,dopamine,0
940791269,FS4B,right,7255,acetylcholine,0
940791383,PFNd,noside,7256,glutamate,1
940799806,CL241,right,7257,glutamate,1
940804380,IB041,right,7258,glutamate,1
940808800,PFNp_e,noside,7259,acetylcholine,0
941102504,KCab-m,right,7260,dopamine,0
941111195,KCab-m,right,7261,dopamine,0
941123755,PEN_b(PEN2),noside,7262,octopamine,0
941123943,PFL1,noside,7263,acetylcholine,0
941127873,hDeltaM,noside,7264,glutamate,1
941132270,PFNa,noside,7265,acetylcholine,0
941132430,PFL3,noside,7266,dopamine,0
941132434,EPG,noside,7267,glutamate,1
941136490,hDeltaK,noside,7268,neither,0
941136727,SpsP,right,7269,glutamate,1
941141029,hDeltaC,noside,7270,dopamine,0
941145299,PS149,right,7271,serotonin,0
941244280,PFNa,noside,7272,acetylcholine,0
941469087,Delta7,right,7273,glutamate,1
941469110,SpsP,right,7274,glutamate,1
941469301,P1-9,right,7275,octopamine,0
941482720,Delta7,left,7276,glutamate,1
941810314,Delta7,left,7277,glutamate,1
941814244,IbSpsP,noside,7278,glutamate,1
941814787,Delta7,left,7279,glutamate,1
941831818,IbSpsP,noside,7280,acetylcholine,0
941840616,hDeltaB,noside,7281,acetylcholine,0
941939879,PFL3,noside,7282,acetylcholine,0
942172462,PFNp_b,noside,7283,glutamate,1
942172835,PFL3,noside,7284,glutamate,1
942173776,PEG,noside,7285,glutamate,1
942254492,PFNp_e,noside,7286,acetylcholine,0
942254554,PFNa,noside,7287,acetylcholine,0
942491983,EPG,noside,7288,glutamate,1
942496391,hDeltaI,noside,7289,glutamate,1
942522378,Delta7,right,7290,glutamate,1
942535218,PFNp_b,noside,7291,octopamine,0
942539535,PFNp_d,noside,7292,glutamate,1
942587380,PEG,noside,7293,glutamate,1
942677658,LHPV4f1_a,right,7294,gaba,1
942725696,LHPV2f2,right,7295,gaba,1
942730172,PS272,right,7296,glutamate,1
942837451,hDeltaI,noside,7297,glutamate,1
942959557,IbSpsP,noside,7298,glutamate,1
943048975,LHPV4g1,right,7299,glutamate,1
943066738,PLP160,right,7300,gaba,1
943118619,KCg-d,right,7301,dopamine,0
943226223,PFNp_b,noside,7302,glutamate,1
943269573,IbSpsP,noside,7303,glutamate,1
943412282,PLP043,right,7304,glutamate,1
943416162,LHPV2i1,right,7305,acetylcholine,0
943420877,PLP040,right,7306,glutamate,1
943420912,aMe17b,noside,7307,acetylcholine,0
943420940,PLP041,right,7308,glutamate,1
943425979,PLP097,right,7309,acetylcholine,0
943592738,PFNp_b,noside,7310,acetylcholine,0
943592753,vDeltaI,noside,7311,dopamine,0
943592989,PFNp_b,noside,7312,acetylcholine,0
943809606,PVLP109,right,7313,acetylcholine,0
943822621,aMe10,left,7314,acetylcholine,0
943874210,IB047,right,7315,neither,0
943890871,WED100,right,7316,glutamate,1
943920985,hDeltaK,noside,7317,dopamine,0
943921162,PFR_a,noside,7318,dopamine,0
943921248,PFNa,noside,7319,acetylcholine,0
943929688,vDeltaE,noside,7320,dopamine,0
943933727,PFNp_d,noside,7321,acetylcholine,0
943955813,PFR_b,noside,7322,glutamate,1
944047683,LHAV2b7_b,right,7323,acetylcholine,0
944055652,LHAV4g2,right,7324,gaba,1
944132752,PLP152,right,7325,acetylcholine,0
944146138,PLP177,right,7326,acetylcholine,0
944224077,LAL147,right,7327,glutamate,1
944249308,SAD077,right,7328,glutamate,1
944262351,PFL3,noside,7329,acetylcholine,0
944371051,LHPV2b3,right,7330,gaba,1
944379777,LHPV4g1,right,7331,glutamate,1
944423023,LHAV2g2_b,right,7332,acetylcholine,0
944720631,LHAV2g5,right,7333,acetylcholine,0
944724233,LHAV2b1,right,7334,acetylcholine,0
944729222,LHAV2b8,right,7335,acetylcholine,0
944729312,LHAV4g2,right,7336,gaba,1
944802835,PLP186,right,7337,glutamate,1
944807084,LC28a,right,7338,acetylcholine,0
944832523,CL331,right,7339,acetylcholine,0
944849628,CL299_a,right,7340,acetylcholine,0
944892798,PS119,left,7341,acetylcholine,0
944974703,DNb04,left,7342,glutamate,1
945057870,LHPV3a3_b,right,7343,dopamine,0
945058110,LHAV2g6,right,7344,acetylcholine,0
945161760,CL127,right,7345,gaba,1
945237807,PS009,right,7346,acetylcholine,0
945238486,IB090,right,7347,acetylcholine,0
945354221,IB022,left,7348,acetylcholine,0
945354528,PS107,left,7349,glutamate,1
945523774,IB055,right,7350,acetylcholine,0
945527072,CL086_e,right,7351,acetylcholine,0
945527623,IB055,right,7352,acetylcholine,0
945531980,CL089_c,right,7353,acetylcholine,0
945532137,CL223,right,7354,acetylcholine,0
945532230,CL340,left,7355,acetylcholine,0
945532473,CL223,right,7356,acetylcholine,0
945647730,IB038,left,7357,glutamate,1
945820710,CL315,right,7358,glutamate,1
945868190,CL314,right,7359,gaba,1
945868812,CL223,right,7360,acetylcholine,0
945869060,CL299_b,right,7361,acetylcholine,0
945894581,SMP067,right,7362,glutamate,1
945899187,IB113,right,7363,acetylcholine,0
946081491,LHAV1a4,right,7364,acetylcholine,0
946123380,LHAV4g1_a,right,7365,gaba,1
946153322,LHPV2c3,right,7366,gaba,1
946204816,CL086_d,right,7367,acetylcholine,0
946209279,CL171,right,7368,acetylcholine,0
946209663,CL221,right,7369,acetylcholine,0
946214177,CL089_a,right,7370,acetylcholine,0
946214186,CL223,right,7371,acetylcholine,0
946300031,hDeltaK,noside,7372,dopamine,0
946300206,FB5G,left,7373,glutamate,1
946300310,FB6X,left,7374,glutamate,1
946304445,hDeltaC,noside,7375,dopamine,0
946304488,FB5AB,left,7376,dopamine,0
946308203,FB6A,right,7377,octopamine,0
946308462,FS1A,left,7378,dopamine,0
946339109,PS167,left,7379,glutamate,1
946485296,LHPV2c4,right,7380,gaba,1
946495259,CL200,right,7381,acetylcholine,0
946533908,CL222,right,7382,acetylcholine,0
946546270,CL086_d,right,7383,acetylcholine,0
946550009,CL086_b,right,7384,acetylcholine,0
946567625,IB028,right,7385,acetylcholine,0
946585328,SMP489,left,7386,acetylcholine,0
946641153,hDeltaC,noside,7387,dopamine,0
946641212,FB6D,right,7388,octopamine,0
946641278,hDeltaC,noside,7389,dopamine,0
946645190,FS3,left,7390,acetylcholine,0
946645313,FB6C_a,right,7391,octopamine,0
946649598,FB6J,left,7392,glutamate,1
946658448,FB6L,right,7393,glutamate,1
946667252,IB115,left,7394,acetylcholine,0
946684931,SMP459,left,7395,acetylcholine,0
946722969,CL273,left,7396,,0
946814479,LHPV2b5_a,right,7397,gaba,1
946853206,CL238,right,7398,glutamate,1
946892215,CL280,right,7399,acetylcholine,0
946978006,FB6F,left,7400,glutamate,1
946981790,vDeltaC,noside,7401,dopamine,0
946990515,FB6B,left,7402,glutamate,1
947003647,FS3,right,7403,glutamate,1
947003825,FB7J,left,7404,glutamate,1
947103902,LHAV4g15,right,7405,gaba,1
947168406,LHAV2b4,right,7406,acetylcholine,0
947172504,LHPV3b1_a,right,7407,dopamine,0
947193705,SAD035,right,7408,acetylcholine,0
947212143,PLP188,right,7409,acetylcholine,0
947233211,CL005,right,7410,acetylcholine,0
947233693,AVLP241,right,7411,acetylcholine,0
947258925,CL198_a,right,7412,glutamate,1
947340226,vDeltaC,noside,7413,dopamine,0
947349354,vDeltaB,noside,7414,glutamate,1
947453617,LHAV4g11,right,7415,gaba,1
947462997,LHAV4g4_a,right,7416,gaba,1
947513805,M_vPNml62,right,7417,gaba,1
947530600,SLP231,right,7418,acetylcholine,0
947564983,AVLP173,right,7419,acetylcholine,0
947573616,AVLP016,right,7420,glutamate,1
947574106,CL280,right,7421,acetylcholine,0
947582284,CL308,right,7422,acetylcholine,0
947590512,PS001,right,7423,gaba,1
947608249,CL217,right,7424,acetylcholine,0
947663945,FB6O,left,7425,glutamate,1
947664053,FB1I,left,7426,glutamate,1
947681334,FS3,right,7427,dopamine,0
947681560,FS3,left,7428,dopamine,0
947681574,FC2C,left,7429,glutamate,1
947685488,FB6K,right,7430,dopamine,0
947685653,FC2C,right,7431,dopamine,0
947743009,SMP594,left,7432,gaba,1
947751030,CL185,left,7433,,0
947795335,LHAV2c1,right,7434,acetylcholine,0
947820593,SLP018,right,7435,glutamate,1
947858407,WEDPN8C,right,7436,acetylcholine,0
947858895,LHPD2c6,right,7437,glutamate,1
947859021,LHPD2a6,right,7438,glutamate,1
947862945,LHPD2a6,right,7439,glutamate,1
947898091,SMP282,right,7440,glutamate,1
947923543,PVLP107,right,7441,glutamate,1
947988379,FB4Z,right,7442,glutamate,1
948017897,vDeltaB,noside,7443,dopamine,0
948026741,vDeltaB,noside,7444,dopamine,0
948030821,vDeltaD,noside,7445,glutamate,1
948031088,vDeltaD,noside,7446,glutamate,1
948035783,FB5S,left,7447,octopamine,0
948135822,LHAV2a2,right,7448,acetylcholine,0
948260484,CL123,right,7449,acetylcholine,0
948333576,hDeltaE,noside,7450,dopamine,0
948333783,PFL2,noside,7451,acetylcholine,0
948342102,vDeltaA_a,noside,7452,dopamine,0
948342190,FB8A,left,7453,glutamate,1
948346463,FB7B,left,7454,dopamine,0
948346519,FB8H,left,7455,glutamate,1
948363394,vDeltaA_b,noside,7456,glutamate,1
948363764,FB8C,right,7457,glutamate,1
948372363,hDeltaF,noside,7458,dopamine,0
948372442,FS3,left,7459,dopamine,0
948376677,FB4Z,left,7460,glutamate,1
948376859,FB6L,left,7461,dopamine,0
948683239,FS4B,right,7462,acetylcholine,0
948704521,FS4A,right,7463,acetylcholine,0
948704585,FS3,left,7464,acetylcholine,0
948704770,FS4A,left,7465,acetylcholine,0
948708664,vDeltaA_b,noside,7466,dopamine,0
948709216,ExR1,right,7467,glutamate,1
948778197,CL184,left,7468,,0
948812702,LHAV4d3,right,7469,gaba,1
948834414,VL2a_vPN,right,7470,gaba,1
948851462,AVLP494,right,7471,acetylcholine,0
948933005,AVLP141,right,7472,acetylcholine,0
949015717,hDeltaF,noside,7473,dopamine,0
949045596,FS4B,right,7474,acetylcholine,0
949045811,FB8B,right,7475,glutamate,1
949054716,hDeltaF,noside,7476,dopamine,0
949534412,aSP-g1,right,7477,acetylcholine,0
949537961,AVLP244,right,7478,acetylcholine,0
949710555,ExR1,right,7479,octopamine,0
949870573,AVLP010,right,7480,gaba,1
949904356,PVLP005,right,7481,glutamate,1
949904655,PVLP004,right,7482,glutamate,1
949930583,AOTU040,right,7483,glutamate,1
949931381,CL090_a,right,7484,acetylcholine,0
949986251,FB2F_c,right,7485,glutamate,1
950229431,PPM1201,right,7486,dopamine,0
950233506,AVLP042,right,7487,acetylcholine,0
950544340,AVLP308,right,7488,acetylcholine,0
950561202,LT74,right,7489,glutamate,1
950569546,AVLP586,left,7490,glutamate,1
950591319,SMP268,right,7491,glutamate,1
950880008,AVLP079,right,7492,gaba,1
950881138,AVLP302,right,7493,acetylcholine,0
950885567,AVLP305,right,7494,acetylcholine,0
950888882,AVLP155,right,7495,acetylcholine,0
950919329,AVLP585,left,7496,glutamate,1
950928506,AVLP041,right,7497,acetylcholine,0
951018323,PLP042_c,right,7498,glutamate,1
951234119,AVLP585,left,7499,glutamate,1
951234513,AVLP018,right,7500,acetylcholine,0
951567246,AVLP220,right,7501,acetylcholine,0
951592811,AVLP167_a,right,7502,acetylcholine,0
951597076,AVLP190,right,7503,acetylcholine,0
951640635,AVLP247,right,7504,acetylcholine,0
951645198,CL344,left,7505,serotonin,0
951670988,LAL035,right,7506,acetylcholine,0
951738965,SMP468,right,7507,acetylcholine,0
951808062,FS1A,right,7508,dopamine,0
951916894,AVLP171,right,7509,acetylcholine,0
951933611,AVLP190,right,7510,acetylcholine,0
951934183,AVLP437,right,7511,acetylcholine,0
951934694,SMP572,right,7512,dopamine,0
951959415,CL095,right,7513,acetylcholine,0
951986127,CL062_a,right,7514,acetylcholine,0
952166828,FB5K,left,7515,glutamate,1
952249657,PLP056,right,7516,acetylcholine,0
952266169,AVLP110,right,7517,acetylcholine,0
952374245,LAL114,right,7518,acetylcholine,0
952525648,VES059,right,7519,acetylcholine,0
952624405,CL267,right,7520,acetylcholine,0
952642507,CL033,right,7521,dopamine,0
952723817,CRE056,right,7522,gaba,1
952724101,CRE056,right,7523,gaba,1
952727922,PLP048,right,7524,glutamate,1
952978874,CL033,right,7525,serotonin,0
952987284,LAL086,right,7526,gaba,1
953004445,AVLP011,right,7527,gaba,1
953004705,mAL3A,left,7528,gaba,1
953013850,CL342,right,7529,acetylcholine,0
953029783,KCab-s,right,7530,dopamine,0
953285091,AVLP522,right,7531,acetylcholine,0
953302667,AVLP045,right,7532,acetylcholine,0
953306312,AVLP047,right,7533,acetylcholine,0
953319814,AOTU038,right,7534,gaba,1
953410147,CRE056,right,7535,gaba,1
953414780,FB4H,right,7536,glutamate,1
953635591,AVLP051,right,7537,acetylcholine,0
953639677,AVLP050,right,7538,acetylcholine,0
953639837,AVLP051,right,7539,acetylcholine,0
953712141,KCab-m,right,7540,dopamine,0
953755666,LHAV9a1_c,right,7541,dopamine,0
953855039,LAL110,right,7542,dopamine,0
953975241,MC61,noside,7543,acetylcholine,0
954010798,LC10,noside,7544,glutamate,1
954023855,PVLP145,right,7545,acetylcholine,0
954053018,KCab-c,right,7546,dopamine,0
954053251,KCab-c,right,7547,dopamine,0
954053261,KCab-m,right,7548,dopamine,0
954222134,PAM14,left,7549,dopamine,0
954342682,LC10,noside,7550,acetylcholine,0
954528474,PAM08_c,left,7551,dopamine,0
954675120,LC10,noside,7552,glutamate,1
954679716,TuBu07,right,7553,acetylcholine,0
954692704,LC10,noside,7554,acetylcholine,0
954705691,AOTU062,right,7555,gaba,1
954730964,KCab-s,right,7556,dopamine,0
955020637,LC10,noside,7557,acetylcholine,0
955024591,LC10,noside,7558,acetylcholine,0
955024652,AOTU059,right,7559,gaba,1
955024729,LC10,noside,7560,acetylcholine,0
955029299,LC10,noside,7561,acetylcholine,0
955365353,LC10,noside,7562,glutamate,1
955365826,LC10,noside,7563,glutamate,1
955374672,LC10,noside,7564,acetylcholine,0
955374862,LC10,noside,7565,glutamate,1
955378609,LC10,noside,7566,glutamate,1
955383212,LC10,noside,7567,dopamine,0
955383233,LC10,noside,7568,acetylcholine,0
955464899,PAM12,right,7569,dopamine,0
955591114,PAM14,left,7570,dopamine,0
955698260,LC10,noside,7571,glutamate,1
955702120,LC10,noside,7572,glutamate,1
955715991,LC10,noside,7573,acetylcholine,0
955733080,AOTU004,right,7574,acetylcholine,0
956043578,LC10,noside,7575,glutamate,1
956056543,LC10,noside,7576,glutamate,1
956060536,LC10,noside,7577,glutamate,1
956060773,LC10,noside,7578,acetylcholine,0
956082289,LC10,noside,7579,acetylcholine,0
956126012,PLP048,right,7580,glutamate,1
956138930,PAM08_a,right,7581,dopamine,0
956212778,FB4E,left,7582,glutamate,1
956384643,LC10,noside,7583,acetylcholine,0
956397821,LC10,noside,7584,acetylcholine,0
956398176,AOTU011,right,7585,glutamate,1
956518968,LAL200,right,7586,acetylcholine,0
956820684,LAL110,right,7587,dopamine,0
957131025,LAL043,right,7588,gaba,1
957506896,FB5W,right,7589,glutamate,1
958197533,LAL042,right,7590,glutamate,1
970772961,KCab-c,right,7591,dopamine,0
970777114,KCab-c,right,7592,dopamine,0
970777224,KCab-c,right,7593,dopamine,0
971113967,KCab-c,right,7594,dopamine,0
971118202,KCab-m,right,7595,dopamine,0
971118588,KCab-c,right,7596,dopamine,0
971118724,KCab-c,right,7597,dopamine,0
971459227,KCab-m,right,7598,dopamine,0
971506655,PFNa,noside,7599,acetylcholine,0
971817401,PFNp_a,noside,7600,acetylcholine,0
971817711,PFNv,noside,7601,acetylcholine,0
971830386,PS153,right,7602,glutamate,1
971830405,CL243,right,7603,glutamate,1
971830406,CL243,right,7604,glutamate,1
971830451,PS152,right,7605,glutamate,1
971830571,IB041,right,7606,glutamate,1
971834643,CL240,right,7607,glutamate,1
972080542,KCab-c,right,7608,dopamine,0
972128731,KCg-m,right,7609,dopamine,0
972175754,IB032,right,7610,glutamate,1
972513129,P6-8P9,right,7611,glutamate,1
972555509,PEG,noside,7612,glutamate,1
972603320,OCG09,noside,7613,unknown,0
972624772,PFNm_a,noside,7614,acetylcholine,0
972633484,FS2,left,7615,acetylcholine,0
972858260,PFR_a,noside,7616,dopamine,0
972871918,PFNa,noside,7617,acetylcholine,0
972892437,PEN_a(PEN1),noside,7618,acetylcholine,0
972931455,PS122,left,7619,acetylcholine,0
973047668,LHPV5m1,right,7620,acetylcholine,0
973146958,KCg-m,right,7621,dopamine,0
973151229,KCg-m,right,7622,dopamine,0
973423536,WED092,left,7623,acetylcholine,0
973431882,WED093,right,7624,acetylcholine,0
973436416,AVLP560,right,7625,gaba,1
973488234,KCg-m,right,7626,dopamine,0
973566036,PEN_b(PEN2),noside,7627,glutamate,1
973765182,WEDPN2A,right,7628,gaba,1
973816592,KCg-d,right,7629,dopamine,0
973894912,IbSpsP,noside,7630,acetylcholine,0
973954598,PFR_a,noside,7631,dopamine,0
973959177,Delta7,left,7632,glutamate,1
973963898,IbSpsP,noside,7633,glutamate,1
974027716,PVLP133_a,right,7634,acetylcholine,0
974239375,PEG,noside,7635,glutamate,1
974300015,PEG,noside,7636,serotonin,0
974455281,WED093,left,7637,acetylcholine,0
974455962,PLP221,right,7638,acetylcholine,0
974456295,PLP028,right,7639,gaba,1
974460512,LHPV2f2,right,7640,gaba,1
974485542,PLP081,right,7641,glutamate,1
974581052,VES058,right,7642,gaba,1
974606303,PFR_a,noside,7643,dopamine,0
974627674,PFNd,noside,7644,acetylcholine,0
974645472,PFR_a,noside,7645,dopamine,0
974732162,LHPV4i3_b,right,7646,glutamate,1
974788612,LHPV2e1_a,right,7647,gaba,1
974788614,LHPV3a3_c,right,7648,acetylcholine,0
974839595,LC36,right,7649,acetylcholine,0
974839704,LC36,right,7650,acetylcholine,0
974839706,LC36,right,7651,acetylcholine,0
974839708,LC36,right,7652,acetylcholine,0
974843875,aMe10,right,7653,acetylcholine,0
974843876,LC36,right,7654,acetylcholine,0
974843892,KCg-d,right,7655,dopamine,0
974908522,ATL045,right,7656,glutamate,1
974968796,PFNm_a,noside,7657,acetylcholine,0
974995783,ATL042,left,7658,dopamine,0
975072882,LHAV4g7_a,right,7659,gaba,1
975197713,LAL192,right,7660,acetylcholine,0
975289165,SAD077,right,7661,glutamate,1
975432645,LHAV4a3_a,right,7662,gaba,1
975457916,M_vPNml60,right,7663,gaba,1
975518615,KCg-d,right,7664,dopamine,0
975560497,PS107,right,7665,acetylcholine,0
975750913,LHAV2c2,right,7666,acetylcholine,0
975872458,CL090_c,right,7667,acetylcholine,0
975910355,PS293,right,7668,acetylcholine,0
976187276,LT75,right,7669,acetylcholine,0
976190756,PLP013,right,7670,acetylcholine,0
976213048,CL090_c,right,7671,acetylcholine,0
976221301,CL321,right,7672,acetylcholine,0
976351031,PS119,right,7673,acetylcholine,0
976515311,LC40b,right,7674,acetylcholine,0
976562755,CL297,right,7675,acetylcholine,0
976571317,CL223,right,7676,acetylcholine,0
976575766,PS038,right,7677,acetylcholine,0
976730002,CL225,left,7678,acetylcholine,0
976830572,M_vPNml60,right,7679,gaba,1
976890849,CL222,right,7680,acetylcholine,0
976903657,CL299_b,right,7681,acetylcholine,0
976912883,CL085,right,7682,acetylcholine,0
976916515,PS092,right,7683,gaba,1
976917230,CL354,right,7684,glutamate,1
976934253,SMP594,right,7685,gaba,1
976964834,IB022,right,7686,acetylcholine,0
976993950,FC3,left,7687,acetylcholine,0
976994022,FS1A,left,7688,dopamine,0
976997912,FC3,right,7689,acetylcholine,0
976997968,PFR_a,noside,7690,dopamine,0
977002560,FS1B,right,7691,acetylcholine,0
977002583,vDeltaE,noside,7692,glutamate,1
977002744,FB6U,right,7693,glutamate,1
977002807,FS2,left,7694,acetylcholine,0
977006924,FB5Z,right,7695,glutamate,1
977045758,IB010,right,7696,gaba,1
977123707,LHAV2b5_a,right,7697,acetylcholine,0
977201052,LC24,noside,7698,glutamate,1
977201905,AVLP044_a,right,7699,acetylcholine,0
977205675,AVLP091,right,7700,gaba,1
977218524,PLP115_a,right,7701,acetylcholine,0
977222655,PVLP102,right,7702,gaba,1
977223393,PLP076,right,7703,gaba,1
977240945,CL354,left,7704,glutamate,1
977295669,IB071,right,7705,acetylcholine,0
977335062,FB5B,left,7706,glutamate,1
977335118,FS2,left,7707,glutamate,1
977335129,FC2B,right,7708,dopamine,0
977338882,FB5Y,right,7709,glutamate,1
977339122,FB5L,right,7710,glutamate,1
977339225,FC2B,left,7711,dopamine,0
977339390,FB5Z,left,7712,glutamate,1
977343309,FB5S,left,7713,glutamate,1
977352144,vDeltaE,noside,7714,glutamate,1
977352235,FC2B,left,7715,glutamate,1
977387419,CL158,left,7716,acetylcholine,0
977413163,IB016,left,7717,glutamate,1
977598865,CL318,right,7718,gaba,1
977628790,IB038,right,7719,glutamate,1
977654923,FB4Z,right,7720,glutamate,1
977663849,hDeltaK,noside,7721,neither,0
977667682,hDeltaK,noside,7722,dopamine,0
977697454,hDeltaL,noside,7723,dopamine,0
977697611,FS1A,left,7724,dopamine,0
977710985,AOTU046,left,7725,glutamate,1
977727797,CL098,left,7726,,0
977866721,M_vPNml65,right,7727,gaba,1
977910262,PLP188,right,7728,acetylcholine,0
977913894,PLP115_b,right,7729,acetylcholine,0
977995787,FB8B,right,7730,glutamate,1
977995796,FB5U,right,7731,glutamate,1
978004433,FS2,left,7732,dopamine,0
978021140,hDeltaA,noside,7733,acetylcholine,0
978042898,vDeltaD,noside,7734,glutamate,1
978051730,AOTU046,left,7735,glutamate,1
978056035,IB022,left,7736,acetylcholine,0
978177557,LHAV2g2_a,right,7737,acetylcholine,0
978249801,CL347,left,7738,glutamate,1
978271978,CL252,right,7739,gaba,1
978336697,FB5R,right,7740,glutamate,1
978336888,AOTU046,right,7741,glutamate,1
978345784,FC2C,right,7742,dopamine,0
978345861,hDeltaL,noside,7743,dopamine,0
978358080,hDeltaH,noside,7744,acetylcholine,0
978366493,FB6O,right,7745,glutamate,1
978370600,FS2,right,7746,glutamate,1
978387957,hDeltaK,noside,7747,glutamate,1
978432050,PS111,left,7748,,0
978643042,WED123,right,7749,neither,0
978673646,FB6M,right,7750,glutamate,1
978681977,FC2C,left,7751,dopamine,0
978682042,vDeltaD,noside,7752,dopamine,0
978686129,FS3,left,7753,dopamine,0
978716112,vDeltaB,noside,7754,dopamine,0
978720592,FB6U,left,7755,glutamate,1
978724517,vDeltaC,noside,7756,glutamate,1
978724939,hDeltaC,noside,7757,glutamate,1
978733459,ExR5,left,7758,glutamate,1
978855713,AVLP295,right,7759,acetylcholine,0
978907009,CL283,right,7760,glutamate,1
978971398,CL123,right,7761,acetylcholine,0
979022908,vDeltaB,noside,7762,dopamine,0
979027169,FS3,right,7763,dopamine,0
979027431,vDeltaA_b,noside,7764,dopamine,0
979048306,vDeltaB,noside,7765,dopamine,0
979052812,FB7E,left,7766,glutamate,1
979065964,FB6Z,right,7767,glutamate,1
979066072,FS3,right,7768,acetylcholine,0
979069882,FS3,right,7769,serotonin,0
979070167,vDeltaD,noside,7770,glutamate,1
979122317,PS119,right,7771,acetylcholine,0
979286788,AVLP312,right,7772,acetylcholine,0
979368408,FS3,right,7773,dopamine,0
979398348,vDeltaA_b,noside,7774,glutamate,1
979519562,LHAV4c1_a,right,7775,gaba,1
979567244,LC24,noside,7776,acetylcholine,0
979627466,CL065,right,7777,acetylcholine,0
979666456,LAL006,right,7778,acetylcholine,0
979709436,vDeltaA_b,noside,7779,dopamine,0
979752365,PFL2,noside,7780,acetylcholine,0
979857196,LHAV4g1_a,right,7781,gaba,1
980089353,FS3,right,7782,dopamine,0
980198319,LHAV4a4,right,7783,gaba,1
980253830,AVLP344,right,7784,acetylcholine,0
980262532,AVLP583,left,7785,glutamate,1
980391392,FS4A,right,7786,acetylcholine,0
980391580,FB8A,right,7787,glutamate,1
980573057,SLP015_d,right,7788,glutamate,1
980598738,LC41,right,7789,acetylcholine,0
980737209,FB5S,right,7790,glutamate,1
980978890,CRE061,right,7791,acetylcholine,0
980982986,CRE061,right,7792,acetylcholine,0
981000564,DNp42,right,7793,acetylcholine,0
981194127,AVLP083,right,7794,gaba,1
981215328,SLP041,right,7795,acetylcholine,0
981306568,AOTU039,right,7796,glutamate,1
981306774,AOTU038,right,7797,gaba,1
981319733,CL270,right,7798,acetylcholine,0
981333558,CL279,right,7799,acetylcholine,0
981362334,FB2G_a,right,7800,glutamate,1
981547981,LHAD1i2_b,right,7801,acetylcholine,0
981583545,PLP183,right,7802,glutamate,1
981583738,AVLP220,right,7803,acetylcholine,0
981627104,AVLP312,right,7804,acetylcholine,0
981924087,AVLP168,right,7805,acetylcholine,0
981967586,AVLP167_a,right,7806,acetylcholine,0
981976338,AVLP312,right,7807,acetylcholine,0
982070626,FS1B,left,7808,acetylcholine,0
982252540,AVLP002,right,7809,gaba,1
982343007,AVLP248,right,7810,acetylcholine,0
982389963,LAL066,right,7811,gaba,1
982540894,CRE090,left,7812,dopamine,0
982674745,aSP8,right,7813,gaba,1
982684071,AVLP248,right,7814,acetylcholine,0
982684196,CL341,right,7815,acetylcholine,0
982688871,AOTU062,right,7816,gaba,1
982968977,AVLP163,right,7817,acetylcholine,0
982982098,CL266_b,right,7818,acetylcholine,0
982994156,AOTU056,right,7819,gaba,1
983007405,SLP226,right,7820,acetylcholine,0
983042740,LAL061,right,7821,gaba,1
983067799,FS1A,left,7822,dopamine,0
983093876,FS1A,left,7823,dopamine,0
983296591,AVLP144,right,7824,acetylcholine,0
983362172,AVLP009,right,7825,gaba,1
983425901,PLP042_a,right,7826,glutamate,1
983426636,FS1A,left,7827,dopamine,0
983430664,FS1A,right,7828,dopamine,0
983529474,PLP042_b,left,7829,glutamate,1
983646563,CL363,right,7830,acetylcholine,0
983663810,AVLP051,right,7831,acetylcholine,0
983759126,PAM12,right,7832,dopamine,0
983767417,LAL175,right,7833,acetylcholine,0
983767602,FS1B,left,7834,dopamine,0
983905050,CRE089,left,7835,dopamine,0
984008765,AOTU056,right,7836,gaba,1
984018803,MC64,noside,7837,acetylcholine,0
984030630,DNp34,left,7838,acetylcholine,0
984405805,KCab-m,right,7839,dopamine,0
984440810,LAL062,right,7840,gaba,1
984449267,CRE056,right,7841,gaba,1
984536209,LAL100,right,7842,gaba,1
984540390,CRE059,left,7843,acetylcholine,0
984746802,KCab-m,right,7844,dopamine,0
984794932,CRE068,right,7845,acetylcholine,0
984799284,CRE060,right,7846,glutamate,1
985005781,MC61,noside,7847,acetylcholine,0
985036637,LC10,noside,7848,acetylcholine,0
985131499,MBON22,left,7849,acetylcholine,0
985347040,LC10,noside,7850,acetylcholine,0
985347061,LC10,noside,7851,acetylcholine,0
985369220,LC10,noside,7852,glutamate,1
985377724,LC10,noside,7853,glutamate,1
985386679,LC10,noside,7854,acetylcholine,0
985429128,KCab-m,right,7855,dopamine,0
985472994,LAL198,left,7856,acetylcholine,0
985710145,LC10,noside,7857,glutamate,1
985714517,LC10,noside,7858,glutamate,1
985722546,LC10,noside,7859,glutamate,1
985722839,LC10,noside,7860,acetylcholine,0
985731781,LC10,noside,7861,acetylcholine,0
985805061,CRE065,right,7862,acetylcholine,0
985813153,MBON21,left,7863,acetylcholine,0
985826737,LAL185,right,7864,acetylcholine,0
985835016,CRE101,right,7865,acetylcholine,0
986059699,LC10,noside,7866,glutamate,1
986059778,LC10,noside,7867,glutamate,1
986063833,LC10,noside,7868,acetylcholine,0
986089634,AOTU003,right,7869,acetylcholine,0
986098785,AOTU008_a,right,7870,acetylcholine,0
986396100,LC10,noside,7871,glutamate,1
986396204,LC10,noside,7872,acetylcholine,0
986404884,LC10,noside,7873,glutamate,1
986422220,LC10,noside,7874,acetylcholine,0
986758977,LC10,noside,7875,acetylcholine,0
986759122,LC10,noside,7876,acetylcholine,0
986763451,LC10,noside,7877,glutamate,1
986763734,LC10,noside,7878,glutamate,1
986767293,LC10,noside,7879,glutamate,1
986793149,KCa'b'-ap2,right,7880,dopamine,0
986828383,PAM13,right,7881,dopamine,0
986918760,CRE106,left,7882,,0
986974738,CRE010,left,7883,glutamate,1
987091864,LC10,noside,7884,glutamate,1
987104744,LC10,noside,7885,glutamate,1
987116716,LC10,noside,7886,acetylcholine,0
987117151,LAL010,right,7887,acetylcholine,0
987419139,LC10,noside,7888,acetylcholine,0
987419574,LC10,noside,7889,glutamate,1
987419663,LC10,noside,7890,glutamate,1
987424042,LC10,noside,7891,acetylcholine,0
987424258,LC10,noside,7892,glutamate,1
987759904,TuTuB_b,left,7893,glutamate,1
987877232,FB4K,left,7894,glutamate,1
987997896,PAM13,left,7895,dopamine,0
988269593,FB4E,left,7896,glutamate,1
988567837,FB4G,right,7897,glutamate,1
988632865,VES045,left,7898,gaba,1
988852391,PAM08_a,right,7899,dopamine,0
988909130,FB5V,right,7900,glutamate,1
989228019,FB5V,right,7901,glutamate,1
1001453586,KCa'b'-ap1,right,7902,dopamine,0
1002360103,AVLP464,right,7903,gaba,1
1002507131,PEN_a(PEN1),noside,7904,acetylcholine,0
1002507159,EPG,noside,7905,glutamate,1
1002507170,PFL1,noside,7906,acetylcholine,0
1002658094,FR2,noside,7907,acetylcholine,0
1002848124,PFNd,noside,7908,acetylcholine,0
1002848661,PEG,noside,7909,serotonin,0
1002852791,EPG,noside,7910,glutamate,1
1002861071,PS148,right,7911,glutamate,1
1002999221,PFR_b,noside,7912,acetylcholine,0
1003094304,CL147,right,7913,glutamate,1
1003215282,CL229,right,7914,glutamate,1
1003215591,IB035,right,7915,glutamate,1
1003249888,hDeltaK,noside,7916,glutamate,1
1003318634,PFNd,noside,7917,glutamate,1
1003474104,KCa'b'-ap1,right,7918,dopamine,0
1003474283,KCg-m,right,7919,dopamine,0
1003478461,KCg-m,right,7920,dopamine,0
1003564889,hDeltaK,noside,7921,octopamine,0
1003655362,OCG09,noside,7922,unknown,0
1003659595,PFNp_b,noside,7923,glutamate,1
1003672766,PFL1,noside,7924,acetylcholine,0
1003672833,IbSpsP,noside,7925,glutamate,1
1003837184,KCg-d,right,7926,dopamine,0
1004014587,PEG,noside,7927,glutamate,1
1004017998,EPG,noside,7928,glutamate,1
1004018344,P6-8P9,left,7929,glutamate,1
1004086995,PLP081,right,7930,glutamate,1
1004450322,PLP135,right,7931,acetylcholine,0
1004514584,KCg-d,right,7932,dopamine,0
1004514714,KCg-d,right,7933,dopamine,0
1004527604,KCg-m,right,7934,dopamine,0
1004527691,KCg-m,right,7935,dopamine,0
1004527700,KCg-m,right,7936,dopamine,0
1004700437,PFL3,noside,7937,acetylcholine,0
1004804445,PLP027,right,7938,gaba,1
1005102825,SLP334,right,7939,glutamate,1
1005110376,LC28b,noside,7940,acetylcholine,0
1005119041,LHPV5m1,right,7941,acetylcholine,0
1005149651,PLP096,right,7942,acetylcholine,0
1005174931,PLP127,right,7943,glutamate,1
1005174948,aMe9,noside,7944,acetylcholine,0
1005174975,PLP117,right,7945,glutamate,1
1005179264,KCg-m,right,7946,dopamine,0
1005179377,KCg-d,right,7947,dopamine,0
1005196784,LAL202,right,7948,acetylcholine,0
1005252630,IB046,right,7949,acetylcholine,0
1005261219,hDeltaL,noside,7950,acetylcholine,0
1005261469,PFR_b,noside,7951,glutamate,1
1005308608,EL,left,7952,acetylcholine,0
1005490210,WEDPN6A,right,7953,gaba,1
1005499520,PLP044,right,7954,glutamate,1
1005602221,PLP071,right,7955,acetylcholine,0
1005611449,ATL028,left,7956,acetylcholine,0
1005611902,LAL150,right,7957,glutamate,1
1005624122,SAD078,right,7958,glutamate,1
1005710800,ExR7,left,7959,acetylcholine,0
1005857944,PLP031,right,7960,dopamine,0
1005857954,LC36,right,7961,acetylcholine,0
1005858013,LC36,right,7962,acetylcholine,0
1005951899,PS206,right,7963,serotonin,0
1005952640,IB058,right,7964,glutamate,1
1005953129,IB008,right,7965,gaba,1
1006068474,DP1m_adPN,left,7966,,0
1006142645,LHAV2b1,right,7967,acetylcholine,0
1006146837,LHPV1d1,right,7968,gaba,1
1006160722,LHPV3b1_a,right,7969,dopamine,0
1006199303,LC28a,noside,7970,glutamate,1
1006233268,IB055,right,7971,acetylcholine,0
1006233768,CL298,right,7972,acetylcholine,0
1006258344,VM5d_adPN,right,7973,acetylcholine,0
1006366928,PS166,left,7974,glutamate,1
1006560977,PLP115_a,right,7975,acetylcholine,0
1006716334,IB045,right,7976,acetylcholine,0
1006854683,WEDPN3,right,7977,gaba,1
1006859972,CL101,right,7978,acetylcholine,0
1006871540,PLP185,right,7979,glutamate,1
1006876508,PLP013,right,7980,acetylcholine,0
1006928515,CL300,right,7981,acetylcholine,0
1006967204,IB008,left,7982,glutamate,1
1006984280,DNp31,right,7983,neither,0
1007053092,CL223,right,7984,acetylcholine,0
1007252570,CL090_c,right,7985,acetylcholine,0
1007256095,CL299_a,right,7986,acetylcholine,0
1007256476,PLP253,right,7987,acetylcholine,0
1007260806,CL301,right,7988,acetylcholine,0
1007402766,PS120,right,7989,acetylcholine,0
1007402796,PS119,right,7990,acetylcholine,0
1007550646,PVLP104,right,7991,gaba,1
1007550653,AVLP584,left,7992,glutamate,1
1007576087,LT79,right,7993,acetylcholine,0
1007606593,PS096_c,right,7994,gaba,1
1007640554,IB042,right,7995,glutamate,1
1007882308,LHPV2c2,right,7996,gaba,1
1007890985,PLP086,right,7997,gaba,1
1007891891,LC44,right,7998,acetylcholine,0
1007895015,IB065,right,7999,glutamate,1
1007895206,AVLP584,left,8000,glutamate,1
1007964729,PS122,left,8001,acetylcholine,0
1007981340,CL183,right,8002,glutamate,1
1008024276,FB5N,right,8003,glutamate,1
1008028537,PFL3,noside,8004,acetylcholine,0
1008037566,FB5U,left,8005,glutamate,1
1008041810,vDeltaG,noside,8006,glutamate,1
1008041892,hDeltaJ,noside,8007,dopamine,0
1008041969,PFR_a,noside,8008,octopamine,0
1008093358,CL179,left,8009,,0
1008253493,PLP125,right,8010,acetylcholine,0
1008292492,PS111,right,8011,glutamate,1
1008369339,FS1B,right,8012,acetylcholine,0
1008369709,hDeltaJ,noside,8013,dopamine,0
1008369816,FB6V,left,8014,glutamate,1
1008378448,FB4Y,right,8015,octopamine,0
1008378609,FB5Y,right,8016,glutamate,1
1008391068,FC2B,left,8017,glutamate,1
1008395737,FC3,right,8018,dopamine,0
1008399765,VES076,left,8019,acetylcholine,0
1008581625,AVLP587,left,8020,glutamate,1
1008595027,AVLP588,left,8021,gaba,1
1008620177,CL049,right,8022,glutamate,1
1008663678,IB038,right,8023,glutamate,1
1008663864,AOTU008_a,right,8024,acetylcholine,0
1008680614,SMP066,right,8025,glutamate,1
1008693462,FC2C,right,8026,dopamine,0
1008693605,FC2C,left,8027,glutamate,1
1008714834,FC3,left,8028,acetylcholine,0
1008714991,FC3,left,8029,acetylcholine,0
1008727784,FC3,left,8030,acetylcholine,0
1008759880,IB114,left,8031,gaba,1
1008926553,AVLP149,right,8032,acetylcholine,0
1008952891,CL345,right,8033,glutamate,1
1008966615,CL300,right,8034,acetylcholine,0
1008970563,CL301,right,8035,acetylcholine,0
1009004209,AOTU008_a,right,8036,acetylcholine,0
1009030186,vDeltaE,noside,8037,dopamine,0
1009030250,vDeltaF,noside,8038,dopamine,0
1009038430,FS2,right,8039,dopamine,0
1009038739,FC3,right,8040,acetylcholine,0
1009043211,hDeltaK,noside,8041,dopamine,0
1009051653,vDeltaE,noside,8042,glutamate,1
1009068880,FB6T,left,8043,glutamate,1
1009130464,CL227,right,8044,acetylcholine,0
1009311804,PS182,right,8045,acetylcholine,0
1009371416,hDeltaC,noside,8046,dopamine,0
1009371529,hDeltaL,noside,8047,dopamine,0
1009371535,FC2B,left,8048,dopamine,0
1009375310,FB7H,right,8049,glutamate,1
1009375497,FC2B,right,8050,dopamine,0
1009375668,FS2,right,8051,acetylcholine,0
1009409823,hDeltaC,noside,8052,dopamine,0
1009475172,PLP229,left,8053,acetylcholine,0
1009578838,SMP560,right,8054,acetylcholine,0
1009600421,AVLP066,right,8055,glutamate,1
1009647986,PLP218,right,8056,glutamate,1
1009652662,CL253,right,8057,gaba,1
1009704231,vDeltaC,noside,8058,dopamine,0
1009708586,FB6K,left,8059,glutamate,1
1009708603,hDeltaL,noside,8060,dopamine,0
1009721053,FS3,right,8061,acetylcholine,0
1009759779,FB6J,right,8062,glutamate,1
1009768220,FS2,right,8063,glutamate,1
1009893717,AVLP246,right,8064,acetylcholine,0
1009919653,PLP118,right,8065,glutamate,1
1009980185,AVLP197,right,8066,acetylcholine,0
1009984360,CL307,right,8067,acetylcholine,0
1010010166,PS005_e,right,8068,glutamate,1
1010044978,FS3,right,8069,acetylcholine,0
1010235132,AVLP495,right,8070,acetylcholine,0
1010273518,PLP086,right,8071,gaba,1
1010437434,FC2C,left,8072,dopamine,0
1010667275,CL113,right,8073,acetylcholine,0
1010713883,CL205,right,8074,acetylcholine,0
1010713958,CL210_b,right,8075,acetylcholine,0
1010713981,CL210_b,right,8076,acetylcholine,0
1010718372,CL210_a,right,8077,acetylcholine,0
1010722557,vDeltaA_b,noside,8078,dopamine,0
1010731508,FS4A,left,8079,acetylcholine,0
1010740063,FS3,right,8080,acetylcholine,0
1010778549,FB6J,right,8081,dopamine,0
1010817979,AOTU064,left,8082,gaba,1
1010947498,AVLP463,right,8083,gaba,1
1010998659,AVLP167_b,right,8084,acetylcholine,0
1010999046,SLP229,right,8085,acetylcholine,0
1011050603,SMP481,right,8086,acetylcholine,0
1011055060,CL210_a,right,8087,acetylcholine,0
1011068028,FB6R,right,8088,glutamate,1
1011076931,FS4A,right,8089,acetylcholine,0
1011184205,DSKMP1B,left,8090,octopamine,0
1011293310,LC41,right,8091,acetylcholine,0
1011314620,CL293,right,8092,acetylcholine,0
1011335902,AVLP167_b,right,8093,acetylcholine,0
1011413348,vDeltaA_a,noside,8094,dopamine,0
1011465025,vDeltaA_b,noside,8095,dopamine,0
1011611587,LAL002,right,8096,glutamate,1
1011616276,LHAV4c1_b,right,8097,gaba,1
1011685011,CL276,right,8098,acetylcholine,0
1011763168,AVLP237_c,right,8099,acetylcholine,0
1011970102,SMP578,right,8100,gaba,1
1011996877,CL108,right,8101,acetylcholine,0
1012108434,AVLP241,right,8102,acetylcholine,0
1012112398,FB7D,right,8103,glutamate,1
1012112486,FB5S,right,8104,dopamine,0
1012112513,FB5U,right,8105,glutamate,1
1012112752,AVLP237_b,right,8106,acetylcholine,0
1012289976,AVLP252,right,8107,gaba,1
1012298719,AVLP044_b,right,8108,acetylcholine,0
1012329216,AVLP183,right,8109,acetylcholine,0
1012341321,AOTU038,right,8110,gaba,1
1012449420,FB6L,right,8111,glutamate,1
1012475364,FB5S,left,8112,glutamate,1
1012479469,FB5S,left,8113,glutamate,1
1012479501,FB5R,left,8114,glutamate,1
1012479733,FB4Z,left,8115,glutamate,1
1012622865,AVLP156,right,8116,acetylcholine,0
1012699945,AVLP149,right,8117,acetylcholine,0
1012954687,AVLP160,right,8118,acetylcholine,0
1013011315,AVLP214,right,8119,acetylcholine,0
1013019093,AOTU039,right,8120,gaba,1
1013040388,CL123,right,8121,acetylcholine,0
1013046019,AVLP008,right,8122,gaba,1
1013066710,CRE071,right,8123,acetylcholine,0
1013291042,LT74,right,8124,glutamate,1
1013296065,LHAV2b6,right,8125,acetylcholine,0
1013346945,AVLP129,right,8126,acetylcholine,0
1013416147,CRE100,right,8127,gaba,1
1013636956,AVLP496,right,8128,acetylcholine,0
1013757060,PLP042_b,right,8129,glutamate,1
1013779115,FC1C,left,8130,dopamine,0
1013883644,FC1C,right,8131,acetylcholine,0
1013982515,AVLP086,right,8132,gaba,1
1014016336,AVLP176_c,right,8133,acetylcholine,0
1014016610,AVLP052,right,8134,acetylcholine,0
1014051490,AVLP010,right,8135,gaba,1
1014102651,FS1A,left,8136,dopamine,0
1014223948,FS1A,right,8137,dopamine,0
1014228051,PLP042_b,left,8138,glutamate,1
1014327603,AVLP240,right,8139,acetylcholine,0
1014327691,AVLP060,right,8140,glutamate,1
1014344148,AVLP151,right,8141,acetylcholine,0
1014392280,AVLP010,right,8142,gaba,1
1014457195,FS1B,left,8143,dopamine,0
1014461486,FS1A,left,8144,dopamine,0
1014465452,FS1A,left,8145,dopamine,0
1014465588,FS1A,left,8146,dopamine,0
1014465666,FS1A,left,8147,dopamine,0
1014474192,FS1A,left,8148,dopamine,0
1014733888,mAL5A,left,8149,gaba,1
1014802430,LAL175,right,8150,acetylcholine,0
1015048510,AOTU058,right,8151,gaba,1
1015049194,AOTU056,right,8152,gaba,1
1015143077,CRE024,left,8153,glutamate,1
1015385741,TuBu03,right,8154,acetylcholine,0
1015458774,LAL062,right,8155,gaba,1
1015479949,CRE003_a,right,8156,acetylcholine,0
1015570297,CRE059,left,8157,acetylcholine,0
1015592525,FB4A,left,8158,glutamate,1
1015700298,TuBu03,right,8159,acetylcholine,0
1016114585,PAM11,left,8160,dopamine,0
1016118449,PAM11,left,8161,dopamine,0
1016118651,KCab-c,right,8162,dopamine,0
1016122913,KCab-c,right,8163,dopamine,0
1016123127,KCab-c,right,8164,dopamine,0
1016166622,CRE067,right,8165,glutamate,1
1016192580,FB4O,right,8166,glutamate,1
1016403512,LC10,noside,8167,glutamate,1
1016403672,LC10,noside,8168,acetylcholine,0
1016408273,LC10,noside,8169,acetylcholine,0
1016408310,LC10,noside,8170,acetylcholine,0
1016459595,KCab-m,right,8171,dopamine,0
1016506999,LAL198,right,8172,acetylcholine,0
1016749259,LC10,noside,8173,acetylcholine,0
1016749264,LC10,noside,8174,acetylcholine,0
1016753670,LC10,noside,8175,acetylcholine,0
1016758041,LC10,noside,8176,acetylcholine,0
1016805008,KCab-p,right,8177,dopamine,0
1016835041,MBON09,left,8178,gaba,1
1016839809,PAM06_a,right,8179,dopamine,0
1017090133,LC10,noside,8180,acetylcholine,0
1017094185,LC10,noside,8181,acetylcholine,0
1017448980,LC10,noside,8182,acetylcholine,0
1017547830,CRE081,right,8183,dopamine,0
1017781118,LC10,noside,8184,acetylcholine,0
1017785388,LC10,noside,8185,glutamate,1
1017789715,LC10,noside,8186,acetylcholine,0
1017793356,LC10,noside,8187,acetylcholine,0
1017797863,LC10,noside,8188,acetylcholine,0
1017802759,LC10,noside,8189,acetylcholine,0
1017802884,LC10,noside,8190,glutamate,1
1017819398,KCa'b'-ap2,right,8191,dopamine,0
1017992752,PAM06_a,left,8192,dopamine,0
1018164997,KCa'b'-ap1,right,8193,dopamine,0
1018458566,LC10,noside,8194,glutamate,1
1018458715,LC10,noside,8195,glutamate,1
1018462968,LC10,noside,8196,glutamate,1
1018472039,LC10,noside,8197,glutamate,1
1018476201,LC10,noside,8198,glutamate,1
1018510191,KCa'b'-ap1,right,8199,dopamine,0
1018804242,LC10,noside,8200,glutamate,1
1019024473,PAM07,left,8201,dopamine,0
1019347828,PAM08_a,left,8202,dopamine,0
1019357327,SMP474,left,8203,acetylcholine,0
1019556103,SMP571,right,8204,dopamine,0
1019607245,FB4E,right,8205,glutamate,1
1020280792,FB5V,right,8206,glutamate,1
1020608279,ATL027,right,8207,glutamate,1
1031828247,FR2,noside,8208,acetylcholine,0
1032643905,PFNa,noside,8209,acetylcholine,0
1033192275,FC2B,right,8210,dopamine,0
1033196675,FC2A,right,8211,dopamine,0
1033196750,FC3,right,8212,acetylcholine,0
1033887446,PFGs,noside,8213,octopamine,0
1034198388,KCab-p,right,8214,dopamine,0
1034219901,EPG,noside,8215,acetylcholine,0
1034220115,EL,right,8216,acetylcholine,0
1034249850,CL233,right,8217,glutamate,1
1034249944,IB037,right,8218,glutamate,1
1034250235,IB034,right,8219,glutamate,1
1034250386,CL230,right,8220,glutamate,1
1034591237,PS144,right,8221,glutamate,1
1034664458,PS119,left,8222,acetylcholine,0
1034703497,PFNp_b,noside,8223,glutamate,1
1034711992,PFNp_a,noside,8224,glutamate,1
1035045015,EPG,noside,8225,glutamate,1
1035156343,PLP218,right,8226,glutamate,1
1035393986,FC2C,left,8227,glutamate,1
1035459511,PLP047,right,8228,glutamate,1
1035557785,KCg-m,right,8229,dopamine,0
1035562328,KCg-m,right,8230,dopamine,0
1035601661,PPM1202,right,8231,dopamine,0
1035640810,IbSpsP,noside,8232,acetylcholine,0
1035843717,PLP044,right,8233,glutamate,1
1035942041,hDeltaG,noside,8234,dopamine,0
1035955516,PFNm_b,noside,8235,glutamate,1
1036149761,AOTU044,right,8236,acetylcholine,0
1036257907,IB087,right,8237,acetylcholine,0
1036296133,PFR_a,noside,8238,dopamine,0
1036330791,PFR_a,noside,8239,dopamine,0
1036503560,LHPV3a1,right,8240,acetylcholine,0
1036504644,ALIN3,right,8241,acetylcholine,0
1036550962,SLP355,right,8242,acetylcholine,0
1036559440,KCg-m,right,8243,dopamine,0
1036559490,KCg-m,right,8244,dopamine,0
1036563762,KCa'b'-ap1,right,8245,dopamine,0
1036637638,ExR3,right,8246,octopamine,0
1036637830,LAL150,right,8247,glutamate,1
1036646944,LAL149,right,8248,glutamate,1
1036753721,EL,left,8249,acetylcholine,0
1036863032,WEDPN17_a,right,8250,acetylcholine,0
1036987921,ATL042,right,8251,dopamine,0
1037116172,PLP190,right,8252,acetylcholine,0
1037237333,PVLP109,right,8253,acetylcholine,0
1037263569,PLP188,right,8254,acetylcholine,0
1037267714,CL351,left,8255,glutamate,1
1037293275,M_l2PNm16,right,8256,acetylcholine,0
1037328706,LT37,right,8257,gaba,1
1037332628,LAL149,right,8258,glutamate,1
1037392636,IB026,left,8259,acetylcholine,0
1037393225,DNb04,right,8260,glutamate,1
1037510115,LHAV2b2_b,right,8261,acetylcholine,0
1037518512,M_vPNml67,right,8262,gaba,1
1037535479,LHPV3b1_a,right,8263,acetylcholine,0
1037553548,PLP086,right,8264,gaba,1
1037604941,IB087,right,8265,acetylcholine,0
1037609552,CL221,right,8266,acetylcholine,0
1037612992,CL301,right,8267,acetylcholine,0
1037660908,IB090,right,8268,acetylcholine,0
1037750917,IB009,right,8269,gaba,1
1037895459,PLP250,right,8270,gaba,1
1037972384,WED127,right,8271,acetylcholine,0
1038070642,AOTU064,right,8272,gaba,1
1038079690,LT45,left,8273,gaba,1
1038283107,PLP182,right,8274,glutamate,1
1038290956,CL221,right,8275,acetylcholine,0
1038338266,CL235,left,8276,glutamate,1
1038407667,CL177,left,8277,glutamate,1
1038420643,DNa09,left,8278,acetylcholine,0
1038602562,PLP087,right,8279,gaba,1
1038636222,PS038,right,8280,acetylcholine,0
1038649756,PLP137,right,8281,acetylcholine,0
1038783100,IB088,right,8282,acetylcholine,0
1038787685,IB088,left,8283,,0
1038926500,CL246,right,8284,gaba,1
1038938989,PVLP101,right,8285,gaba,1
1038956078,PLP138,right,8286,acetylcholine,0
1038964771,CL219,right,8287,acetylcholine,0
1039059449,FC3,right,8288,acetylcholine,0
1039063931,FS1A,right,8289,dopamine,0
1039068185,FB5O,left,8290,glutamate,1
1039076390,vDeltaK,noside,8291,glutamate,1
1039076712,vDeltaI,noside,8292,dopamine,0
1039076802,FC3,right,8293,glutamate,1
1039076835,FB5P,left,8294,glutamate,1
1039080957,FB5P,right,8295,glutamate,1
1039081028,hDeltaH,noside,8296,acetylcholine,0
1039085109,FS1A,right,8297,dopamine,0
1039093891,IB059,left,8298,,0
1039237469,M_vPNml61,right,8299,gaba,1
1039267479,AVLP014,right,8300,gaba,1
1039280664,AVLP587,left,8301,glutamate,1
1039293613,AVLP069_c,right,8302,glutamate,1
1039335355,DNp49,right,8303,gaba,1
1039383744,vDeltaA_a,noside,8304,acetylcholine,0
1039392337,FC2B,right,8305,dopamine,0
1039400223,vDeltaF,noside,8306,glutamate,1
1039400328,FB5AA,left,8307,glutamate,1
1039400642,FB5O,right,8308,glutamate,1
1039404729,hDeltaH,noside,8309,acetylcholine,0
1039408871,vDeltaG,noside,8310,glutamate,1
1039413386,hDeltaJ,noside,8311,glutamate,1
1039422171,vDeltaG,noside,8312,glutamate,1
1039425930,vDeltaF,noside,8313,glutamate,1
1039426238,FS1A,right,8314,dopamine,0
1039426297,vDeltaG,noside,8315,glutamate,1
1039672477,CL253,right,8316,gaba,1
1039685005,CL243,right,8317,glutamate,1
1039723833,vDeltaG,noside,8318,glutamate,1
1039754434,FS1B,left,8319,dopamine,0
1039767525,FC2A,right,8320,octopamine,0
1039771675,hDeltaG,noside,8321,dopamine,0
1039771821,vDeltaH,noside,8322,glutamate,1
1039775880,FC2B,right,8323,dopamine,0
1039867920,LHAV4a6,right,8324,gaba,1
1039906056,LHPV2e1_a,right,8325,gaba,1
1039923193,LHAV2b4,right,8326,acetylcholine,0
1039970967,AVLP588,left,8327,gaba,1
1040004619,CL304,right,8328,acetylcholine,0
1040013335,DNp23,right,8329,serotonin,0
1040030798,PVLP149,right,8330,acetylcholine,0
1040056887,FS3,right,8331,dopamine,0
1040060915,hDeltaK,noside,8332,dopamine,0
1040061244,hDeltaK,noside,8333,dopamine,0
1040090955,vDeltaE,noside,8334,dopamine,0
1040117228,hDeltaJ,noside,8335,glutamate,1
1040328771,CL334,right,8336,acetylcholine,0
1040393594,PFGs,noside,8337,dopamine,0
1040397559,hDeltaC,noside,8338,dopamine,0
1040402220,hDeltaC,noside,8339,dopamine,0
1040462246,vDeltaE,noside,8340,glutamate,1
1040609241,WEDPN7B,right,8341,acetylcholine,0
1040609541,WEDPN8D,right,8342,acetylcholine,0
1040742857,FB6L,left,8343,dopamine,0
1040972270,AVLP433_a,right,8344,acetylcholine,0
1041001961,AVLP067,right,8345,glutamate,1
1041015097,CL099,right,8346,acetylcholine,0
1041071176,FC2B,left,8347,dopamine,0
1041075688,FS3,left,8348,acetylcholine,0
1041139886,FC2B,right,8349,glutamate,1
1041253084,LHAV1a3,right,8350,acetylcholine,0
1041343016,CL105,right,8351,acetylcholine,0
1041343227,AVLP022,right,8352,glutamate,1
1041347053,CL105,right,8353,acetylcholine,0
1041395080,AOTU007,right,8354,acetylcholine,0
1041407603,vDeltaB,noside,8355,dopamine,0
1041407617,vDeltaC,noside,8356,dopamine,0
1041407681,vDeltaC,noside,8357,dopamine,0
1041446765,FB6K,right,8358,,0
1041468139,FS4B,right,8359,acetylcholine,0
1041485380,vDeltaD,noside,8360,glutamate,1
1041602702,AVLP008,right,8361,gaba,1
1041680398,AVLP438,right,8362,acetylcholine,0
1041697674,CL218,right,8363,acetylcholine,0
1041761742,FS3,right,8364,dopamine,0
1041839564,vDeltaC,noside,8365,dopamine,0
1041931156,AVLP301,right,8366,acetylcholine,0
1042089826,vDeltaA_a,noside,8367,dopamine,0
1042089954,vDeltaA_b,noside,8368,dopamine,0
1042116109,FS3,left,8369,dopamine,0
1042154310,vDeltaB,noside,8370,dopamine,0
1042366365,SMP569,right,8371,acetylcholine,0
1042426546,AVLP150,right,8372,acetylcholine,0
1042448496,FS3,right,8373,acetylcholine,0
1042495376,FS4A,left,8374,acetylcholine,0
1042572999,LHAV4e7_b,right,8375,gaba,1
1042656011,AVLP027,right,8376,acetylcholine,0
1042703654,AVLP061,right,8377,glutamate,1
1042724993,CL212,right,8378,acetylcholine,0
1042767699,AVLP240,right,8379,acetylcholine,0
1042957191,AVLP019,right,8380,acetylcholine,0
1043005077,LC24,noside,8381,acetylcholine,0
1043022708,AVLP071,right,8382,glutamate,1
1043066007,CL316,right,8383,gaba,1
1043113043,AVLP338,right,8384,acetylcholine,0
1043117106,NPFP1,right,8385,octopamine,0
1043143311,PVLP002,right,8386,acetylcholine,0
1043289707,AVLP027,right,8387,acetylcholine,0
1043298586,AVLP059,right,8388,glutamate,1
1043514011,FB4Z,left,8389,glutamate,1
1043518343,FB4Z,left,8390,glutamate,1
1043669697,AVLP058,right,8391,glutamate,1
1043696281,AVLP172,right,8392,acetylcholine,0
1043696307,CL306,right,8393,dopamine,0
1043700428,AVLP069_c,right,8394,glutamate,1
1043700892,AVLP369,right,8395,acetylcholine,0
1043705078,AVLP176_a,right,8396,acetylcholine,0
1043731200,AVLP338,right,8397,acetylcholine,0
1043825714,ExR5,right,8398,glutamate,1
1043842362,FB6L,left,8399,dopamine,0
1044011735,PVLP020,right,8400,gaba,1
1044028675,AVLP179,right,8401,acetylcholine,0
1044037281,AVLP577,right,8402,acetylcholine,0
1044071833,AVLP570,right,8403,acetylcholine,0
1044075439,aSP10A,right,8404,acetylcholine,0
1044075948,AVLP008,right,8405,gaba,1
1044218225,DNp23,noside,8406,unknown,0
1044339802,AVLP069_b,right,8407,glutamate,1
1044343952,AVLP170,right,8408,acetylcholine,0
1044356616,AVLP070,right,8409,glutamate,1
1044377644,AVLP061,right,8410,glutamate,1
1044403618,CL342,right,8411,glutamate,1
1044701474,AVLP176_c,right,8412,acetylcholine,0
1044800536,FS1A,left,8413,dopamine,0
1044805646,FS1B,left,8414,acetylcholine,0
1044822631,FS3,left,8415,acetylcholine,0
1044918145,FS1A,right,8416,dopamine,0
1044922311,FC1C,right,8417,acetylcholine,0
1045141938,FS1A,left,8418,dopamine,0
1045268099,FS1A,right,8419,dopamine,0
1045427708,VES022,right,8420,gaba,1
1045832508,LAL075,left,8421,glutamate,1
1046039966,MC61,noside,8422,serotonin,0
1046039977,MC61,noside,8423,acetylcholine,0
1046039987,MC61,noside,8424,serotonin,0
1046044924,MC61,noside,8425,serotonin,0
1046087606,MC65,right,8426,acetylcholine,0
1046177683,LAL050,right,8427,gaba,1
1046385084,MC61,noside,8428,acetylcholine,0
1046385221,MC61,noside,8429,acetylcholine,0
1046385229,MC61,noside,8430,acetylcholine,0
1046411173,AOTU058,right,8431,gaba,1
1046506683,CRE066,left,8432,dopamine,0
1046726043,MC64,noside,8433,acetylcholine,0
1046726105,MC61,noside,8434,acetylcholine,0
1046726193,MC61,noside,8435,acetylcholine,0
1046726261,TuBu01,right,8436,acetylcholine,0
1046726280,MC61,noside,8437,acetylcholine,0
1046730226,MC64,noside,8438,acetylcholine,0
1046730586,MC64,noside,8439,acetylcholine,0
1046730602,MC61,noside,8440,glutamate,1
1046734991,LC10,noside,8441,acetylcholine,0
1046735096,TuBu05,right,8442,acetylcholine,0
1046812283,KCab-m,right,8443,dopamine,0
1046816660,KCab-c,right,8444,dopamine,0
1047075623,MC61,noside,8445,serotonin,0
1047075964,MC64,noside,8446,acetylcholine,0
1047080586,MC61,noside,8447,acetylcholine,0
1047080740,LC10,noside,8448,acetylcholine,0
1047106475,LC10,noside,8449,acetylcholine,0
1047119615,LC10,noside,8450,unknown,0
1047123862,LC10,noside,8451,acetylcholine,0
1047153433,KCab-c,right,8452,dopamine,0
1047157746,KCab-m,right,8453,dopamine,0
1047157958,KCab-c,right,8454,dopamine,0
1047183897,PAM04_a,right,8455,dopamine,0
1047412496,MC61,noside,8456,acetylcholine,0
1047421689,TuBu06,right,8457,acetylcholine,0
1047425857,MC61,noside,8458,acetylcholine,0
1047426385,TuBu01,right,8459,acetylcholine,0
1047489962,PAM11,left,8460,dopamine,0
1047525093,PAM01_a,right,8461,dopamine,0
1047676850,CRE008,left,8462,glutamate,1
1047779784,LC10,noside,8463,glutamate,1
1047780090,LC10,noside,8464,acetylcholine,0
1047784012,LC10,noside,8465,glutamate,1
1047784109,LC10,noside,8466,acetylcholine,0
1047784113,LC10,noside,8467,glutamate,1
1047787967,LC10,noside,8468,acetylcholine,0
1047835635,KCa'b'-m,right,8469,dopamine,0
1047887562,CRE068,right,8470,glutamate,1
1048004460,PAM09,left,8471,dopamine,0
1048120973,LC10,noside,8472,acetylcholine,0
1048125065,LC10,noside,8473,acetylcholine,0
1048125254,LC10,noside,8474,glutamate,1
1048172314,PPL103,left,8475,dopamine,0
1048207713,PAM09,right,8476,dopamine,0
1048215779,MBON09,left,8477,gaba,1
1048250312,LAL155,right,8478,glutamate,1
1048470473,LC10,noside,8479,glutamate,1
1048491559,LC10,noside,8480,acetylcholine,0
1048492326,LC10,noside,8481,acetylcholine,0
1048492504,LC10,noside,8482,glutamate,1
1048517845,KCa'b'-m,right,8483,dopamine,0
1048837074,LC10,noside,8484,glutamate,1
1048837669,LC10,noside,8485,acetylcholine,0
1048846074,LAL020,right,8486,acetylcholine,0
1048854479,KCa'b'-ap2,right,8487,dopamine,0
1048975307,FB4P_a,left,8488,glutamate,1
1049169888,LC10,noside,8489,acetylcholine,0
1049174217,LC10,noside,8490,acetylcholine,0
1049247113,LAL160,right,8491,acetylcholine,0
1049261193,CRE106,right,8492,acetylcholine,0
1049351868,FB5V,left,8493,glutamate,1
1049502699,LC10,noside,8494,dopamine,0
1049506374,LC10,noside,8495,acetylcholine,0
1049510640,LC10,noside,8496,acetylcholine,0
1049511179,LC10,noside,8497,dopamine,0
1049511270,LC10,noside,8498,acetylcholine,0
1049549402,KCa'b'-ap1,right,8499,dopamine,0
1049549412,KCa'b'-ap1,right,8500,dopamine,0
1049674502,FB5V,left,8501,glutamate,1
1049838815,LC10,noside,8502,glutamate,1
1049839301,LC10,noside,8503,glutamate,1
1050024735,FB5V,left,8504,glutamate,1
1050249353,CRE104,right,8505,acetylcholine,0
1050249677,PAM07,right,8506,dopamine,0
1050266721,FB5V,right,8507,glutamate,1
1050581215,CRE045,right,8508,gaba,1
1050585709,PAM03,right,8509,dopamine,0
1050685061,ATL027,left,8510,glutamate,1
1050922195,AOTU020,right,8511,gaba,1
1050935614,FB5V,right,8512,glutamate,1
1051280385,FB4E,right,8513,glutamate,1
1051311534,LAL176,right,8514,acetylcholine,0
1051630846,PAM08_e,right,8515,dopamine,0
1051631142,LAL043,right,8516,gaba,1
1051980223,FB4F_a,right,8517,glutamate,1
1062526223,PEN_b(PEN2),noside,8518,serotonin,0
1062849983,FR1,right,8519,gaba,1
1064296296,PLP133,right,8520,acetylcholine,0
1064577636,PFR_b,noside,8521,octopamine,0
1064891781,KCab-p,right,8522,dopamine,0
1065280423,IB032,right,8523,glutamate,1
1065280625,PS137,right,8524,glutamate,1
1065284738,PS139,right,8525,glutamate,1
1065284785,PS142,right,8526,glutamate,1
1065284812,IB031,right,8527,glutamate,1
1065409934,PEG,noside,8528,octopamine,0
1065410141,EPG,noside,8529,glutamate,1
1065625883,VES051,right,8530,glutamate,1
1065695186,PS158,left,8531,acetylcholine,0
1065751187,FC3,left,8532,acetylcholine,0
1065751225,FC1A,left,8533,glutamate,1
1065751286,FC1C,left,8534,dopamine,0
1066031666,PS126,left,8535,acetylcholine,0
1066088381,EL,left,8536,acetylcholine,0
1066420480,PFR_b,noside,8537,acetylcholine,0
1066506741,AOTU056,right,8538,gaba,1
1066511487,aMe8,right,8539,acetylcholine,0
1066516552,PLP042_b,right,8540,glutamate,1
1066748608,IbSpsP,noside,8541,glutamate,1
1067110866,FC1F,left,8542,glutamate,1
1067181068,PLP050,right,8543,glutamate,1
1067215615,WEDPN8B,right,8544,acetylcholine,0
1067223806,LC40b,right,8545,acetylcholine,0
1067240551,CL137,right,8546,acetylcholine,0
1067331159,hDeltaB,noside,8547,acetylcholine,0
1067387294,FC3,left,8548,acetylcholine,0
1067538821,PLP159,right,8549,gaba,1
1067546905,PLP040,right,8550,glutamate,1
1067598881,KCg-m,right,8551,dopamine,0
1067616484,CL353,left,8552,glutamate,1
1067624828,IB086,right,8553,acetylcholine,0
1067880387,PLP046_b,right,8554,glutamate,1
1067884486,PLP042_b,right,8555,glutamate,1
1067923143,IB015,right,8556,acetylcholine,0
1068013578,PS240,right,8557,acetylcholine,0
1068039476,IB033,right,8558,glutamate,1
1068246762,PLP207,right,8559,acetylcholine,0
1068272038,KCg-m,right,8560,dopamine,0
1068276312,KCg-m,right,8561,dopamine,0
1068302710,PS158,right,8562,acetylcholine,0
1068364006,IB110,right,8563,glutamate,1
1068436695,IB079,left,8564,acetylcholine,0
1068441202,IB046,left,8565,neither,0
1068449058,CL248,left,8566,,0
1068523766,LHAV1b2,right,8567,acetylcholine,0
1068543885,LHPV3b1_b,right,8568,acetylcholine,0
1068613227,KCg-m,right,8569,dopamine,0
1068613231,KCg-m,right,8570,dopamine,0
1068613282,KCg-m,right,8571,dopamine,0
1068617431,KCg-m,right,8572,dopamine,0
1068644727,CL298,right,8573,acetylcholine,0
1068777508,IB070,left,8574,acetylcholine,0
1068885266,PVLP151,right,8575,gaba,1
1068912795,LHPV3b1_b,right,8576,acetylcholine,0
1068924003,PLP207,right,8577,acetylcholine,0
1068954342,KCg-m,right,8578,dopamine,0
1068954391,KCg-m,right,8579,dopamine,0
1068958593,KCg-m,right,8580,dopamine,0
1068958652,KCg-m,right,8581,dopamine,0
1069002537,LAL009,right,8582,acetylcholine,0
1069036955,CL146,right,8583,glutamate,1
1069041192,CL296,right,8584,acetylcholine,0
1069187878,LC35,right,8585,acetylcholine,0
1069223047,WEDPN1A_b,right,8586,gaba,1
1069266255,PLP207,right,8587,acetylcholine,0
1069291635,CL294,right,8588,acetylcholine,0
1069295816,KCg-m,right,8589,dopamine,0
1069295830,KCg-m,right,8590,dopamine,0
1069351982,PS271,right,8591,neither,0
1069352248,CL066,right,8592,gaba,1
1069489835,PS119,right,8593,acetylcholine,0
1069632261,PLP125,right,8594,acetylcholine,0
1069663083,CL090_e,right,8595,acetylcholine,0
1069667685,PVLP065,right,8596,acetylcholine,0
1069693466,IB113,left,8597,acetylcholine,0
1069757725,PFNp_b,noside,8598,acetylcholine,0
1069762054,vDeltaI,noside,8599,dopamine,0
1069762072,FC1C,right,8600,acetylcholine,0
1069766271,vDeltaH,noside,8601,glutamate,1
1069929827,M_vPNml57,right,8602,gaba,1
1069965440,VES017,right,8603,acetylcholine,0
1069973758,LC28a,noside,8604,glutamate,1
1069983022,AVLP587,left,8605,glutamate,1
1070094367,vDeltaG,noside,8606,glutamate,1
1070094447,vDeltaI,noside,8607,dopamine,0
1070098366,hDeltaM,noside,8608,glutamate,1
1070102614,FB5G,left,8609,glutamate,1
1070102684,FS1B,left,8610,acetylcholine,0
1070102904,FB5T,left,8611,glutamate,1
1070103072,FS1B,right,8612,acetylcholine,0
1070103331,FC2A,left,8613,octopamine,0
1070107083,vDeltaI,noside,8614,dopamine,0
1070107235,vDeltaI,noside,8615,glutamate,1
1070107367,FC3,right,8616,glutamate,1
1070107554,FB5R,left,8617,glutamate,1
1070111661,FB5W,left,8618,glutamate,1
1070115557,vDeltaH,noside,8619,glutamate,1
1070115819,vDeltaJ,noside,8620,dopamine,0
1070120153,hDeltaI,noside,8621,acetylcholine,0
1070141508,PS202,left,8622,acetylcholine,0
1070331992,CL219,right,8623,acetylcholine,0
1070332560,CL358,right,8624,acetylcholine,0
1070379357,PLP229,right,8625,acetylcholine,0
1070387992,PS110,right,8626,acetylcholine,0
1070422316,FC2B,left,8627,dopamine,0
1070426862,FB5M,right,8628,glutamate,1
1070430962,hDeltaJ,noside,8629,dopamine,0
1070439674,PFR_b,noside,8630,acetylcholine,0
1070443716,vDeltaF,noside,8631,glutamate,1
1070465460,vDeltaJ,noside,8632,glutamate,1
1070613107,M_vPNml61,right,8633,gaba,1
1070638675,LC41,right,8634,acetylcholine,0
1070638914,LC41,right,8635,acetylcholine,0
1070646938,PLP007,right,8636,glutamate,1
1070651567,PLP162,right,8637,acetylcholine,0
1070655552,CL283,right,8638,glutamate,1
1070754701,hDeltaM,noside,8639,acetylcholine,0
1070784934,hDeltaA,noside,8640,acetylcholine,0
1070797450,FB5B,right,8641,glutamate,1
1070806511,vDeltaH,noside,8642,glutamate,1
1070810640,FB5S,right,8643,glutamate,1
1070950293,PVLP151,right,8644,acetylcholine,0
1071044860,PS030,right,8645,acetylcholine,0
1071121755,FB6W,right,8646,glutamate,1
1071151811,FC3,left,8647,glutamate,1
1071342414,AVLP149,right,8648,acetylcholine,0
1071484484,FC3,left,8649,acetylcholine,0
1071496918,FS1A,right,8650,dopamine,0
1071505774,FC3,right,8651,glutamate,1
1071640835,PLP107,right,8652,acetylcholine,0
1071756308,hDeltaL,noside,8653,dopamine,0
1071760480,FC2C,left,8654,dopamine,0
1071760527,vDeltaD,noside,8655,dopamine,0
1071769518,FS1A,right,8656,octopamine,0
1072059176,CL305,right,8657,acetylcholine,0
1072063538,DNp27,right,8658,dopamine,0
1072101856,vDeltaC,noside,8659,dopamine,0
1072106313,vDeltaD,noside,8660,dopamine,0
1072166282,FC1C,right,8661,acetylcholine,0
1072442312,vDeltaB,noside,8662,dopamine,0
1072451104,vDeltaC,noside,8663,dopamine,0
1072455791,FS4C,right,8664,acetylcholine,0
1072472949,FS4A,right,8665,acetylcholine,0
1072503099,FC1E,left,8666,acetylcholine,0
1072503117,FC1C,left,8667,acetylcholine,0
1072503141,FC1F,left,8668,acetylcholine,0
1072503172,PFR_a,noside,8669,dopamine,0
1072507501,FC2A,left,8670,glutamate,1
1072533704,FC2C,right,8671,acetylcholine,0
1072533980,FS3,left,8672,dopamine,0
1072715232,CL350,left,8673,glutamate,1
1072779298,FC2C,left,8674,dopamine,0
1072779568,FS3,right,8675,dopamine,0
1072805036,FS4A,left,8676,acetylcholine,0
1072818198,FC2A,right,8677,dopamine,0
1072844079,FC1A,left,8678,glutamate,1
1072844208,PFR_a,noside,8679,dopamine,0
1072861316,FS4C,right,8680,acetylcholine,0
1072865814,FS2,left,8681,acetylcholine,0
1072874511,FS3,right,8682,acetylcholine,0
1073043318,AVLP523,right,8683,acetylcholine,0
1073069488,CL319,right,8684,acetylcholine,0
1073116395,vDeltaA_a,noside,8685,dopamine,0
1073120403,vDeltaA_a,noside,8686,dopamine,0
1073120513,vDeltaA_a,noside,8687,dopamine,0
1073129213,vDeltaB,noside,8688,dopamine,0
1073138372,vDeltaC,noside,8689,dopamine,0
1073314797,AVLP496,right,8690,acetylcholine,0
1073354203,PVLP004,right,8691,glutamate,1
1073354472,PVLP004,right,8692,glutamate,1
1073457310,FS4A,right,8693,acetylcholine,0
1073457379,vDeltaA_a,noside,8694,dopamine,0
1073461640,FS3,right,8695,acetylcholine,0
1073504644,PFR_b,noside,8696,octopamine,0
1073691439,PVLP006,right,8697,glutamate,1
1073694558,PVLP004,right,8698,glutamate,1
1073703524,AVLP412,right,8699,acetylcholine,0
1073729578,CL266_a,right,8700,acetylcholine,0
1073798332,AVLP412,right,8701,acetylcholine,0
1073897808,FS4A,right,8702,acetylcholine,0
1074057874,AVLP069_b,right,8703,glutamate,1
1074143191,AVLP122,right,8704,acetylcholine,0
1074143330,AVLP116,right,8705,acetylcholine,0
1074147610,AVLP143,right,8706,acetylcholine,0
1074160595,AVLP110,right,8707,acetylcholine,0
1074333284,AVLP069_b,right,8708,glutamate,1
1074337817,AVLP059,right,8709,glutamate,1
1074337946,AVLP064,right,8710,glutamate,1
1074476096,AVLP121,right,8711,acetylcholine,0
1074480375,AVLP121,right,8712,acetylcholine,0
1074480379,AVLP110,right,8713,acetylcholine,0
1074484603,AVLP117,right,8714,acetylcholine,0
1074493547,AVLP327,right,8715,acetylcholine,0
1074510430,AVLP142,right,8716,acetylcholine,0
1074674316,AVLP057,right,8717,glutamate,1
1074678938,AVLP026,right,8718,acetylcholine,0
1074704960,AVLP397,right,8719,acetylcholine,0
1074735136,CL350,left,8720,glutamate,1
1074744013,AVLP131,right,8721,acetylcholine,0
1074748105,AVLP115,right,8722,acetylcholine,0
1074782432,DNa08,right,8723,acetylcholine,0
1074859771,FB5R,right,8724,glutamate,1
1074860306,FB4Z,right,8725,octopamine,0
1074860632,FB4Z,right,8726,octopamine,0
1074860678,FB4Z,right,8727,glutamate,1
1075041096,AVLP002,right,8728,gaba,1
1075058701,AVLP127,right,8729,acetylcholine,0
1075062749,AVLP157,right,8730,acetylcholine,0
1075400240,AVLP165,right,8731,acetylcholine,0
1075443614,AVLP567,right,8732,acetylcholine,0
1075499064,FB3C,right,8733,gaba,1
1075598224,FS1B,right,8734,acetylcholine,0
1075611602,FS1A,right,8735,dopamine,0
1075741037,AVLP165,right,8736,acetylcholine,0
1075827302,FB2D,right,8737,glutamate,1
1076129521,LAL029,right,8738,acetylcholine,0
1076159832,LAL052,right,8739,glutamate,1
1076173414,AOTU020,right,8740,gaba,1
1076185604,FC2C,left,8741,dopamine,0
1076198559,FC1C,left,8742,acetylcholine,0
1076285102,FC2C,right,8743,acetylcholine,0
1076293806,FB4D,left,8744,glutamate,1
1076626718,PLP042_b,left,8745,glutamate,1
1076724887,LC10,noside,8746,acetylcholine,0
1076724912,MC61,noside,8747,acetylcholine,0
1076729207,MC61,noside,8748,acetylcholine,0
1076729222,MC61,noside,8749,acetylcholine,0
1076729226,MC61,noside,8750,serotonin,0
1076729233,MC61,noside,8751,acetylcholine,0
1076729262,MC61,noside,8752,acetylcholine,0
1076738914,MC61,noside,8753,acetylcholine,0
1076739012,MC64,noside,8754,acetylcholine,0
1076742501,PLP056,right,8755,acetylcholine,0
1077070378,MC61,noside,8756,serotonin,0
1077074710,MC61,noside,8757,acetylcholine,0
1077079217,MC61,noside,8758,acetylcholine,0
1077079256,MC61,noside,8759,acetylcholine,0
1077079340,MC61,noside,8760,acetylcholine,0
1077083999,MC61,noside,8761,acetylcholine,0
1077084090,MC61,noside,8762,acetylcholine,0
1077084188,MC61,noside,8763,acetylcholine,0
1077122311,AOTU058,right,8764,gaba,1
1077411306,MC61,noside,8765,acetylcholine,0
1077415831,MC61,noside,8766,serotonin,0
1077415919,MC61,noside,8767,serotonin,0
1077420145,MC61,noside,8768,serotonin,0
1077420174,MC61,noside,8769,acetylcholine,0
1077424204,MC61,noside,8770,acetylcholine,0
1077424267,MC61,noside,8771,acetylcholine,0
1077424293,MC61,noside,8772,acetylcholine,0
1077424349,MC61,noside,8773,acetylcholine,0
1077428662,MC61,noside,8774,glutamate,1
1077434220,MC64,noside,8775,acetylcholine,0
1077434447,TuBu03,right,8776,acetylcholine,0
1077434622,MC64,noside,8777,acetylcholine,0
1077454826,LC10,noside,8778,acetylcholine,0
1077459077,TuBu01,right,8779,acetylcholine,0
1077459090,TuBu01,right,8780,acetylcholine,0
1077752344,MC61,noside,8781,acetylcholine,0
1077752379,TuBu08,right,8782,acetylcholine,0
1077756583,MC61,noside,8783,serotonin,0
1077756731,MC61,noside,8784,acetylcholine,0
1077756950,MC61,noside,8785,glutamate,1
1077761302,MC61,noside,8786,acetylcholine,0
1077761532,MC61,noside,8787,acetylcholine,0
1077761540,MC61,noside,8788,acetylcholine,0
1077765483,MC64,noside,8789,acetylcholine,0
1077773987,MC64,noside,8790,acetylcholine,0
1077778701,TuBu03,right,8791,acetylcholine,0
1077778869,TuBu03,right,8792,acetylcholine,0
1077779143,MC64,noside,8793,acetylcholine,0
1077783627,TuBu03,right,8794,acetylcholine,0
1077783684,MC64,noside,8795,acetylcholine,0
1077783715,MC64,noside,8796,acetylcholine,0
1077792194,LC10,noside,8797,acetylcholine,0
1077792387,LC10,noside,8798,acetylcholine,0
1077847238,PAM11,right,8799,dopamine,0
1077851524,KCab-c,right,8800,dopamine,0
1077851551,KCab-c,right,8801,dopamine,0
1078007730,PAM04_a,left,8802,dopamine,0
1078097609,MC61,noside,8803,glutamate,1
1078097817,MC61,noside,8804,acetylcholine,0
1078102267,MC61,noside,8805,acetylcholine,0
1078102350,MC61,noside,8806,acetylcholine,0
1078102400,MC61,noside,8807,acetylcholine,0
1078102419,MC61,noside,8808,acetylcholine,0
1078102468,MC61,noside,8809,glutamate,1
1078102490,MC61,noside,8810,acetylcholine,0
1078106866,MC64,noside,8811,acetylcholine,0
1078111105,LC10,noside,8812,acetylcholine,0
1078443080,TuBu10,right,8813,acetylcholine,0
1078443321,MC61,noside,8814,serotonin,0
1078447660,TuBu09,right,8815,acetylcholine,0
1078447707,MC61,noside,8816,acetylcholine,0
1078517402,PS011,right,8817,acetylcholine,0
1078525257,KCab-m,right,8818,dopamine,0
1078534091,KCab-s,right,8819,dopamine,0
1078534115,KCab-s,right,8820,dopamine,0
1078572735,PAM04_a,right,8821,dopamine,0
1078693835,MBON09,right,8822,gaba,1
1078788519,MC61,noside,8823,acetylcholine,0
1078874826,KCab-p,right,8824,dopamine,0
1078875017,KCab-s,right,8825,dopamine,0
1079143870,LT43,right,8826,gaba,1
1079215685,KCa'b'-ap2,right,8827,dopamine,0
1079522281,LC10,noside,8828,acetylcholine,0
1079527169,LC10,noside,8829,acetylcholine,0
1079527389,LC10,noside,8830,acetylcholine,0
1079625867,ATL007,right,8831,glutamate,1
1079707882,PAM04_a,left,8832,dopamine,0
1079841570,LC10,noside,8833,glutamate,1
1079855015,LC10,noside,8834,acetylcholine,0
1079859469,LC10,noside,8835,acetylcholine,0
1079867909,LC10,noside,8836,glutamate,1
1079872487,LC10,noside,8837,dopamine,0
1080196056,LC10,noside,8838,acetylcholine,0
1080200318,LC10,noside,8839,acetylcholine,0
1080200419,LC10,noside,8840,acetylcholine,0
1080200438,LC10,noside,8841,acetylcholine,0
1080212848,LC10,noside,8842,dopamine,0
1080213108,LC10,noside,8843,glutamate,1
1080519686,LC10,noside,8844,glutamate,1
1080528656,LC10,noside,8845,glutamate,1
1080532771,LC10,noside,8846,glutamate,1
1080537421,LC10,noside,8847,acetylcholine,0
1080537608,LC10,noside,8848,acetylcholine,0
1080537610,LC10,noside,8849,acetylcholine,0
1080541803,LC10,noside,8850,glutamate,1
1080541849,LC10,noside,8851,acetylcholine,0
1080545525,LC10,noside,8852,dopamine,0
1080566792,KCa'b'-ap2,right,8853,dopamine,0
1080579786,KCa'b'-ap1,right,8854,dopamine,0
1080579985,KCa'b'-ap1,right,8855,dopamine,0
1080580151,KCg-m,right,8856,dopamine,0
1080878335,LC10,noside,8857,glutamate,1
1080886521,WEDPN14,right,8858,acetylcholine,0
1081086613,PAM12,left,8859,dopamine,0
1081434698,PAM07,left,8860,dopamine,0
1081755066,FB4E,left,8861,glutamate,1
1081767446,PAM05,left,8862,dopamine,0
1081957306,CRE041,right,8863,gaba,1
1093216022,FR1,right,8864,dopamine,0
1093552596,FC2A,right,8865,octopamine,0
1094722478,PFNp_c,noside,8866,glutamate,1
1094934199,PFNd,noside,8867,octopamine,0
1095271087,IbSpsP,noside,8868,glutamate,1
1095275456,LPsP,left,8869,glutamate,1
1095279301,IbSpsP,noside,8870,glutamate,1
1096315538,PLP140,right,8871,serotonin,0
1096315576,IB031,right,8872,gaba,1
1096319585,PS137,right,8873,glutamate,1
1096859621,aMe4,noside,8874,acetylcholine,0
1096894260,PLP070,right,8875,glutamate,1
1096919756,KCg-m,right,8876,dopamine,0
1097265345,KCg-m,right,8877,dopamine,0
1097300368,IB072,right,8878,acetylcholine,0
1097407853,IbSpsP,noside,8879,glutamate,1
1097537045,PLP155,right,8880,acetylcholine,0
1097623778,CL353,left,8881,glutamate,1
1097637653,PLP132,right,8882,acetylcholine,0
1097642017,AVLP580,left,8883,glutamate,1
1097718659,PFL3,noside,8884,glutamate,1
1097718901,PFL1,noside,8885,acetylcholine,0
1097917043,PLP028,right,8886,gaba,1
1097917138,PS251,right,8887,acetylcholine,0
1097917776,WED092,left,8888,acetylcholine,0
1098249445,PLP043,right,8889,glutamate,1
1098733189,FC1A,right,8890,glutamate,1
1098737385,FC1E,right,8891,acetylcholine,0
1098776577,IB039,left,8892,glutamate,1
1098914383,PLP046_b,right,8893,glutamate,1
1098928012,WEDPN10B,right,8894,gaba,1
1098953561,aMe25,noside,8895,glutamate,1
1099022750,PS107,right,8896,acetylcholine,0
1099043553,VES054,right,8897,acetylcholine,0
1099048104,IB054,right,8898,acetylcholine,0
1099073905,SAD077,right,8899,gaba,1
1099199236,LT81,right,8900,acetylcholine,0
1099255933,PLP042_b,right,8901,glutamate,1
1099282115,PLP207,right,8902,acetylcholine,0
1099333424,PLP189,right,8903,acetylcholine,0
1099389583,IB053,right,8904,acetylcholine,0
1099397913,PS255,right,8905,acetylcholine,0
1099748830,IB039,right,8906,glutamate,1
1099800130,VES029,left,8907,acetylcholine,0
1099808012,IB071,left,8908,acetylcholine,0
1099911913,M_vPNml64,right,8909,gaba,1
1099964441,IB014,right,8910,gaba,1
1099964617,PLP072,right,8911,acetylcholine,0
1099981052,PVLP102,right,8912,gaba,1
1100041650,CL039,right,8913,glutamate,1
1100046341,PS108,right,8914,glutamate,1
1100085251,IB057,right,8915,acetylcholine,0
1100088382,PS110,right,8916,acetylcholine,0
1100357249,CL067,right,8917,acetylcholine,0
1100381898,PS050,right,8918,gaba,1
1100404581,DNp07,right,8919,acetylcholine,0
1100404634,DNp26,right,8920,glutamate,1
1100558968,LC6,right,8921,acetylcholine,0
1100675450,KCg-m,right,8922,dopamine,0
1100675497,KCg-m,right,8923,dopamine,0
1100684849,AVLP587,left,8924,glutamate,1
1100788127,hDeltaB,noside,8925,glutamate,1
1100792636,FB4Y,left,8926,dopamine,0
1100796838,hDeltaI,noside,8927,glutamate,1
1100796921,FB4M,left,8928,octopamine,0
1100797044,hDeltaB,noside,8929,glutamate,1
1100801075,FB4M,left,8930,octopamine,0
1100801188,FB4D,right,8931,glutamate,1
1100900138,LT84,right,8932,acetylcholine,0
1100952886,AVLP003,right,8933,gaba,1
1101012503,KCg-m,right,8934,dopamine,0
1101094884,LAL006,right,8935,acetylcholine,0
1101133654,FB4A,left,8936,glutamate,1
1101133698,FB4B,left,8937,glutamate,1
1101142083,FC1C,left,8938,dopamine,0
1101142279,FB4P_a,left,8939,glutamate,1
1101151029,FC1C,right,8940,acetylcholine,0
1101353948,KCg-m,right,8941,dopamine,0
1101388261,CL302,right,8942,acetylcholine,0
1101414231,PS260,right,8943,acetylcholine,0
1101452892,hDeltaJ,noside,8944,dopamine,0
1101452928,hDeltaH,noside,8945,acetylcholine,0
1101470303,vDeltaJ,noside,8946,dopamine,0
1101474458,FB4P_a,right,8947,glutamate,1
1101487727,FB5X,right,8948,glutamate,1
1101495866,vDeltaJ,noside,8949,glutamate,1
1101500218,vDeltaH,noside,8950,dopamine,0
1101500501,hDeltaM,noside,8951,dopamine,0
1101504867,vDeltaK,noside,8952,glutamate,1
1101785977,vDeltaF,noside,8953,glutamate,1
1101794211,hDeltaJ,noside,8954,dopamine,0
1101806834,FB5Q,left,8955,glutamate,1
1101807124,vDeltaJ,noside,8956,dopamine,0
1101845661,FC2A,right,8957,dopamine,0
1101850199,vDeltaF,noside,8958,glutamate,1
1101984860,LHAV2b4,right,8959,acetylcholine,0
1102091961,PS259,right,8960,acetylcholine,0
1102191106,vDeltaF,noside,8961,glutamate,1
1102191192,PFR_b,noside,8962,glutamate,1
1102191395,FB5P,right,8963,glutamate,1
1102334088,M_lv2PN9t49,right,8964,gaba,1
1102407288,AVLP197,right,8965,acetylcholine,0
1102407589,CL099,right,8966,acetylcholine,0
1102450001,vDeltaD,noside,8967,dopamine,0
1102454255,FC3,right,8968,acetylcholine,0
1102454319,hDeltaC,noside,8969,dopamine,0
1102514975,FB5J,left,8970,glutamate,1
1102761868,CL022,right,8971,acetylcholine,0
1102795781,FS3,left,8972,glutamate,1
1102804327,FS1A,right,8973,dopamine,0
1103076052,AVLP036,right,8974,acetylcholine,0
1103102334,PVLP122,right,8975,acetylcholine,0
1103231711,FC3,right,8976,acetylcholine,0
1103327144,AVLP012,right,8977,gaba,1
1103468882,vDeltaB,noside,8978,dopamine,0
1103559357,FC3,left,8979,acetylcholine,0
1103576992,FS4A,right,8980,acetylcholine,0
1103577592,FC2C,right,8981,dopamine,0
1103792936,CL052,right,8982,acetylcholine,0
1103810192,PFGs,noside,8983,octopamine,0
1103840073,FS2,left,8984,glutamate,1
1103996326,AVLP004,right,8985,gaba,1
1104004164,SLP188_b,right,8986,gaba,1
1104056135,AVLP575,right,8987,acetylcholine,0
1104103910,CL068,right,8988,gaba,1
1104146655,vDeltaA_a,noside,8989,dopamine,0
1104151060,FS4A,left,8990,acetylcholine,0
1104155212,FC2C,left,8991,dopamine,0
1104155523,vDeltaC,noside,8992,dopamine,0
1104159537,vDeltaB,noside,8993,dopamine,0
1104431743,AVLP131,right,8994,acetylcholine,0
1104491936,FS4A,right,8995,acetylcholine,0
1104595988,FS3,left,8996,acetylcholine,0
1104686732,AVLP004,right,8997,gaba,1
1104755839,CL350,left,8998,glutamate,1
1104790425,AVLP497,right,8999,dopamine,0
1104798905,AVLP237_a,right,9000,acetylcholine,0
1104824502,vDeltaA_a,noside,9001,dopamine,0
1104824699,FS4A,right,9002,acetylcholine,0
1104832963,hDeltaD,noside,9003,acetylcholine,0
1104837227,FB7D,left,9004,glutamate,1
1104837598,FS4A,right,9005,acetylcholine,0
1104841576,vDeltaB,noside,9006,dopamine,0
1105083895,AVLP068,right,9007,glutamate,1
1105157111,AVLP122,right,9008,acetylcholine,0
1105157124,AVLP236,right,9009,acetylcholine,0
1105165255,AVLP413,right,9010,acetylcholine,0
1105169664,AVLP412,right,9011,acetylcholine,0
1105178295,AVLP162,right,9012,acetylcholine,0
1105187274,vDeltaB,noside,9013,dopamine,0
1105459542,AVLP236,right,9014,acetylcholine,0
1105502287,AVLP111,right,9015,acetylcholine,0
1105502296,AVLP145,right,9016,acetylcholine,0
1105554237,FB5R,left,9017,glutamate,1
1105713483,AVLP072_b,right,9018,glutamate,1
1105713515,AVLP071,right,9019,glutamate,1
1105834722,ER2_c,right,9020,gaba,1
1105839127,AVLP132,right,9021,acetylcholine,0
1105839176,TuBu09,right,9022,acetylcholine,0
1105882358,ExR7,right,9023,acetylcholine,0
1105886434,FB4Z,right,9024,glutamate,1
1105955480,FB6A,left,9025,octopamine,0
1106064205,AVLP012,right,9026,gaba,1
1106093869,AVLP171,right,9027,acetylcholine,0
1106102699,AVLP506,right,9028,acetylcholine,0
1106180107,ER2_a,right,9029,gaba,1
1106405354,PLP054,right,9030,acetylcholine,0
1106443149,AVLP182,right,9031,acetylcholine,0
1106469255,PVLP149,right,9032,acetylcholine,0
1106857669,FB4B,right,9033,glutamate,1
1106862090,CRE072,right,9034,acetylcholine,0
1106888382,FS1A,left,9035,dopamine,0
1107081827,AVLP571,right,9036,acetylcholine,0
1107082199,MC61,noside,9037,acetylcholine,0
1107082256,MC61,noside,9038,acetylcholine,0
1107095537,AVLP233,right,9039,acetylcholine,0
1107146865,AVLP109,right,9040,acetylcholine,0
1107224914,FC1C,left,9041,glutamate,1
1107228827,FC1E,left,9042,acetylcholine,0
1107233491,FC1C,left,9043,acetylcholine,0
1107233517,FC1C,left,9044,acetylcholine,0
1107418837,MC61,noside,9045,acetylcholine,0
1107423040,MC61,noside,9046,serotonin,0
1107423142,MC61,noside,9047,acetylcholine,0
1107423154,MC61,noside,9048,acetylcholine,0
1107423158,MC61,noside,9049,acetylcholine,0
1107441034,AVLP096,right,9050,gaba,1
1107561814,LAL142,right,9051,gaba,1
1107566171,FC1C,left,9052,acetylcholine,0
1107566252,FC1C,left,9053,acetylcholine,0
1107570259,FC1D,left,9054,acetylcholine,0
1107764141,MC61,noside,9055,acetylcholine,0
1107764184,MC61,noside,9056,acetylcholine,0
1107764206,MC61,noside,9057,acetylcholine,0
1107764430,LC10,noside,9058,acetylcholine,0
1107768683,MC61,noside,9059,acetylcholine,0
1107768772,MC61,noside,9060,dopamine,0
1107768789,MC61,noside,9061,acetylcholine,0
1108100939,MC61,noside,9062,acetylcholine,0
1108100980,MC61,noside,9063,acetylcholine,0
1108101004,MC61,noside,9064,acetylcholine,0
1108105485,MC61,noside,9065,acetylcholine,0
1108109580,MC61,noside,9066,serotonin,0
1108109641,MC61,noside,9067,acetylcholine,0
1108109658,MC61,noside,9068,acetylcholine,0
1108109684,MC61,noside,9069,serotonin,0
1108113869,MC61,noside,9070,acetylcholine,0
1108113892,MC61,noside,9071,acetylcholine,0
1108136270,AOTU040,right,9072,glutamate,1
1108152508,TuBu04,right,9073,acetylcholine,0
1108166986,TuBu02,right,9074,gaba,1
1108446169,MC61,noside,9075,glutamate,1
1108446524,MC61,noside,9076,glutamate,1
1108446553,MC61,noside,9077,acetylcholine,0
1108450770,MC61,noside,9078,glutamate,1
1108450825,MC61,noside,9079,acetylcholine,0
1108459071,TuBu02,right,9080,acetylcholine,0
1108459090,MC61,noside,9081,acetylcholine,0
1108459322,MC64,noside,9082,acetylcholine,0
1108459326,MC64,noside,9083,acetylcholine,0
1108463484,MC64,noside,9084,acetylcholine,0
1108463488,LT54,right,9085,unknown,0
1108468602,MC64,noside,9086,acetylcholine,0
1108472508,MC64,noside,9087,acetylcholine,0
1108473279,MC64,noside,9088,acetylcholine,0
1108485790,TuBu02,right,9089,acetylcholine,0
1108541296,KCab-m,right,9090,dopamine,0
1108545472,KCab-p,right,9091,dopamine,0
1108545599,KCab-s,right,9092,dopamine,0
1108563537,LAL062,right,9093,gaba,1
1108787548,MC61,noside,9094,acetylcholine,0
1108796249,MC61,noside,9095,acetylcholine,0
1108796315,MC61,noside,9096,glutamate,1
1108800338,MC61,noside,9097,gaba,1
1108805072,MC64,noside,9098,acetylcholine,0
1108813754,MC64,noside,9099,acetylcholine,0
1108813935,MC64,noside,9100,acetylcholine,0
1108818071,MC64,noside,9101,acetylcholine,0
1108818403,MC64,noside,9102,acetylcholine,0
1109133043,MC61,noside,9103,glutamate,1
1109141617,MC61,noside,9104,acetylcholine,0
1109141661,MC61,noside,9105,acetylcholine,0
1109141678,MC61,noside,9106,acetylcholine,0
1109149659,MC61,noside,9107,acetylcholine,0
1109154711,MC64,noside,9108,acetylcholine,0
1109158650,TuBu04,right,9109,acetylcholine,0
1109158791,MC64,noside,9110,acetylcholine,0
1109163019,TuBu06,right,9111,acetylcholine,0
1109167269,LC10,noside,9112,acetylcholine,0
1109194016,LC10,noside,9113,acetylcholine,0
1109223365,KCab-m,right,9114,dopamine,0
1109474158,MC61,noside,9115,acetylcholine,0
1109478369,TuBu09,right,9116,acetylcholine,0
1109491902,MC61,noside,9117,gaba,1
1109495366,MC64,noside,9118,acetylcholine,0
1109500146,MC64,noside,9119,acetylcholine,0
1109568528,KCab-s,right,9120,dopamine,0
1109568718,PAM11,left,9121,dopamine,0
1109599486,FB4J,right,9122,glutamate,1
1109819485,MC61,noside,9123,acetylcholine,0
1109827476,MC61,noside,9124,acetylcholine,0
1109832699,MC61,noside,9125,acetylcholine,0
1109841562,LC10,noside,9126,acetylcholine,0
1109957857,PAM01_a,right,9127,dopamine,0
1110164795,TuBu09,right,9128,acetylcholine,0
1110173530,MC61,noside,9129,acetylcholine,0
1110173824,TuBu09,right,9130,acetylcholine,0
1110173882,MC61,noside,9131,acetylcholine,0
1110173958,MC61,noside,9132,acetylcholine,0
1110186452,LC10,noside,9133,acetylcholine,0
1110221199,AOTU006,right,9134,acetylcholine,0
1110298200,PAM02,right,9135,dopamine,0
1110307501,PAM08_b,right,9136,dopamine,0
1110535962,LC10,noside,9137,glutamate,1
1110536002,LC10,noside,9138,acetylcholine,0
1110557531,LC10,noside,9139,acetylcholine,0
1110562345,LC10,noside,9140,acetylcholine,0
1110566098,LC10,noside,9141,glutamate,1
1110566303,LC10,noside,9142,glutamate,1
1110566383,LC10,noside,9143,dopamine,0
1110640084,CRE067,right,9144,glutamate,1
1110868515,TuBu07,right,9145,acetylcholine,0
1110885663,LC10,noside,9146,glutamate,1
1110885932,LC10,noside,9147,acetylcholine,0
1110894595,LC10,noside,9148,acetylcholine,0
1110903013,LC10,noside,9149,glutamate,1
1110903093,LC10,noside,9150,glutamate,1
1110906913,LC10,noside,9151,dopamine,0
1110937445,KCg-m,right,9152,dopamine,0
1110972158,PAM10,right,9153,dopamine,0
1110985490,KCg-m,right,9154,dopamine,0
1110997994,PAM08_b,right,9155,dopamine,0
1111217863,LC10,noside,9156,glutamate,1
1111243796,LC10,noside,9157,acetylcholine,0
1111243870,LC10,noside,9158,dopamine,0
1111244083,LC10,noside,9159,glutamate,1
1111244201,LC10,noside,9160,glutamate,1
1111248481,LC10,noside,9161,glutamate,1
1111278454,KCg-m,right,9162,dopamine,0
1111567676,LC10,noside,9163,dopamine,0
1111572164,LC10,noside,9164,acetylcholine,0
1111576163,LC10,noside,9165,acetylcholine,0
1111580845,LC10,noside,9166,acetylcholine,0
1111615136,KCa'b'-ap2,right,9167,dopamine,0
1111753990,FB5V,left,9168,glutamate,1
1111757266,LAL155,left,9169,glutamate,1
1111917081,LC10,noside,9170,glutamate,1
1111947403,KCa'b'-ap1,right,9171,dopamine,0
1112090340,FB4E,left,9172,glutamate,1
1112099400,SMP163,left,9173,gaba,1
1112125413,PAM07,left,9174,dopamine,0
1112431072,CRE028,right,9175,glutamate,1
1112443807,LAL129,left,9176,acetylcholine,0
1112777131,FB4F_a,left,9177,glutamate,1
1113371822,FB5V,right,9178,glutamate,1
1124255029,FR2,noside,9179,acetylcholine,0
1125411720,PFNp_c,noside,9180,acetylcholine,0
1125964630,PEN_a(PEN1),noside,9181,acetylcholine,0
1125964651,PFNv,noside,9182,glutamate,1
1125964814,EPG,noside,9183,acetylcholine,0
1125964879,PFNp_b,noside,9184,serotonin,0
1125964899,PFNp_b,noside,9185,acetylcholine,0
1125969082,PEG,noside,9186,octopamine,0
1125969140,IbSpsP,noside,9187,glutamate,1
1126301255,PFNa,noside,9188,acetylcholine,0
1126301622,PFNp_c,noside,9189,acetylcholine,0
1126305687,PFNp_a,noside,9190,octopamine,0
1126306451,PFNd,noside,9191,acetylcholine,0
1126310716,PFNp_e,noside,9192,acetylcholine,0
1126310776,PFNa,noside,9193,acetylcholine,0
1126310807,PFNp_a,noside,9194,acetylcholine,0
1126310841,PFNp_b,noside,9195,octopamine,0
1126310969,PFNa,noside,9196,acetylcholine,0
1126647624,EPG,noside,9197,acetylcholine,0
1127039517,PLP138,right,9198,acetylcholine,0
1127402256,OCG03,noside,9199,glutamate,1
1127436650,PS156,left,9200,glutamate,1
1127471202,PFNd,noside,9201,glutamate,1
1127471692,PEN_a(PEN1),noside,9202,glutamate,1
1127476096,EPG,noside,9203,glutamate,1
1127604950,KCg-d,right,9204,dopamine,0
1127691457,VES052,right,9205,glutamate,1
1127808629,PFNp_b,noside,9206,octopamine,0
1127924395,PS184,right,9207,glutamate,1
1128088594,PEG,noside,9208,gaba,1
1128092885,PFL1,noside,9209,glutamate,1
1128097470,IbSpsP,noside,9210,glutamate,1
1128200628,PVLP098,right,9211,gaba,1
1128235633,aMe17c,noside,9212,serotonin,0
1128330889,CL297,right,9213,acetylcholine,0
1128434325,PFR_a,noside,9214,dopamine,0
1128495875,PFNd,noside,9215,acetylcholine,0
1128572709,LT43,right,9216,gaba,1
1128573330,MC62,right,9217,acetylcholine,0
1128757926,IbSpsP,noside,9218,glutamate,1
1129033939,PLP179,right,9219,acetylcholine,0
1129042596,hDeltaI,noside,9220,glutamate,1
1129302146,AOTU010,right,9221,glutamate,1
1129306180,PLP070,right,9222,glutamate,1
1129323248,KCg-m,right,9223,dopamine,0
1129367500,CL351,left,9224,glutamate,1
1129396529,hDeltaB,noside,9225,glutamate,1
1129400917,hDeltaA,noside,9226,acetylcholine,0
1129456907,PFNp_a,noside,9227,acetylcholine,0
1129694717,CL302,right,9228,acetylcholine,0
1129755551,VES029,right,9229,acetylcholine,0
1129772186,FC1C,right,9230,dopamine,0
1129849756,hDeltaJ,noside,9231,dopamine,0
1129937412,PLP027,right,9232,gaba,1
1130152325,IB026,right,9233,glutamate,1
1130152528,IB089,right,9234,glutamate,1
1130156970,PS300,right,9235,glutamate,1
1130359511,PLP087,right,9236,gaba,1
1130458829,SAD077,right,9237,glutamate,1
1130463017,VES046,right,9238,glutamate,1
1130605683,LHAV4f1,right,9239,gaba,1
1130687130,KCab-s,right,9240,dopamine,0
1130713650,CL091,right,9241,acetylcholine,0
1130714433,PLP088,right,9242,gaba,1
1130783454,PS202,right,9243,acetylcholine,0
1130947782,LHAV2l1,right,9244,acetylcholine,0
1131011511,LC24,noside,9245,acetylcholine,0
1131310385,WEDPN6A,right,9246,gaba,1
1131339501,LC44,right,9247,acetylcholine,0
1131485772,AVLP066,right,9248,glutamate,1
1131738018,CL090_b,right,9249,acetylcholine,0
1131810172,AVLP069_a,right,9250,glutamate,1
1131810273,AVLP072_a,right,9251,glutamate,1
1131814976,AVLP072_b,right,9252,glutamate,1
1131822530,hDeltaI,noside,9253,glutamate,1
1131822592,FB4I,right,9254,glutamate,1
1131822654,vDeltaK,noside,9255,glutamate,1
1131826900,FB4O,left,9256,glutamate,1
1131827390,FB4M,right,9257,octopamine,0
1131827565,FB4Q_b,left,9258,glutamate,1
1131831702,FB4K,right,9259,glutamate,1
1131831822,FB3A,right,9260,glutamate,1
1131831990,FB4E,right,9261,glutamate,1
1131836121,FB4L,left,9262,serotonin,0
1131836229,FB4C,left,9263,glutamate,1
1131836336,FB4R,left,9264,glutamate,1
1131840673,FB4R,right,9265,glutamate,1
1131988003,PVLP001,right,9266,gaba,1
1132030694,PS185,right,9267,acetylcholine,0
1132060387,PS005_c,right,9268,glutamate,1
1132142271,AVLP128,right,9269,acetylcholine,0
1132150724,hDeltaB,noside,9270,glutamate,1
1132163799,FC1C,left,9271,acetylcholine,0
1132163803,FC3,left,9272,acetylcholine,0
1132168481,FB4Q_b,left,9273,glutamate,1
1132168616,FB4Q_b,right,9274,glutamate,1
1132168736,FC2A,left,9275,octopamine,0
1132172898,FB4A,left,9276,glutamate,1
1132176882,FC1C,left,9277,acetylcholine,0
1132186103,vDeltaK,noside,9278,glutamate,1
1132189788,FC1E,right,9279,glutamate,1
1132194044,vDeltaM,noside,9280,glutamate,1
1132258749,IB004,left,9281,glutamate,1
1132371777,AVLP463,right,9282,gaba,1
1132406255,VES065,right,9283,acetylcholine,0
1132431845,CL050_b,right,9284,glutamate,1
1132483817,hDeltaH,noside,9285,acetylcholine,0
1132487921,vDeltaI,noside,9286,dopamine,0
1132488293,hDeltaI,noside,9287,acetylcholine,0
1132526832,FB4F_b,right,9288,glutamate,1
1132530992,FB5W,left,9289,glutamate,1
1132535520,vDeltaK,noside,9290,glutamate,1
1132539492,hDeltaI,noside,9291,glutamate,1
1132764433,AVLP181,right,9292,acetylcholine,0
1132824528,FS2,right,9293,acetylcholine,0
1132829002,vDeltaG,noside,9294,dopamine,0
1132829058,vDeltaG,noside,9295,dopamine,0
1132846376,FB5M,left,9296,glutamate,1
1132884644,FB5R,right,9297,glutamate,1
1132907071,PS122,left,9298,acetylcholine,0
1133109676,CL071,right,9299,acetylcholine,0
1133161694,hDeltaJ,noside,9300,dopamine,0
1133191339,vDeltaI,noside,9301,dopamine,0
1133208889,vDeltaK,noside,9302,glutamate,1
1133334809,AVLP454_a,right,9303,acetylcholine,0
1133455474,CL333,right,9304,acetylcholine,0
1133484841,FC3,right,9305,acetylcholine,0
1133484977,hDeltaK,noside,9306,dopamine,0
1133562752,FS1B,right,9307,acetylcholine,0
1133566834,PFR_a,noside,9308,dopamine,0
1133571702,vDeltaH,noside,9309,dopamine,0
1133593331,PS113,left,9310,dopamine,0
1133825915,vDeltaE,noside,9311,glutamate,1
1133839128,FS3,right,9312,dopamine,0
1133890586,PFGs,noside,9313,octopamine,0
1133920966,hDeltaK,noside,9314,dopamine,0
1133925083,FC2B,right,9315,dopamine,0
1134107162,CL332,right,9316,acetylcholine,0
1134140939,CL167,right,9317,dopamine,0
1134146373,CL323,right,9318,acetylcholine,0
1134162552,FS3,right,9319,dopamine,0
1134167069,hDeltaK,noside,9320,dopamine,0
1134171410,hDeltaI,noside,9321,glutamate,1
1134175769,hDeltaK,noside,9322,dopamine,0
1134201762,FC1B,right,9323,acetylcholine,0
1134253374,PFL3,noside,9324,octopamine,0
1134456668,AVLP499,right,9325,serotonin,0
1134482718,CL213,right,9326,dopamine,0
1134503860,vDeltaC,noside,9327,dopamine,0
1134581674,vDeltaE,noside,9328,glutamate,1
1134703538,AVLP013,right,9329,gaba,1
1134729441,AVLP504,right,9330,acetylcholine,0
1134789102,AVLP521,right,9331,acetylcholine,0
1134819586,AVLP092,right,9332,gaba,1
1134840743,FS3,right,9333,dopamine,0
1134849005,FC2C,right,9334,dopamine,0
1134849078,FC2B,left,9335,dopamine,0
1134970390,CL259,right,9336,serotonin,0
1135112830,AVLP174,right,9337,acetylcholine,0
1135138281,CL242,right,9338,glutamate,1
1135138998,CL350,left,9339,glutamate,1
1135160387,CL313,right,9340,acetylcholine,0
1135169386,AVLP092,right,9341,gaba,1
1135173449,FS3,right,9342,acetylcholine,0
1135294306,FC2C,right,9343,dopamine,0
1135441187,AVLP076,right,9344,gaba,1
1135458373,AVLP488,right,9345,acetylcholine,0
1135518161,vDeltaA_b,noside,9346,dopamine,0
1135777647,AVLP179,right,9347,acetylcholine,0
1135829553,AVLP113,right,9348,acetylcholine,0
1135837629,DSKMP1A,right,9349,octopamine,0
1135863959,FS3,right,9350,acetylcholine,0
1135872491,vDeltaA_b,noside,9351,dopamine,0
1135881013,FS3,right,9352,acetylcholine,0
1135898324,FS1B,right,9353,dopamine,0
1135902716,FC1B,right,9354,acetylcholine,0
1135902737,FC1C,right,9355,acetylcholine,0
1135902749,FC1F,right,9356,acetylcholine,0
1135902770,FC1A,right,9357,acetylcholine,0
1135907207,PFR_b,noside,9358,glutamate,1
1135941181,FC1E,left,9359,acetylcholine,0
1135941581,FC2A,left,9360,dopamine,0
1135984965,FS3,left,9361,acetylcholine,0
1136200534,vDeltaA_b,noside,9362,dopamine,0
1136204852,PFGs,noside,9363,octopamine,0
1136213460,vDeltaC,noside,9364,dopamine,0
1136248041,FC1D,right,9365,acetylcholine,0
1136252169,FC1C,right,9366,acetylcholine,0
1136252170,FS1A,right,9367,dopamine,0
1136273393,PFGs,noside,9368,octopamine,0
1136399017,LC10,noside,9369,glutamate,1
1136399018,LC10,noside,9370,glutamate,1
1136407269,AVLP081,right,9371,gaba,1
1136472342,AVLP130,right,9372,acetylcholine,0
1136498477,AVLP250,right,9373,acetylcholine,0
1136502893,AVLP490,right,9374,gaba,1
1136524135,AVLP111,right,9375,serotonin,0
1136545839,FS4A,right,9376,acetylcholine,0
1136740119,LC10,noside,9377,glutamate,1
1136740146,MC64,noside,9378,acetylcholine,0
1136744477,LC9,right,9379,acetylcholine,0
1136744508,LC10,noside,9380,acetylcholine,0
1136744536,LC10,noside,9381,glutamate,1
1136744594,LC10,noside,9382,glutamate,1
1136744598,LC10,noside,9383,acetylcholine,0
1136744615,LC10,noside,9384,acetylcholine,0
1136752885,AVLP077,right,9385,gaba,1
1136788088,AVLP309,right,9386,acetylcholine,0
1136852640,CL343,right,9387,dopamine,0
1136852717,WED014,right,9388,gaba,1
1136861363,ER2_c,right,9389,gaba,1
1136865339,ExR2,left,9390,dopamine,0
1137085385,LC10,noside,9391,acetylcholine,0
1137085521,MC61,noside,9392,acetylcholine,0
1137085556,LC10,noside,9393,dopamine,0
1137085557,MC61,noside,9394,acetylcholine,0
1137085624,MC61,noside,9395,acetylcholine,0
1137210821,ER2_c,right,9396,gaba,1
1137219365,ER2_a,right,9397,gaba,1
1137279454,FR1,left,9398,gaba,1
1137288015,EL,left,9399,acetylcholine,0
1137326978,FB2I_a,left,9400,glutamate,1
1137422182,MC61,noside,9401,acetylcholine,0
1137422212,MC61,noside,9402,acetylcholine,0
1137426370,MC61,noside,9403,neither,0
1137426492,MC64,noside,9404,acetylcholine,0
1137426569,MC61,noside,9405,dopamine,0
1137430679,MC64,noside,9406,acetylcholine,0
1137499592,AVLP527,right,9407,acetylcholine,0
1137499637,AVLP294,right,9408,acetylcholine,0
1137503987,AVLP285,right,9409,acetylcholine,0
1137504126,AVLP248,right,9410,acetylcholine,0
1137590785,SIFa,noside,9411,octopamine,0
1137590955,AOTU042,right,9412,gaba,1
1137763222,LC10,noside,9413,acetylcholine,0
1137767444,MC61,noside,9414,serotonin,0
1137767646,MC61,noside,9415,acetylcholine,0
1137767724,MC61,noside,9416,acetylcholine,0
1137771796,MC61,noside,9417,acetylcholine,0
1137771829,MC61,noside,9418,acetylcholine,0
1137771848,MC61,noside,9419,dopamine,0
1137780695,MC61,noside,9420,dopamine,0
1137780791,MC61,noside,9421,dopamine,0
1137957299,ATL005,left,9422,glutamate,1
1138026774,FS1A,right,9423,dopamine,0
1138108777,MC61,noside,9424,acetylcholine,0
1138112831,MC61,noside,9425,dopamine,0
1138112854,MC61,noside,9426,acetylcholine,0
1138117104,MC64,noside,9427,acetylcholine,0
1138117141,LC10,noside,9428,acetylcholine,0
1138212774,aIPg1,right,9429,acetylcholine,0
1138259582,FC1E,left,9430,acetylcholine,0
1138363720,FC1D,right,9431,glutamate,1
1138449419,MC61,noside,9432,acetylcholine,0
1138453852,MC61,noside,9433,acetylcholine,0
1138453934,MC61,noside,9434,gaba,1
1138453962,MC61,noside,9435,acetylcholine,0
1138458189,MC61,noside,9436,acetylcholine,0
1138458221,MC61,noside,9437,acetylcholine,0
1138458236,MC61,noside,9438,glutamate,1
1138462517,MC61,noside,9439,acetylcholine,0
1138462526,MC61,noside,9440,acetylcholine,0
1138462564,MC61,noside,9441,dopamine,0
1138462578,MC61,noside,9442,acetylcholine,0
1138466987,MC61,noside,9443,glutamate,1
1138518446,AVLP297,right,9444,acetylcholine,0
1138528013,AVLP122,right,9445,acetylcholine,0
1138579549,LAL040,right,9446,gaba,1
1138587910,LAL141,right,9447,acetylcholine,0
1138601109,FC1B,left,9448,acetylcholine,0
1138696627,FR2,noside,9449,acetylcholine,0
1138795022,MC61,noside,9450,dopamine,0
1138795086,MC61,noside,9451,acetylcholine,0
1138798959,MC61,noside,9452,gaba,1
1138799127,MC61,noside,9453,acetylcholine,0
1138799226,MC61,noside,9454,acetylcholine,0
1138803610,MC64,noside,9455,acetylcholine,0
1138803621,MC61,noside,9456,dopamine,0
1138803664,MC61,noside,9457,acetylcholine,0
1138807874,MC61,noside,9458,acetylcholine,0
1138807902,MC61,noside,9459,acetylcholine,0
1138807914,MC61,noside,9460,acetylcholine,0
1138807923,MC61,noside,9461,glutamate,1
1138807924,LC10,noside,9462,acetylcholine,0
1138807926,MC61,noside,9463,dopamine,0
1138807929,MC61,noside,9464,glutamate,1
1138807940,MC61,noside,9465,glutamate,1
1138812529,LC10,noside,9466,glutamate,1
1138855577,AVLP088,right,9467,glutamate,1
1138915459,LAL060,right,9468,gaba,1
1139144718,MC61,noside,9469,acetylcholine,0
1139148877,MC61,noside,9470,acetylcholine,0
1139148900,MC64,noside,9471,acetylcholine,0
1139148919,MC64,noside,9472,acetylcholine,0
1139153107,LC10,noside,9473,acetylcholine,0
1139153136,LC10,noside,9474,glutamate,1
1139153150,MC61,noside,9475,glutamate,1
1139153158,MC61,noside,9476,acetylcholine,0
1139153191,MC61,noside,9477,acetylcholine,0
1139157979,MC61,noside,9478,acetylcholine,0
1139240289,LAL039,right,9479,acetylcholine,0
1139265826,LAL075,right,9480,glutamate,1
1139485866,MC61,noside,9481,acetylcholine,0
1139485872,MC61,noside,9482,acetylcholine,0
1139490024,MC61,noside,9483,dopamine,0
1139490055,MC61,noside,9484,acetylcholine,0
1139494179,MC61,noside,9485,acetylcholine,0
1139498548,MC64,noside,9486,acetylcholine,0
1139498553,MC64,noside,9487,acetylcholine,0
1139498577,MC64,noside,9488,acetylcholine,0
1139498661,LC10,noside,9489,acetylcholine,0
1139507266,MC64,noside,9490,acetylcholine,0
1139515440,TuBu04,right,9491,acetylcholine,0
1139516013,TuBu02,right,9492,acetylcholine,0
1139524692,TuBu04,right,9493,acetylcholine,0
1139667240,MBON13,right,9494,acetylcholine,0
1139724251,PAM06_a,left,9495,dopamine,0
1139822602,MC61,noside,9496,dopamine,0
1139826933,MC61,noside,9497,glutamate,1
1139831106,MC61,noside,9498,acetylcholine,0
1139831143,MC61,noside,9499,acetylcholine,0
1139831160,MC61,noside,9500,acetylcholine,0
1139831308,MC61,noside,9501,glutamate,1
1139831315,MC61,noside,9502,gaba,1
1139835080,MC61,noside,9503,acetylcholine,0
1139835270,LC10,noside,9504,acetylcholine,0
1139835335,MC61,noside,9505,acetylcholine,0
1139835387,MC61,noside,9506,acetylcholine,0
1139848472,MC64,noside,9507,acetylcholine,0
1139852825,MC64,noside,9508,acetylcholine,0
1139856780,MC64,noside,9509,acetylcholine,0
1139857380,MC64,noside,9510,acetylcholine,0
1139909038,DNa03,right,9511,acetylcholine,0
1139921468,KCab-m,right,9512,dopamine,0
1139921865,KCab-m,right,9513,dopamine,0
1140168071,MC61,noside,9514,glutamate,1
1140172133,MC61,noside,9515,acetylcholine,0
1140172174,MC61,noside,9516,acetylcholine,0
1140176382,MC61,noside,9517,acetylcholine,0
1140176410,MC61,noside,9518,acetylcholine,0
1140176456,MC61,noside,9519,acetylcholine,0
1140188914,MC61,noside,9520,serotonin,0
1140188920,MC61,noside,9521,glutamate,1
1140189290,MC64,noside,9522,acetylcholine,0
1140189329,TuBu02,right,9523,acetylcholine,0
1140193613,MC64,noside,9524,acetylcholine,0
1140240894,TuBu03,right,9525,acetylcholine,0
1140245595,DNa02,right,9526,neither,0
1140249804,LAL018,right,9527,acetylcholine,0
1140249852,VES007,right,9528,acetylcholine,0
1140508414,TuBu10,right,9529,acetylcholine,0
1140509130,MC61,noside,9530,glutamate,1
1140509203,MC61,noside,9531,,0
1140517287,MC61,noside,9532,acetylcholine,0
1140517447,TuBu10,right,9533,acetylcholine,0
1140534972,TuBu03,right,9534,acetylcholine,0
1140547788,LC10,noside,9535,acetylcholine,0
1140603698,KCab-s,right,9536,dopamine,0
1140655376,PAM02,right,9537,dopamine,0
1140655624,PAM08_c,right,9538,dopamine,0
1140737968,PAM08_b,left,9539,dopamine,0
1140738351,PAM08_c,left,9540,dopamine,0
1140750808,PAM04_a,left,9541,dopamine,0
1140750938,PAM08_e,left,9542,dopamine,0
1140862679,TuBu07,right,9543,acetylcholine,0
1140863129,MC61,noside,9544,acetylcholine,0
1140867533,MC61,noside,9545,acetylcholine,0
1140872223,TuBu05,right,9546,acetylcholine,0
1140923511,VES009,right,9547,acetylcholine,0
1140950118,KCg-m,right,9548,dopamine,0
1140996390,PAM04_a,right,9549,dopamine,0
1141000881,PAM08_b,right,9550,dopamine,0
1141006088,KCg-m,right,9551,dopamine,0
1141009503,PAM08_b,left,9552,dopamine,0
1141009899,KCg-m,right,9553,dopamine,0
1141010036,KCg-m,right,9554,dopamine,0
1141195327,TuBu09,right,9555,acetylcholine,0
1141208572,MC61,noside,9556,acetylcholine,0
1141213129,TuBu07,right,9557,acetylcholine,0
1141251402,LC10,noside,9558,glutamate,1
1141259920,LC10,noside,9559,glutamate,1
1141268794,KCg-d,right,9560,dopamine,0
1141290695,KCg-m,right,9561,dopamine,0
1141290835,KCg-m,right,9562,dopamine,0
1141324564,PAM08_e,right,9563,dopamine,0
1141328881,PAM04_a,right,9564,dopamine,0
1141329053,PAM04_a,right,9565,dopamine,0
1141329227,PAM13,right,9566,dopamine,0
1141337518,KCg-m,right,9567,dopamine,0
1141337557,PAM08_d,right,9568,dopamine,0
1141337605,PAM08_e,right,9569,dopamine,0
1141337629,KCg-m,right,9570,dopamine,0
1141337663,KCg-m,right,9571,dopamine,0
1141337757,KCg-m,right,9572,dopamine,0
1141342258,PAM08_a,right,9573,dopamine,0
1141342260,KCg-m,right,9574,dopamine,0
1141342299,KCg-m,right,9575,dopamine,0
1141346217,KCg-m,right,9576,dopamine,0
1141346308,KCg-m,right,9577,dopamine,0
1141346462,KCg-m,right,9578,dopamine,0
1141346472,KCg-m,right,9579,dopamine,0
1141350537,PAM08_b,right,9580,dopamine,0
1141601145,LC10,noside,9581,dopamine,0
1141630854,KCg-m,right,9582,dopamine,0
1141631198,KCg-m,right,9583,dopamine,0
1141631240,KCg-m,right,9584,dopamine,0
1141636055,KCg-m,right,9585,dopamine,0
1141636389,KCg-m,right,9586,dopamine,0
1141674495,KCg-m,right,9587,dopamine,0
1141678637,KCg-m,right,9588,dopamine,0
1141678665,PAM12,right,9589,dopamine,0
1141678931,KCg-m,right,9590,dopamine,0
1141678948,PAM08_e,right,9591,dopamine,0
1141682748,KCg-m,right,9592,dopamine,0
1141687128,PAM07,right,9593,dopamine,0
1141687352,KCg-m,right,9594,dopamine,0
1141691881,KCg-m,right,9595,dopamine,0
1141692008,PAM08_a,right,9596,dopamine,0
1141937695,LC10,right,9597,dopamine,0
1141972158,KCg-m,right,9598,dopamine,0
1141972202,KCg-m,right,9599,dopamine,0
1141976953,KCg-m,right,9600,dopamine,0
1141977014,KCg-m,right,9601,dopamine,0
1141977071,KCg-m,right,9602,dopamine,0
1142002856,mAL1,right,9603,,0
1142011140,PAM07,right,9604,dopamine,0
1142019737,KCg-m,right,9605,dopamine,0
1142019868,KCg-m,right,9606,dopamine,0
1142019878,KCg-s4,right,9607,dopamine,0
1142024290,KCg-m,right,9608,dopamine,0
1142028710,KCg-m,right,9609,dopamine,0
1142257556,LC10,noside,9610,dopamine,0
1142266328,LC10,noside,9611,acetylcholine,0
1142356511,KCg-m,right,9612,dopamine,0
1142356576,PAM08_a,right,9613,dopamine,0
1142360528,KCg-m,right,9614,dopamine,0
1142365351,PAM08_a,right,9615,dopamine,0
1142598324,LC10,noside,9616,acetylcholine,0
1142658717,KCg-m,right,9617,dopamine,0
1142706421,KCg-m,right,9618,dopamine,0
1142994933,KCg-m,right,9619,dopamine,0
1143129698,FB5V,left,9620,glutamate,1
1143167974,SMP370,left,9621,,0
1143332046,KCg-m,right,9622,dopamine,0
1143340753,KCg-m,right,9623,dopamine,0
1143677310,KCg-m,right,9624,dopamine,0
1143686159,KCg-m,right,9625,dopamine,0
1144761556,LAL129,right,9626,acetylcholine,0
1155263986,CL339,right,9627,acetylcholine,0
1155302782,PFNm_a,noside,9628,acetylcholine,0
1155652503,PFNa,noside,9629,acetylcholine,0
1156663078,PFNm_b,noside,9630,acetylcholine,0
1156999846,PFNp_a,noside,9631,acetylcholine,0
1157000178,PFNp_e,noside,9632,acetylcholine,0
1157202283,PLP158,right,9633,gaba,1
1158018199,IB118,right,9634,serotonin,0
1158074778,DNp28,right,9635,glutamate,1
1158187240,LC4,noside,9636,acetylcholine,0
1158191562,LC11,right,9637,acetylcholine,0
1158191622,LC18,noside,9638,acetylcholine,0
1158191887,LC14,right,9639,acetylcholine,0
1158385432,PS142,right,9640,glutamate,1
1158385516,IB032,right,9641,glutamate,1
1158402729,PS163,right,9642,gaba,1
1158507458,PFNp_e,noside,9643,glutamate,1
1158507467,PFNp_b,noside,9644,octopamine,0
1158536635,LC18,right,9645,acetylcholine,0
1158631810,aMe5,noside,9646,acetylcholine,0
1158635682,OCG04,noside,9647,glutamate,1
1158644769,aMe5,noside,9648,acetylcholine,0
1158691908,PS152,right,9649,glutamate,1
1158726373,CL232,right,9650,glutamate,1
1158747783,Delta7,left,9651,glutamate,1
1158864995,LC4,noside,9652,acetylcholine,0
1158877703,LC17,right,9653,acetylcholine,0
1158877783,LC17,noside,9654,gaba,1
1158903092,PVLP098,right,9655,gaba,1
1158994954,aMe4,right,9656,gaba,1
1159123802,PFR_b,noside,9657,serotonin,0
1159262075,aMe5,noside,9658,acetylcholine,0
1159330685,PLP175,right,9659,acetylcholine,0
1159403919,hDeltaB,noside,9660,glutamate,1
1159530101,PFNp_c,noside,9661,acetylcholine,0
1159551037,LC12,noside,9662,dopamine,0
1159555822,LT83,right,9663,acetylcholine,0
1159607159,MC62,right,9664,acetylcholine,0
1159611686,MC62,right,9665,acetylcholine,0
1159611751,MC62,right,9666,acetylcholine,0
1159611828,MC62,right,9667,acetylcholine,0
1159715613,LT76,right,9668,acetylcholine,0
1159948125,MC62,right,9669,acetylcholine,0
1159952969,MC62,right,9670,acetylcholine,0
1159953225,MC62,right,9671,acetylcholine,0
1160070135,IB088,right,9672,acetylcholine,0
1160073701,LAL191,right,9673,acetylcholine,0
1160288913,LC28a,noside,9674,acetylcholine,0
1160466122,PS183,right,9675,acetylcholine,0
1160752265,IB095,right,9676,acetylcholine,0
1160807120,CRE097,right,9677,acetylcholine,0
1160833169,PFNp_b,noside,9678,acetylcholine,0
1160854977,PS257,left,9679,acetylcholine,0
1161117856,IB023,right,9680,acetylcholine,0
1161399526,PVLP118,right,9681,acetylcholine,0
1161429278,PS250,right,9682,acetylcholine,0
1161459105,IB022,right,9683,acetylcholine,0
1161688286,PLP183,right,9684,glutamate,1
1161705902,LC26,noside,9685,acetylcholine,0
1161731111,KCg-m,right,9686,dopamine,0
1161946749,LC14,right,9687,unknown,0
1162063500,KCab-m,right,9688,dopamine,0
1162081064,AVLP197,right,9689,acetylcholine,0
1162180404,AVLP177_b,right,9690,acetylcholine,0
1162305766,PLP111,right,9691,acetylcholine,0
1162516527,AVLP192,right,9692,acetylcholine,0
1162529693,FB3A,right,9693,glutamate,1
1162534149,CL054,right,9694,gaba,1
1162711771,AVLP013,right,9695,gaba,1
1162849313,AVLP074,right,9696,glutamate,1
1162849350,AVLP069_a,right,9697,glutamate,1
1162862472,FB3C,left,9698,gaba,1
1162862710,FB4F_a,right,9699,glutamate,1
1162866390,FB3A,left,9700,glutamate,1
1162871168,FB4A,right,9701,glutamate,1
1162879471,vDeltaM,noside,9702,glutamate,1
1163120884,PLP164,right,9703,acetylcholine,0
1163181423,vDeltaK,noside,9704,glutamate,1
1163181452,vDeltaK,noside,9705,glutamate,1
1163185731,vDeltaL,noside,9706,glutamate,1
1163185756,vDeltaK,noside,9707,acetylcholine,0
1163185810,vDeltaK,noside,9708,dopamine,0
1163185997,hDeltaA,noside,9709,acetylcholine,0
1163190900,FB5V,left,9710,glutamate,1
1163194940,FB4I,left,9711,glutamate,1
1163198746,vDeltaL,noside,9712,glutamate,1
1163199311,FB4P_b,left,9713,glutamate,1
1163212068,FB3E,left,9714,gaba,1
1163228703,FB4F_a,left,9715,glutamate,1
1163367993,WEDPN7A,right,9716,acetylcholine,0
1163384537,LC43,right,9717,acetylcholine,0
1163509685,AVLP073,right,9718,dopamine,0
1163522330,hDeltaM,noside,9719,acetylcholine,0
1163531324,hDeltaI,noside,9720,acetylcholine,0
1163552692,FC1D,left,9721,glutamate,1
1163570493,FB5V,left,9722,glutamate,1
1163574511,vDeltaK,noside,9723,glutamate,1
1163713145,WEDPN16_c,right,9724,acetylcholine,0
1163808587,PVLP123,right,9725,acetylcholine,0
1163868121,vDeltaH,noside,9726,dopamine,0
1163880830,vDeltaK,noside,9727,glutamate,1
1163889808,FC1B,right,9728,acetylcholine,0
1163894164,hDeltaI,noside,9729,acetylcholine,0
1163898298,FB5V,right,9730,glutamate,1
1164113870,KCg-m,right,9731,dopamine,0
1164131530,CL033,left,9732,serotonin,0
1164187272,FC2C,right,9733,dopamine,0
1164196230,FS1B,left,9734,acetylcholine,0
1164200688,vDeltaH,noside,9735,dopamine,0
1164209179,hDeltaJ,noside,9736,dopamine,0
1164217481,FC1C,left,9737,dopamine,0
1164234826,FC1E,right,9738,acetylcholine,0
1164235156,FC1F,left,9739,acetylcholine,0
1164235179,FC1A,left,9740,acetylcholine,0
1164260554,vDeltaI,noside,9741,dopamine,0
1164269666,PFR_a,noside,9742,dopamine,0
1164305231,CL338,left,9743,,0
1164374521,LC43,right,9744,acetylcholine,0
1164503211,OCG06,noside,9745,acetylcholine,0
1164545788,FC2B,left,9746,dopamine,0
1164597572,PFNp_b,noside,9747,glutamate,1
1164615491,hDeltaI,noside,9748,glutamate,1
1164817714,AVLP166,right,9749,acetylcholine,0
1164882751,FC2A,left,9750,dopamine,0
1164917156,FC1E,left,9751,acetylcholine,0
1165085220,LC24,noside,9752,acetylcholine,0
1165206460,hDeltaK,noside,9753,dopamine,0
1165236314,FC1A,right,9754,acetylcholine,0
1165301494,FC3,right,9755,acetylcholine,0
1165305889,FS1A,right,9756,dopamine,0
1165314688,hDeltaC,noside,9757,dopamine,0
1165465632,KCg-m,right,9758,dopamine,0
1165542823,hDeltaC,noside,9759,glutamate,1
1165551524,hDeltaJ,noside,9760,dopamine,0
1165810421,CL268,right,9761,acetylcholine,0
1165810875,CL268,right,9762,acetylcholine,0
1165961664,FC3,right,9763,glutamate,1
1166065510,LC32,right,9764,acetylcholine,0
1166186949,PVLP122,right,9765,acetylcholine,0
1166328873,FS3,left,9766,acetylcholine,0
1166406277,LC9,right,9767,acetylcholine,0
1166406326,LC9,right,9768,acetylcholine,0
1166415548,AVLP007,right,9769,gaba,1
1166416004,AVLP008,right,9770,gaba,1
1166545210,AVLP095,right,9771,gaba,1
1166566237,vDeltaD,noside,9772,dopamine,0
1166592256,FS1B,right,9773,acetylcholine,0
1166592315,FS4B,right,9774,acetylcholine,0
1166674437,FC2C,left,9775,acetylcholine,0
1166756335,LC10,right,9776,glutamate,1
1166761119,LHAV4h1,right,9777,gaba,1
1166778367,AVLP299_b,right,9778,acetylcholine,0
1166842528,PLP066,right,9779,acetylcholine,0
1166885674,hDeltaF,noside,9780,dopamine,0
1166890100,FC2C,right,9781,dopamine,0
1167088413,MC61,noside,9782,acetylcholine,0
1167092919,LC10,noside,9783,glutamate,1
1167092971,MC61,noside,9784,acetylcholine,0
1167097258,LC6,right,9785,acetylcholine,0
1167097291,MC64,noside,9786,acetylcholine,0
1167118856,AVLP294,right,9787,acetylcholine,0
1167205022,AVLP239,right,9788,acetylcholine,0
1167235473,FS3,right,9789,acetylcholine,0
1167235569,FS4B,right,9790,acetylcholine,0
1167235720,FS3,right,9791,dopamine,0
1167282562,PFL2,noside,9792,acetylcholine,0
1167295853,ER4d,left,9793,gaba,1
1167295856,ER4d,left,9794,gaba,1
1167295872,ER4d,left,9795,gaba,1
1167295916,ER4d,right,9796,gaba,1
1167300055,ER4d,left,9797,gaba,1
1167300154,ER4d,right,9798,gaba,1
1167300194,ER4d,right,9799,gaba,1
1167304403,ER4d,right,9800,gaba,1
1167429704,MC61,noside,9801,glutamate,1
1167429753,MC61,noside,9802,neither,0
1167429808,LC10,noside,9803,acetylcholine,0
1167433954,LC10,noside,9804,acetylcholine,0
1167433978,MC61,noside,9805,glutamate,1
1167433982,MC61,noside,9806,glutamate,1
1167433990,LC10,noside,9807,glutamate,1
1167433991,LC10,noside,9808,acetylcholine,0
1167434000,LC10,noside,9809,acetylcholine,0
1167438034,LC9,right,9810,acetylcholine,0
1167438189,LC6,right,9811,acetylcholine,0
1167438283,LC6,noside,9812,acetylcholine,0
1167438288,LC6,noside,9813,acetylcholine,0
1167537600,AVLP322,right,9814,acetylcholine,0
1167542031,AVLP325_b,right,9815,acetylcholine,0
1167563121,ER2_a,right,9816,gaba,1
1167563540,TuBu10,right,9817,acetylcholine,0
1167567702,ER2_d,right,9818,gaba,1
1167593263,FS2,right,9819,glutamate,1
1167632513,ER4d,right,9820,gaba,1
1167641412,ER4m,left,9821,gaba,1
1167645442,ER4m,right,9822,gaba,1
1167645523,ER4d,left,9823,gaba,1
1167645658,ER2_c,right,9824,gaba,1
1167779265,MC61,noside,9825,acetylcholine,0
1167783359,LC32,right,9826,acetylcholine,0
1167783672,LC6,right,9827,acetylcholine,0
1167796848,AVLP176_b,right,9828,acetylcholine,0
1167878646,AVLP116,right,9829,acetylcholine,0
1167882816,CL313,right,9830,acetylcholine,0
1167891559,ER4d,right,9831,gaba,1
1167895489,ER2_c,right,9832,gaba,1
1167896065,ER2_c,right,9833,gaba,1
1167904437,ER2_c,right,9834,gaba,1
1167956458,PFR_a,noside,9835,dopamine,0
1167965225,EL,right,9836,octopamine,0
1167969032,FC1F,right,9837,acetylcholine,0
1167969148,FC3,right,9838,acetylcholine,0
1167977970,ER4m,left,9839,gaba,1
1167982211,ER4d,left,9840,gaba,1
1167995070,EPG,noside,9841,glutamate,1
1168055653,ER3w_b,left,9842,gaba,1
1168059800,ER2_c,left,9843,gaba,1
1168064774,ER2_c,left,9844,gaba,1
1168120360,MC61,noside,9845,glutamate,1
1168120366,LC10,noside,9846,acetylcholine,0
1168120382,MC61,noside,9847,neither,0
1168120397,MC64,noside,9848,acetylcholine,0
1168129036,LC6,right,9849,acetylcholine,0
1168193427,AVLP300_a,right,9850,acetylcholine,0
1168241257,ER2_c,right,9851,gaba,1
1168249921,ER2_d,right,9852,gaba,1
1168283924,FB2G_b,right,9853,glutamate,1
1168302280,FS2,left,9854,acetylcholine,0
1168314368,PFR_a,noside,9855,dopamine,0
1168331947,FR2,noside,9856,acetylcholine,0
1168340507,EL,left,9857,acetylcholine,0
1168387674,FB1B,left,9858,glutamate,1
1168392003,ER3w_b,left,9859,gaba,1
1168392468,ER3w_b,left,9860,gaba,1
1168457108,MC61,noside,9861,acetylcholine,0
1168461253,MC61,noside,9862,acetylcholine,0
1168465622,MC64,noside,9863,acetylcholine,0
1168487385,AVLP254,right,9864,gaba,1
1168487432,AVLP182,right,9865,acetylcholine,0
1168543037,AVLP169,right,9866,acetylcholine,0
1168603800,FB4Q_b,right,9867,glutamate,1
1168625046,FB2E,right,9868,glutamate,1
1168659995,EPGt,noside,9869,glutamate,1
1168660239,EPGt,noside,9870,glutamate,1
1168660275,FR1,left,9871,gaba,1
1168664374,FR1,right,9872,dopamine,0
1168664447,EPGt,noside,9873,glutamate,1
1168664495,EPG,noside,9874,glutamate,1
1168664512,FC1C,left,9875,acetylcholine,0
1168733095,FB2D,left,9876,glutamate,1
1168798447,MC61,noside,9877,serotonin,0
1168810900,MC61,noside,9878,glutamate,1
1168815348,LC6,right,9879,acetylcholine,0
1168833413,AVLP273,right,9880,acetylcholine,0
1168845584,AVLP219,right,9881,acetylcholine,0
1168915489,LAL016,right,9882,acetylcholine,0
1168923315,ER2_b,right,9883,gaba,1
1169005415,FR2,noside,9884,acetylcholine,0
1169143321,MC61,noside,9885,acetylcholine,0
1169147605,LC10,noside,9886,acetylcholine,0
1169151891,MC61,noside,9887,dopamine,0
1169151895,MC61,noside,9888,dopamine,0
1169169208,AVLP578,right,9889,acetylcholine,0
1169173428,AVLP228,right,9890,acetylcholine,0
1169178299,AVLP430,right,9891,acetylcholine,0
1169182259,AVLP228,right,9892,acetylcholine,0
1169260589,ER3a_c,right,9893,gaba,1
1169397759,FC1A,right,9894,acetylcholine,0
1169488657,MC61,noside,9895,acetylcholine,0
1169492912,MC61,noside,9896,dopamine,0
1169492931,LC10,noside,9897,acetylcholine,0
1169562518,AVLP115,right,9898,acetylcholine,0
1169576040,TuBu02,right,9899,acetylcholine,0
1169600852,LAL048,right,9900,gaba,1
1169657925,KCa'b'-ap1,right,9901,dopamine,0
1169661785,KCa'b'-ap2,right,9902,dopamine,0
1169739559,FB2K,left,9903,glutamate,1
1169829963,MC61,noside,9904,acetylcholine,0
1169833987,MC61,noside,9905,acetylcholine,0
1169834028,MC61,noside,9906,acetylcholine,0
1169838185,MC64,noside,9907,acetylcholine,0
1169842672,MC61,noside,9908,glutamate,1
1169842714,MC64,noside,9909,acetylcholine,0
1169847128,LC6,noside,9910,acetylcholine,0
1169898618,TuBu01,right,9911,acetylcholine,0
1169907679,LAL088,right,9912,glutamate,1
1169989698,PAM05,right,9913,dopamine,0
1169989859,PAM05,right,9914,dopamine,0
1169993905,PAM05,right,9915,dopamine,0
1169999059,KCa'b'-ap1,right,9916,dopamine,0
1170175001,MC61,noside,9917,acetylcholine,0
1170175142,MC64,noside,9918,acetylcholine,0
1170179364,MC61,noside,9919,acetylcholine,0
1170179426,MC61,noside,9920,glutamate,1
1170179464,MC61,noside,9921,glutamate,1
1170179507,MC64,noside,9922,acetylcholine,0
1170188095,MC64,noside,9923,acetylcholine,0
1170309400,LAL062,right,9924,gaba,1
1170322501,PAM06_a,right,9925,dopamine,0
1170326256,KCa'b'-ap1,right,9926,dopamine,0
1170326295,KCa'b'-ap1,right,9927,dopamine,0
1170335262,KCa'b'-ap1,right,9928,dopamine,0
1170344185,KCa'b'-ap1,right,9929,dopamine,0
1170348225,PAM06_a,left,9930,dopamine,0
1170352367,LAL008,right,9931,glutamate,1
1170404875,PAM05,right,9932,dopamine,0
1170413425,PAM06_a,right,9933,dopamine,0
1170515990,MC61,noside,9934,acetylcholine,0
1170606692,KCab-s,right,9935,dopamine,0
1170645699,LAL071,right,9936,gaba,1
1170667130,KCa'b'-ap1,right,9937,dopamine,0
1170857299,TuBu08,right,9938,acetylcholine,0
1170861854,MC61,noside,9939,acetylcholine,0
1170865901,MC61,noside,9940,dopamine,0
1170865953,TuBu06,right,9941,acetylcholine,0
1170866126,MC61,noside,9942,acetylcholine,0
1170866180,MC61,noside,9943,acetylcholine,0
1170866275,MC61,noside,9944,dopamine,0
1170870156,MC61,noside,9945,acetylcholine,0
1170874403,MC61,noside,9946,glutamate,1
1170891789,AOTU039,right,9947,glutamate,1
1170892252,MC64,noside,9948,acetylcholine,0
1170935308,AOTU004,right,9949,acetylcholine,0
1170939344,DNa01,right,9950,acetylcholine,0
1170970271,LAL063,right,9951,gaba,1
1171207089,MC61,noside,9952,gaba,1
1171207096,TuBu08,right,9953,acetylcholine,0
1171211215,MC61,noside,9954,acetylcholine,0
1171219829,MC61,noside,9955,gaba,1
1171280441,KCg-d,right,9956,dopamine,0
1171431567,PAM01_a,left,9957,dopamine,0
1171436073,PAM13,left,9958,dopamine,0
1171548200,MC61,noside,9959,acetylcholine,0
1171548212,MC61,noside,9960,acetylcholine,0
1171548392,MC61,noside,9961,glutamate,1
1171613107,TuBu10,right,9962,acetylcholine,0
1171613286,TuBu09,right,9963,acetylcholine,0
1171617407,KCg-d,right,9964,dopamine,0
1171621616,KCg-d,right,9965,dopamine,0
1171621682,KCg-d,right,9966,dopamine,0
1171690432,PAM02,right,9967,dopamine,0
1171690479,PAM05,right,9968,dopamine,0
1171704378,KCg-m,right,9969,dopamine,0
1171759765,PAM08_e,left,9970,dopamine,0
1171772286,PAM08_a,left,9971,dopamine,0
1171785552,PAM13,left,9972,dopamine,0
1171898138,MC61,noside,9973,dopamine,0
1171902272,TuBu09,right,9974,acetylcholine,0
1171910380,TuBu03,right,9975,acetylcholine,0
1171910557,MC64,noside,9976,acetylcholine,0
1171915022,MC64,noside,9977,acetylcholine,0
1171954356,TuBu09,right,9978,acetylcholine,0
1172031461,PAM08_c,right,9979,dopamine,0
1172044382,KCg-m,right,9980,dopamine,0
1172053274,KCg-m,right,9981,dopamine,0
1172242848,MC61,noside,9982,acetylcholine,0
1172363878,KCg-m,right,9983,dopamine,0
1172372291,KCg-m,right,9984,dopamine,0
1172372382,KCg-m,right,9985,dopamine,0
1172372655,PAM02,right,9986,dopamine,0
1172385513,KCg-m,right,9987,dopamine,0
1172433712,PAM08_e,left,9988,dopamine,0
1172441674,PAM12,left,9989,dopamine,0
1172446050,PAM08_a,left,9990,dopamine,0
1172446164,PAM07,left,9991,dopamine,0
1172623224,LC10,right,9992,dopamine,0
1172627154,LC10,noside,9993,acetylcholine,0
1172665846,KCg-m,right,9994,dopamine,0
1172670463,KCg-m,right,9995,dopamine,0
1172704683,KCg-m,right,9996,dopamine,0
1172713514,KCg-m,right,9997,dopamine,0
1172713521,KCg-s1,right,9998,dopamine,0
1172730733,KCg-m,right,9999,dopamine,0
1172774470,PAM15_a,left,10000,dopamine,0
1172796014,PAM08_a,left,10001,dopamine,0
1173007139,PAM14,right,10002,dopamine,0
1173011450,PAM13,left,10003,dopamine,0
1173016042,KCg-m,right,10004,dopamine,0
1173029301,SMP588,right,10005,dopamine,0
1173045815,PAM12,right,10006,dopamine,0
1173054679,KCg-m,right,10007,dopamine,0
1173063302,KCg-m,right,10008,dopamine,0
1173067651,KCg-m,right,10009,acetylcholine,0
1173072129,KCg-m,right,10010,dopamine,0
1173076392,PAM08_e,right,10011,dopamine,0
1173076523,PAM08_e,right,10012,dopamine,0
1173347968,KCa'b'-ap2,right,10013,dopamine,0
1173391076,KCg-m,right,10014,dopamine,0
1173408617,KCg-m,right,10015,dopamine,0
1173417505,KCg-d,right,10016,dopamine,0
1173732234,KCg-m,right,10017,dopamine,0
1173745220,KCg-m,right,10018,dopamine,0
1173745330,PAM08_a,right,10019,dopamine,0
1173745411,KCg-m,right,10020,dopamine,0
1173753977,PAM08_e,right,10021,dopamine,0
1173814525,MBON34,left,10022,glutamate,1
1174008477,KCg-m,right,10023,dopamine,0
1174077762,KCg-m,right,10024,dopamine,0
1174384118,KCg-m,right,10025,dopamine,0
1174410293,KCg-d,right,10026,dopamine,0
1174712037,KCg-m,right,10027,dopamine,0
1175070762,KCg-d,right,10028,dopamine,0
1175433492,SMP474,right,10029,acetylcholine,0
1187676192,WED150,right,10030,acetylcholine,0
1187676208,WED150,right,10031,dopamine,0
1187693355,PFNp_b,noside,10032,serotonin,0
1187831582,PFNa,noside,10033,acetylcholine,0
1187844616,PFNd,noside,10034,octopamine,0
1188004374,IB051,right,10035,acetylcholine,0
1188043606,PFNp_d,noside,10036,acetylcholine,0
1188163963,PFNm_a,noside,10037,acetylcholine,0
1188181261,PFNd,noside,10038,octopamine,0
1188371481,PFNp_b,noside,10039,serotonin,0
1188388754,IbSpsP,noside,10040,glutamate,1
1188504924,vDeltaM,noside,10041,dopamine,0
1188509405,vDeltaK,noside,10042,acetylcholine,0
1188548330,LC18,noside,10043,acetylcholine,0
1188599723,PVLP131,right,10044,acetylcholine,0
1188716311,PFNp_b,noside,10045,octopamine,0
1188885499,LC11,right,10046,acetylcholine,0
1188889654,LT1,right,10047,acetylcholine,0
1188889837,LC14,right,10048,neither,0
1189027422,OCG04,noside,10049,acetylcholine,0
1189227147,LC11,right,10050,acetylcholine,0
1189230326,LPLC1,right,10051,acetylcholine,0
1189230639,LT1,right,10052,acetylcholine,0
1189264680,PVLP103,right,10053,gaba,1
1189420069,PS142,right,10054,glutamate,1
1189549476,PFNm_b,noside,10055,acetylcholine,0
1189559257,LC4,noside,10056,acetylcholine,0
1189563993,Li15,right,10057,gaba,1
1189567690,LC17,noside,10058,dopamine,0
1189601546,PVLP099,right,10059,gaba,1
1189605993,AVLP469,right,10060,gaba,1
1189606166,PVLP097_b,right,10061,gaba,1
1189606310,PVLP097_a,right,10062,gaba,1
1189697512,PS145,right,10063,glutamate,1
1189706008,PS203,right,10064,acetylcholine,0
1189727041,PLP009,right,10065,glutamate,1
1189847645,CL218,left,10066,acetylcholine,0
1189882785,PFNp_b,noside,10067,octopamine,0
1189887646,PFNp_b,noside,10068,glutamate,1
1189891402,PFGs,noside,10069,glutamate,1
1189904590,LC11,noside,10070,acetylcholine,0
1189912345,LC31,noside,10071,acetylcholine,0
1189912812,LT1,right,10072,acetylcholine,0
1190076947,PLP138,right,10073,acetylcholine,0
1190171884,PEG,noside,10074,serotonin,0
1190250299,LC17,noside,10075,gaba,1
1190254555,LC14,right,10076,acetylcholine,0
1190332099,PLP200,right,10077,acetylcholine,0
1190344036,aMe10,right,10078,acetylcholine,0
1190374287,LC37a,right,10079,glutamate,1
1190400775,PLP113,right,10080,acetylcholine,0
1190409318,PLP189,right,10081,acetylcholine,0
1190417843,PLP213,right,10082,gaba,1
1190591244,LC15,noside,10083,acetylcholine,0
1190638276,MC62,right,10084,acetylcholine,0
1190646632,MC62,right,10085,acetylcholine,0
1190646900,MC62,right,10086,acetylcholine,0
1190729123,IB057,right,10087,acetylcholine,0
1190737748,LC39,right,10088,glutamate,1
1190763066,IB074,right,10089,acetylcholine,0
1190983574,MC62,right,10090,acetylcholine,0
1190983579,MC62,right,10091,acetylcholine,0
1191273014,LC14,right,10092,gaba,1
1191315642,IB013,right,10093,gaba,1
1191350690,PLP154,right,10094,acetylcholine,0
1191392918,KCg-d,right,10095,dopamine,0
1191402226,SAD070,right,10096,gaba,1
1191500957,AOTU023,left,10097,glutamate,1
1191665829,PLP199,right,10098,gaba,1
1191820507,PS257,right,10099,acetylcholine,0
1192006543,PLP026,right,10100,gaba,1
1192007205,PLP040,right,10101,glutamate,1
1192019859,WEDPN17_a,right,10102,acetylcholine,0
1192152791,EL,right,10103,acetylcholine,0
1192187204,WED101,right,10104,gaba,1
1192234894,PS256,right,10105,acetylcholine,0
1192434435,LC40a,right,10106,acetylcholine,0
1192460455,PS188,right,10107,glutamate,1
1192529139,WED098,right,10108,glutamate,1
1192567360,IB004,left,10109,glutamate,1
1192606191,hDeltaB,noside,10110,acetylcholine,0
1192698034,WED034,right,10111,glutamate,1
1192723421,IB051,right,10112,acetylcholine,0
1192735693,LC24,noside,10113,acetylcholine,0
1192736036,LC24,noside,10114,acetylcholine,0
1192739907,LC24,noside,10115,acetylcholine,0
1192744779,AVLP469,right,10116,gaba,1
1192796721,CL128,right,10117,gaba,1
1192848260,DNa09,right,10118,acetylcholine,0
1193029926,PLP215,right,10119,glutamate,1
1193210995,AVLP176_d,right,10120,acetylcholine,0
1193214867,AVLP171,right,10121,acetylcholine,0
1193378968,WEDPN7B,right,10122,acetylcholine,0
1193448112,LT85,right,10123,acetylcholine,0
1193539096,AVLP177_b,right,10124,acetylcholine,0
1193560072,FB3A,left,10125,glutamate,1
1193560469,FB3C,right,10126,gaba,1
1193599901,VES075,left,10127,acetylcholine,0
1193828120,PS109,right,10128,acetylcholine,0
1193828958,PLP134,right,10129,acetylcholine,0
1193879608,vDeltaM,noside,10130,glutamate,1
1193884219,vDeltaM,noside,10131,dopamine,0
1193884233,vDeltaL,noside,10132,glutamate,1
1194070053,WEDPN16_c,right,10133,acetylcholine,0
1194100437,VES033,right,10134,gaba,1
1194220763,vDeltaK,noside,10135,glutamate,1
1194242354,FB4E,left,10136,glutamate,1
1194246820,FB2D,right,10137,glutamate,1
1194384626,LC43,right,10138,acetylcholine,0
1194510761,CL252,right,10139,gaba,1
1194558092,hDeltaI,noside,10140,acetylcholine,0
1194562363,FB5V,left,10141,glutamate,1
1194652343,PS130,right,10142,serotonin,0
1194912241,vDeltaK,noside,10143,glutamate,1
1194937249,vDeltaK,noside,10144,glutamate,1
1194937327,vDeltaL,noside,10145,glutamate,1
1194937507,vDeltaM,noside,10146,glutamate,1
1194942043,FC1F,right,10147,glutamate,1
1194946557,FC1B,right,10148,glutamate,1
1194958916,vDeltaM,noside,10149,glutamate,1
1195235619,vDeltaI,noside,10150,dopamine,0
1195235620,vDeltaH,noside,10151,dopamine,0
1195256943,vDeltaM,noside,10152,glutamate,1
1195287289,FC1A,right,10153,glutamate,1
1195554644,vDeltaE,noside,10154,glutamate,1
1195559184,FR1,left,10155,dopamine,0
1195606601,PFR_a,noside,10156,octopamine,0
1195632413,vDeltaH,noside,10157,dopamine,0
1195658585,FS4A,right,10158,acetylcholine,0
1195866078,AVLP167_a,right,10159,acetylcholine,0
1195870226,AVLP177_a,right,10160,acetylcholine,0
1195891557,FS1A,right,10161,dopamine,0
1195913021,FC3,left,10162,acetylcholine,0
1195917506,FC1F,left,10163,acetylcholine,0
1195947727,vDeltaL,noside,10164,glutamate,1
1195973360,vDeltaG,noside,10165,glutamate,1
1195999722,FC2B,left,10166,dopamine,0
1196232789,hDeltaJ,noside,10167,dopamine,0
1196526636,PVLP117,right,10168,acetylcholine,0
1196573432,FC2B,right,10169,dopamine,0
1196573821,FC2B,right,10170,acetylcholine,0
1196673506,hDeltaJ,noside,10171,dopamine,0
1196816048,AVLP284,right,10172,acetylcholine,0
1196854070,PPL101,left,10173,dopamine,0
1197100377,MC61,noside,10174,glutamate,1
1197100399,MC61,noside,10175,acetylcholine,0
1197104631,MC61,noside,10176,dopamine,0
1197234751,DNp23,right,10177,acetylcholine,0
1197242965,vDeltaG,noside,10178,glutamate,1
1197243068,vDeltaA_a,noside,10179,dopamine,0
1197246979,FS4C,right,10180,acetylcholine,0
1197251489,FS2,right,10181,acetylcholine,0
1197260134,vDeltaC,noside,10182,dopamine,0
1197441527,MC61,noside,10183,glutamate,1
1197449561,AVLP008,right,10184,gaba,1
1197449936,aSP8,right,10185,gaba,1
1197450057,AVLP007,right,10186,gaba,1
1197454668,AVLP007,right,10187,gaba,1
1197791054,MC64,noside,10188,acetylcholine,0
1197791057,LC10,noside,10189,acetylcholine,0
1197967828,FB4Z,left,10190,glutamate,1
1197972213,FB4Z,left,10191,glutamate,1
1197993940,PEN_b(PEN2),noside,10192,glutamate,1
1198006801,ER4d,left,10193,gaba,1
1198041835,hDeltaK,noside,10194,glutamate,1
1198049989,FC2C,right,10195,acetylcholine,0
1198123389,LC10,noside,10196,glutamate,1
1198127720,MC61,noside,10197,glutamate,1
1198132022,LC10,noside,10198,glutamate,1
1198132028,LC6,noside,10199,acetylcholine,0
1198132041,LT55,right,10200,glutamate,1
1198257581,ER2_a,right,10201,gaba,1
1198326456,ER4m,right,10202,gaba,1
1198330286,ExR2,right,10203,octopamine,0
1198330641,ExR4,left,10204,glutamate,1
1198334861,ER2_a,left,10205,gaba,1
1198373874,vDeltaD,noside,10206,glutamate,1
1198413357,ER2_c,left,10207,gaba,1
1198468652,MC64,noside,10208,acetylcholine,0
1198468674,LC10,noside,10209,glutamate,1
1198473350,MC61,noside,10210,acetylcholine,0
1198473353,MC64,noside,10211,acetylcholine,0
1198477582,LC6,noside,10212,acetylcholine,0
1198477590,LC6,noside,10213,acetylcholine,0
1198504136,AVLP026,right,10214,acetylcholine,0
1198533883,SAD071,right,10215,gaba,1
1198576311,AVLP120,right,10216,acetylcholine,0
1198654537,FC1A,right,10217,acetylcholine,0
1198658803,hDeltaL,noside,10218,dopamine,0
1198667367,ER2_c,left,10219,gaba,1
1198671494,ER4m,left,10220,gaba,1
1198671672,ER2_c,left,10221,gaba,1
1198675740,ER2_c,left,10222,gaba,1
1198680122,ER2_a,left,10223,gaba,1
1198680249,ER2_a,left,10224,gaba,1
1198680426,ER2_d,left,10225,gaba,1
1198680441,ER2_d,left,10226,gaba,1
1198684596,ER2_a,left,10227,gaba,1
1198693217,ER4d,right,10228,gaba,1
1198749960,PFGs,noside,10229,glutamate,1
1198809611,MC61,noside,10230,acetylcholine,0
1198809632,MC61,noside,10231,acetylcholine,0
1198809646,MC61,noside,10232,acetylcholine,0
1198809657,MC61,noside,10233,acetylcholine,0
1198809663,MC61,noside,10234,dopamine,0
1198814304,MC61,noside,10235,acetylcholine,0
1198818551,LC9,right,10236,acetylcholine,0
1198818609,LC6,noside,10237,acetylcholine,0
1198818618,LC9,noside,10238,acetylcholine,0
1198832414,AVLP412,right,10239,acetylcholine,0
1198832640,aSP10B,right,10240,acetylcholine,0
1198844082,AVLP064,right,10241,glutamate,1
1198844575,AVLP061,right,10242,glutamate,1
1198844628,AVLP069_b,right,10243,glutamate,1
1198931241,ER4d,right,10244,gaba,1
1198943369,ER2_d,right,10245,gaba,1
1199017128,ER2_b,left,10246,gaba,1
1199069208,FS2,left,10247,acetylcholine,0
1199082254,FS4A,left,10248,acetylcholine,0
1199086313,ER3p_a,left,10249,gaba,1
1199150719,MC61,noside,10250,dopamine,0
1199154817,MC61,noside,10251,acetylcholine,0
1199155111,MC61,noside,10252,acetylcholine,0
1199155289,MC61,noside,10253,acetylcholine,0
1199155298,MC61,noside,10254,acetylcholine,0
1199155381,MC61,noside,10255,glutamate,1
1199159353,LC6,noside,10256,acetylcholine,0
1199159635,LC6,noside,10257,acetylcholine,0
1199181443,LHAV2g4,right,10258,acetylcholine,0
1199181469,AVLP238,right,10259,acetylcholine,0
1199225061,AVLP296,right,10260,acetylcholine,0
1199289203,ER3w_a,right,10261,gaba,1
1199327859,FC2A,left,10262,dopamine,0
1199336289,FC1D,left,10263,acetylcholine,0
1199383847,FC3,left,10264,acetylcholine,0
1199383911,FS2,left,10265,acetylcholine,0
1199427845,ER3w_b,left,10266,gaba,1
1199431561,ER3w_a,left,10267,gaba,1
1199432267,ER3w_a,left,10268,gaba,1
1199491728,MC61,noside,10269,glutamate,1
1199491747,MC61,noside,10270,glutamate,1
1199496144,LC9,right,10271,acetylcholine,0
1199496234,MC61,noside,10272,glutamate,1
1199496235,MC61,noside,10273,glutamate,1
1199496243,LC10,noside,10274,glutamate,1
1199496247,MC61,noside,10275,glutamate,1
1199496273,MC61,noside,10276,glutamate,1
1199496276,MC64,noside,10277,acetylcholine,0
1199504502,LC6,noside,10278,acetylcholine,0
1199504729,MC61,noside,10279,glutamate,1
1199517654,AVLP126,right,10280,acetylcholine,0
1199531317,aSP10B,right,10281,acetylcholine,0
1199556510,AVLP490,right,10282,gaba,1
1199565117,LAL136_a,right,10283,acetylcholine,0
1199569954,AVLP123,right,10284,acetylcholine,0
1199573657,AVLP123,right,10285,acetylcholine,0
1199625952,ER3w_b,right,10286,gaba,1
1199677638,PEG,noside,10287,octopamine,0
1199699496,ER2_c,left,10288,gaba,1
1199711860,FC1E,left,10289,acetylcholine,0
1199712167,ER2_c,left,10290,gaba,1
1199712272,ER2_c,left,10291,gaba,1
1199837196,MC61,noside,10292,acetylcholine,0
1199837203,MC61,noside,10293,acetylcholine,0
1199837219,MC61,noside,10294,dopamine,0
1199837228,MC61,noside,10295,dopamine,0
1199837236,MC61,noside,10296,glutamate,1
1199850219,MC61,noside,10297,glutamate,1
1199850227,MC64,noside,10298,,0
1199850242,LC6,noside,10299,acetylcholine,0
1199855170,LC6,right,10300,acetylcholine,0
1199872316,AVLP108,right,10301,acetylcholine,0
1199910583,AVLP325_b,right,10302,acetylcholine,0
1200001508,LAL073,left,10303,glutamate,1
1200014419,LAL076,left,10304,glutamate,1
1200027441,PFGs,noside,10305,dopamine,0
1200032115,PFL3,noside,10306,acetylcholine,0
1200049187,ER5,left,10307,gaba,1
1200053009,PFL2,noside,10308,acetylcholine,0
1200057627,ER5,left,10309,gaba,1
1200070420,FB2G_b,left,10310,glutamate,1
1200092356,FC1E,right,10311,acetylcholine,0
1200174183,MC61,noside,10312,acetylcholine,0
1200178228,MC61,noside,10313,acetylcholine,0
1200178237,MC64,noside,10314,acetylcholine,0
1200182475,MC61,noside,10315,dopamine,0
1200182506,MC61,noside,10316,acetylcholine,0
1200182517,LC10,noside,10317,glutamate,1
1200182520,LC10,noside,10318,dopamine,0
1200182533,MC61,noside,10319,dopamine,0
1200195625,LC6,noside,10320,acetylcholine,0
1200195649,LC9,noside,10321,acetylcholine,0
1200209058,AVLP269,right,10322,acetylcholine,0
1200247508,AVLP114,right,10323,acetylcholine,0
1200273581,TuBu05,right,10324,gaba,1
1200286383,PS027,right,10325,acetylcholine,0
1200290859,TuBu09,right,10326,acetylcholine,0
1200351169,KCa'b'-ap2,right,10327,dopamine,0
1200351200,KCa'b'-ap2,right,10328,dopamine,0
1200519445,MC61,noside,10329,glutamate,1
1200523558,LC10,noside,10330,acetylcholine,0
1200523569,LC10,noside,10331,acetylcholine,0
1200527805,MC61,noside,10332,glutamate,1
1200527901,MC61,noside,10333,dopamine,0
1200536428,MC64,noside,10334,acetylcholine,0
1200536439,LC9,noside,10335,acetylcholine,0
1200541130,LC6,noside,10336,acetylcholine,0
1200541165,LC9,noside,10337,acetylcholine,0
1200541193,LC6,noside,10338,acetylcholine,0
1200554295,AVLP096,right,10339,gaba,1
1200584107,AVLP142,right,10340,acetylcholine,0
1200605580,TuBu05,right,10341,acetylcholine,0
1200610109,TuBu03,right,10342,acetylcholine,0
1200619473,CL337,right,10343,acetylcholine,0
1200683283,KCa'b'-ap2,right,10344,dopamine,0
1200687716,PAM06_a,left,10345,dopamine,0
1200687913,KCa'b'-ap2,right,10346,dopamine,0
1200700424,KCa'b'-ap2,right,10347,dopamine,0
1200752926,PAM06_a,left,10348,dopamine,0
1200753147,PAM06_b,left,10349,dopamine,0
1200753289,PAM06_a,left,10350,dopamine,0
1200864690,MC61,noside,10351,dopamine,0
1200868959,MC61,noside,10352,dopamine,0
1200873417,MC61,noside,10353,acetylcholine,0
1200886425,LC6,noside,10354,acetylcholine,0
1200942353,TuBu02,right,10355,acetylcholine,0
1200942398,AOTU037,right,10356,glutamate,1
1200977875,LAL048,right,10357,gaba,1
1200998497,LAL060,right,10358,gaba,1
1201028519,KCa'b'-ap1,right,10359,dopamine,0
1201032707,KCa'b'-ap1,right,10360,dopamine,0
1201210029,MC61,noside,10361,acetylcholine,0
1201210044,MC61,noside,10362,dopamine,0
1201214429,MC64,noside,10363,acetylcholine,0
1201227074,LC9,right,10364,acetylcholine,0
1201227161,MC61,noside,10365,glutamate,1
1201231377,LC9,right,10366,acetylcholine,0
1201231700,LC9,noside,10367,dopamine,0
1201231760,LC9,noside,10368,acetylcholine,0
1201231770,MC61,noside,10369,acetylcholine,0
1201231796,MC61,noside,10370,acetylcholine,0
1201231816,LC9,right,10371,acetylcholine,0
1201231826,LC9,right,10372,acetylcholine,0
1201296549,LAL190,right,10373,glutamate,1
1201335095,LAL060,right,10374,gaba,1
1201559521,MC61,noside,10375,acetylcholine,0
1201559665,MC61,noside,10376,dopamine,0
1201568401,MC64,noside,10377,acetylcholine,0
1201568417,LC6,noside,10378,acetylcholine,0
1201568426,MC64,noside,10379,acetylcholine,0
1201568464,LC6,noside,10380,acetylcholine,0
1201572715,MC61,noside,10381,acetylcholine,0
1201580945,MC61,noside,10382,acetylcholine,0
1201615899,TuBu06,right,10383,acetylcholine,0
1201624330,TuBu08,right,10384,acetylcholine,0
1201659335,LAL071,right,10385,gaba,1
1201905111,MC61,noside,10386,acetylcholine,0
1201927079,MC64,noside,10387,acetylcholine,0
1201961255,TuBu10,right,10388,acetylcholine,0
1202060409,KCa'b'-ap1,right,10389,dopamine,0
1202125326,PAM01_b,left,10390,dopamine,0
1202241942,TuBu08,right,10391,acetylcholine,0
1202250762,MC61,noside,10392,acetylcholine,0
1202250779,MC61,noside,10393,serotonin,0
1202259458,MC64,noside,10394,acetylcholine,0
1202397143,PAM01_b,right,10395,dopamine,0
1202410042,KCg-m,right,10396,dopamine,0
1202462198,PAM02,left,10397,dopamine,0
1202470836,PAM07,left,10398,dopamine,0
1202673723,KCa'b'-ap2,right,10399,dopamine,0
1202704262,CRE037,right,10400,glutamate,1
1202737975,KCg-m,right,10401,dopamine,0
1203066201,PAM02,right,10402,dopamine,0
1203066222,PAM04_a,right,10403,dopamine,0
1203066401,PAM04_a,right,10404,dopamine,0
1203070528,PAM01_a,right,10405,dopamine,0
1203273913,MC61,noside,10406,acetylcholine,0
1203420037,KCg-m,right,10407,dopamine,0
1203424360,KCg-m,right,10408,dopamine,0
1203433388,KCg-d,right,10409,dopamine,0
1203709763,KCa'b'-m,right,10410,dopamine,0
1203756972,KCg-d,right,10411,dopamine,0
1203769621,KCg-d,right,10412,dopamine,0
1203769862,KCg-d,right,10413,dopamine,0
1203774485,KCg-d,right,10414,dopamine,0
1203774508,KCg-d,right,10415,dopamine,0
1203779116,KCg-d,right,10416,dopamine,0
1203783013,KCg-d,right,10417,dopamine,0
1204063702,AVLP495,right,10418,acetylcholine,0
1204076441,KCg-m,right,10419,dopamine,0
1204124270,PAM01_a,right,10420,dopamine,0
1204124281,KCg-d,right,10421,dopamine,0
1204175835,PAM07,right,10422,dopamine,0
1204391417,PAM13,right,10423,dopamine,0
1204443547,KCg-m,right,10424,dopamine,0
1204447548,KCg-m,right,10425,dopamine,0
1204547624,PAM12,left,10426,dopamine,0
1204775735,KCg-m,right,10427,dopamine,0
1204784216,KCg-m,right,10428,dopamine,0
1204875505,PAM12,left,10429,dopamine,0
1205090786,PAM12,right,10430,dopamine,0
1205220831,SMP450,right,10431,glutamate,1
1205225146,PAM12,left,10432,dopamine,0
1206114100,PAM12,right,10433,dopamine,0
1217372569,PFNp_a,noside,10434,glutamate,1
1217385533,PFNa,noside,10435,acetylcholine,0
1217385540,vDeltaM,noside,10436,acetylcholine,0
1217385603,vDeltaM,noside,10437,glutamate,1
1217394039,PFNm_b,noside,10438,acetylcholine,0
1217687906,WED131,right,10439,,0
1218516762,vDeltaM,noside,10440,glutamate,1
1218728463,PFNp_b,noside,10441,serotonin,0
1218728541,PFNa,noside,10442,acetylcholine,0
1218728544,PFNp_b,noside,10443,serotonin,0
1218728570,PEN_b(PEN2),noside,10444,acetylcholine,0
1218728588,PFNp_a,noside,10445,acetylcholine,0
1218732640,PEN_a(PEN1),noside,10446,acetylcholine,0
1218732781,PFNd,noside,10447,acetylcholine,0
1218732931,PFNd,noside,10448,acetylcholine,0
1218733141,PFNp_b,noside,10449,serotonin,0
1218901359,LC4,noside,10450,acetylcholine,0
1219056506,PLP235,right,10451,acetylcholine,0
1219069439,EPGt,noside,10452,glutamate,1
1219069788,PFNp_a,noside,10453,acetylcholine,0
1219410844,PFNp_a,noside,10454,acetylcholine,0
1219462308,OCG08,noside,10455,unknown,0
1219544166,vDeltaI,noside,10456,dopamine,0
1219592090,LC17,right,10457,acetylcholine,0
1219634899,AOTU051,right,10458,gaba,1
1219738275,PS254,right,10459,acetylcholine,0
1219756158,PFNp_a,noside,10460,acetylcholine,0
1219880727,vDeltaG,noside,10461,dopamine,0
1219889738,PFNp_c,noside,10462,acetylcholine,0
1220049442,OCG04,noside,10463,acetylcholine,0
1220257051,LPLC1,right,10464,acetylcholine,0
1220270134,LT61,right,10465,acetylcholine,0
1220299806,AVLP465,right,10466,gaba,1
1220343010,MC62,right,10467,acetylcholine,0
1220412108,PS271,right,10468,acetylcholine,0
1220434040,SMP375,right,10469,acetylcholine,0
1220576923,PEN_a(PEN1),noside,10470,acetylcholine,0
1220581302,PFNp_a,noside,10471,acetylcholine,0
1220584946,PEN_b(PEN2),noside,10472,glutamate,1
1220607239,LC18,right,10473,acetylcholine,0
1220800405,FB6M,right,10474,glutamate,1
1220873910,PS119,left,10475,acetylcholine,0
1220873945,PS119,right,10476,acetylcholine,0
1220873960,PS122,right,10477,acetylcholine,0
1221280490,LC17,right,10478,dopamine,0
1221285128,LT82a,right,10479,acetylcholine,0
1221285175,LC17,noside,10480,gaba,1
1221289185,LC9,right,10481,acetylcholine,0
1221768103,LC39,right,10482,glutamate,1
1221798726,LAL181,right,10483,acetylcholine,0
1221837020,PS160,right,10484,gaba,1
1221971218,LPLC2,right,10485,acetylcholine,0
1221983537,LC9,right,10486,acetylcholine,0
1222018576,MC62,right,10487,acetylcholine,0
1222022960,LC20,noside,10488,glutamate,1
1222100337,VES070,right,10489,acetylcholine,0
1222104921,PLP015,right,10490,gaba,1
1222195226,PLP014,right,10491,gaba,1
1222195618,PS243,right,10492,serotonin,0
1222233946,LAL200,left,10493,glutamate,1
1222302866,LC15,noside,10494,acetylcholine,0
1222332850,LPLC1,right,10495,acetylcholine,0
1222368547,LC20,noside,10496,acetylcholine,0
1222519065,VES064,right,10497,acetylcholine,0
1222592470,PS300,left,10498,glutamate,1
1222696201,LC27,right,10499,acetylcholine,0
1222696284,LC27,noside,10500,acetylcholine,0
1222701034,PLP077,left,10501,gaba,1
1222701117,PLP152,right,10502,acetylcholine,0
1222769755,PLP151,right,10503,acetylcholine,0
1222855676,CL299_a,right,10504,acetylcholine,0
1222876887,VES050,right,10505,gaba,1
1222876929,VES048,right,10506,glutamate,1
1222928970,IB088,left,10507,,0
1222928995,DNa10,left,10508,acetylcholine,0
1223041249,PLP039,right,10509,glutamate,1
1223045702,PLP040,right,10510,glutamate,1
1223127391,LC37b,right,10511,glutamate,1
1223200775,IB062,right,10512,acetylcholine,0
1223274640,IB072,left,10513,acetylcholine,0
1223383793,WED034,right,10514,glutamate,1
1223388206,WEDPN17_a,right,10515,acetylcholine,0
1223616241,VES078,left,10516,acetylcholine,0
1223640877,PFNv,noside,10517,acetylcholine,0
1223758589,LC20,noside,10518,glutamate,1
1223810337,AVLP581,left,10519,glutamate,1
1223969004,FC1B,left,10520,acetylcholine,0
1224069121,WEDPN17_c,right,10521,acetylcholine,0
1224069760,WEDPN16_a,right,10522,acetylcholine,0
1224073798,WEDPN17_b,right,10523,acetylcholine,0
1224078043,PLP040,right,10524,glutamate,1
1224137476,KCg-m,right,10525,dopamine,0
1224137495,KCg-s3,right,10526,dopamine,0
1224249917,PFNa,noside,10527,acetylcholine,0
1224254199,FB1E_a,right,10528,glutamate,1
1224254476,PFNa,noside,10529,acetylcholine,0
1224258904,FB2F_b,right,10530,glutamate,1
1224258912,FB2A,left,10531,dopamine,0
1224400894,PLP042_c,right,10532,glutamate,1
1224560577,LT66,right,10533,acetylcholine,0
1224590555,FB3C,right,10534,gaba,1
1224590738,FC1F,left,10535,acetylcholine,0
1224591253,FB3E,right,10536,gaba,1
1224591262,FB2K,right,10537,glutamate,1
1224595273,FB2A,right,10538,dopamine,0
1224595289,FB2D,left,10539,glutamate,1
1224595608,FB2F_a,right,10540,glutamate,1
1224595644,FB2I_a,right,10541,dopamine,0
1224595673,FB2B_b,right,10542,glutamate,1
1224634209,PS008_a,left,10543,glutamate,1
1224936588,PFNa,noside,10544,acetylcholine,0
1224941044,FB2A,right,10545,dopamine,0
1224945409,FB2B_b,left,10546,glutamate,1
1224945418,FB2A,left,10547,dopamine,0
1225100939,VP2+VC5_l2PN,right,10548,acetylcholine,0
1225114259,LC43,right,10549,acetylcholine,0
1225238274,AVLP181,right,10550,acetylcholine,0
1225251556,hDeltaI,noside,10551,acetylcholine,0
1225273264,FB3C,left,10552,gaba,1
1225290240,FB4A,right,10553,glutamate,1
1225290633,FB4C,right,10554,glutamate,1
1225455907,LC24,noside,10555,acetylcholine,0
1225472688,PS201,right,10556,dopamine,0
1225540409,CL050_a,right,10557,glutamate,1
1225553531,IB078,right,10558,acetylcholine,0
1225575153,AVLP191,right,10559,acetylcholine,0
1225588506,FB4Z,left,10560,glutamate,1
1225601395,hDeltaI,noside,10561,acetylcholine,0
1225605932,FS4B,left,10562,acetylcholine,0
1225640135,FB4L,right,10563,serotonin,0
1225761499,LC43,right,10564,acetylcholine,0
1225791777,LC24,noside,10565,acetylcholine,0
1225946873,FC1E,left,10566,acetylcholine,0
1225946995,FC1D,left,10567,acetylcholine,0
1225951007,hDeltaK,noside,10568,glutamate,1
1225955443,vDeltaL,noside,10569,glutamate,1
1225985415,vDeltaL,noside,10570,glutamate,1
1226029612,aMe14b,left,10571,neither,0
1226084614,LC10,noside,10572,acetylcholine,0
1226202007,AVLP198,right,10573,acetylcholine,0
1226206190,PS199,right,10574,acetylcholine,0
1226287647,FC1A,left,10575,acetylcholine,0
1226287821,FC1C,right,10576,acetylcholine,0
1226296238,FB4E,right,10577,glutamate,1
1226347969,vDeltaI,noside,10578,dopamine,0
1226632700,vDeltaL,noside,10579,glutamate,1
1226789202,AVLP287,right,10580,acetylcholine,0
1226793835,AVLP299_a,right,10581,acetylcholine,0
1226797688,LC43,right,10582,acetylcholine,0
1226831477,AVLP468,right,10583,gaba,1
1226887763,DNp09,right,10584,acetylcholine,0
1226978058,vDeltaM,noside,10585,glutamate,1
1227004352,vDeltaM,noside,10586,dopamine,0
1227135350,PVLP096,right,10587,gaba,1
1227263212,hDeltaK,noside,10588,octopamine,0
1227345286,vDeltaM,noside,10589,glutamate,1
1227616995,vDeltaE,noside,10590,glutamate,1
1227617128,hDeltaJ,noside,10591,dopamine,0
1227735330,vDeltaB,noside,10592,dopamine,0
1227941128,FS4B,right,10593,acetylcholine,0
1228135037,MC61,noside,10594,glutamate,1
1228264951,DNp09,right,10595,acetylcholine,0
1228265278,PVLP146,right,10596,acetylcholine,0
1228274595,CL215,left,10597,acetylcholine,0
1228476093,MC61,noside,10598,acetylcholine,0
1228476109,MC61,noside,10599,glutamate,1
1228480354,MC61,noside,10600,acetylcholine,0
1228484534,AVLP003,right,10601,gaba,1
1228489035,AVLP004,right,10602,gaba,1
1228489167,AVLP006,right,10603,gaba,1
1228489539,AVLP006,right,10604,gaba,1
1228545481,AVLP191,right,10605,acetylcholine,0
1228683492,ExR8,left,10606,dopamine,0
1228692168,ExR6,left,10607,glutamate,1
1228817202,MC61,noside,10608,glutamate,1
1228817229,MC61,noside,10609,acetylcholine,0
1228817231,LC10,noside,10610,glutamate,1
1228817238,MC61,noside,10611,dopamine,0
1228821305,MC61,noside,10612,acetylcholine,0
1228821333,MC61,noside,10613,glutamate,1
1228860966,AVLP300_a,right,10614,acetylcholine,0
1228877958,AVLP489,right,10615,acetylcholine,0
1228968232,hDeltaC,noside,10616,dopamine,0
1229093930,hDeltaC,noside,10617,dopamine,0
1229107423,DNp13,left,10618,serotonin,0
1229158221,MC61,noside,10619,dopamine,0
1229162353,LC9,noside,10620,acetylcholine,0
1229162371,MC61,noside,10621,glutamate,1
1229162373,MC61,noside,10622,glutamate,1
1229162381,LC9,noside,10623,acetylcholine,0
1229166973,LC9,noside,10624,acetylcholine,0
1229166980,MC61,noside,10625,acetylcholine,0
1229197633,AVLP294,right,10626,acetylcholine,0
1229197848,AVLP501,right,10627,acetylcholine,0
1229288307,ER3p_a,right,10628,gaba,1
1229309429,FS2,right,10629,acetylcholine,0
1229369776,ER2_b,right,10630,gaba,1
1229503424,MC61,noside,10631,gaba,1
1229503438,MC61,noside,10632,glutamate,1
1229507863,LC6,noside,10633,acetylcholine,0
1229507904,LC9,noside,10634,acetylcholine,0
1229521890,SAD045,right,10635,acetylcholine,0
1229538180,AVLP250,right,10636,acetylcholine,0
1229538338,AVLP026,right,10637,acetylcholine,0
1229633648,TuBu09,right,10638,acetylcholine,0
1229654578,FS3,right,10639,acetylcholine,0
1229710803,ER2_b,left,10640,gaba,1
1229840150,MC61,noside,10641,dopamine,0
1229844484,MC64,noside,10642,acetylcholine,0
1229848754,MC61,noside,10643,acetylcholine,0
1229849059,LC6,noside,10644,acetylcholine,0
1229849063,MC61,noside,10645,acetylcholine,0
1229849064,MC61,noside,10646,acetylcholine,0
1229862274,AVLP302,right,10647,acetylcholine,0
1229879796,AVLP248,right,10648,acetylcholine,0
1229965474,ER4d,right,10649,gaba,1
1230004532,FS4C,right,10650,acetylcholine,0
1230004806,hDeltaC,noside,10651,dopamine,0
1230018050,FC1C,right,10652,acetylcholine,0
1230026228,ER4d,left,10653,gaba,1
1230026402,ER4d,left,10654,gaba,1
1230095228,FS1A,left,10655,dopamine,0
1230121634,ER3w_a,left,10656,gaba,1
1230125720,ER3w_b,left,10657,gaba,1
1230189701,MC61,noside,10658,acetylcholine,0
1230190016,LC9,noside,10659,acetylcholine,0
1230190149,LC6,noside,10660,acetylcholine,0
1230216845,AVLP226,right,10661,acetylcholine,0
1230220003,AVLP069_a,right,10662,glutamate,1
1230221035,aSP10A,right,10663,acetylcholine,0
1230319275,ER3w_a,right,10664,gaba,1
1230324385,ER3w_b,right,10665,gaba,1
1230328538,FS4A,right,10666,acetylcholine,0
1230480261,ER2_c,left,10667,gaba,1
1230526667,MC61,noside,10668,dopamine,0
1230526693,MC61,noside,10669,dopamine,0
1230526698,LC10,noside,10670,acetylcholine,0
1230530730,MC61,noside,10671,acetylcholine,0
1230530765,MC64,noside,10672,acetylcholine,0
1230531125,LC9,noside,10673,acetylcholine,0
1230531193,MC64,noside,10674,acetylcholine,0
1230531237,LC6,noside,10675,acetylcholine,0
1230535525,LC9,noside,10676,acetylcholine,0
1230569974,AVLP130,right,10677,acetylcholine,0
1230678160,FC3,left,10678,acetylcholine,0
1230712894,ER5,right,10679,gaba,1
1230712956,ER5,right,10680,gaba,1
1230738118,ER5,left,10681,gaba,1
1230738163,ER3a_c,left,10682,gaba,1
1230738237,ER5,right,10683,gaba,1
1230738247,ER5,right,10684,gaba,1
1230742431,ER5,left,10685,gaba,1
1230742517,ER5,right,10686,gaba,1
1230742552,ER5,right,10687,gaba,1
1230867838,MC64,noside,10688,acetylcholine,0
1230872124,MC61,noside,10689,acetylcholine,0
1230893838,AVLP219,right,10690,octopamine,0
1230902952,AVLP099,right,10691,acetylcholine,0
1230903191,AVLP237_b,right,10692,acetylcholine,0
1230933109,LAL054,right,10693,acetylcholine,0
1231044615,LAL076,right,10694,glutamate,1
1231066662,ER5,right,10695,gaba,1
1231066732,ER5,right,10696,gaba,1
1231066741,ER5,left,10697,gaba,1
1231070792,ER5,left,10698,gaba,1
1231070863,ER5,left,10699,gaba,1
1231079482,ER5,left,10700,gaba,1
1231213221,LC10,noside,10701,acetylcholine,0
1231217536,LC9,noside,10702,acetylcholine,0
1231239491,AVLP219,right,10703,octopamine,0
1231244303,AVLP242,right,10704,acetylcholine,0
1231299343,PAM11,right,10705,dopamine,0
1231320932,PS036,right,10706,acetylcholine,0
1231554116,MC61,noside,10707,acetylcholine,0
1231614730,LC6,noside,10708,acetylcholine,0
1231619255,LC6,noside,10709,acetylcholine,0
1231675708,ER3a_b,right,10710,gaba,1
1231718414,KCa'b'-ap2,right,10711,dopamine,0
1231735257,KCa'b'-ap2,right,10712,dopamine,0
1231899588,MC64,noside,10713,acetylcholine,0
1231903775,MC61,noside,10714,acetylcholine,0
1231903799,MC61,noside,10715,dopamine,0
1231955783,LC6,noside,10716,acetylcholine,0
1231955819,LC6,noside,10717,acetylcholine,0
1231955849,LC6,noside,10718,acetylcholine,0
1232038141,LAL123,right,10719,serotonin,0
1232249314,LC6,noside,10720,acetylcholine,0
1232249325,LC6,noside,10721,acetylcholine,0
1232257688,LC6,noside,10722,acetylcholine,0
1232262105,LC9,right,10723,acetylcholine,0
1232262131,LC6,noside,10724,acetylcholine,0
1232266231,LC9,noside,10725,acetylcholine,0
1232266303,LC9,noside,10726,acetylcholine,0
1232266394,LC9,right,10727,acetylcholine,0
1232266414,LC9,right,10728,acetylcholine,0
1232266616,LC9,noside,10729,acetylcholine,0
1232288020,LC9,noside,10730,acetylcholine,0
1232344382,SMP174,right,10731,acetylcholine,0
1232594718,LC6,noside,10732,acetylcholine,0
1232603375,LC9,right,10733,acetylcholine,0
1232603386,LC9,right,10734,acetylcholine,0
1232607205,LC9,right,10735,acetylcholine,0
1232607449,LC9,right,10736,acetylcholine,0
1232607453,LC9,right,10737,acetylcholine,0
1232607542,LC9,right,10738,acetylcholine,0
1232634093,LC9,noside,10739,acetylcholine,0
1232654731,KCg-m,right,10740,dopamine,0
1232939935,MC61,noside,10741,acetylcholine,0
1232940086,MC61,noside,10742,acetylcholine,0
1232940390,MC61,noside,10743,glutamate,1
1232948618,MC61,noside,10744,acetylcholine,0
1232952921,MC61,noside,10745,acetylcholine,0
1232979445,TuBu10,right,10746,acetylcholine,0
1232983358,TuBu08,right,10747,acetylcholine,0
1233281209,TuBu08,right,10748,acetylcholine,0
1233285645,MC61,noside,10749,dopamine,0
1233428010,PAM01_a,right,10750,dopamine,0
1233436396,PAM06_b,right,10751,dopamine,0
1233436426,PAM03,right,10752,dopamine,0
1233436479,PAM15_b,right,10753,dopamine,0
1233492573,PAM01_b,left,10754,dopamine,0
1233501275,PAM13,left,10755,dopamine,0
1233505806,PAM02,left,10756,dopamine,0
1233703950,KCab-s,right,10757,dopamine,0
1233773217,PAM01_a,right,10758,dopamine,0
1234329752,MC64,noside,10759,acetylcholine,0
1234386037,MBON07,right,10760,glutamate,1
1234472633,KCg-d,right,10761,dopamine,0
1234481054,PAM01_a,right,10762,dopamine,0
1234731487,PAM14,left,10763,dopamine,0
1234800242,KCg-m,right,10764,dopamine,0
1234809285,KCg-d,right,10765,dopamine,0
1235115629,KCg-d,right,10766,dopamine,0
1235150293,KCg-d,right,10767,dopamine,0
1236073998,KCg-m,right,10768,dopamine,0
1236816635,KCg-m,right,10769,dopamine,0
1237814053,KCg-d,right,10770,dopamine,0
1248424771,vDeltaM,noside,10771,glutamate,1
1248424794,PFNp_b,noside,10772,serotonin,0
1248761685,vDeltaE,noside,10773,dopamine,0
1248765883,PFNp_d,noside,10774,serotonin,0
1248770299,PFNp_c,noside,10775,acetylcholine,0
1249098248,PFNp_c,noside,10776,acetylcholine,0
1249098351,vDeltaM,noside,10777,dopamine,0
1249098449,vDeltaM,noside,10778,dopamine,0
1249102842,PFNp_d,noside,10779,acetylcholine,0
1249443550,vDeltaL,noside,10780,acetylcholine,0
1249595196,LT71,right,10781,,0
1249750280,WED130,right,10782,acetylcholine,0
1249763220,PFNp_c,noside,10783,acetylcholine,0
1249763369,PFNp_d,noside,10784,glutamate,1
1249892614,vDeltaM,noside,10785,glutamate,1
1249932198,LC4,noside,10786,acetylcholine,0
1249936614,LC18,noside,10787,acetylcholine,0
1249940263,LC14,noside,10788,glutamate,1
1250091489,SAD090,right,10789,acetylcholine,0
1250091549,SAD090,right,10790,acetylcholine,0
1250113157,PFNp_b,noside,10791,serotonin,0
1250113288,PFNp_e,noside,10792,acetylcholine,0
1250233662,vDeltaC,noside,10793,dopamine,0
1250277991,LC17,noside,10794,gaba,1
1250432148,PS254,right,10795,acetylcholine,0
1250432434,SAD090,right,10796,acetylcholine,0
1250885621,OCG08,noside,10797,unknown,0
1250920325,vDeltaA_a,noside,10798,dopamine,0
1250924355,vDeltaA_a,noside,10799,dopamine,0
1251032454,PLP195,right,10800,gaba,1
1251170902,PS215,left,10801,acetylcholine,0
1251265590,PFNp_b,noside,10802,octopamine,0
1251265778,PFNp_b,noside,10803,octopamine,0
1251269930,PFNp_e,noside,10804,acetylcholine,0
1251275120,PFNa,noside,10805,acetylcholine,0
1251287671,LC4,noside,10806,acetylcholine,0
1251373426,PS106,right,10807,gaba,1
1251654856,LT38,right,10808,gaba,1
1251684081,AVLP466,right,10809,gaba,1
1251788873,PS151,right,10810,glutamate,1
1251802055,IB093,right,10811,glutamate,1
1251810403,IB032,right,10812,glutamate,1
1251810443,PS211,right,10813,acetylcholine,0
1251810459,IB069,right,10814,acetylcholine,0
1251857090,PS286,right,10815,glutamate,1
1251952397,PFNp_a,noside,10816,acetylcholine,0
1251969396,LC11,noside,10817,acetylcholine,0
1251995567,Li13,right,10818,gaba,1
1251996302,LT81,right,10819,acetylcholine,0
1252042438,PLP174,right,10820,acetylcholine,0
1252121060,PLP051,right,10821,dopamine,0
1252151253,LT45,left,10822,glutamate,1
1252160243,PS216,right,10823,serotonin,0
1252180796,IB095,left,10824,glutamate,1
1252337098,LC13,right,10825,acetylcholine,0
1252337419,LC15,noside,10826,acetylcholine,0
1252409535,aMe10,right,10827,acetylcholine,0
1252665371,LT60,right,10828,acetylcholine,0
1252677095,LC24,noside,10829,glutamate,1
1252833634,CL124,right,10830,unknown,0
1252836874,IB079,right,10831,acetylcholine,0
1252927798,IB061,left,10832,acetylcholine,0
1252966452,LAL199,left,10833,acetylcholine,0
1253230203,PS207,right,10834,serotonin,0
1253394169,LC28a,noside,10835,acetylcholine,0
1253394541,MC62,right,10836,acetylcholine,0
1253398506,LC20,noside,10837,glutamate,1
1253510669,CL349,left,10838,glutamate,1
1253510705,CL239,right,10839,glutamate,1
1253511078,CL348,left,10840,glutamate,1
1253700547,LC9,right,10841,acetylcholine,0
1253821732,LC37b,right,10842,glutamate,1
1254037524,LC16,noside,10843,acetylcholine,0
1254261370,WED103,right,10844,glutamate,1
1254261493,WED103,right,10845,glutamate,1
1254261625,WED103,right,10846,glutamate,1
1254331599,CL262,left,10847,,0
1254362189,Li14,right,10848,gaba,1
1254460664,LC24,noside,10849,acetylcholine,0
1254512048,CL348,left,10850,glutamate,1
1254602709,IB014,left,10851,gaba,1
1254793503,LC20,noside,10852,glutamate,1
1254801742,LC24,noside,10853,acetylcholine,0
1254931072,PS046,right,10854,glutamate,1
1254931126,IB015,left,10855,acetylcholine,0
1254931127,IB061,right,10856,acetylcholine,0
1254947903,FB1F,left,10857,glutamate,1
1255095486,WED145,right,10858,acetylcholine,0
1255138222,LC40a,right,10859,acetylcholine,0
1255285060,FB2I_a,left,10860,dopamine,0
1255289329,FB2I_a,right,10861,dopamine,0
1255293862,FB2J,left,10862,glutamate,1
1255297613,PFNa,noside,10863,acetylcholine,0
1255297788,FB2B_a,right,10864,octopamine,0
1255328073,PS006,left,10865,glutamate,1
1255405703,LC14,right,10866,dopamine,0
1255630284,FB2M,right,10867,glutamate,1
1255630350,FB2M,right,10868,glutamate,1
1255634702,FB2M,right,10869,glutamate,1
1255638782,PFNa,noside,10870,acetylcholine,0
1255979929,FB2J,right,10871,glutamate,1
1256153716,LC24,noside,10872,acetylcholine,0
1256242994,CL051,right,10873,glutamate,1
1256268811,AVLP177_a,right,10874,acetylcholine,0
1256376704,PFNp_e,noside,10875,acetylcholine,0
1256490442,LC24,noside,10876,acetylcholine,0
1256490709,LC24,noside,10877,acetylcholine,0
1256490714,LC24,noside,10878,acetylcholine,0
1256494439,LC24,noside,10879,acetylcholine,0
1256605576,AVLP178,right,10880,acetylcholine,0
1256619187,vDeltaK,noside,10881,dopamine,0
1256800488,PVLP144,right,10882,acetylcholine,0
1256826061,LC24,right,10883,acetylcholine,0
1256830582,LC16,noside,10884,acetylcholine,0
1256831016,LC24,noside,10885,acetylcholine,0
1256831471,LC24,right,10886,acetylcholine,0
1256835428,LC15,noside,10887,acetylcholine,0
1256835915,LC24,noside,10888,acetylcholine,0
1256976902,vDeltaL,noside,10889,dopamine,0
1257038013,vDeltaM,noside,10890,glutamate,1
1257163007,LC24,noside,10891,acetylcholine,0
1257167518,LC24,right,10892,acetylcholine,0
1257167607,LC24,noside,10893,acetylcholine,0
1257245650,LC32,noside,10894,acetylcholine,0
1257283316,hDeltaB,noside,10895,acetylcholine,0
1257288066,hDeltaH,noside,10896,acetylcholine,0
1257301237,hDeltaK,noside,10897,glutamate,1
1257314045,vDeltaK,noside,10898,glutamate,1
1257322613,vDeltaM,noside,10899,glutamate,1
1257357395,vDeltaL,noside,10900,glutamate,1
1257504141,LC24,noside,10901,acetylcholine,0
1257508477,LC24,noside,10902,acetylcholine,0
1257543693,IB012,right,10903,gaba,1
1257629168,hDeltaM,noside,10904,dopamine,0
1257629175,FC2B,left,10905,dopamine,0
1257698024,vDeltaL,noside,10906,glutamate,1
1257724277,vDeltaK,noside,10907,acetylcholine,0
1257909797,PVLP134,right,10908,acetylcholine,0
1257974685,vDeltaH,noside,10909,dopamine,0
1258012888,vDeltaL,noside,10910,glutamate,1
1258065751,vDeltaK,noside,10911,acetylcholine,0
1258073453,PFL3,noside,10912,neither,0
1258376151,vDeltaM,noside,10913,glutamate,1
1258380202,vDeltaL,noside,10914,glutamate,1
1258631261,CL320,right,10915,acetylcholine,0
1258682411,vDeltaK,noside,10916,dopamine,0
1258686925,PFL3,noside,10917,acetylcholine,0
1258725200,vDeltaI,noside,10918,glutamate,1
1258755799,FC3,left,10919,acetylcholine,0
1258833307,MC64,noside,10920,acetylcholine,0
1259006355,vDeltaI,noside,10921,dopamine,0
1259022991,vDeltaB,noside,10922,dopamine,0
1259027455,vDeltaA_a,noside,10923,dopamine,0
1259058278,vDeltaK,noside,10924,glutamate,1
1259097611,PFR_a,noside,10925,dopamine,0
1259218128,LHAV2g2_a,right,10926,acetylcholine,0
1259230618,AVLP185,right,10927,acetylcholine,0
1259236113,VES033,right,10928,gaba,1
1259295990,AVLP159,right,10929,acetylcholine,0
1259309269,CL215,left,10930,acetylcholine,0
1259325203,hDeltaK,noside,10931,octopamine,0
1259377221,ER6,left,10932,glutamate,1
1259377325,ER6,left,10933,gaba,1
1259386264,ExR7,right,10934,acetylcholine,0
1259424853,vDeltaE,noside,10935,acetylcholine,0
1259425497,hDeltaJ,noside,10936,dopamine,0
1259510931,MC64,noside,10937,acetylcholine,0
1259510945,MC61,noside,10938,acetylcholine,0
1259528984,LHAV4f1,right,10939,gaba,1
1259576269,AVLP191,right,10940,acetylcholine,0
1259580168,AVLP523,right,10941,acetylcholine,0
1259718093,ExR8,right,10942,acetylcholine,0
1259851971,LC6,noside,10943,acetylcholine,0
1259852010,LC6,noside,10944,acetylcholine,0
1259852024,MC61,noside,10945,acetylcholine,0
1259856448,LT51,right,10946,glutamate,1
1259890841,AVLP224_a,right,10947,acetylcholine,0
1259895761,AVLP224_b,right,10948,acetylcholine,0
1259986648,aSP10A,right,10949,acetylcholine,0
1260011966,FC2B,right,10950,dopamine,0
1260192984,LC10,noside,10951,acetylcholine,0
1260197431,LC33b,right,10952,glutamate,1
1260197510,LC33a,right,10953,glutamate,1
1260237061,AVLP300_b,right,10954,acetylcholine,0
1260237339,AVLP300_b,right,10955,acetylcholine,0
1260327246,ER3p_b,right,10956,gaba,1
1260400286,ER3w_a,right,10957,gaba,1
1260422110,ER2_b,left,10958,gaba,1
1260538467,LC33a,right,10959,glutamate,1
1260542968,LC33a,right,10960,glutamate,1
1260577951,aSP10B,right,10961,acetylcholine,0
1260582361,LHAV2b5_a,right,10962,acetylcholine,0
1260655256,CL313,right,10963,acetylcholine,0
1260685629,vDeltaD,noside,10964,acetylcholine,0
1260754053,ER3w_a,right,10965,gaba,1
1260828727,ER3p_a,left,10966,gaba,1
1260833150,DSKMP1A,left,10967,octopamine,0
1260879446,PLP050,right,10968,glutamate,1
1260879488,PLP046_a,right,10969,glutamate,1
1260879515,LC9,noside,10970,acetylcholine,0
1260879578,PLP047,right,10971,glutamate,1
1260879601,LC6,noside,10972,acetylcholine,0
1260883995,LC33a,right,10973,glutamate,1
1260884244,LC33a,right,10974,glutamate,1
1260884332,WED035,right,10975,glutamate,1
1260914538,AVLP107,right,10976,acetylcholine,0
1260944875,AVLP204,right,10977,gaba,1
1260949362,PVLP083,right,10978,gaba,1
1260949492,AVLP340,right,10979,acetylcholine,0
1261000309,ER4d,right,10980,gaba,1
1261044051,FC3,right,10981,acetylcholine,0
1261056809,ER4d,left,10982,gaba,1
1261082560,ER3d_c,left,10983,gaba,1
1261086734,ER3d_a,right,10984,gaba,1
1261086755,ER3d_a,left,10985,gaba,1
1261086756,ER3d_a,right,10986,gaba,1
1261086823,ER3d_c,left,10987,gaba,1
1261086863,ER3d_a,left,10988,gaba,1
1261091124,ER3d_a,left,10989,gaba,1
1261091157,ER3d_c,left,10990,gaba,1
1261091174,ER3d_a,left,10991,gaba,1
1261129711,FS3,left,10992,acetylcholine,0
1261129931,FS4A,left,10993,acetylcholine,0
1261130037,FC1C,left,10994,acetylcholine,0
1261130112,FC1F,left,10995,acetylcholine,0
1261130127,FS2,left,10996,dopamine,0
1261130144,FC1B,left,10997,acetylcholine,0
1261130146,FC3,left,10998,acetylcholine,0
1261169514,ER3p_a,left,10999,gaba,1
1261220478,LC6,noside,11000,acetylcholine,0
1261220560,LC6,noside,11001,acetylcholine,0
1261225027,WED041,right,11002,glutamate,1
1261225224,PLP045,right,11003,glutamate,1
1261229600,LT51,right,11004,glutamate,1
1261251161,AVLP486,right,11005,gaba,1
1261290537,PVLP053,right,11006,acetylcholine,0
1261419142,ER3d_c,right,11007,gaba,1
1261423370,ER3d_a,right,11008,gaba,1
1261423444,ER3d_c,right,11009,gaba,1
1261423454,ER3d_c,right,11010,gaba,1
1261423480,ER3d_c,left,11011,gaba,1
1261423507,ER3d_c,right,11012,gaba,1
1261423534,ER3d_d,right,11013,gaba,1
1261427765,ER3d_c,right,11014,gaba,1
1261427857,ER3d_a,left,11015,gaba,1
1261427885,ER3d_b,right,11016,gaba,1
1261427892,ER3d_d,left,11017,gaba,1
1261427999,ER3d_d,left,11018,gaba,1
1261432052,ER3d_d,left,11019,gaba,1
1261432076,ER3d_b,left,11020,gaba,1
1261432158,ER3d_b,right,11021,gaba,1
1261432159,ER3d_b,left,11022,gaba,1
1261432168,ER3d_d,right,11023,gaba,1
1261436305,ER3d_c,right,11024,gaba,1
1261436508,ER3d_a,right,11025,gaba,1
1261561493,LC6,noside,11026,acetylcholine,0
1261565726,LC6,noside,11027,acetylcholine,0
1261565786,LC33a,right,11028,glutamate,1
1261566146,PLP046_a,right,11029,glutamate,1
1261592479,AVLP486,right,11030,gaba,1
1261751722,ER5,left,11031,gaba,1
1261756007,ER3d_a,right,11032,gaba,1
1261760187,ER3d_c,right,11033,gaba,1
1261760225,ER3a_a,left,11034,gaba,1
1261760230,ER3a_b,left,11035,gaba,1
1261760366,ER3a_a,left,11036,gaba,1
1261760414,ER3a_d,right,11037,gaba,1
1261760448,ER3a_a,left,11038,gaba,1
1261760489,ER3a_d,left,11039,gaba,1
1261764527,ER3a_a,left,11040,gaba,1
1261764557,ER3a_a,left,11041,gaba,1
1261764651,ER3m,left,11042,gaba,1
1261768644,ER3a_c,right,11043,gaba,1
1261768832,ER3a_c,left,11044,gaba,1
1261768859,ER3d_b,right,11045,gaba,1
1261768880,ER3d_b,right,11046,gaba,1
1261768913,ER3m,right,11047,gaba,1
1261772956,ER3a_b,right,11048,gaba,1
1261773006,ER3a_b,left,11049,gaba,1
1261773104,ER3a_d,left,11050,gaba,1
1261773286,ER3a_d,right,11051,gaba,1
1261773304,ER3d_d,right,11052,gaba,1
1261773330,ER3a_d,left,11053,gaba,1
1261773414,ER3d_b,right,11054,gaba,1
1261829500,FC1B,right,11055,glutamate,1
1261902646,LC10,noside,11056,acetylcholine,0
1261902687,LC10,noside,11057,acetylcholine,0
1261902715,LC10,noside,11058,acetylcholine,0
1261907163,LC6,noside,11059,acetylcholine,0
1261907182,PLP049,right,11060,glutamate,1
1261989183,KCab-s,right,11061,dopamine,0
1262014782,DNa04,right,11062,neither,0
1262015098,SAD004,right,11063,acetylcholine,0
1262015257,SAD001,right,11064,acetylcholine,0
1262101350,ER3a_d,right,11065,gaba,1
1262105552,ER3m,left,11066,gaba,1
1262105575,ER3a_a,right,11067,gaba,1
1262105601,ER3a_a,left,11068,gaba,1
1262105630,ER3m,right,11069,gaba,1
1262105637,ER3m,right,11070,gaba,1
1262114112,ER3a_a,right,11071,gaba,1
1262114188,ER3m,right,11072,gaba,1
1262114202,ER3m,right,11073,gaba,1
1262252538,PLP047,right,11074,glutamate,1
1262278858,AVLP269,right,11075,acetylcholine,0
1262356170,DNa05,right,11076,acetylcholine,0
1262360335,LAL014,right,11077,acetylcholine,0
1262602271,LC10,right,11078,glutamate,1
1262632452,AVLP180,right,11079,acetylcholine,0
1262654081,LC9,noside,11080,acetylcholine,0
1262654129,LC9,right,11081,acetylcholine,0
1262744824,PAM06_b,left,11082,dopamine,0
1262990404,LC9,right,11083,acetylcholine,0
1262994911,LC9,noside,11084,acetylcholine,0
1263037872,LAL110,right,11085,dopamine,0
1263309965,LC9,noside,11086,acetylcholine,0
1263327135,LC9,right,11087,acetylcholine,0
1263327185,LC9,right,11088,glutamate,1
1263327214,LC9,noside,11089,acetylcholine,0
1263331517,LC9,right,11090,acetylcholine,0
1263405146,LAL067,right,11091,gaba,1
1263642185,LC9,noside,11092,acetylcholine,0
1263646370,LC9,noside,11093,acetylcholine,0
1263646693,LC33a,right,11094,glutamate,1
1263663953,LC9,right,11095,acetylcholine,0
1263663980,LC9,right,11096,acetylcholine,0
1263668331,LC9,right,11097,acetylcholine,0
1263668551,LC9,noside,11098,acetylcholine,0
1263832477,PAM03,left,11099,dopamine,0
1263996477,LC9,noside,11100,acetylcholine,0
1264186300,PAM01_a,left,11101,dopamine,0
1265037070,AOTU040,right,11102,glutamate,1
1265157632,KCg-m,right,11103,dopamine,0
1265852784,KCg-d,right,11104,dopamine,0
1266478519,PAM12,left,11105,dopamine,0
1266871604,PAM01_a,right,11106,dopamine,0
1267164975,KCg-m,right,11107,dopamine,0
1267868586,KCg-d,right,11108,dopamine,0
1268179590,LAL043,right,11109,gaba,1
1268568859,LCNOp,right,11110,glutamate,1
1268861712,KCg-d,right,11111,dopamine,0
1279775029,FS4A,right,11112,acetylcholine,0
1279775082,FS4B,right,11113,acetylcholine,0
1280107204,FC1B,right,11114,acetylcholine,0
1280107250,FC1F,right,11115,acetylcholine,0
1280971174,LC11,noside,11116,acetylcholine,0
1280980178,LC14,right,11117,acetylcholine,0
1281113257,PLP241,right,11118,acetylcholine,0
1281191190,OCG08,noside,11119,unknown,0
1281303666,LC4,noside,11120,acetylcholine,0
1281316775,LC21,right,11121,acetylcholine,0
1281324958,DNp11,right,11122,acetylcholine,0
1281618303,FC1B,left,11123,acetylcholine,0
1281622703,FS3,left,11124,acetylcholine,0
1281649467,LC21,noside,11125,acetylcholine,0
1281752255,PS180,right,11126,acetylcholine,0
1281812747,PLP233,right,11127,acetylcholine,0
1281812771,PS298,right,11128,acetylcholine,0
1281963826,FC1F,left,11129,acetylcholine,0
1281985562,LC21,noside,11130,acetylcholine,0
1281998821,LC31,noside,11131,acetylcholine,0
1282007450,LPLC2,right,11132,acetylcholine,0
1282274813,DNp28,left,11133,neither,0
1282300415,PFNp_a,noside,11134,glutamate,1
1282305753,PFNp_b,noside,11135,glutamate,1
1282348408,LT51,right,11136,glutamate,1
1282495415,LT45,left,11137,glutamate,1
1282646571,PFNp_b,noside,11138,glutamate,1
1282690130,LC10,noside,11139,acetylcholine,0
1282693736,LC24,noside,11140,glutamate,1
1282741736,MC62,right,11141,acetylcholine,0
1282754143,aMe5,noside,11142,acetylcholine,0
1282788953,PLP008,right,11143,glutamate,1
1282806123,LC39,right,11144,glutamate,1
1282814800,PS176,right,11145,glutamate,1
1282827358,PS145,right,11146,glutamate,1
1282827758,PS269,right,11147,acetylcholine,0
1282844980,LT44a,left,11148,glutamate,1
1282991279,PFNp_b,noside,11149,glutamate,1
1283013506,LPLC2,right,11150,acetylcholine,0
1283030884,Li19,right,11151,gaba,1
1283031294,LC20,noside,11152,glutamate,1
1283034573,LC20,right,11153,acetylcholine,0
1283147383,LT45,left,11154,gaba,1
1283151657,PLP113,right,11155,acetylcholine,0
1283173461,PS127,right,11156,acetylcholine,0
1283190163,PS195,right,11157,neither,0
1283371992,LC28b,noside,11158,acetylcholine,0
1283406432,aMe2,noside,11159,gaba,1
1283514079,VES077,right,11160,acetylcholine,0
1283522662,VES063,left,11161,,0
1283552888,IB072,right,11162,acetylcholine,0
1283695650,Li15,right,11163,gaba,1
1283708500,Li14,right,11164,glutamate,1
1283760457,MC62,right,11165,acetylcholine,0
1283867659,IB068,right,11166,acetylcholine,0
1283872218,VES076,right,11167,acetylcholine,0
1283876743,IB084,right,11168,acetylcholine,0
1284097383,MC62,right,11169,acetylcholine,0
1284101668,LT68,right,11170,glutamate,1
1284117939,WED092,right,11171,acetylcholine,0
1284144408,VES084,right,11172,acetylcholine,0
1284196378,CL231,right,11173,glutamate,1
1284213691,PS297,right,11174,acetylcholine,0
1284312505,IB072,left,11175,acetylcholine,0
1284325332,IB075,left,11176,acetylcholine,0
1284338822,IB085,right,11177,acetylcholine,0
1284338898,IB085,right,11178,acetylcholine,0
1284394253,LT52,right,11179,glutamate,1
1284468417,WED142,right,11180,acetylcholine,0
1284645050,IB004,left,11181,glutamate,1
1284657924,IB090,left,11182,,0
1284675398,PS066,left,11183,acetylcholine,0
1284702201,IB082,left,11184,acetylcholine,0
1284779082,LC20,noside,11185,acetylcholine,0
1284852376,VES037,right,11186,gaba,1
1285068138,LC13,right,11187,acetylcholine,0
1285155206,PLP182,right,11188,glutamate,1
1285167873,LC26,noside,11189,acetylcholine,0
1285197124,LC37a,right,11190,glutamate,1
1285223025,PLP067,right,11191,acetylcholine,0
1285452014,PLP039,right,11192,glutamate,1
1285750483,LT69,right,11193,acetylcholine,0
1285849782,VES044,right,11194,acetylcholine,0
1285849916,LT86,right,11195,acetylcholine,0
1286083010,Li19,right,11196,gaba,1
1286134810,WEDPN6B,right,11197,gaba,1
1286242549,CL049,right,11198,glutamate,1
1286315478,FB2B_a,left,11199,octopamine,0
1286315568,PFNa,noside,11200,acetylcholine,0
1286323786,FB2I_a,right,11201,dopamine,0
1286362821,PS005_c,left,11202,glutamate,1
1286362826,PS004,left,11203,glutamate,1
1287183205,LC24,noside,11204,acetylcholine,0
1287360108,FB2K,right,11205,glutamate,1
1287411513,PFNp_d,noside,11206,glutamate,1
1287645091,PVLP091,right,11207,acetylcholine,0
1287856629,LC24,noside,11208,acetylcholine,0
1287860853,LC24,noside,11209,acetylcholine,0
1287865184,LC24,noside,11210,acetylcholine,0
1287985909,hDeltaI,noside,11211,acetylcholine,0
1288202406,PVLP105,right,11212,gaba,1
1288267063,LC9,right,11213,acetylcholine,0
1288301181,PS128,right,11214,acetylcholine,0
1288522544,PVLP083,right,11215,gaba,1
1288530238,AVLP324,right,11216,acetylcholine,0
1288668458,hDeltaA,noside,11217,acetylcholine,0
1288767171,hDeltaJ,noside,11218,dopamine,0
1288790426,CL211,left,11219,acetylcholine,0
1288889408,AVLP403,right,11220,acetylcholine,0
1288893454,LC16,noside,11221,dopamine,0
1288893503,LC16,noside,11222,acetylcholine,0
1288893591,LC16,noside,11223,acetylcholine,0
1288893609,LC16,noside,11224,acetylcholine,0
1288893672,LC16,right,11225,dopamine,0
1288897699,LC16,noside,11226,acetylcholine,0
1288897930,LC16,right,11227,acetylcholine,0
1288953551,AVLP460,right,11228,gaba,1
1289000850,vDeltaG,noside,11229,glutamate,1
1289026660,FC1A,left,11230,acetylcholine,0
1289026707,FC1B,left,11231,acetylcholine,0
1289026771,vDeltaM,noside,11232,glutamate,1
1289082813,vDeltaM,noside,11233,glutamate,1
1289190689,LHAV1a4,right,11234,acetylcholine,0
1289213295,AVLP288,right,11235,acetylcholine,0
1289229572,LC16,noside,11236,acetylcholine,0
1289229616,LC16,noside,11237,acetylcholine,0
1289229674,LC16,noside,11238,acetylcholine,0
1289229700,LC16,right,11239,acetylcholine,0
1289233656,LC16,noside,11240,acetylcholine,0
1289233728,PVLP052,right,11241,acetylcholine,0
1289233753,LC16,noside,11242,acetylcholine,0
1289233760,LC16,noside,11243,acetylcholine,0
1289233847,LC16,noside,11244,acetylcholine,0
1289233864,LC16,noside,11245,dopamine,0
1289234133,LC16,noside,11246,acetylcholine,0
1289238130,LC16,noside,11247,acetylcholine,0
1289238358,LC16,noside,11248,acetylcholine,0
1289238742,LC16,noside,11249,acetylcholine,0
1289238793,AVLP229,right,11250,acetylcholine,0
1289238841,LC16,right,11251,acetylcholine,0
1289238970,LC16,noside,11252,acetylcholine,0
1289238972,LC16,noside,11253,acetylcholine,0
1289239054,LC16,noside,11254,acetylcholine,0
1289242975,AVLP468,right,11255,gaba,1
1289285572,CL214,right,11256,gaba,1
1289337460,hDeltaJ,noside,11257,glutamate,1
1289341853,FC3,left,11258,acetylcholine,0
1289359184,FB4M,right,11259,octopamine,0
1289367773,FC1D,left,11260,acetylcholine,0
1289380259,vDeltaL,noside,11261,glutamate,1
1289432358,vDeltaM,noside,11262,glutamate,1
1289523022,MC64,noside,11263,acetylcholine,0
1289574568,PVLP133_a,right,11264,acetylcholine,0
1289574643,LC16,noside,11265,acetylcholine,0
1289574672,LC16,noside,11266,acetylcholine,0
1289700410,vDeltaK,noside,11267,dopamine,0
1289725799,vDeltaM,noside,11268,glutamate,1
1289725803,vDeltaL,noside,11269,glutamate,1
1289764847,FC1A,right,11270,glutamate,1
1289799863,FC3,left,11271,acetylcholine,0
1289872359,AVLP486,right,11272,gaba,1
1289876930,AVLP457,right,11273,acetylcholine,0
1289920105,AVLP468,right,11274,gaba,1
1290015285,FC3,right,11275,acetylcholine,0
1290209390,LT11,right,11276,gaba,1
1290227332,PVLP089,right,11277,acetylcholine,0
1290253312,AVLP295,right,11278,acetylcholine,0
1290269562,PVLP144,right,11279,acetylcholine,0
1290270553,AVLP158,right,11280,acetylcholine,0
1290373671,hDeltaJ,noside,11281,glutamate,1
1290416713,ExR8,left,11282,unknown,0
1290562990,AVLP004,right,11283,gaba,1
1290563000,AVLP003,right,11284,gaba,1
1290572640,PVLP084,right,11285,gaba,1
1290904379,AVLP005,right,11286,gaba,1
1290930207,AVLP201,right,11287,gaba,1
1290943306,AVLP329,right,11288,acetylcholine,0
1290961410,AVLP449,right,11289,gaba,1
1290990807,AVLP525,right,11290,acetylcholine,0
1290990846,AVLP526,right,11291,acetylcholine,0
1291094620,ER1_b,right,11292,gaba,1
1291094742,ER1_b,left,11293,gaba,1
1291099014,ER1_b,right,11294,gaba,1
1291103485,ER1_a,left,11295,gaba,1
1291142212,FC2B,left,11296,dopamine,0
1291245214,WED001,right,11297,gaba,1
1291289106,AVLP193,right,11298,acetylcholine,0
1291331810,AVLP526,right,11299,acetylcholine,0
1291366237,ER3p_b,right,11300,gaba,1
1291370565,FS4B,right,11301,acetylcholine,0
1291374677,FS1A,right,11302,dopamine,0
1291435551,ER1_a,right,11303,gaba,1
1291435693,ER1_b,right,11304,gaba,1
1291435776,ER3p_a,right,11305,gaba,1
1291444314,ER1_a,left,11306,gaba,1
1291569166,LT51,right,11307,glutamate,1
1291573712,LC10,right,11308,glutamate,1
1291633691,AVLP206_a,right,11309,gaba,1
1291638853,AVLP296,right,11310,acetylcholine,0
1291647067,AOTU054,right,11311,gaba,1
1291690199,PVLP034,right,11312,gaba,1
1291780631,ER3m,left,11313,gaba,1
1291780675,ER3m,right,11314,gaba,1
1291780710,ER3m,left,11315,gaba,1
1291845900,hDeltaJ,noside,11316,dopamine,0
1292022825,AVLP569,right,11317,acetylcholine,0
1292070004,hDeltaK,noside,11318,dopamine,0
1292083167,FC1E,left,11319,acetylcholine,0
1292083252,FC1C,left,11320,acetylcholine,0
1292113218,ER3d_a,left,11321,gaba,1
1292121433,ER3d_d,right,11322,gaba,1
1292286082,AVLP271,right,11323,acetylcholine,0
1292316743,PVLP051,right,11324,acetylcholine,0
1292320285,AVLP204,right,11325,gaba,1
1292325012,AVLP204,right,11326,gaba,1
1292367728,mALD4,left,11327,gaba,1
1292423935,PFL1,noside,11328,acetylcholine,0
1292445517,ER3d_b,left,11329,gaba,1
1292458303,ER3d_b,left,11330,gaba,1
1292458366,ER3d_d,left,11331,gaba,1
1292466818,ER3d_d,right,11332,gaba,1
1292514773,FC1C,right,11333,acetylcholine,0
1292635448,AVLP134,right,11334,acetylcholine,0
1292670202,LC6,noside,11335,acetylcholine,0
1292713151,PS016,right,11336,acetylcholine,0
1292713484,PS014,right,11337,acetylcholine,0
1292794996,ER3m,right,11338,gaba,1
1292799162,ER3m,left,11339,gaba,1
1292799346,ER3m,left,11340,gaba,1
1292803650,ER3m,right,11341,gaba,1
1292807819,ER3m,right,11342,gaba,1
1292816565,ER3m,right,11343,gaba,1
1292846965,ER4d,left,11344,gaba,1
1292847181,ER4m,right,11345,gaba,1
1292882359,EL,right,11346,acetylcholine,0
1292971921,AVLP256,right,11347,gaba,1
1293006629,LC9,noside,11348,acetylcholine,0
1293011130,LC6,noside,11349,acetylcholine,0
1293135946,ER3m,left,11350,gaba,1
1293136062,ER3a_a,right,11351,gaba,1
1293309124,AVLP269,right,11352,acetylcholine,0
1293468282,FB1E_a,right,11353,glutamate,1
1293676344,AVLP111,right,11354,acetylcholine,0
1293688646,PVLP004,right,11355,glutamate,1
1293896697,FB4F_a,left,11356,glutamate,1
1294021030,LC9,right,11357,acetylcholine,0
1294077075,LAL017,right,11358,acetylcholine,0
1294082002,ER1_b,right,11359,gaba,1
1294362000,LC9,right,11360,acetylcholine,0
1294362035,LC9,right,11361,acetylcholine,0
1294362042,LC9,right,11362,acetylcholine,0
1294362092,LC9,right,11363,acetylcholine,0
1294366310,LC9,right,11364,acetylcholine,0
1294414279,ER1_a,right,11365,gaba,1
1294465669,KCa'b'-ap2,right,11366,dopamine,0
1295035551,LC33a,right,11367,glutamate,1
1295225451,PAM04_b,left,11368,dopamine,0
1295359686,WED040_a,right,11369,glutamate,1
1295501882,PAM02,right,11370,dopamine,0
1295566429,PAM02,left,11371,dopamine,0
1295855722,PAM01_b,right,11372,dopamine,0
1297202769,KCg-m,right,11373,dopamine,0
1297556652,KCg-m,right,11374,dopamine,0
1297815807,PAM10,left,11375,dopamine,0
1298476253,LAL086,right,11376,gaba,1
1298804357,TuBu03,right,11377,acetylcholine,0
1298985697,CRE086,left,11378,acetylcholine,0
1299581176,LAL186,right,11379,acetylcholine,0
1300276335,LAL159,right,11380,acetylcholine,0
1310494524,vDeltaD,noside,11381,dopamine,0
1310499077,PFNm_a,noside,11382,acetylcholine,0
1310822912,vDeltaD,noside,11383,dopamine,0
1310831405,vDeltaA_a,noside,11384,dopamine,0
1310831490,vDeltaM,noside,11385,dopamine,0
1310831498,vDeltaE,noside,11386,dopamine,0
1310831514,vDeltaI,noside,11387,dopamine,0
1310831519,vDeltaL,noside,11388,glutamate,1
1310831528,vDeltaL,noside,11389,glutamate,1
1310831585,vDeltaA_b,noside,11390,dopamine,0
1310831596,vDeltaA_b,noside,11391,dopamine,0
1311125016,LAL158,right,11392,acetylcholine,0
1311168293,vDeltaI,noside,11393,glutamate,1
1311487571,FC1C,right,11394,acetylcholine,0
1311677904,LC31,noside,11395,acetylcholine,0
1311850062,vDeltaK,noside,11396,acetylcholine,0
1311993208,CT1,left,11397,gaba,1
1312015204,LC31,noside,11398,acetylcholine,0
1312061760,AVLP572,right,11399,octopamine,0
1312169753,FC1D,right,11400,acetylcholine,0
1312221605,PS159,right,11401,acetylcholine,0
1312308001,PFNp_d,noside,11402,serotonin,0
1312346567,Li17,right,11403,gaba,1
1312368829,LC10,noside,11404,acetylcholine,0
1312407083,CL274,right,11405,acetylcholine,0
1312847648,PS252,right,11406,acetylcholine,0
1312899483,PS277,left,11407,glutamate,1
1313038188,LC22,right,11408,acetylcholine,0
1313115480,aMe5,noside,11409,acetylcholine,0
1313115622,MC62,right,11410,acetylcholine,0
1313175597,PS203,right,11411,serotonin,0
1313188640,SAD092,right,11412,unknown,0
1313248733,PS120,left,11413,acetylcholine,0
1313261883,PS133,right,11414,acetylcholine,0
1313340316,FC1A,left,11415,acetylcholine,0
1313352609,PS256,left,11416,acetylcholine,0
1313491811,PS063,right,11417,gaba,1
1313496027,KCa'b'-ap2,right,11418,dopamine,0
1313512559,PLP141,right,11419,gaba,1
1313518091,PS068,right,11420,acetylcholine,0
1313590343,PLP196,right,11421,acetylcholine,0
1313594496,LAL184,right,11422,acetylcholine,0
1313702895,LC17,noside,11423,gaba,1
1313845690,LT45,left,11424,gaba,1
1313849969,PLP016,right,11425,gaba,1
1313849992,PS098,left,11426,gaba,1
1313853933,PLP033,right,11427,acetylcholine,0
1314069729,Li19,right,11428,gaba,1
1314130144,aMe5,noside,11429,acetylcholine,0
1314216624,PLP143,right,11430,gaba,1
1314342109,IB045,left,11431,glutamate,1
1314346228,IB099,left,11432,glutamate,1
1314449439,MC62,right,11433,acetylcholine,0
1314747047,Li19,right,11434,gaba,1
1314820316,PLP150,right,11435,acetylcholine,0
1314906961,PS186,right,11436,gaba,1
1315084914,LC25,noside,11437,glutamate,1
1315123474,MC62,right,11438,acetylcholine,0
1315236071,CL232,right,11439,glutamate,1
1315253052,PS012,right,11440,acetylcholine,0
1315435360,LC10,noside,11441,acetylcholine,0
1315464724,LC20,noside,11442,glutamate,1
1315602702,IB080,right,11443,acetylcholine,0
1315627948,CL299_a,right,11444,acetylcholine,0
1315745396,LC14,right,11445,unknown,0
1315770071,Li18,right,11446,,0
1315801005,PLP155,right,11447,acetylcholine,0
1315819028,LC20,noside,11448,acetylcholine,0
1316077922,VES077,left,11449,acetylcholine,0
1316086414,LC14,right,11450,glutamate,1
1316103996,LC13,right,11451,acetylcholine,0
1316151259,LC20,noside,11452,acetylcholine,0
1316158591,LC45a,right,11453,acetylcholine,0
1316158839,LC20,noside,11454,gaba,1
1316194019,LC26,noside,11455,acetylcholine,0
1316245799,M_spPN4t9,right,11456,acetylcholine,0
1316331810,WED103,right,11457,glutamate,1
1316530839,LC26,noside,11458,acetylcholine,0
1316534973,LC26,noside,11459,acetylcholine,0
1316535138,LC26,noside,11460,acetylcholine,0
1316846140,PLP073,right,11461,acetylcholine,0
1316867205,LC26,noside,11462,acetylcholine,0
1316945065,PS106,right,11463,gaba,1
1316974821,PS164,right,11464,gaba,1
1317169555,WED036_b,right,11465,glutamate,1
1317354662,FB2B_b,left,11466,glutamate,1
1317393559,PS008_a,left,11467,glutamate,1
1317397643,PS004,left,11468,glutamate,1
1317457971,LC16,noside,11469,acetylcholine,0
1317712712,FB2B_a,left,11470,dopamine,0
1318028213,FB3D,left,11471,glutamate,1
1318049780,FB2K,left,11472,glutamate,1
1318109929,PEN_b(PEN2),noside,11473,glutamate,1
1318114681,PVLP119,left,11474,,0
1318184105,WEDPN6C,right,11475,gaba,1
1318304936,CL338,right,11476,acetylcholine,0
1318394745,FB3C,left,11477,gaba,1
1318521594,AVLP481,right,11478,gaba,1
1318870786,WEDPN6B,right,11479,gaba,1
1318956632,LC9,right,11480,acetylcholine,0
1318986524,CL325,right,11481,glutamate,1
1318991216,CL140,right,11482,gaba,1
1319211083,WED120,right,11483,acetylcholine,0
1319246910,LC16,noside,11484,acetylcholine,0
1319251041,LC16,noside,11485,acetylcholine,0
1319388508,vDeltaM,noside,11486,glutamate,1
1319530284,LC9,noside,11487,acetylcholine,0
1319574557,LC24,noside,11488,glutamate,1
1319578883,LC16,noside,11489,acetylcholine,0
1319579283,LC16,noside,11490,dopamine,0
1319579391,LC16,noside,11491,acetylcholine,0
1319583082,LC16,noside,11492,acetylcholine,0
1319583148,LC16,noside,11493,acetylcholine,0
1319583205,LC16,noside,11494,acetylcholine,0
1319583458,PVLP133_b,right,11495,acetylcholine,0
1319586861,LC16,noside,11496,dopamine,0
1319587003,LC16,noside,11497,acetylcholine,0
1319587380,LC16,noside,11498,dopamine,0
1319591242,LC16,noside,11499,acetylcholine,0
1319591297,LC16,noside,11500,acetylcholine,0
1319591442,LC16,noside,11501,acetylcholine,0
1319591480,LC16,right,11502,acetylcholine,0
1319591563,LC16,noside,11503,acetylcholine,0
1319591655,LC16,right,11504,acetylcholine,0
1319591678,LC16,noside,11505,acetylcholine,0
1319591709,LC16,noside,11506,acetylcholine,0
1319655405,CL122,right,11507,gaba,1
1319655556,CL118,right,11508,gaba,1
1319694445,vDeltaJ,noside,11509,dopamine,0
1319776226,vDeltaM,noside,11510,glutamate,1
1319911391,LC16,right,11511,acetylcholine,0
1319915731,LC16,noside,11512,acetylcholine,0
1319915822,LC16,noside,11513,acetylcholine,0
1319919608,LC16,noside,11514,acetylcholine,0
1319919610,LC16,noside,11515,acetylcholine,0
1319919698,LC16,noside,11516,acetylcholine,0
1319919814,LC16,noside,11517,acetylcholine,0
1319919918,LC16,noside,11518,acetylcholine,0
1319923967,LC16,noside,11519,acetylcholine,0
1319927345,LC16,noside,11520,acetylcholine,0
1319927827,LC16,noside,11521,acetylcholine,0
1319927977,PVLP051,right,11522,acetylcholine,0
1319928209,LC16,noside,11523,acetylcholine,0
1319928264,LC16,noside,11524,acetylcholine,0
1319932206,LC16,noside,11525,dopamine,0
1319988625,AVLP199,right,11526,acetylcholine,0
1319993169,AVLP553,right,11527,glutamate,1
1320005828,AVLP540,right,11528,glutamate,1
1320044239,vDeltaK,noside,11529,glutamate,1
1320263998,LC16,noside,11530,acetylcholine,0
1320273763,LC16,noside,11531,acetylcholine,0
1320286990,AVLP175,right,11532,acetylcholine,0
1320290839,PVLP122,right,11533,acetylcholine,0
1320376615,vDeltaH,noside,11534,dopamine,0
1320480289,FC2A,left,11535,dopamine,0
1320480452,FC1F,right,11536,glutamate,1
1320484823,vDeltaI,noside,11537,dopamine,0
1320597959,AVLP270,right,11538,acetylcholine,0
1320622829,PVLP052,right,11539,acetylcholine,0
1320713170,hDeltaJ,noside,11540,dopamine,0
1320799646,PFNp_a,noside,11541,glutamate,1
1320799685,vDeltaL,noside,11542,glutamate,1
1320808563,vDeltaM,noside,11543,glutamate,1
1320825799,FC1E,right,11544,acetylcholine,0
1320951699,AVLP403,right,11545,acetylcholine,0
1320976955,PLP243,right,11546,acetylcholine,0
1321042078,AVLP194_a,right,11547,acetylcholine,0
1321089424,vDeltaL,noside,11548,dopamine,0
1321140852,EL,right,11549,acetylcholine,0
1321162590,vDeltaI,noside,11550,dopamine,0
1321222721,LC10,noside,11551,acetylcholine,0
1321305063,PVLP144,right,11552,acetylcholine,0
1321305370,PVLP061,right,11553,acetylcholine,0
1321339156,AVLP529,right,11554,acetylcholine,0
1321339259,AVLP529,right,11555,acetylcholine,0
1321352281,AVLP163,right,11556,acetylcholine,0
1321430335,FB4Z,right,11557,glutamate,1
1321485893,vDeltaA_b,noside,11558,glutamate,1
1321564092,AVLP001,right,11559,gaba,1
1321642426,AVLP330,right,11560,acetylcholine,0
1321680157,AVLP526,right,11561,acetylcholine,0
1321680175,AVLP524_b,right,11562,acetylcholine,0
1321745141,vDeltaE,noside,11563,glutamate,1
1321749057,vDeltaF,noside,11564,acetylcholine,0
1321982689,AVLP329,right,11565,acetylcholine,0
1322012611,M_vPNml64,right,11566,gaba,1
1322021279,AVLP529,right,11567,acetylcholine,0
1322025494,AVLP524_a,right,11568,acetylcholine,0
1322051647,AVLP255,right,11569,gaba,1
1322090599,vDeltaE,noside,11570,glutamate,1
1322129437,ER1_a,left,11571,gaba,1
1322129610,ER1_b,right,11572,gaba,1
1322129724,ER1_b,left,11573,gaba,1
1322129730,ER1_b,left,11574,gaba,1
1322129781,ER1_a,right,11575,gaba,1
1322133296,ER1_a,left,11576,gaba,1
1322133531,ER1_b,left,11577,gaba,1
1322133768,ER1_a,left,11578,gaba,1
1322133825,ER1_a,left,11579,gaba,1
1322133858,ER1_a,right,11580,gaba,1
1322133891,ER1_b,left,11581,gaba,1
1322137688,ER1_b,right,11582,gaba,1
1322138079,ER1_b,right,11583,gaba,1
1322142804,ER1_b,left,11584,gaba,1
1322176928,FC3,left,11585,acetylcholine,0
1322177047,FC1B,left,11586,acetylcholine,0
1322189987,hDeltaJ,noside,11587,dopamine,0
1322263019,mALC4,left,11588,gaba,1
1322306508,AVLP206_a,right,11589,gaba,1
1322353714,M_vPNml66,right,11590,gaba,1
1322353824,M_vPNml75,right,11591,gaba,1
1322353841,M_vPNml77,right,11592,gaba,1
1322466938,ER1_a,right,11593,gaba,1
1322470368,ER1_a,right,11594,gaba,1
1322470462,ER1_a,right,11595,gaba,1
1322470509,ER3p_a,left,11596,gaba,1
1322470594,ER3p_a,left,11597,gaba,1
1322474586,ER3p_a,right,11598,gaba,1
1322522242,PFR_a,noside,11599,dopamine,0
1322531033,vDeltaF,noside,11600,glutamate,1
1322626125,LT73,right,11601,glutamate,1
1322674056,PVLP056,right,11602,acetylcholine,0
1322772113,FC3,right,11603,acetylcholine,0
1322811128,ER3p_b,left,11604,gaba,1
1322811160,ER3p_b,left,11605,gaba,1
1322811232,ER3p_b,left,11606,gaba,1
1322811240,ER3p_a,right,11607,gaba,1
1322984572,AVLP107,right,11608,acetylcholine,0
1323015482,PVLP058,right,11609,acetylcholine,0
1323156554,ER3p_b,right,11610,gaba,1
1323221783,FS3,left,11611,acetylcholine,0
1323341985,aSP10A,right,11612,acetylcholine,0
1323402830,LAL193,right,11613,acetylcholine,0
1323407050,PS018,right,11614,acetylcholine,0
1323454861,FS1A,right,11615,dopamine,0
1324028712,AVLP318,right,11616,acetylcholine,0
1324032826,AVLP103,right,11617,acetylcholine,0
1324145475,ER4d,right,11618,gaba,1
1324209745,FB3B,left,11619,gaba,1
1324365879,5-HTPLP01,right,11620,glutamate,1
1324370139,AVLP119,right,11621,acetylcholine,0
1324373969,AVLP111,right,11622,acetylcholine,0
1324430237,ER6,right,11623,gaba,1
1324715168,AVLP115,right,11624,acetylcholine,0
1324762843,AOTU015,right,11625,acetylcholine,0
1325133618,LAL045,right,11626,gaba,1
1325138112,VES041,left,11627,gaba,1
1325138116,CRE002,right,11628,acetylcholine,0
1325405571,LC33b,right,11629,glutamate,1
1325470571,LAL187,right,11630,acetylcholine,0
1325479712,LAL060,right,11631,gaba,1
1325733981,LC33a,right,11632,glutamate,1
1325799415,LAL048,right,11633,gaba,1
1325799453,LAL087,right,11634,glutamate,1
1325799516,LAL067,right,11635,gaba,1
1326075032,PLP045,right,11636,glutamate,1
1326264840,LNO3,right,11637,glutamate,1
1326813363,PAM08_a,right,11638,dopamine,0
1327494939,KCab-s,right,11639,dopamine,0
1327831724,KCa'b'-m,right,11640,dopamine,0
1327831994,KCab-s,right,11641,dopamine,0
1328505485,KCab-p,right,11642,dopamine,0
1328513713,PAM10,left,11643,dopamine,0
1328522741,PAM10,left,11644,dopamine,0
1330008281,LAL191,left,11645,acetylcholine,0
1331311183,LAL163,left,11646,acetylcholine,0
1342022174,LC18,noside,11647,acetylcholine,0
1342173075,PS209,right,11648,unknown,0
1342194347,FS4B,right,11649,acetylcholine,0
1342371499,LT80,right,11650,acetylcholine,0
1342539738,vDeltaA_b,noside,11651,dopamine,0
1342704830,LC11,right,11652,acetylcholine,0
1342777248,PLP206,right,11653,gaba,1
1342863468,PS205,right,11654,acetylcholine,0
1343045604,LPLC1,right,11655,acetylcholine,0
1343139850,CL310,right,11656,acetylcholine,0
1343378332,LC12,right,11657,gaba,1
1343395439,LPLC4,right,11658,acetylcholine,0
1343407759,Li20,right,11659,glutamate,1
1343550174,FS4B,right,11660,acetylcholine,0
1343732093,LC15,noside,11661,acetylcholine,0
1343736290,Li11,right,11662,gaba,1
1343744386,Li19,right,11663,gaba,1
1343749180,LPLC2,right,11664,acetylcholine,0
1343804739,PVLP131,right,11665,acetylcholine,0
1343847902,PS247,right,11666,glutamate,1
1343861428,PS178,right,11667,gaba,1
1343882325,WED149,right,11668,acetylcholine,0
1343891368,FS1B,right,11669,acetylcholine,0
1344042108,PS200,left,11670,acetylcholine,0
1344055093,LC11,right,11671,acetylcholine,0
1344082025,WED068,right,11672,acetylcholine,0
1344086667,LC25,noside,11673,glutamate,1
1344207087,LT45,left,11674,glutamate,1
1344223510,SAD091,right,11675,serotonin,0
1344249576,DNp19,right,11676,acetylcholine,0
1344253853,DNp16,right,11677,glutamate,1
1344275238,PS264,right,11678,acetylcholine,0
1344392982,LPLC1,right,11679,acetylcholine,0
1344460840,PVLP103,right,11680,gaba,1
1344469477,PVLP099,right,11681,gaba,1
1344469589,PVLP097_b,right,11682,gaba,1
1344469603,PVLP099,right,11683,gaba,1
1344469820,PVLP098,right,11684,gaba,1
1344478902,MC62,right,11685,acetylcholine,0
1344509330,LC20,noside,11686,acetylcholine,0
1344591038,PS276,right,11687,glutamate,1
1344616893,PS115,right,11688,glutamate,1
1344724350,PS248,left,11689,acetylcholine,0
1344724479,PS208,left,11690,glutamate,1
1344810847,AVLP466,right,11691,gaba,1
1344810921,AVLP467,right,11692,gaba,1
1344811248,PVLP098,right,11693,gaba,1
1344823436,MC62,noside,11694,serotonin,0
1344828428,MC62,noside,11695,serotonin,0
1344858721,LAL139,right,11696,gaba,1
1344858936,PLP142,right,11697,gaba,1
1344885028,PS173,right,11698,glutamate,1
1344918576,IB082,right,11699,acetylcholine,0
1344940741,PS244,right,11700,glutamate,1
1345048347,PS276,left,11701,glutamate,1
1345056477,PFNp_b,noside,11702,glutamate,1
1345061120,FS1A,left,11703,dopamine,0
1345079276,LC17,noside,11704,gaba,1
1345087352,PLP098,right,11705,acetylcholine,0
1345164753,aMe5,noside,11706,acetylcholine,0
1345286099,AOTU050,right,11707,gaba,1
1345397640,vDeltaM,noside,11708,acetylcholine,0
1345397641,vDeltaA_a,noside,11709,dopamine,0
1345442381,Li19,right,11710,gaba,1
1345484285,MC62,right,11711,acetylcholine,0
1345484296,MC62,right,11712,acetylcholine,0
1345596879,PS214,right,11713,acetylcholine,0
1345855299,PLP156,right,11714,acetylcholine,0
1345860891,PVLP108,right,11715,acetylcholine,0
1345972395,IB073,right,11716,acetylcholine,0
1346279024,IB102,left,11717,glutamate,1
1346287738,IB102,left,11718,glutamate,1
1346296379,IB102,left,11719,glutamate,1
1346305649,CL295,right,11720,acetylcholine,0
1346460600,LC15,noside,11721,acetylcholine,0
1346465519,LC10,noside,11722,acetylcholine,0
1346477190,MC64,noside,11723,acetylcholine,0
1346560069,PLP017,right,11724,gaba,1
1346628780,IB082,right,11725,acetylcholine,0
1346645554,IB119,right,11726,acetylcholine,0
1346788757,LC24,noside,11727,acetylcholine,0
1346835612,MC62,right,11728,acetylcholine,0
1346840451,LC20,noside,11729,glutamate,1
1346896720,PVLP095,right,11730,gaba,1
1346900360,PLP017,right,11731,gaba,1
1347125913,LC10,noside,11732,acetylcholine,0
1347126097,LC17,noside,11733,gaba,1
1347176607,LC20,noside,11734,glutamate,1
1347332772,VES020,right,11735,gaba,1
1347457658,IB101,left,11736,glutamate,1
1347470894,LC10,noside,11737,acetylcholine,0
1347638398,SAD044,right,11738,acetylcholine,0
1347642883,PLP223,right,11739,acetylcholine,0
1347812305,LC17,right,11740,dopamine,0
1347880228,WED025,right,11741,gaba,1
1347901684,LC26,noside,11742,acetylcholine,0
1347901726,LC26,noside,11743,acetylcholine,0
1347902152,LC26,noside,11744,acetylcholine,0
1347905926,LC26,noside,11745,acetylcholine,0
1347906163,LC26,noside,11746,acetylcholine,0
1347906562,LC26,noside,11747,acetylcholine,0
1347907087,PLP115_a,right,11748,acetylcholine,0
1347936495,PS292,right,11749,acetylcholine,0
1347979604,CL128,right,11750,gaba,1
1348057533,FB1C,left,11751,dopamine,0
1348097155,IB082,left,11752,acetylcholine,0
1348153557,LC17,noside,11753,gaba,1
1348242642,LC26,noside,11754,acetylcholine,0
1348242919,LC26,right,11755,acetylcholine,0
1348247173,LC26,noside,11756,acetylcholine,0
1348248235,LC26,noside,11757,acetylcholine,0
1348312221,PS066,right,11758,glutamate,1
1348380828,vDeltaA_b,noside,11759,dopamine,0
1348498693,LC14,right,11760,unknown,0
1348580534,LC26,noside,11761,acetylcholine,0
1348584223,LC26,noside,11762,acetylcholine,0
1348769299,PFNp_b,noside,11763,octopamine,0
1348769352,vDeltaA_a,noside,11764,dopamine,0
1348773541,vDeltaA_a,noside,11765,dopamine,0
1348829819,LC24,noside,11766,gaba,1
1348916717,LC26,noside,11767,acetylcholine,0
1348920548,LC26,right,11768,acetylcholine,0
1348920795,LC26,noside,11769,acetylcholine,0
1348998826,CL128,right,11770,gaba,1
1349102153,FB3C,left,11771,gaba,1
1349114660,PFNp_a,noside,11772,acetylcholine,0
1349114669,PFNp_b,noside,11773,acetylcholine,0
1349114715,PFNm_a,noside,11774,acetylcholine,0
1349240911,LC29,right,11775,acetylcholine,0
1349253404,LC26,noside,11776,acetylcholine,0
1349556037,AVLP481,right,11777,gaba,1
1349603861,LC24,right,11778,acetylcholine,0
1349685300,AVLP275,right,11779,acetylcholine,0
1349740992,FB3C,left,11780,gaba,1
1349913709,AVLP454_b,right,11781,acetylcholine,0
1350034937,PS217,right,11782,acetylcholine,0
1350268702,LC25,noside,11783,glutamate,1
1350272746,LC16,noside,11784,acetylcholine,0
1350273443,LC26,noside,11785,acetylcholine,0
1350277508,LC26,noside,11786,acetylcholine,0
1350340954,AVLP199,right,11787,acetylcholine,0
1350362898,CL274,right,11788,acetylcholine,0
1350396939,vDeltaM,noside,11789,glutamate,1
1350612846,PVLP058,right,11790,acetylcholine,0
1350613510,LC16,noside,11791,acetylcholine,0
1350626363,LC16,right,11792,acetylcholine,0
1350686222,CL260,right,11793,acetylcholine,0
1350803100,PFNp_a,noside,11794,glutamate,1
1350837738,hDeltaA,noside,11795,acetylcholine,0
1350924364,PLP158,right,11796,gaba,1
1350927830,PLP158,right,11797,gaba,1
1350937208,LC16,noside,11798,acetylcholine,0
1350945956,LC16,noside,11799,acetylcholine,0
1350985189,CL322,right,11800,unknown,0
1351065769,FC2A,left,11801,octopamine,0
1351282553,LC16,noside,11802,acetylcholine,0
1351312482,PVLP059,right,11803,acetylcholine,0
1351317122,LC6,noside,11804,acetylcholine,0
1351338390,PS291,right,11805,acetylcholine,0
1351511065,FC1A,right,11806,acetylcholine,0
1351515422,FC1F,right,11807,glutamate,1
1351623779,LT87,right,11808,acetylcholine,0
1351628071,AVLP250,right,11809,acetylcholine,0
1351667174,PVLP133_b,right,11810,acetylcholine,0
1351674644,CL313,right,11811,acetylcholine,0
1351679002,AVLP569,right,11812,acetylcholine,0
1351756766,hDeltaM,noside,11813,dopamine,0
1351795817,vDeltaM,noside,11814,dopamine,0
1351829895,vDeltaM,noside,11815,glutamate,1
1351838607,vDeltaM,noside,11816,glutamate,1
1351869732,FC2A,right,11817,dopamine,0
1351874277,hDeltaM,noside,11818,acetylcholine,0
1351964689,PVLP082,right,11819,gaba,1
1351999057,PVLP058,right,11820,acetylcholine,0
1352011957,AOTU050,right,11821,gaba,1
1352077058,DSKMP1B,right,11822,octopamine,0
1352315133,AVLP299_a,right,11823,acetylcholine,0
1352331062,PVLP121,right,11824,acetylcholine,0
1352335144,AVLP258,right,11825,acetylcholine,0
1352335943,PVLP133_b,right,11826,acetylcholine,0
1352356915,AOTU050,right,11827,gaba,1
1352357010,LT41,right,11828,gaba,1
1352512355,vDeltaK,noside,11829,glutamate,1
1352598489,LC10,noside,11830,acetylcholine,0
1352598905,LC10,noside,11831,acetylcholine,0
1352664363,AVLP469,right,11832,gaba,1
1352676969,AVLP476,right,11833,serotonin,0
1352684733,LT56,right,11834,glutamate,1
1352685545,PVLP048,right,11835,gaba,1
1352685625,PVLP047,right,11836,gaba,1
1352823209,ER1_a,left,11837,gaba,1
1352884042,hDeltaJ,noside,11838,dopamine,0
1352983123,AVLP004,right,11839,gaba,1
1352996416,AVLP414,right,11840,acetylcholine,0
1353018228,AVLP523,right,11841,acetylcholine,0
1353031649,PVLP056,right,11842,acetylcholine,0
1353031856,PVLP012,right,11843,acetylcholine,0
1353043462,OA-VUMa1,right,11844,octopamine,0
1353047577,LAL140,right,11845,gaba,1
1353124914,hDeltaJ,noside,11846,dopamine,0
1353134146,FC1B,left,11847,acetylcholine,0
1353168228,ER1_b,left,11848,gaba,1
1353359159,AVLP154,right,11849,acetylcholine,0
1353363841,WED060,right,11850,acetylcholine,0
1353371352,PVLP019,right,11851,gaba,1
1353544607,PEN_b(PEN2),noside,11852,serotonin,0
1353557185,vDeltaH,noside,11853,acetylcholine,0
1353669883,AVLP138,right,11854,acetylcholine,0
1353690708,AVLP028,right,11855,acetylcholine,0
1353691043,AVLP559,right,11856,glutamate,1
1353704387,AVLP206_b,right,11857,gaba,1
1353708479,PVLP059,right,11858,acetylcholine,0
1353755801,AVLP524_b,right,11859,acetylcholine,0
1354019751,aSP10C_b,right,11860,acetylcholine,0
1354050197,PVLP053,right,11861,acetylcholine,0
1354139941,hDeltaJ,noside,11862,dopamine,0
1354360495,aSP10C_a,right,11863,acetylcholine,0
1354364967,aSP10A,right,11864,acetylcholine,0
1354368623,AVLP297,right,11865,acetylcholine,0
1354394414,PVLP120,right,11866,acetylcholine,0
1354411526,KCg-d,right,11867,dopamine,0
1354722783,AVLP224_b,right,11868,acetylcholine,0
1354731667,PVLP070,right,11869,acetylcholine,0
1354774257,AOTU034,right,11870,acetylcholine,0
1354955616,TuBu03,left,11871,,0
1354972766,CL100,right,11872,acetylcholine,0
1355042349,AVLP234,right,11873,acetylcholine,0
1355042626,AVLP124,right,11874,acetylcholine,0
1355115431,AOTU005,right,11875,acetylcholine,0
1355383564,AVLP242,right,11876,acetylcholine,0
1355408941,AVLP145,right,11877,acetylcholine,0
1355697813,AVLP436,right,11878,acetylcholine,0
1355720294,AVLP519,right,11879,acetylcholine,0
1355736858,AVLP222,right,11880,acetylcholine,0
1355745773,AVLP239,right,11881,acetylcholine,0
1355750084,AVLP112,right,11882,acetylcholine,0
1355806197,ER1_a,right,11883,gaba,1
1355810793,ER3a_a,right,11884,gaba,1
1356061127,AVLP230,right,11885,acetylcholine,0
1356091208,AVLP328,right,11886,acetylcholine,0
1356173442,LAL068,right,11887,gaba,1
1356402176,AVLP390,right,11888,acetylcholine,0
1356488109,LAL064,right,11889,acetylcholine,0
1356743173,AVLP232,right,11890,acetylcholine,0
1356743512,AVLP223,right,11891,acetylcholine,0
1356760143,AVLP115,right,11892,acetylcholine,0
1356772884,LT51,right,11893,glutamate,1
1357084643,AVLP224_a,right,11894,acetylcholine,0
1357088826,AVLP232,right,11895,acetylcholine,0
1357088864,AVLP232,right,11896,acetylcholine,0
1357088989,AVLP223,right,11897,acetylcholine,0
1357093131,AVLP232,right,11898,acetylcholine,0
1357097532,AVLP230,right,11899,acetylcholine,0
1357438446,AVLP232,right,11900,acetylcholine,0
1357774525,AVLP232,right,11901,acetylcholine,0
1359212271,KCab-s,right,11902,dopamine,0
1359553384,KCab-s,right,11903,dopamine,0
1362674294,VES067,left,11904,acetylcholine,0
1373734609,LC12,right,11905,dopamine,0
1374063129,PVLP132,right,11906,glutamate,1
1374269852,PS227,right,11907,acetylcholine,0
1374390473,FS4A,left,11908,acetylcholine,0
1374390667,FC1D,left,11909,acetylcholine,0
1374390721,FC1D,left,11910,acetylcholine,0
1374413370,LC18,noside,11911,acetylcholine,0
1374438280,LC22,right,11912,acetylcholine,0
1374442368,LT38,right,11913,gaba,1
1374554946,PLP241,right,11914,acetylcholine,0
1374615082,IB067,right,11915,unknown,0
1374636916,PS169,right,11916,neither,0
1374649768,PS122,right,11917,acetylcholine,0
1374731590,FS4A,left,11918,dopamine,0
1374767239,LC29,right,11919,acetylcholine,0
1374784418,LC13,right,11920,acetylcholine,0
1374809555,PVLP112,right,11921,gaba,1
1374839724,AOTU052,right,11922,glutamate,1
1374887430,PS062,right,11923,acetylcholine,0
1374900967,PLP214,right,11924,glutamate,1
1375145932,PLP157,right,11925,glutamate,1
1375206889,CL309,right,11926,acetylcholine,0
1375224269,PLP034,right,11927,glutamate,1
1375224447,PS171,right,11928,acetylcholine,0
1375242214,PS065,right,11929,gaba,1
1375245983,PS010,right,11930,acetylcholine,0
1375254211,PS249,right,11931,serotonin,0
1375254271,PVLP147,right,11932,acetylcholine,0
1375266822,FC1B,right,11933,acetylcholine,0
1375266871,FC1D,right,11934,acetylcholine,0
1375284097,WED105,right,11935,acetylcholine,0
1375297611,PS156,right,11936,gaba,1
1375482740,LC36,right,11937,acetylcholine,0
1375504297,PVLP101,right,11938,gaba,1
1375504361,PVLP097_b,right,11939,gaba,1
1375504403,PVLP099,right,11940,gaba,1
1375504412,AVLP465,right,11941,gaba,1
1375504427,PVLP101,right,11942,gaba,1
1375638949,IB098,right,11943,glutamate,1
1375725360,PS159,left,11944,acetylcholine,0
1375738477,OCG06,noside,11945,glutamate,1
1375759120,PS249,left,11946,serotonin,0
1375768970,LC12,right,11947,gaba,1
1375769049,LC17,noside,11948,gaba,1
1375798493,LC25,noside,11949,glutamate,1
1375845363,PVLP100,right,11950,gaba,1
1375889180,PLP037,right,11951,glutamate,1
1375924140,LT70,right,11952,gaba,1
1375983936,PS263,right,11953,acetylcholine,0
1376134899,LC26,noside,11954,acetylcholine,0
1376234554,LC13,right,11955,glutamate,1
1376291141,CL233,right,11956,glutamate,1
1376333614,IB075,right,11957,acetylcholine,0
1376485417,LT57,right,11958,acetylcholine,0
1376540712,aMe5,noside,11959,acetylcholine,0
1376558469,PS058,right,11960,acetylcholine,0
1376666208,CL299_b,right,11961,acetylcholine,0
1376800240,LC12,noside,11962,gaba,1
1376809072,LC13,right,11963,acetylcholine,0
1376827225,LC10,noside,11964,acetylcholine,0
1376999110,PS187,right,11965,glutamate,1
1377002848,IB085,right,11966,acetylcholine,0
1377365394,IB083,right,11967,acetylcholine,0
1377512967,Li14,right,11968,glutamate,1
1377814057,LC12,right,11969,gaba,1
1377841477,LT65,right,11970,acetylcholine,0
1377845289,LC14,right,11971,acetylcholine,0
1377905517,LC20,noside,11972,gaba,1
1378156512,LC35,right,11973,acetylcholine,0
1378168833,Li19,right,11974,gaba,1
1378182447,Li20,right,11975,gaba,1
1378194285,LC32,right,11976,acetylcholine,0
1378212488,aMe1,right,11977,gaba,1
1378212690,MC62,right,11978,acetylcholine,0
1378251040,PLP211,right,11979,serotonin,0
1378315562,PS188,right,11980,glutamate,1
1378393109,PS008_b,right,11981,glutamate,1
1378544024,PLP103,right,11982,acetylcholine,0
1378570264,LC20,noside,11983,glutamate,1
1378570483,LC20,noside,11984,glutamate,1
1378571026,LC20,noside,11985,dopamine,0
1378574332,AOTU043,right,11986,acetylcholine,0
1378587904,LC20,noside,11987,gaba,1
1378604678,LT73,right,11988,glutamate,1
1378781175,PS005_a,left,11989,glutamate,1
1378856024,LC28a,noside,11990,acetylcholine,0
1378860414,LT57,right,11991,acetylcholine,0
1379023266,PS253,right,11992,acetylcholine,0
1379087619,FB1C,left,11993,serotonin,0
1379256115,WED145,right,11994,acetylcholine,0
1379277446,LC26,noside,11995,acetylcholine,0
1379355446,PS105,right,11996,acetylcholine,0
1379541865,LC13,right,11997,acetylcholine,0
1379549812,LC10,noside,11998,acetylcholine,0
1379644459,CL033,left,11999,dopamine,0
1379907704,LT52,right,12000,glutamate,1
1380145201,PFNp_c,noside,12001,acetylcholine,0
1380145267,PFNp_b,noside,12002,octopamine,0
1380149563,PFNp_c,noside,12003,acetylcholine,0
1380149683,PFNp_c,noside,12004,acetylcholine,0
1380206312,LC20,noside,12005,glutamate,1
1380331849,LC9,right,12006,unknown,0
1380408540,PFNp_b,noside,12007,acetylcholine,0
1380408769,PFNp_d,noside,12008,acetylcholine,0
1380486570,vDeltaK,noside,12009,glutamate,1
1380495496,PEN_a(PEN1),noside,12010,glutamate,1
1380503545,DC2_adPN,left,12011,,0
1380680745,AVLP553,right,12012,glutamate,1
1380737049,IB077,right,12013,acetylcholine,0
1380957285,LC25,noside,12014,glutamate,1
1380957320,LC26,noside,12015,acetylcholine,0
1380979698,AVLP288,right,12016,acetylcholine,0
1381298126,LC25,noside,12017,glutamate,1
1381306709,PVLP058,right,12018,acetylcholine,0
1381311623,PVLP134,right,12019,acetylcholine,0
1381397088,CL121,right,12020,gaba,1
1381397983,CL056,right,12021,gaba,1
1381484065,PFL2,noside,12022,acetylcholine,0
1381656679,PVLP133_a,right,12023,acetylcholine,0
1381704275,LC9,right,12024,acetylcholine,0
1381872829,vDeltaL,noside,12025,acetylcholine,0
1381997776,PVLP071,right,12026,acetylcholine,0
1382002299,LC25,noside,12027,glutamate,1
1382023849,AVLP186,right,12028,acetylcholine,0
1382195959,FC1B,left,12029,glutamate,1
1382218098,vDeltaM,noside,12030,acetylcholine,0
1382308349,PVLP071,right,12031,acetylcholine,0
1382343142,AVLP155,right,12032,acetylcholine,0
1382343196,AVLP331,right,12033,acetylcholine,0
1382667382,AVLP301,right,12034,acetylcholine,0
1382710039,WED121,right,12035,gaba,1
1383016399,AVLP287,right,12036,acetylcholine,0
1383111671,PS274,right,12037,acetylcholine,0
1383379730,AVLP299_c,right,12038,acetylcholine,0
1383383062,PVLP015,right,12039,glutamate,1
1383396225,PVLP057,right,12040,unknown,0
1383435249,AVLP541,right,12041,glutamate,1
1383452563,hDeltaJ,noside,12042,glutamate,1
1383461199,vDeltaI,noside,12043,dopamine,0
1383633527,LC10,noside,12044,acetylcholine,0
1383633605,LC10,noside,12045,acetylcholine,0
1383703581,AVLP505,right,12046,acetylcholine,0
1383767808,AVLP488,right,12047,acetylcholine,0
1383776127,AVLP541,right,12048,glutamate,1
1383828111,vDeltaK,noside,12049,glutamate,1
1383905754,vDeltaK,noside,12050,glutamate,1
1383956999,WED034,right,12051,glutamate,1
1384017738,LC11,noside,12052,acetylcholine,0
1384052612,AVLP206_a,right,12053,gaba,1
1384065958,PVLP030,right,12054,gaba,1
1384277275,hDeltaB,noside,12055,acetylcholine,0
1384505707,vDeltaK,noside,12056,glutamate,1
1384592348,vDeltaK,noside,12057,acetylcholine,0
1384712714,PVLP027,right,12058,gaba,1
1384734912,AVLP395,right,12059,gaba,1
1384752007,PVLP057,right,12060,acetylcholine,0
1385015126,PVLP082,right,12061,gaba,1
1385032953,PVLP090,right,12062,acetylcholine,0
1385053807,aSP10C_a,right,12063,acetylcholine,0
1385093648,PVLP150,right,12064,acetylcholine,0
1385291666,vDeltaC,noside,12065,dopamine,0
1385291703,vDeltaA_b,noside,12066,dopamine,0
1385304410,TuBu03,left,12067,,0
1385420918,AVLP524_b,right,12068,acetylcholine,0
1385429936,PVLP069,right,12069,acetylcholine,0
1385430156,PVLP016,right,12070,glutamate,1
1385433981,AVLP579,right,12071,acetylcholine,0
1385524378,FC1E,right,12072,acetylcholine,0
1385653883,TuBu03,left,12073,,0
1385653892,TuBu03,left,12074,,0
1385740486,AVLP502,right,12075,acetylcholine,0
1386098182,aSP10A,right,12076,acetylcholine,0
1386512867,MBON05,right,12077,glutamate,1
1386755292,AVLP237_b,right,12078,acetylcholine,0
1386758950,AVLP511,right,12079,acetylcholine,0
1386780502,AVLP117,right,12080,acetylcholine,0
1386780576,AVLP117,right,12081,acetylcholine,0
1386780716,AVLP120,right,12082,acetylcholine,0
1386784924,AVLP115,right,12083,acetylcholine,0
1386849677,LAL138,left,12084,gaba,1
1386854129,LAL203,right,12085,acetylcholine,0
1386854176,LAL062,right,12086,gaba,1
1386858837,WEDPN17_a,right,12087,acetylcholine,0
1387095695,AVLP219,right,12088,acetylcholine,0
1387105148,AVLP134,right,12089,acetylcholine,0
1387449975,AVLP364,right,12090,acetylcholine,0
1387471295,AVLP231,right,12091,acetylcholine,0
1387527258,LAL048,right,12092,gaba,1
1387527359,WED082,right,12093,acetylcholine,0
1387575003,KCab-p,right,12094,dopamine,0
1387583729,PAM03,left,12095,dopamine,0
1387583807,PAM03,right,12096,dopamine,0
1387687146,LAL010,left,12097,acetylcholine,0
1387773463,AVLP218,right,12098,acetylcholine,0
1387774133,AVLP136,right,12099,acetylcholine,0
1387868622,LAL068,right,12100,gaba,1
1387881882,LAL069,right,12101,gaba,1
1388223120,LAL069,right,12102,gaba,1
1388585088,KCab-p,right,12103,dopamine,0
1389142287,AVLP290,right,12104,acetylcholine,0
1390618359,KCab-m,right,12105,dopamine,0
1390942076,KCab-s,right,12106,dopamine,0
1392440010,LAL192,left,12107,acetylcholine,0
1392655948,KCg-t,right,12108,dopamine,0
1403392477,LPLC2,right,12109,acetylcholine,0
1404109050,LC9,right,12110,acetylcholine,0
1404446113,LPLC1,right,12111,dopamine,0
1404778340,LC11,noside,12112,acetylcholine,0
1404783075,LC21,right,12113,acetylcholine,0
1404920496,PS191,right,12114,glutamate,1
1404933332,SAD084,right,12115,acetylcholine,0
1405107113,LC12,right,12116,gaba,1
1405226806,PVLP138,right,12117,acetylcholine,0
1405231475,DNp04,right,12118,acetylcholine,0
1405296056,PS225,right,12119,unknown,0
1405300458,DNp16/17,right,12120,gaba,1
1405300499,DNp16,right,12121,acetylcholine,0
1405300548,DNp16,right,12122,unknown,0
1405313687,OCG08,noside,12123,unknown,0
1405321852,OCG08,noside,12124,unknown,0
1405615693,WED125,right,12125,acetylcholine,0
1405780725,LC4,noside,12126,acetylcholine,0
1405788552,LC17,noside,12127,gaba,1
1405824057,LC13,right,12128,acetylcholine,0
1405904811,LT44b,left,12129,gaba,1
1405923011,PS177,right,12130,glutamate,1
1405947932,VES069,right,12131,glutamate,1
1405982395,PS295,right,12132,acetylcholine,0
1405992303,PS298,right,12133,glutamate,1
1405992348,PS231,right,12134,acetylcholine,0
1406017361,PS285,right,12135,glutamate,1
1406021969,IB044,right,12136,acetylcholine,0
1406073671,IB099,left,12137,glutamate,1
1406147470,LPLC4,right,12138,acetylcholine,0
1406155403,Li19,right,12139,gaba,1
1406215489,CL274,right,12140,acetylcholine,0
1406241498,LAL203,right,12141,acetylcholine,0
1406241804,PLP037,right,12142,glutamate,1
1406276743,LAL178,right,12143,acetylcholine,0
1406333037,PS287,left,12144,glutamate,1
1406457363,PS208,left,12145,acetylcholine,0
1406583670,LT78,right,12146,glutamate,1
1406642759,FC1D,right,12147,acetylcholine,0
1406798421,VES070,left,12148,acetylcholine,0
1406911688,PVLP093,right,12149,gaba,1
1406928592,LC13,right,12150,acetylcholine,0
1406966879,DNb05,right,12151,acetylcholine,0
1407130999,LAL097,right,12152,gaba,1
1407148900,LC31,noside,12153,acetylcholine,0
1407179534,LPLC2,right,12154,acetylcholine,0
1407248169,PS269,right,12155,unknown,0
1407248412,WED140,right,12156,acetylcholine,0
1407252557,LC20,noside,12157,acetylcholine,0
1407260897,LC38,right,12158,glutamate,1
1407269137,LC13,right,12159,acetylcholine,0
1407269144,LC13,right,12160,acetylcholine,0
1407269278,LC13,noside,12161,acetylcholine,0
1407269350,LC13,right,12162,acetylcholine,0
1407398468,IB087,right,12163,acetylcholine,0
1407593231,PS267,right,12164,acetylcholine,0
1407597098,LC20,noside,12165,glutamate,1
1407610974,LC13,right,12166,acetylcholine,0
1407783264,IB080,left,12167,acetylcholine,0
1407853195,LC20,noside,12168,glutamate,1
1407873674,LPLC1,right,12169,dopamine,0
1407874177,LPLC1,right,12170,acetylcholine,0
1407939124,PLP242,right,12171,acetylcholine,0
1407947423,PLP192,right,12172,acetylcholine,0
1408262076,PLP150,right,12173,acetylcholine,0
1408535544,LC24,noside,12174,acetylcholine,0
1408612051,LC20,noside,12175,glutamate,1
1408880450,LC14,right,12176,acetylcholine,0
1408928039,LC45a,right,12177,acetylcholine,0
1408952946,LC20,noside,12178,glutamate,1
1408966145,LC29,right,12179,acetylcholine,0
1409129636,VES020,left,12180,gaba,1
1409191044,MC64,noside,12181,acetylcholine,0
1409358980,SAD044,right,12182,acetylcholine,0
1409604476,LC20,noside,12183,glutamate,1
1409609847,PLP073,right,12184,acetylcholine,0
1409627117,PLP192,right,12185,acetylcholine,0
1409639887,PLP191,right,12186,acetylcholine,0
1410049368,PS105,right,12187,acetylcholine,0
1410054190,PS188,right,12188,glutamate,1
1410085121,IB103,left,12189,glutamate,1
1410105306,PFNp_e,noside,12190,acetylcholine,0
1410105831,FC1F,left,12191,acetylcholine,0
1410118722,PFNp_b,noside,12192,acetylcholine,0
1410122382,PFNm_a,noside,12193,acetylcholine,0
1410122586,PFNp_c,noside,12194,acetylcholine,0
1410122843,PFNp_b,noside,12195,octopamine,0
1410122892,PFNp_c,noside,12196,acetylcholine,0
1410127303,PFNp_c,noside,12197,acetylcholine,0
1410127581,PFNm_a,noside,12198,acetylcholine,0
1410235604,LC11,right,12199,acetylcholine,0
1410450511,PFNm_b,noside,12200,glutamate,1
1410450514,PFNp_a,noside,12201,acetylcholine,0
1410450576,PFNp_d,noside,12202,dopamine,0
1410450694,PFNp_b,noside,12203,glutamate,1
1410450859,PFNp_a,noside,12204,acetylcholine,0
1410450949,PFNm_a,noside,12205,acetylcholine,0
1410451120,PFNp_c,noside,12206,acetylcholine,0
1410451151,PFNp_b,noside,12207,glutamate,1
1410472719,PFNp_c,noside,12208,acetylcholine,0
1410516394,IB078,left,12209,acetylcholine,0
1410631868,PLP099,right,12210,acetylcholine,0
1410801066,PFNp_d,noside,12211,glutamate,1
1410813978,PFNp_b,noside,12212,glutamate,1
1410878059,PS252,left,12213,acetylcholine,0
1411059475,PS093,right,12214,gaba,1
1411250251,LC14,right,12215,acetylcholine,0
1411254502,LC14,noside,12216,acetylcholine,0
1411262721,LC10,noside,12217,glutamate,1
1411314129,WED047,right,12218,acetylcholine,0
1411327661,PVLP133_c,right,12219,acetylcholine,0
1411336347,AVLP279,right,12220,dopamine,0
1411655369,LC26,noside,12221,acetylcholine,0
1411737459,PVLP010,right,12222,gaba,1
1411784734,M_lvPNm25,right,12223,acetylcholine,0
1411862814,PFNa,noside,12224,acetylcholine,0
1411988034,LC26,noside,12225,dopamine,0
1412014916,PLP167,right,12226,acetylcholine,0
1412164346,PFNm_b,noside,12227,acetylcholine,0
1412238418,PFNa,noside,12228,acetylcholine,0
1412320780,LC26,noside,12229,acetylcholine,0
1412332938,LC25,noside,12230,glutamate,1
1412670439,PVLP039,right,12231,gaba,1
1412700292,PVLP059,right,12232,acetylcholine,0
1412989088,LC16,noside,12233,acetylcholine,0
1412989266,LC16,noside,12234,acetylcholine,0
1413058496,AOTU052,right,12235,gaba,1
1413464254,AVLP539,right,12236,glutamate,1
1413572068,vDeltaL,noside,12237,acetylcholine,0
1413589766,vDeltaL,noside,12238,dopamine,0
1413593322,vDeltaL,noside,12239,glutamate,1
1413744837,AVLP462,right,12240,gaba,1
1413753838,LC9,right,12241,acetylcholine,0
1413766741,LC9,right,12242,acetylcholine,0
1413771042,AVLP195,right,12243,acetylcholine,0
1413813658,hDeltaB,noside,12244,acetylcholine,0
1413882984,vDeltaA_a,noside,12245,acetylcholine,0
1413986475,LC10,noside,12246,gaba,1
1414046770,LHAV2b1,right,12247,acetylcholine,0
1414073219,PVLP028,right,12248,gaba,1
1414184933,vDeltaL,noside,12249,glutamate,1
1414189518,vDeltaM,noside,12250,glutamate,1
1414327340,MC61,noside,12251,serotonin,0
1414354109,PVLP050,right,12252,acetylcholine,0
1414366899,PVLP093,left,12253,gaba,1
1414405144,PVLP133_c,right,12254,acetylcholine,0
1414418492,PVLP057,right,12255,unknown,0
1414435283,AVLP525,right,12256,acetylcholine,0
1414617465,PFNp_d,noside,12257,acetylcholine,0
1414694799,PVLP111,right,12258,gaba,1
1414712300,AVLP310,right,12259,acetylcholine,0
1414746150,AVLP333,right,12260,acetylcholine,0
1414751121,VES022,right,12261,gaba,1
1414763569,PVLP054,right,12262,acetylcholine,0
1414763869,PVLP055,right,12263,acetylcholine,0
1414776601,LC9,right,12264,acetylcholine,0
1414785595,PLP227,right,12265,unknown,0
1414845661,vDeltaK,noside,12266,glutamate,1
1415126563,AVLP183,right,12267,acetylcholine,0
1415182325,vDeltaJ,noside,12268,dopamine,0
1415199253,vDeltaM,noside,12269,glutamate,1
1415424742,AVLP348,right,12270,acetylcholine,0
1415436978,AVLP454_a,right,12271,acetylcholine,0
1415441424,CL062_b,right,12272,acetylcholine,0
1415480049,AVLP194_c,right,12273,acetylcholine,0
1415484346,AVLP192,right,12274,acetylcholine,0
1415493056,CL122,right,12275,gaba,1
1415774445,AVLP219,right,12276,acetylcholine,0
1415808221,CL248,right,12277,gaba,1
1415825344,M_vPNml63,right,12278,gaba,1
1415829574,M_vPNml72,right,12279,gaba,1
1415877516,vDeltaM,noside,12280,glutamate,1
1416072512,AVLP480,right,12281,gaba,1
1416749916,AVLP235,right,12282,acetylcholine,0
1416766624,AVLP124,right,12283,acetylcholine,0
1416796486,AVLP454_a,right,12284,acetylcholine,0
1416805841,LAL136_a,right,12285,acetylcholine,0
1416900410,ER4d,left,12286,gaba,1
1417120952,AVLP126,right,12287,acetylcholine,0
1417138075,aSP10C_b,right,12288,acetylcholine,0
1417457582,AVLP276,right,12289,acetylcholine,0
1417573898,FB3D,right,12290,glutamate,1
1417768398,PVLP017,right,12291,gaba,1
1417789519,AVLP137,right,12292,acetylcholine,0
1417810944,AVLP087,right,12293,gaba,1
1417889456,LAL131,right,12294,glutamate,1
1418186940,LC33b,right,12295,glutamate,1
1418273110,KCab-p,right,12296,dopamine,0
1418351262,PAM04_a,right,12297,dopamine,0
1418572258,LAL066,right,12298,gaba,1
1418618235,SIFa,noside,12299,octopamine,0
1418829730,AVLP576,right,12300,acetylcholine,0
1418909155,WEDPN17_a,right,12301,acetylcholine,0
1418924735,LAL069,right,12302,gaba,1
1419019956,PAM04_a,right,12303,dopamine,0
1419136775,AVLP290,right,12304,acetylcholine,0
1419136956,AVLP304,right,12305,acetylcholine,0
1419141364,AVLP557,right,12306,glutamate,1
1419162574,AVLP533,right,12307,gaba,1
1419162874,AVLP558,right,12308,glutamate,1
1419261730,LAL147,right,12309,glutamate,1
1419266727,LAL152,right,12310,serotonin,0
1419836599,AVLP235,right,12311,acetylcholine,0
1419909152,LAL011,right,12312,acetylcholine,0
1420177536,AVLP554,right,12313,glutamate,1
1420306364,KCab-m,right,12314,dopamine,0
1420522486,AVLP551,right,12315,glutamate,1
1420651734,KCab-m,right,12316,dopamine,0
1420906080,PS083,right,12317,glutamate,1
1420910648,PS083,right,12318,glutamate,1
1420966843,KCab-s,right,12319,dopamine,0
1421666260,KCab-m,right,12320,dopamine,0
1434427171,WED068,right,12321,acetylcholine,0
1434427905,WED068,right,12322,acetylcholine,0
1434639206,vDeltaG,noside,12323,glutamate,1
1434768400,LPC1,noside,12324,acetylcholine,0
1434798670,LC13,right,12325,acetylcholine,0
1434949542,PVLP141,right,12326,acetylcholine,0
1435126790,LC12,noside,12327,dopamine,0
1435140135,LC14,right,12328,acetylcholine,0
1435791739,PVLP132,right,12329,glutamate,1
1435822283,LC17,noside,12330,dopamine,0
1435950884,PS194,right,12331,glutamate,1
1436188322,LC11,right,12332,acetylcholine,0
1436309334,VES072,right,12333,acetylcholine,0
1436330964,DNp16,right,12334,serotonin,0
1436335458,MC66,noside,12335,,0
1436357277,PS076,right,12336,gaba,1
1436629378,VES015,right,12337,gaba,1
1436646177,PS198,right,12338,acetylcholine,0
1436650355,PS233,right,12339,acetylcholine,0
1436650486,LAL167,right,12340,acetylcholine,0
1436667745,PS220,right,12341,glutamate,1
1436667764,PS221,right,12342,glutamate,1
1436680646,PS246,right,12343,glutamate,1
1436698436,PS075,right,12344,gaba,1
1436703256,DNp16,right,12345,acetylcholine,0
1436758299,VES056,left,12346,acetylcholine,0
1436935320,PS150,right,12347,glutamate,1
1436961485,LT70,right,12348,gaba,1
1436987180,PS232,right,12349,acetylcholine,0
1436991674,LAL168,right,12350,acetylcholine,0
1437026576,PS289,left,12351,glutamate,1
1437026963,PS289,left,12352,glutamate,1
1437156900,LC18,noside,12353,acetylcholine,0
1437165487,LC17,noside,12354,gaba,1
1437186918,LC21,right,12355,acetylcholine,0
1437224617,PVLP111,right,12356,gaba,1
1437272793,PLP037,right,12357,glutamate,1
1437276654,LT78,right,12358,glutamate,1
1437306571,PLP112,right,12359,acetylcholine,0
1437345342,PS227,right,12360,acetylcholine,0
1437362770,PS288,left,12361,glutamate,1
1437363025,PS287,left,12362,glutamate,1
1437363181,PS091,right,12363,gaba,1
1437363305,PS287,left,12364,glutamate,1
1437492192,LAL090,right,12365,glutamate,1
1437613381,LT78,right,12366,glutamate,1
1437613888,PLP148,right,12367,neither,0
1437618127,PLP023,right,12368,gaba,1
1437652965,PLP109,right,12369,acetylcholine,0
1437669466,SAD086,right,12370,acetylcholine,0
1437682098,LAL169,right,12371,acetylcholine,0
1437682133,LAL163,right,12372,acetylcholine,0
1437850908,LPLC2,right,12373,acetylcholine,0
1437902499,PVLP112,right,12374,gaba,1
1437958811,PLP109,right,12375,acetylcholine,0
1437959040,LC13,right,12376,acetylcholine,0
1438036362,IB066,right,12377,acetylcholine,0
1438083750,AOTU011,right,12378,glutamate,1
1438157188,IB064,left,12379,acetylcholine,0
1438299718,LC13,noside,12380,glutamate,1
1438300188,LC13,right,12381,acetylcholine,0
1438300285,LC13,right,12382,dopamine,0
1438300417,LC13,right,12383,acetylcholine,0
1438304067,LC13,right,12384,acetylcholine,0
1438304143,LC13,right,12385,acetylcholine,0
1438304347,LC13,noside,12386,acetylcholine,0
1438304464,LC13,right,12387,acetylcholine,0
1438304477,LC13,right,12388,acetylcholine,0
1438304554,LC13,right,12389,acetylcholine,0
1438304573,LC13,noside,12390,acetylcholine,0
1438304604,LC13,right,12391,acetylcholine,0
1438304646,LC13,right,12392,acetylcholine,0
1438515134,PS231,left,12393,acetylcholine,0
1438524573,LC4,noside,12394,acetylcholine,0
1438546731,MC64,noside,12395,acetylcholine,0
1438550573,LC20,noside,12396,acetylcholine,0
1438563366,LC10,noside,12397,acetylcholine,0
1438667042,PLP132,left,12398,acetylcholine,0
1438908304,LPLC2,right,12399,acetylcholine,0
1438912593,LPLC2,right,12400,acetylcholine,0
1439203192,LPLC1,right,12401,dopamine,0
1439301519,PLP114,right,12402,acetylcholine,0
1439491516,IB056,right,12403,acetylcholine,0
1439577670,LC28b,noside,12404,acetylcholine,0
1439590350,LC22,right,12405,acetylcholine,0
1439698950,CL241,right,12406,glutamate,1
1439903052,Li13,right,12407,gaba,1
1439927802,LC10,noside,12408,acetylcholine,0
1439962910,LC40a,right,12409,acetylcholine,0
1439963190,LC45b,right,12410,acetylcholine,0
1439979494,PLP115_b,right,12411,acetylcholine,0
1439979802,PLP004,right,12412,glutamate,1
1440252127,LT52,right,12413,glutamate,1
1440462757,VES020,right,12414,gaba,1
1440566287,LC14,right,12415,acetylcholine,0
1440567395,LC11,noside,12416,acetylcholine,0
1440571897,LC13,right,12417,acetylcholine,0
1440645010,WEDPN1A_a,right,12418,gaba,1
1440652320,LT77,right,12419,glutamate,1
1440670548,LC29,right,12420,acetylcholine,0
1440670595,LC29,right,12421,acetylcholine,0
1440804168,PS004,right,12422,glutamate,1
1440838134,PS005_c,left,12423,glutamate,1
1440972629,LC20,right,12424,acetylcholine,0
1441084157,CL128,right,12425,gaba,1
1441144493,PFNp_c,noside,12426,acetylcholine,0
1441331113,AOTU032,right,12427,acetylcholine,0
1441430469,PS190,right,12428,glutamate,1
1441481281,PFNm_a,noside,12429,glutamate,1
1441485388,PFNp_a,noside,12430,glutamate,1
1441485464,PFNp_e,noside,12431,acetylcholine,0
1441485633,PFNp_c,noside,12432,acetylcholine,0
1441485832,PFNp_c,noside,12433,glutamate,1
1441485942,PFNp_c,noside,12434,glutamate,1
1441486002,PFNp_e,noside,12435,glutamate,1
1441498763,PFNp_b,noside,12436,glutamate,1
1441499171,PFNp_b,noside,12437,gaba,1
1441499284,PFNp_b,noside,12438,glutamate,1
1441503403,PFNp_b,noside,12439,glutamate,1
1441503748,PFNp_c,noside,12440,acetylcholine,0
1441589107,LC12,noside,12441,gaba,1
1441590157,LC28b,right,12442,acetylcholine,0
1441590591,LC10,noside,12443,acetylcholine,0
1441598865,LPLC2,right,12444,acetylcholine,0
1441616802,IB088,right,12445,acetylcholine,0
1441659409,WEDPN16_d,right,12446,acetylcholine,0
1441848753,PFNp_b,noside,12447,octopamine,0
1441949046,LC14,right,12448,acetylcholine,0
1441956741,LC12,noside,12449,dopamine,0
1441978094,PLP035,right,12450,glutamate,1
1442029850,PVLP042,right,12451,gaba,1
1442176435,vDeltaA_b,noside,12452,glutamate,1
1442176747,FB1A,left,12453,glutamate,1
1442293171,LC10,noside,12454,acetylcholine,0
1442314421,LC10,noside,12455,acetylcholine,0
1442556708,PFNp_d,noside,12456,glutamate,1
1442565150,vDeltaL,noside,12457,acetylcholine,0
1442699865,PVLP039,right,12458,gaba,1
1442708190,PVLP133_c,right,12459,acetylcholine,0
1442819296,VC3m_lvPN,right,12460,acetylcholine,0
1442931671,PFNp_d,noside,12461,glutamate,1
1442931758,PFNp_d,noside,12462,glutamate,1
1443026992,LC25,noside,12463,glutamate,1
1443036085,AVLP207,right,12464,gaba,1
1443040649,PVLP112,right,12465,gaba,1
1443041217,AVLP325_a,right,12466,acetylcholine,0
1443044897,PVLP112,right,12467,gaba,1
1443135486,CL335,right,12468,acetylcholine,0
1443238597,FC1E,left,12469,acetylcholine,0
1443268440,PFNa,noside,12470,acetylcholine,0
1443272825,vDeltaA_a,noside,12471,dopamine,0
1443364051,LC25,noside,12472,glutamate,1
1443450601,CL118,right,12473,gaba,1
1443492867,vDeltaL,noside,12474,glutamate,1
1443579770,PFNa,noside,12475,acetylcholine,0
1443682977,LC16,noside,12476,acetylcholine,0
1443804853,AVLP592,right,12477,acetylcholine,0
1443946326,vDeltaA_a,noside,12478,dopamine,0
1444006860,LC10,noside,12479,acetylcholine,0
1444024342,LC16,noside,12480,acetylcholine,0
1444046333,PVLP059,right,12481,acetylcholine,0
1444287681,vDeltaK,noside,12482,acetylcholine,0
1444348057,MC61,noside,12483,dopamine,0
1444351896,LT51,right,12484,serotonin,0
1444788092,AVLP528,right,12485,acetylcholine,0
1444788747,AVLP461,right,12486,gaba,1
1444848412,vDeltaK,noside,12487,glutamate,1
1444969646,vDeltaK,noside,12488,acetylcholine,0
1445104234,WED061,right,12489,acetylcholine,0
1445112287,AVLP462,right,12490,gaba,1
1445130240,AVLP292,right,12491,acetylcholine,0
1445134193,LC9,noside,12492,acetylcholine,0
1445189659,vDeltaM,noside,12493,glutamate,1
1445293466,vDeltaM,noside,12494,glutamate,1
1445379615,AVLP448,right,12495,acetylcholine,0
1445445434,LT77,right,12496,glutamate,1
1445453636,PVLP054,right,12497,acetylcholine,0
1445743278,PVLP049,right,12498,acetylcholine,0
1445760214,AVLP513,right,12499,acetylcholine,0
1445773652,PVLP110,right,12500,gaba,1
1445798041,PVLP056,right,12501,serotonin,0
1445992562,vDeltaM,noside,12502,acetylcholine,0
1446061566,PVLP111,right,12503,gaba,1
1446062404,AVLP519,right,12504,acetylcholine,0
1446066048,PVLP059,right,12505,acetylcholine,0
1446100318,AVLP259,right,12506,acetylcholine,0
1446101389,AVLP398,right,12507,acetylcholine,0
1446152481,LC32,right,12508,acetylcholine,0
1446204202,vDeltaA_a,noside,12509,dopamine,0
1446204221,vDeltaA_b,noside,12510,dopamine,0
1446230331,vDeltaL,noside,12511,glutamate,1
1446234552,hDeltaB,noside,12512,acetylcholine,0
1446420611,PVLP063,right,12513,acetylcholine,0
1446455697,AVLP205,right,12514,gaba,1
1446527869,CL311,right,12515,acetylcholine,0
1446756739,AVLP207,right,12516,gaba,1
1446762036,PLP168,right,12517,acetylcholine,0
1446817665,PVLP034,right,12518,gaba,1
1447093754,AVLP304,right,12519,acetylcholine,0
1447103034,PVLP064,right,12520,acetylcholine,0
1447201088,DC4_vPN,right,12521,gaba,1
1447205602,M_vPNml83,right,12522,gaba,1
1447205712,M_vPNml77,right,12523,gaba,1
1447253749,EL,right,12524,acetylcholine,0
1447431073,AVLP307,right,12525,acetylcholine,0
1447448324,AVLP480,right,12526,gaba,1
1447451704,AVLP480,right,12527,gaba,1
1447452334,AVLP184,right,12528,acetylcholine,0
1447465334,AVLP235,right,12529,acetylcholine,0
1447576662,EPG,noside,12530,acetylcholine,0
1447815025,AVLP136,right,12531,acetylcholine,0
1448111953,AVLP183,right,12532,acetylcholine,0
1448118399,AVLP270,right,12533,acetylcholine,0
1448142556,AVLP306,right,12534,acetylcholine,0
1448173578,AVLP413,right,12535,acetylcholine,0
1448181901,AVLP181,right,12536,acetylcholine,0
1448452947,AVLP407,right,12537,acetylcholine,0
1448479508,AVLP402,right,12538,acetylcholine,0
1448479579,AVLP384,right,12539,acetylcholine,0
1448575109,LNO2,right,12540,gaba,1
1448578991,WEDPN16_d,right,12541,gaba,1
1448587060,LAL050,right,12542,gaba,1
1448591766,LAL128,right,12543,serotonin,0
1448799465,AVLP347,right,12544,acetylcholine,0
1448864040,AVLP541,right,12545,glutamate,1
1448868137,CL275,right,12546,acetylcholine,0
1448924003,WEDPN17_b,right,12547,acetylcholine,0
1448924172,WEDPN16_d,right,12548,acetylcholine,0
1448929233,LAL051,right,12549,glutamate,1
1449149249,AVLP451,right,12550,acetylcholine,0
1449157298,AVLP555,right,12551,glutamate,1
1449165580,AVLP480,right,12552,gaba,1
1449200693,AVLP580,left,12553,glutamate,1
1449225711,LT51,right,12554,glutamate,1
1449247522,ExR2,right,12555,octopamine,0
1449266027,LAL061,right,12556,gaba,1
1449486007,AVLP537,right,12557,glutamate,1
1449502169,AVLP556,right,12558,gaba,1
1449502965,PVLP139,right,12559,acetylcholine,0
1449606569,LAL069,right,12560,gaba,1
1449611593,LAL070,right,12561,gaba,1
1449618949,LAL187,right,12562,acetylcholine,0
1449670372,KCab-s,right,12563,dopamine,0
1449826776,AVLP465,right,12564,gaba,1
1449835055,AVLP435,right,12565,acetylcholine,0
1449848294,AVLP221,right,12566,acetylcholine,0
1449942479,LAL067,right,12567,gaba,1
1449947867,LAL150,right,12568,glutamate,1
1449955631,VES026,right,12569,acetylcholine,0
1450011431,KCab-c,right,12570,dopamine,0
1450016008,AVLP562,left,12571,,0
1450167207,AVLP293,right,12572,acetylcholine,0
1450172577,AVLP392,right,12573,gaba,1
1450318227,LNO1,right,12574,gaba,1
1450568327,AVLP311_b,right,12575,acetylcholine,0
1450875637,AVLP311_a,right,12576,acetylcholine,0
1451216904,AVLP198,right,12577,acetylcholine,0
1451229570,AVLP454_b,right,12578,acetylcholine,0
1451341240,KCab-c,right,12579,dopamine,0
1451544136,AVLP425,right,12580,gaba,1
1451562506,AVLP213,right,12581,gaba,1
1451695303,KCab-m,right,12582,dopamine,0
1451889472,AVLP289,right,12583,acetylcholine,0
1455438367,SMP474,right,12584,glutamate,1
1465630554,LAL161,right,12585,acetylcholine,0
1465807509,LT71,right,12586,,0
1466334210,PS294,right,12587,acetylcholine,0
1466485353,DCH,left,12588,glutamate,1
1466511550,LC9,right,12589,acetylcholine,0
1466516076,LC15,noside,12590,acetylcholine,0
1466688033,PS225,right,12591,acetylcholine,0
1466844031,LC17,noside,12592,gaba,1
1466861327,LC4,noside,12593,acetylcholine,0
1466934104,PLP202,right,12594,gaba,1
1466985892,PS192,right,12595,glutamate,1
1466998977,DNp05,right,12596,acetylcholine,0
1466999032,IB083,right,12597,acetylcholine,0
1467111071,OCG07,noside,12598,unknown,0
1467314365,LAL145,right,12599,acetylcholine,0
1467340016,PS230,right,12600,acetylcholine,0
1467344362,PS085,right,12601,glutamate,1
1467344475,PS087,right,12602,glutamate,1
1467357251,DNp16,right,12603,acetylcholine,0
1467374847,MC66,noside,12604,,0
1467388497,PS284,right,12605,glutamate,1
1467548306,LPLC2,right,12606,acetylcholine,0
1467685329,PS233,right,12607,acetylcholine,0
1467685423,LAL179,right,12608,acetylcholine,0
1467685454,PS087,right,12609,glutamate,1
1467685479,PS229,right,12610,unknown,0
1467689768,PS087,right,12611,glutamate,1
1467689770,PS087,right,12612,glutamate,1
1467694006,DNp16,right,12613,glutamate,1
1467698336,DNp16/17,right,12614,acetylcholine,0
1467707219,PS239,right,12615,glutamate,1
1467742197,PS285,right,12616,glutamate,1
1467788947,PS285,left,12617,glutamate,1
1467797424,LT45,left,12618,gaba,1
1467859487,LC17,noside,12619,gaba,1
1467944196,PLP206,right,12620,gaba,1
1467961485,LT44b,left,12621,glutamate,1
1467966209,LAL157,right,12622,acetylcholine,0
1467987587,LC37b,right,12623,glutamate,1
1468009771,PS273,right,12624,acetylcholine,0
1468026501,PS087,right,12625,glutamate,1
1468030788,PS087,right,12626,glutamate,1
1468030790,PS087,right,12627,gaba,1
1468207771,LC21,right,12628,acetylcholine,0
1468230494,LC26,noside,12629,acetylcholine,0
1468238571,LT70,right,12630,gaba,1
1468289621,PLP203_b,right,12631,gaba,1
1468341936,IB052,right,12632,acetylcholine,0
1468342128,PS179,right,12633,acetylcholine,0
1468346629,PS273,right,12634,acetylcholine,0
1468350445,PS179,right,12635,acetylcholine,0
1468359247,PLP240,right,12636,acetylcholine,0
1468380296,PS226,right,12637,glutamate,1
1468630778,PLP195,right,12638,gaba,1
1468635219,PS299,left,12639,gaba,1
1468648854,CL285,right,12640,glutamate,1
1468682633,WED163,right,12641,acetylcholine,0
1468863702,LAL097,right,12642,glutamate,1
1468877324,LC21,noside,12643,acetylcholine,0
1468976222,WED140,right,12644,acetylcholine,0
1468993852,LC13,right,12645,acetylcholine,0
1468994014,LC13,right,12646,acetylcholine,0
1468998393,LC13,noside,12647,acetylcholine,0
1469049500,PLP219,right,12648,dopamine,0
1469227143,LPLC4,right,12649,acetylcholine,0
1469240274,LC15,noside,12650,acetylcholine,0
1469269528,LPLC1,right,12651,dopamine,0
1469278367,LC36,right,12652,acetylcholine,0
1469331067,LC13,noside,12653,acetylcholine,0
1469390408,WED129,right,12654,acetylcholine,0
1469394876,VES071,right,12655,acetylcholine,0
1469403612,LAL172,right,12656,acetylcholine,0
1469477133,PS257,right,12657,glutamate,1
1469589825,Li13,right,12658,gaba,1
1469757599,IB084,right,12659,acetylcholine,0
1469947367,LPLC1,right,12660,acetylcholine,0
1469947718,LC9,right,12661,acetylcholine,0
1469999513,LC20,noside,12662,acetylcholine,0
1470065021,LAL151,right,12663,glutamate,1
1470069273,CL242,right,12664,glutamate,1
1470237582,LC12,right,12665,gaba,1
1470358604,PLP173,right,12666,gaba,1
1470556458,PS216,left,12667,unknown,0
1470573563,PS198,left,12668,acetylcholine,0
1470950640,LC14,right,12669,acetylcholine,0
1470966783,LC9,right,12670,acetylcholine,0
1470971204,LPLC2,right,12671,dopamine,0
1470980397,MC65,right,12672,acetylcholine,0
1470996844,LC40a,right,12673,acetylcholine,0
1471259890,LC12,right,12674,gaba,1
1471269906,LC24,noside,12675,glutamate,1
1471307510,LC9,right,12676,acetylcholine,0
1471337364,PLP100,right,12677,acetylcholine,0
1471337439,PLP103,right,12678,acetylcholine,0
1471337463,PLP101,right,12679,acetylcholine,0
1471337584,PLP115_b,right,12680,acetylcholine,0
1471337627,PLP114,right,12681,acetylcholine,0
1471337698,PLP111,right,12682,acetylcholine,0
1471337728,PLP106,right,12683,acetylcholine,0
1471337767,PLP103,right,12684,acetylcholine,0
1471337816,PLP101,right,12685,acetylcholine,0
1471337839,PLP115_b,right,12686,acetylcholine,0
1471337887,PLP103,right,12687,acetylcholine,0
1471337908,PLP102,right,12688,acetylcholine,0
1471337938,PLP100,right,12689,acetylcholine,0
1471337986,PLP111,right,12690,acetylcholine,0
1471498183,VES020,right,12691,gaba,1
1471600919,LC10,noside,12692,acetylcholine,0
1471601440,LC4,noside,12693,acetylcholine,0
1471607030,LC17,noside,12694,gaba,1
1471610338,LC17,noside,12695,gaba,1
1471705177,LC29,noside,12696,acetylcholine,0
1471778506,PS105,right,12697,acetylcholine,0
1472024415,WED145,right,12698,neither,0
1472205673,PFNa,noside,12699,acetylcholine,0
1472334721,PLP190,right,12700,acetylcholine,0
1472520219,vDeltaA_b,noside,12701,glutamate,1
1472520245,PFNp_d,noside,12702,glutamate,1
1472537557,PFNp_e,noside,12703,glutamate,1
1472542572,PFNp_a,noside,12704,glutamate,1
1472546868,PFNp_a,noside,12705,acetylcholine,0
1472624438,LC14,right,12706,acetylcholine,0
1472672056,PLP191,right,12707,acetylcholine,0
1472675999,PVLP133_c,right,12708,acetylcholine,0
1472676490,mALC3,left,12709,gaba,1
1472711015,PLP115_b,right,12710,acetylcholine,0
1472715683,PLP192,right,12711,acetylcholine,0
1472723900,WED107,right,12712,acetylcholine,0
1472866173,PFNp_b,noside,12713,octopamine,0
1472965897,LC17,noside,12714,acetylcholine,0
1472996209,LC10,noside,12715,acetylcholine,0
1473008750,LC14,right,12716,acetylcholine,0
1473052588,PLP115_b,right,12717,acetylcholine,0
1473202957,PFNm_a,noside,12718,acetylcholine,0
1473207713,PFNp_c,noside,12719,acetylcholine,0
1473241269,PFNp_d,noside,12720,glutamate,1
1473332777,LC17,right,12721,gaba,1
1473379689,PLP166,right,12722,acetylcholine,0
1473379778,PVLP133_c,right,12723,acetylcholine,0
1473379892,AVLP519,right,12724,acetylcholine,0
1473648518,LC17,noside,12725,gaba,1
1473695252,PLP038,right,12726,glutamate,1
1473764281,AOTU053,right,12727,gaba,1
1473997538,LC27,noside,12728,acetylcholine,0
1474061419,PLP182,right,12729,glutamate,1
1474062225,PVLP103,right,12730,gaba,1
1474084639,AVLP325_a,right,12731,acetylcholine,0
1474087416,AVLP391,right,12732,gaba,1
1474088775,AVLP272,right,12733,acetylcholine,0
1474424990,PVLP073,right,12734,acetylcholine,0
1474446666,PLP195,right,12735,gaba,1
1474472195,PVLP123,right,12736,acetylcholine,0
1474736336,AVLP207,right,12737,gaba,1
1474745046,PVLP113,right,12738,gaba,1
1474757586,PVLP042,right,12739,gaba,1
1474783300,PVLP048,right,12740,gaba,1
1474817545,PVLP128,right,12741,acetylcholine,0
1475188631,AVLP541,right,12742,glutamate,1
1475318548,vDeltaA_a,noside,12743,dopamine,0
1475322280,vDeltaM,noside,12744,glutamate,1
1475391747,LC26,noside,12745,acetylcholine,0
1475477547,CL120,right,12746,gaba,1
1475482533,PVLP116,right,12747,glutamate,1
1475529821,aMe5,noside,12748,acetylcholine,0
1475615790,FC1E,left,12749,acetylcholine,0
1475719629,MC64,noside,12750,acetylcholine,0
1475883403,vDeltaL,noside,12751,acetylcholine,0
1476232925,vDeltaM,noside,12752,glutamate,1
1476388370,WED036_a,right,12753,glutamate,1
1476595663,vDeltaL,noside,12754,glutamate,1
1476777923,AVLP118,right,12755,acetylcholine,0
1476778177,PVLP148,right,12756,acetylcholine,0
1476782322,PVLP039,right,12757,gaba,1
1476795236,AVLP459,right,12758,acetylcholine,0
1476824820,PVLP111,right,12759,gaba,1
1476936949,vDeltaL,noside,12760,acetylcholine,0
1477148598,PVLP075,right,12761,acetylcholine,0
1477161691,PVLP074,right,12762,acetylcholine,0
1477166538,PVLP092,right,12763,acetylcholine,0
1477239137,PS031,right,12764,serotonin,0
1477239390,DNb02,right,12765,dopamine,0
1477434062,PVLP101,right,12766,gaba,1
1477447226,AVLP206_b,right,12767,gaba,1
1477774797,AVLP373,right,12768,acetylcholine,0
1477800608,PVLP129,right,12769,acetylcholine,0
1478142566,AVLP503,right,12770,acetylcholine,0
1478400968,SA2_a,left,12771,gaba,1
1478487101,AVLP332,right,12772,acetylcholine,0
1478487190,AVLP283,right,12773,acetylcholine,0
1478491453,AVLP231,right,12774,acetylcholine,0
1478491581,AVLP273,right,12775,acetylcholine,0
1478802290,AVLP323,right,12776,acetylcholine,0
1478802798,AVLP337,right,12777,acetylcholine,0
1478823319,AVLP454_b,right,12778,acetylcholine,0
1478879340,AVLP333,right,12779,acetylcholine,0
1479134215,PVLP049,right,12780,acetylcholine,0
1479147574,PVLP072,right,12781,acetylcholine,0
1479156699,AVLP297,right,12782,acetylcholine,0
1479185968,AVLP126,right,12783,acetylcholine,0
1479225680,AVLP333,right,12784,acetylcholine,0
1479259314,PS193,right,12785,glutamate,1
1479281491,LAL196,left,12786,acetylcholine,0
1479492693,PVLP072,right,12787,acetylcholine,0
1479518734,AVLP274,right,12788,acetylcholine,0
1479558350,AVLP351,right,12789,acetylcholine,0
1479618250,OA-VUMa1,right,12790,octopamine,0
1479622707,LAL144,right,12791,acetylcholine,0
1479623035,LAL090,right,12792,gaba,1
1479626494,LAL120,right,12793,gaba,1
1479820692,AVLP441,right,12794,acetylcholine,0
1479824955,AVLP216,right,12795,gaba,1
1479825087,AVLP337,right,12796,acetylcholine,0
1479847174,AVLP272,right,12797,acetylcholine,0
1480084038,LNO1,left,12798,glutamate,1
1480084042,LNO1,left,12799,glutamate,1
1480170126,AVLP105,right,12800,serotonin,0
1480171146,AVLP507,right,12801,acetylcholine,0
1480171213,AVLP298,right,12802,acetylcholine,0
1480179511,AVLP332,right,12803,acetylcholine,0
1480516899,AVLP291,right,12804,acetylcholine,0
1480520765,AVLP336,right,12805,acetylcholine,0
1480520817,AVLP335,right,12806,acetylcholine,0
1480521237,AVLP332,right,12807,acetylcholine,0
1480524421,AVLP407,right,12808,acetylcholine,0
1480525157,AVLP405,right,12809,acetylcholine,0
1480525262,AVLP536,right,12810,gaba,1
1480525278,AVLP285,right,12811,acetylcholine,0
1480525330,PVLP110,right,12812,gaba,1
1480532936,AVLP372,right,12813,acetylcholine,0
1480589255,AVLP558,right,12814,glutamate,1
1480653743,LAL121,right,12815,gaba,1
1480857786,AVLP320,right,12816,acetylcholine,0
1480891757,AVLP161,right,12817,acetylcholine,0
1480982970,VES018,right,12818,gaba,1
1481202316,AVLP465,right,12819,gaba,1
1481202338,PLP115_a,right,12820,acetylcholine,0
1481336075,CL328,left,12821,,0
1481336510,CL328,left,12822,,0
1481340761,LAL069,right,12823,gaba,1
1481547572,PVLP087,right,12824,acetylcholine,0
1481737138,PI1_a,noside,12825,neither,0
1481996688,LAL112,right,12826,gaba,1
1482579456,PVLP087,right,12827,acetylcholine,0
1482915593,AVLP426,right,12828,gaba,1
1483679759,AOTU039,right,12829,glutamate,1
1484850301,DL1_adPN,left,12830,,0
1485786914,mAL1,right,12831,,0
1486123650,LAL164,left,12832,acetylcholine,0
1496656782,IB081,right,12833,acetylcholine,0
1497200791,LC17,noside,12834,acetylcholine,0
1497205225,LC31,noside,12835,acetylcholine,0
1497692958,PS221,right,12836,glutamate,1
1497697134,PS052,right,12837,serotonin,0
1497875250,LC11,noside,12838,acetylcholine,0
1497973422,AMMC-A1,right,12839,glutamate,1
1498033920,DNp17,right,12840,neither,0
1498120574,OCG02,noside,12841,acetylcholine,0
1498374987,LAL090,left,12842,glutamate,1
1498379059,PS087,right,12843,glutamate,1
1498379099,LAL090,left,12844,glutamate,1
1498379140,LAL090,left,12845,glutamate,1
1498383456,DNp17,right,12846,acetylcholine,0
1498400994,PS213,right,12847,glutamate,1
1498401239,PS239,right,12848,glutamate,1
1498405552,MC66,noside,12849,,0
1498410212,MC66,noside,12850,,0
1498413999,PS280,right,12851,glutamate,1
1498414361,MC66,noside,12852,,0
1498418998,PS132,right,12853,neither,0
1498436059,PS289,left,12854,glutamate,1
1498574596,LC4,noside,12855,acetylcholine,0
1498582584,LC25,noside,12856,glutamate,1
1498720407,PVLP143,right,12857,acetylcholine,0
1498759893,PS290,left,12858,glutamate,1
1499013876,PLP108,right,12859,acetylcholine,0
1499039901,PS273,right,12860,acetylcholine,0
1499048899,PLP019,right,12861,gaba,1
1499065388,LAL090,left,12862,glutamate,1
1499226615,LC11,right,12863,acetylcholine,0
1499248377,Li11,right,12864,gaba,1
1499277688,Li12,right,12865,gaba,1
1499441777,PS138,right,12866,gaba,1
1499454686,PS244,right,12867,acetylcholine,0
1499669855,PLP205,right,12868,gaba,1
1499669924,PLP205,right,12869,gaba,1
1499669992,PLP205,right,12870,gaba,1
1499670019,PLP205,right,12871,gaba,1
1499683287,LC13,right,12872,acetylcholine,0
1499756471,PS140,right,12873,glutamate,1
1499830503,PS179,right,12874,acetylcholine,0
1499934819,MC64,noside,12875,acetylcholine,0
1500020379,LC13,right,12876,acetylcholine,0
1500020535,LC13,right,12877,acetylcholine,0
1500024261,LC13,right,12878,acetylcholine,0
1500028932,LC13,right,12879,acetylcholine,0
1500029052,LC13,right,12880,acetylcholine,0
1500063929,SAD094,right,12881,acetylcholine,0
1500361710,LC13,right,12882,acetylcholine,0
1500369887,LC13,right,12883,acetylcholine,0
1500369943,LC13,right,12884,acetylcholine,0
1500373828,LC13,right,12885,acetylcholine,0
1500429718,LAL164,right,12886,acetylcholine,0
1500598873,LPLC2,right,12887,dopamine,0
1500680443,MC62,right,12888,acetylcholine,0
1500693034,AOTU052,right,12889,gaba,1
1500788578,IB107,left,12890,glutamate,1
1500844839,CL116,right,12891,gaba,1
1500918232,CL046,left,12892,glutamate,1
1500953002,LC25,noside,12893,glutamate,1
1501074095,PS104,right,12894,glutamate,1
1501074228,PS104,right,12895,glutamate,1
1501074253,PS104,right,12896,glutamate,1
1501111926,PVLP142,right,12897,acetylcholine,0
1501246160,IB115,left,12898,acetylcholine,0
1501323994,LC18,right,12899,acetylcholine,0
1501341367,MC61,noside,12900,glutamate,1
1501371238,WEDPN6B,right,12901,gaba,1
1501384741,CL128,right,12902,gaba,1
1501392572,PS088,right,12903,gaba,1
1501452885,WED149,right,12904,acetylcholine,0
1501452958,PS204,right,12905,acetylcholine,0
1501640127,LC28b,noside,12906,acetylcholine,0
1501660164,LC9,right,12907,acetylcholine,0
1501664753,LC9,right,12908,acetylcholine,0
1501664809,LC22,right,12909,acetylcholine,0
1501665145,LC9,right,12910,acetylcholine,0
1501716235,PS268,right,12911,acetylcholine,0
1501729681,PLP099,right,12912,acetylcholine,0
1501790467,PS190,right,12913,glutamate,1
1501811744,IB102,left,12914,glutamate,1
1501811846,IB106,left,12915,glutamate,1
1501811986,IB107,left,12916,glutamate,1
1501820626,VES033,right,12917,gaba,1
1501976890,LC13,right,12918,acetylcholine,0
1501980151,LC27,noside,12919,acetylcholine,0
1502001218,LC9,right,12920,acetylcholine,0
1502191932,VES020,right,12921,gaba,1
1502200626,PS008_a,right,12922,glutamate,1
1502217925,PS269,left,12923,,0
1502304335,LC24,noside,12924,glutamate,1
1502304455,LC15,noside,12925,acetylcholine,0
1502318251,LC24,noside,12926,glutamate,1
1502342193,MC64,noside,12927,acetylcholine,0
1502342255,LC9,right,12928,acetylcholine,0
1502347507,MC64,noside,12929,acetylcholine,0
1502360288,MC62,right,12930,acetylcholine,0
1502364155,LC35,right,12931,acetylcholine,0
1502532477,VES019,right,12932,gaba,1
1502536546,PS008_a,right,12933,glutamate,1
1502635634,LC11,noside,12934,acetylcholine,0
1502701269,LC35,right,12935,acetylcholine,0
1502722492,PLP062,right,12936,acetylcholine,0
1502748318,LC29,right,12937,acetylcholine,0
1502817538,PS005_a,right,12938,glutamate,1
1502870544,IB064,right,12939,acetylcholine,0
1503042472,LT64,right,12940,acetylcholine,0
1503158842,PS260,right,12941,acetylcholine,0
1503331732,LC14,right,12942,acetylcholine,0
1503413234,LC21,right,12943,acetylcholine,0
1503413796,LC21,right,12944,acetylcholine,0
1503413797,LC21,right,12945,acetylcholine,0
1503418436,LC21,right,12946,acetylcholine,0
1503552296,CL215,right,12947,acetylcholine,0
1503581177,PFNp_b,noside,12948,octopamine,0
1503581411,vDeltaM,noside,12949,glutamate,1
1503581412,PFNp_b,noside,12950,glutamate,1
1503581507,vDeltaJ,noside,12951,dopamine,0
1503581667,vDeltaF,noside,12952,acetylcholine,0
1503677795,LC20,right,12953,acetylcholine,0
1503733177,PVLP094,right,12954,gaba,1
1503754316,LC21,right,12955,acetylcholine,0
1503754464,LC21,right,12956,acetylcholine,0
1503754543,LC21,noside,12957,acetylcholine,0
1503754677,LC21,noside,12958,acetylcholine,0
1503754813,AVLP325_b,right,12959,acetylcholine,0
1503755184,LC21,noside,12960,acetylcholine,0
1503896377,PFNp_b,noside,12961,acetylcholine,0
1503922566,PFNp_b,noside,12962,octopamine,0
1503999967,LC4,noside,12963,acetylcholine,0
1504052107,PLP036,right,12964,glutamate,1
1504052246,WED036_a,right,12965,glutamate,1
1504065586,PVLP113,right,12966,gaba,1
1504086607,LC21,right,12967,acetylcholine,0
1504092028,LC21,noside,12968,acetylcholine,0
1504096262,LC21,right,12969,dopamine,0
1504096339,LC21,right,12970,acetylcholine,0
1504207129,LAL199,right,12971,acetylcholine,0
1504268020,PFNm_a,noside,12972,acetylcholine,0
1504342382,LT82a,right,12973,acetylcholine,0
1504388714,PLP170,right,12974,glutamate,1
1504393350,WED038,right,12975,glutamate,1
1504406220,PLP115_b,right,12976,acetylcholine,0
1504419182,PLP166,right,12977,acetylcholine,0
1504423575,LC21,noside,12978,acetylcholine,0
1504423636,LC21,noside,12979,dopamine,0
1504423804,LC21,noside,12980,acetylcholine,0
1504427615,LC21,right,12981,acetylcholine,0
1504427986,LC21,noside,12982,acetylcholine,0
1504428057,LC21,noside,12983,acetylcholine,0
1504428248,PVLP075,right,12984,acetylcholine,0
1504432299,LC21,noside,12985,acetylcholine,0
1504437450,PVLP013,right,12986,acetylcholine,0
1504582746,PFNp_b,noside,12987,octopamine,0
1504621994,vDeltaA_a,noside,12988,glutamate,1
1504700834,LC27,noside,12989,acetylcholine,0
1504730162,WED035,right,12990,glutamate,1
1504765194,LC21,noside,12991,acetylcholine,0
1504765248,LC21,right,12992,acetylcholine,0
1504889437,M_lvPNm38,right,12993,acetylcholine,0
1504924440,PFNm_a,noside,12994,acetylcholine,0
1505114656,PVLP113,right,12995,gaba,1
1505149370,PVLP048,right,12996,gaba,1
1505152580,AVLP189_a,right,12997,acetylcholine,0
1505209641,aMe5,noside,12998,acetylcholine,0
1505412068,LC16,noside,12999,acetylcholine,0
1505727476,LC10,noside,13000,acetylcholine,0
1505753240,LC24,noside,13001,acetylcholine,0
1505977586,SA3,left,13002,glutamate,1
1506076819,MC61,noside,13003,acetylcholine,0
1506120610,PVLP080,right,13004,gaba,1
1506440282,AVLP454_b,right,13005,acetylcholine,0
1507109459,PVLP074,right,13006,acetylcholine,0
1507139129,PVLP028,right,13007,gaba,1
1507165749,PLP108,right,13008,acetylcholine,0
1507445759,LC15,noside,13009,acetylcholine,0
1507446240,LC15,noside,13010,acetylcholine,0
1507446255,PVLP074,right,13011,acetylcholine,0
1507449839,AVLP454_a,right,13012,acetylcholine,0
1507781967,LC15,noside,13013,acetylcholine,0
1507782010,PVLP044,right,13014,gaba,1
1507787264,LC15,noside,13015,acetylcholine,0
1507787627,LC15,noside,13016,acetylcholine,0
1507812837,AVLP303,right,13017,acetylcholine,0
1507834915,PVLP031,right,13018,gaba,1
1507933560,DNp17,right,13019,acetylcholine,0
1508118468,LC15,noside,13020,acetylcholine,0
1508118556,LC15,noside,13021,acetylcholine,0
1508118563,LC15,noside,13022,acetylcholine,0
1508123633,PVLP018,right,13023,gaba,1
1508123771,LC15,noside,13024,acetylcholine,0
1508127542,AVLP311_b,right,13025,acetylcholine,0
1508128473,AVLP311_a,right,13026,acetylcholine,0
1508132976,AVLP311_b,right,13027,acetylcholine,0
1508144735,AVLP291,right,13028,acetylcholine,0
1508149851,AVLP458,right,13029,acetylcholine,0
1508170799,PVLP029,right,13030,gaba,1
1508171833,AVLP451,right,13031,acetylcholine,0
1508273771,PS036,right,13032,acetylcholine,0
1508274007,WED002,right,13033,acetylcholine,0
1508274054,PS034,right,13034,acetylcholine,0
1508274233,PS028,right,13035,acetylcholine,0
1508274264,PS023,right,13036,acetylcholine,0
1508274398,PS015,right,13037,neither,0
1508334312,PEN_a(PEN1),noside,13038,acetylcholine,0
1508369047,EL,right,13039,acetylcholine,0
1508459533,LC15,noside,13040,acetylcholine,0
1508464822,PVLP044,right,13041,gaba,1
1508511790,AVLP205,right,13042,gaba,1
1508614991,WED004,right,13043,acetylcholine,0
1508615054,SAD001,right,13044,acetylcholine,0
1508615283,WEDPN8D,right,13045,acetylcholine,0
1508615290,SAD005,right,13046,acetylcholine,0
1508874056,AVLP208,right,13047,gaba,1
1508934482,AOTU031,right,13048,acetylcholine,0
1508956088,LNOa,right,13049,acetylcholine,0
1509098829,GLNO,left,13050,octopamine,0
1509146177,AVLP117,right,13051,acetylcholine,0
1509184571,PVLP033,right,13052,gaba,1
1509215949,AVLP404,right,13053,acetylcholine,0
1509275719,AOTU018,right,13054,acetylcholine,0
1509435552,LNO2,left,13055,glutamate,1
1509439784,GLNO,left,13056,gaba,1
1509521212,AVLP273,right,13057,acetylcholine,0
1509560728,WED060,right,13058,acetylcholine,0
1509953069,LAL029,right,13059,acetylcholine,0
1509957347,AOTU015,right,13060,acetylcholine,0
1509957446,LAL028,right,13061,acetylcholine,0
1510281199,AVLP589,left,13062,gaba,1
1510285409,aSP10C_b,right,13063,acetylcholine,0
1510294245,LAL035,right,13064,acetylcholine,0
1510294253,LAL029,right,13065,acetylcholine,0
1510302921,LAL095,right,13066,gaba,1
1510303177,LAL087,left,13067,glutamate,1
1510308047,LAL088,right,13068,glutamate,1
1510308226,LAL091,right,13069,glutamate,1
1510311956,LAL121,left,13070,glutamate,1
1510312061,LAL090,right,13071,glutamate,1
1510312346,LAL086,left,13072,glutamate,1
1510315982,LAL196,left,13073,acetylcholine,0
1510316567,LAL090,right,13074,glutamate,1
1510562176,AVLP347,right,13075,acetylcholine,0
1510562557,AVLP125,right,13076,acetylcholine,0
1510648834,LAL124,left,13077,serotonin,0
1510648988,LAL086,left,13078,gaba,1
1510653932,LAL196,left,13079,acetylcholine,0
1510653964,LAL093,right,13080,glutamate,1
1510662269,LAL090,right,13081,glutamate,1
1510666460,LAL091,right,13082,glutamate,1
1510851409,PVLP087,right,13083,acetylcholine,0
1510855070,PVLP080,right,13084,gaba,1
1510907126,AVLP125,right,13085,acetylcholine,0
1510998750,LAL021,right,13086,acetylcholine,0
1511016097,IB074,left,13087,acetylcholine,0
1511032500,LNO1,right,13088,gaba,1
1511235746,PVLP127,right,13089,acetylcholine,0
1511240113,AVLP306,right,13090,acetylcholine,0
1511240183,AVLP240,right,13091,acetylcholine,0
1511593574,AVLP111,right,13092,acetylcholine,0
1511593744,AVLP111,right,13093,acetylcholine,0
1511598475,AVLP105,right,13094,serotonin,0
1511602490,AVLP233,right,13095,acetylcholine,0
1511645270,LAL039,right,13096,acetylcholine,0
1511654738,LAL055,right,13097,acetylcholine,0
1511888459,AVLP326,right,13098,acetylcholine,0
1511892508,AVLP465,right,13099,gaba,1
1511995143,WED020_b,right,13100,acetylcholine,0
1511995275,PLP044,right,13101,glutamate,1
1512000006,WED020_b,right,13102,acetylcholine,0
1512029563,IB073,left,13103,acetylcholine,0
1512034076,IB073,left,13104,acetylcholine,0
1512232956,AVLP135,right,13105,acetylcholine,0
1512246869,AVLP225_b,right,13106,acetylcholine,0
1512587785,AVLP297,right,13107,acetylcholine,0
1512630340,AVLP557,right,13108,glutamate,1
1512686574,WEDPN16_b,right,13109,acetylcholine,0
1512707390,LAL147,right,13110,glutamate,1
1513363614,LCNOpm,right,13111,gaba,1
1513609569,AVLP441,right,13112,acetylcholine,0
1513614683,AVLP196,right,13113,acetylcholine,0
1513674176,ER4d,right,13114,gaba,1
1515064407,SAD047,right,13115,glutamate,1
1515418525,KCa'b'-m,right,13116,dopamine,0
1528244653,LC11,right,13117,acetylcholine,0
1528253194,LPLC4,right,13118,acetylcholine,0
1528395505,PS052,right,13119,neither,0
1528577476,LC17,noside,13120,gaba,1
1528926565,LC16,noside,13121,acetylcholine,0
1529064303,PS264,right,13122,acetylcholine,0
1529073617,PS196,left,13123,acetylcholine,0
1529099981,PS281,left,13124,glutamate,1
1529388533,PS301,right,13125,acetylcholine,0
1529427197,MC66,noside,13126,,0
1529448648,PS290,left,13127,glutamate,1
1529448753,MC66,noside,13128,acetylcholine,0
1529527067,OCG07,noside,13129,unknown,0
1529635236,LC21,right,13130,acetylcholine,0
1529698841,WED073,left,13131,gaba,1
1529698954,PLP037,right,13132,glutamate,1
1529772756,PS289,left,13133,glutamate,1
1529923621,LC11,noside,13134,acetylcholine,0
1529928359,LC12,noside,13135,gaba,1
1529933124,LC13,right,13136,acetylcholine,0
1530381054,PS252,right,13137,acetylcholine,0
1530412168,PVLP148,right,13138,acetylcholine,0
1530602252,LC12,noside,13139,gaba,1
1530606252,LC17,right,13140,dopamine,0
1530636214,LPLC2,right,13141,acetylcholine,0
1530704811,LC13,right,13142,acetylcholine,0
1531059000,LC13,noside,13143,acetylcholine,0
1531063618,LC13,noside,13144,acetylcholine,0
1531232052,PS256,right,13145,acetylcholine,0
1531391407,LC13,right,13146,acetylcholine,0
1531676892,LC13,right,13147,acetylcholine,0
1531935755,DNp16,left,13148,acetylcholine,0
1531975908,LC12,right,13149,gaba,1
1532034864,AVLP544,right,13150,gaba,1
1532039267,aMe5,noside,13151,acetylcholine,0
1532060472,LC21,right,13152,acetylcholine,0
1532060598,LC21,right,13153,acetylcholine,0
1532358825,LC14,right,13154,neither,0
1532401533,LC21,right,13155,acetylcholine,0
1532401650,LC21,noside,13156,acetylcholine,0
1532401674,LC21,noside,13157,acetylcholine,0
1532401727,LC21,right,13158,acetylcholine,0
1532405813,LC11,noside,13159,acetylcholine,0
1532410248,LC11,noside,13160,acetylcholine,0
1532487641,WED150,right,13161,acetylcholine,0
1532487648,WED150,right,13162,acetylcholine,0
1532487798,WED128,right,13163,acetylcholine,0
1532695435,MC64,noside,13164,acetylcholine,0
1532699404,LC9,right,13165,acetylcholine,0
1532699530,LC10,noside,13166,glutamate,1
1532742712,LC21,noside,13167,acetylcholine,0
1532851068,IB107,left,13168,glutamate,1
1533036404,LC9,right,13169,acetylcholine,0
1533040541,MC64,noside,13170,acetylcholine,0
1533040625,LC10,noside,13171,glutamate,1
1533040839,LC10,noside,13172,acetylcholine,0
1533063011,LC36,right,13173,acetylcholine,0
1533083877,LC21,right,13174,acetylcholine,0
1533088563,LC13,right,13175,acetylcholine,0
1533191446,IB105,left,13176,glutamate,1
1533192201,IB108,left,13177,glutamate,1
1533192245,IB108,left,13178,glutamate,1
1533226802,PS165,left,13179,gaba,1
1533265020,LAL188,right,13180,acetylcholine,0
1533338992,LC14,right,13181,acetylcholine,0
1533355907,Li18,right,13182,gaba,1
1533381646,MC64,noside,13183,acetylcholine,0
1533481571,PLP224,right,13184,acetylcholine,0
1533542078,VES021,right,13185,gaba,1
1533683889,LPLC2,right,13186,acetylcholine,0
1533723752,LC11,right,13187,acetylcholine,0
1533782991,PLP172,right,13188,gaba,1
1533783144,AOTU049,right,13189,gaba,1
1534012511,LC12,right,13190,gaba,1
1534059927,LC6,right,13191,acetylcholine,0
1534107181,LC21,right,13192,acetylcholine,0
1534124048,H2,right,13193,acetylcholine,0
1534270924,VES041,right,13194,gaba,1
1534363304,LPLC2,right,13195,acetylcholine,0
1534447833,LC21,noside,13196,acetylcholine,0
1534448605,PLP193,right,13197,acetylcholine,0
1534448646,LC21,noside,13198,acetylcholine,0
1534616031,vDeltaA_a,noside,13199,dopamine,0
1534616068,vDeltaA_a,noside,13200,dopamine,0
1534616158,PFNp_d,noside,13201,glutamate,1
1534616361,PFNp_b,noside,13202,serotonin,0
1534694621,LC17,noside,13203,dopamine,0
1534721340,LC33a,right,13204,glutamate,1
1534784712,LC21,right,13205,acetylcholine,0
1534785094,LC21,right,13206,acetylcholine,0
1534788807,LC21,right,13207,acetylcholine,0
1534798033,PVLP045,right,13208,gaba,1
1534798522,PLP083,right,13209,gaba,1
1534850246,PLP226,right,13210,acetylcholine,0
1534896803,CL264,right,13211,acetylcholine,0
1534914914,aMe5,noside,13212,acetylcholine,0
1535065850,LC21,noside,13213,acetylcholine,0
1535082220,LC14,right,13214,neither,0
1535082316,PVLP135,right,13215,acetylcholine,0
1535086505,PVLP135,right,13216,acetylcholine,0
1535086814,WED034,right,13217,glutamate,1
1535087146,WED035,right,13218,glutamate,1
1535087168,LC14,right,13219,neither,0
1535100405,PVLP111,right,13220,gaba,1
1535139804,PLP165,right,13221,acetylcholine,0
1535144316,PVLP067,right,13222,acetylcholine,0
1535144397,PLP018,right,13223,gaba,1
1535186205,PLP164,right,13224,acetylcholine,0
1535198939,PS208,right,13225,dopamine,0
1535298439,PFNp_b,noside,13226,glutamate,1
1535298460,PFNp_b,noside,13227,glutamate,1
1535410628,LC10,noside,13228,acetylcholine,0
1535424222,WED036_b,right,13229,glutamate,1
1535427917,WED040_a,right,13230,glutamate,1
1535462901,LC21,noside,13231,acetylcholine,0
1535471736,AVLP282,right,13232,acetylcholine,0
1535488185,PLP060,right,13233,gaba,1
1535626467,vDeltaA_a,noside,13234,acetylcholine,0
1535652862,PFNm_a,noside,13235,glutamate,1
1535709211,aMe14b,left,13236,neither,0
1535718040,LC14,right,13237,unknown,0
1535718148,LC12,noside,13238,gaba,1
1535718264,LC14,right,13239,unknown,0
1535769552,LT52,right,13240,glutamate,1
1535808539,LC21,right,13241,acetylcholine,0
1535813419,PVLP042,right,13242,gaba,1
1535902995,aMe5,noside,13243,acetylcholine,0
1536006733,PFNm_b,noside,13244,acetylcholine,0
1536068485,LC10,noside,13245,acetylcholine,0
1536140581,LC21,right,13246,acetylcholine,0
1536157927,AVLP272,right,13247,acetylcholine,0
1536326457,PFNp_b,noside,13248,glutamate,1
1536339065,vDeltaB,noside,13249,dopamine,0
1536399125,LC14,noside,13250,acetylcholine,0
1536403805,LC14,right,13251,acetylcholine,0
1536446911,LC15,noside,13252,acetylcholine,0
1536451903,LC15,noside,13253,acetylcholine,0
1536452097,LC15,noside,13254,acetylcholine,0
1536486355,PVLP050,right,13255,acetylcholine,0
1536490336,PLP059,right,13256,acetylcholine,0
1536783850,LC15,noside,13257,acetylcholine,0
1536783933,LC15,noside,13258,acetylcholine,0
1536788564,LC15,noside,13259,acetylcholine,0
1536793384,LC15,noside,13260,acetylcholine,0
1536947502,D_adPN,right,13261,acetylcholine,0
1536986534,SA3,left,13262,glutamate,1
1536986537,SA2_a,left,13263,glutamate,1
1536986560,SA3,right,13264,glutamate,1
1536986927,SA3,left,13265,glutamate,1
1536986964,vDeltaA_a,noside,13266,dopamine,0
1536991299,SA1_c,right,13267,gaba,1
1536991376,SA2_a,left,13268,gaba,1
1537130629,LC15,noside,13269,acetylcholine,0
1537130680,AVLP111,right,13270,acetylcholine,0
1537323564,SA1_b,right,13271,acetylcholine,0
1537327249,vDeltaA_a,noside,13272,acetylcholine,0
1537327396,SA2_a,left,13273,gaba,1
1537327465,SA2_b,left,13274,glutamate,1
1537327673,SA2_b,left,13275,glutamate,1
1537327732,SA2_b,left,13276,glutamate,1
1537331894,vDeltaA_a,noside,13277,dopamine,0
1537443909,MC64,noside,13278,acetylcholine,0
1537456949,LC15,noside,13279,acetylcholine,0
1537466874,LC15,noside,13280,acetylcholine,0
1537634396,PFNa,noside,13281,acetylcholine,0
1537686032,vDeltaA_a,noside,13282,dopamine,0
1537703103,vDeltaJ,noside,13283,glutamate,1
1537793884,LC15,noside,13284,acetylcholine,0
1537797832,LC15,noside,13285,acetylcholine,0
1537798206,LC15,noside,13286,acetylcholine,0
1537802851,AVLP408,right,13287,acetylcholine,0
1537803404,LC15,noside,13288,acetylcholine,0
1537803538,LC15,noside,13289,acetylcholine,0
1537803564,LC15,noside,13290,acetylcholine,0
1537807327,AVLP311_b,right,13291,acetylcholine,0
1538135324,LC15,noside,13292,acetylcholine,0
1538135372,LC15,noside,13293,acetylcholine,0
1538156282,AVLP208,right,13294,gaba,1
1538181953,LHAV2b4,right,13295,acetylcholine,0
1538471582,LC15,noside,13296,acetylcholine,0
1538476539,LC15,noside,13297,acetylcholine,0
1538562093,PVLP130,left,13298,gaba,1
1539189146,PVLP126,right,13299,acetylcholine,0
1539193374,AVLP152,right,13300,acetylcholine,0
1539308866,SAD007,right,13301,acetylcholine,0
1539309006,DNa08,right,13302,neither,0
1539309050,WEDPN8A,right,13303,acetylcholine,0
1539496112,PVLP073,right,13304,acetylcholine,0
1539542392,WED001,right,13305,gaba,1
1539547561,AVLP122,right,13306,acetylcholine,0
1539632818,LAL138,right,13307,neither,0
1539649574,SAD004,right,13308,acetylcholine,0
1539758131,vDeltaA_b,noside,13309,dopamine,0
1539788837,LNOa,left,13310,acetylcholine,0
1539879164,PVLP065,right,13311,acetylcholine,0
1539879204,PVLP126,right,13312,acetylcholine,0
1539882951,WED063_b,right,13313,acetylcholine,0
1539978151,M_vPNml76,right,13314,gaba,1
1539994995,GLNO,right,13315,gaba,1
1540129092,LCNOpm,left,13316,acetylcholine,0
1540216055,PVLP124,right,13317,acetylcholine,0
1540241926,AVLP500,right,13318,acetylcholine,0
1540280212,LC9,right,13319,acetylcholine,0
1540518369,LT62,right,13320,acetylcholine,0
1540552942,PVLP032,right,13321,gaba,1
1540876843,AVLP559,right,13322,glutamate,1
1540877021,AVLP298,right,13323,acetylcholine,0
1540962734,CL120,right,13324,gaba,1
1541001128,LAL089,right,13325,gaba,1
1541208571,AVLP441,right,13326,acetylcholine,0
1541213697,AVLP415,right,13327,acetylcholine,0
1541242980,AVLP283,right,13328,acetylcholine,0
1541277224,AVLP090,right,13329,gaba,1
1541333248,LAL087,left,13330,glutamate,1
1541338718,LAL093,right,13331,glutamate,1
1541338954,LAL087,left,13332,glutamate,1
1541359136,LAL122,right,13333,gaba,1
1541684136,LAL086,left,13334,glutamate,1
1541701033,LAL092,right,13335,glutamate,1
1541701145,VES057,left,13336,acetylcholine,0
1541964241,AVLP370,right,13337,acetylcholine,0
1542024630,LAL083,right,13338,gaba,1
1542033633,LAL120,right,13339,gaba,1
1542237002,AVLP293,right,13340,acetylcholine,0
1542585886,AVLP405,right,13341,acetylcholine,0
1542715954,LAL130,right,13342,glutamate,1
1543030620,WED154,right,13343,acetylcholine,0
1543124896,ORN_DM3,left,13344,serotonin,0
1543124950,ORN_DM3,left,13345,acetylcholine,0
1543124957,ORN_DM3,left,13346,serotonin,0
1543138040,LAL042,left,13347,glutamate,1
1543410489,LAL126,right,13348,gaba,1
1543535599,mALD1,right,13349,glutamate,1
1543717447,LAL071,right,13350,gaba,1
1543747434,LAL126,right,13351,acetylcholine,0
1543949467,AVLP473,right,13352,acetylcholine,0
1544554625,CRE044,left,13353,octopamine,0
1545029202,aSP10A,right,13354,acetylcholine,0
1546099433,LAL095,right,13355,gaba,1
1547273567,VM5d_adPN,left,13356,,0
1547454812,lLN1_c,right,13357,serotonin,0
1557885051,VS,noside,13358,glutamate,1
1558230909,VS,noside,13359,glutamate,1
1558605806,LC31,noside,13360,acetylcholine,0
1558605812,LC14,right,13361,acetylcholine,0
1559102509,PS281,right,13362,glutamate,1
1559270886,LC18,noside,13363,acetylcholine,0
1559284164,LC31,noside,13364,acetylcholine,0
1559284412,LC21,right,13365,acetylcholine,0
1559780684,PS282,right,13366,glutamate,1
1559784763,PS282,right,13367,glutamate,1
1559948889,LC11,noside,13368,acetylcholine,0
1559979355,LC26,noside,13369,acetylcholine,0
1560139086,WED033_a,right,13370,gaba,1
1560289552,LC18,noside,13371,acetylcholine,0
1560311044,LC13,right,13372,acetylcholine,0
1560419886,LAL123,left,13373,glutamate,1
1560449415,PS051,right,13374,gaba,1
1560484361,PS290,left,13375,glutamate,1
1560591876,IB099,left,13376,glutamate,1
1560596484,PS288,left,13377,glutamate,1
1560661080,LC13,right,13378,acetylcholine,0
1560734467,PLP078,right,13379,glutamate,1
1560803212,WED101,right,13380,gaba,1
1561301125,LC17,noside,13381,gaba,1
1561304414,LC11,noside,13382,acetylcholine,0
1561347849,LC28b,right,13383,acetylcholine,0
1561398893,LPC2,noside,13384,dopamine,0
1561925676,IB045,left,13385,acetylcholine,0
1562054982,LC11,right,13386,acetylcholine,0
1562202372,PS035,right,13387,acetylcholine,0
1562352871,LC24,right,13388,acetylcholine,0
1562366881,Li11,right,13389,gaba,1
1562400848,LC11,noside,13390,acetylcholine,0
1562404815,LC11,noside,13391,acetylcholine,0
1562404878,LC11,right,13392,acetylcholine,0
1562499450,PLP225,right,13393,dopamine,0
1562564719,PS200,right,13394,acetylcholine,0
1562673627,LC4,noside,13395,acetylcholine,0
1562689878,LC20,right,13396,glutamate,1
1562707421,LC17,right,13397,gaba,1
1562712175,LC28a,right,13398,acetylcholine,0
1562745969,LC11,noside,13399,acetylcholine,0
1562781110,LPLC4,noside,13400,acetylcholine,0
1562785146,LPLC4,right,13401,acetylcholine,0
1562905570,PS248,right,13402,acetylcholine,0
1562914723,PS164,left,13403,gaba,1
1563078168,MC62,right,13404,acetylcholine,0
1563082500,MC62,noside,13405,acetylcholine,0
1563095398,LC21,right,13406,acetylcholine,0
1563095512,LC11,noside,13407,acetylcholine,0
1563099587,LT40,right,13408,gaba,1
1563100015,PLP206,right,13409,gaba,1
1563122080,LPLC4,right,13410,acetylcholine,0
1563126068,LPLC4,right,13411,acetylcholine,0
1563126151,LPLC4,noside,13412,acetylcholine,0
1563194610,IB108,left,13413,glutamate,1
1563355501,LC17,noside,13414,dopamine,0
1563364112,LC22,right,13415,acetylcholine,0
1563372679,LC10,noside,13416,acetylcholine,0
1563389824,LC6,noside,13417,acetylcholine,0
1563393697,LC12,noside,13418,gaba,1
1563393904,LC9,right,13419,acetylcholine,0
1563419167,aMe5,noside,13420,acetylcholine,0
1563436471,LC11,noside,13421,acetylcholine,0
1563436478,LC11,right,13422,acetylcholine,0
1563436481,LC11,right,13423,acetylcholine,0
1563440956,PLP204,right,13424,gaba,1
1563441250,LC11,noside,13425,acetylcholine,0
1563444935,PLP203_a,right,13426,gaba,1
1563445048,PLP203_a,right,13427,gaba,1
1563467433,LPLC4,right,13428,acetylcholine,0
1563755856,PLP152,right,13429,acetylcholine,0
1563782253,LC11,right,13430,acetylcholine,0
1563790913,PLP176,right,13431,gaba,1
1563863730,PS254,right,13432,acetylcholine,0
1563929167,aMe14a,noside,13433,serotonin,0
1564024593,MC64,noside,13434,acetylcholine,0
1564075996,LC11,right,13435,acetylcholine,0
1564097399,LC36,right,13436,acetylcholine,0
1564097484,LC36,right,13437,acetylcholine,0
1564123481,LC11,noside,13438,acetylcholine,0
1564136459,AOTU049,right,13439,gaba,1
1564157830,PLP226,right,13440,acetylcholine,0
1564472872,LC13,right,13441,acetylcholine,0
1564482110,AOTU051,right,13442,gaba,1
1564482235,PLP173,right,13443,gaba,1
1564753797,LC11,noside,13444,acetylcholine,0
1564758330,MC61,noside,13445,glutamate,1
1564822542,WED122,right,13446,gaba,1
1564874708,PLP225,right,13447,gaba,1
1565488046,PS267,right,13448,acetylcholine,0
1565496703,LC11,noside,13449,acetylcholine,0
1565569898,WED005,right,13450,gaba,1
1565729476,LC17,noside,13451,dopamine,0
1565802648,WEDPN8C,right,13452,acetylcholine,0
1565811066,WED086,right,13453,gaba,1
1565824423,PVLP067,right,13454,acetylcholine,0
1565833050,LC11,noside,13455,acetylcholine,0
1565842444,LLPC2d,noside,13456,,0
1565846637,DNp03,right,13457,acetylcholine,0
1565858686,PLP227,right,13458,acetylcholine,0
1565880563,CL297,right,13459,acetylcholine,0
1565923309,aMe5,noside,13460,acetylcholine,0
1566126268,WED040_c,right,13461,glutamate,1
1566126285,WED040_a,right,13462,glutamate,1
1566169568,LC11,noside,13463,acetylcholine,0
1566169639,PVLP040,right,13464,gaba,1
1566173885,LC11,noside,13465,acetylcholine,0
1566173909,LC11,noside,13466,acetylcholine,0
1566178485,PVLP127,right,13467,acetylcholine,0
1566178615,LC11,noside,13468,acetylcholine,0
1566182902,PVLP067,right,13469,acetylcholine,0
1566333075,PFNp_b,noside,13470,glutamate,1
1566411868,LPLC2,right,13471,acetylcholine,0
1566506400,PLP165,right,13472,acetylcholine,0
1566510982,LC11,right,13473,acetylcholine,0
1566511014,LC11,noside,13474,acetylcholine,0
1566514624,PLP164,right,13475,acetylcholine,0
1566514866,LC11,right,13476,acetylcholine,0
1566519250,LC11,noside,13477,acetylcholine,0
1566519535,PVLP040,right,13478,gaba,1
1566519741,LC11,noside,13479,acetylcholine,0
1566528972,LC11,noside,13480,acetylcholine,0
1566597156,DNb01,right,13481,acetylcholine,0
1566618339,IB007,right,13482,gaba,1
1566644645,PFNa,noside,13483,acetylcholine,0
1566769457,MC64,noside,13484,acetylcholine,0
1566799785,LC34,right,13485,acetylcholine,0
1566851927,LC11,noside,13486,acetylcholine,0
1566852153,LC11,noside,13487,acetylcholine,0
1566856415,LC11,noside,13488,acetylcholine,0
1567020107,PFNp_b,noside,13489,glutamate,1
1567028669,PFNp_b,noside,13490,octopamine,0
1567107667,LC14,right,13491,unknown,0
1567145429,LC15,noside,13492,acetylcholine,0
1567382512,PFNp_a,noside,13493,octopamine,0
1567382573,vDeltaM,noside,13494,glutamate,1
1567452222,MC64,noside,13495,acetylcholine,0
1567456055,MC64,noside,13496,acetylcholine,0
1567459823,MC64,noside,13497,acetylcholine,0
1567482299,LC15,noside,13498,acetylcholine,0
1567482594,LC15,noside,13499,acetylcholine,0
1567728102,PFNp_a,noside,13500,glutamate,1
1567931095,CL117,right,13501,gaba,1
1568047319,PFNm_a,noside,13502,glutamate,1
1568181600,PVLP038,right,13503,gaba,1
1568561101,AVLP202,right,13504,gaba,1
1568596284,PVLP047,right,13505,gaba,1
1568616664,CL121,right,13506,gaba,1
1568711739,LCNOp,left,13507,glutamate,1
1568729235,vDeltaA_b,noside,13508,glutamate,1
1568936570,PVLP034,right,13509,gaba,1
1569209515,AVLP311_a,right,13510,acetylcholine,0
1569519432,AVLP292,right,13511,acetylcholine,0
1569895989,AVLP147,right,13512,acetylcholine,0
1570111396,FC2B,left,13513,dopamine,0
1570210823,PVLP088,right,13514,gaba,1
1570245517,PVLP108,right,13515,acetylcholine,0
1570249860,AVLP514,right,13516,acetylcholine,0
1570343631,PS040,right,13517,acetylcholine,0
1570565128,PVLP026,right,13518,gaba,1
1570684665,M_vPNml54,right,13519,gaba,1
1570685033,M_vPNml54,right,13520,gaba,1
1570685132,M_vPNml76,right,13521,gaba,1
1570685224,M_vPNml53,right,13522,gaba,1
1570685257,M_vPNml72,right,13523,gaba,1
1570685283,DM3_vPN,right,13524,gaba,1
1570806389,PFNp_d,noside,13525,glutamate,1
1570866455,AVLP311_b,right,13526,acetylcholine,0
1570896561,PVLP081,right,13527,gaba,1
1570901776,AVLP310,right,13528,acetylcholine,0
1570922129,vpoEN,right,13529,acetylcholine,0
1570922717,AVLP005,right,13530,gaba,1
1570999631,AVLP527,right,13531,acetylcholine,0
1571025824,M_vPNml86,right,13532,gaba,1
1571246774,AVLP406,right,13533,acetylcholine,0
1571263529,AVLP141,right,13534,acetylcholine,0
1571263601,AVLP146,right,13535,acetylcholine,0
1571345230,LAL117,right,13536,acetylcholine,0
1571371226,LAL091,right,13537,glutamate,1
1571371251,LAL094,right,13538,glutamate,1
1571634471,AVLP208,right,13539,gaba,1
1571695037,LAL094,right,13540,unknown,0
1571708161,LAL094,right,13541,gaba,1
1571712309,LAL118,left,13542,gaba,1
1571859076,AOTU037,right,13543,gaba,1
1571884727,PVLP080,right,13544,gaba,1
1572032028,LAL092,right,13545,glutamate,1
1572036642,LAL095,right,13546,gaba,1
1572240664,PLP163,right,13547,acetylcholine,0
1572373099,LAL194,right,13548,acetylcholine,0
1572390197,LAL074,right,13549,acetylcholine,0
1572520204,LAL005,right,13550,acetylcholine,0
1572701493,LAL065,right,13551,acetylcholine,0
1572744091,LAL073,right,13552,glutamate,1
1572873534,LAL090,left,13553,glutamate,1
1572998452,AVLP382,right,13554,acetylcholine,0
1573037501,LAL065,right,13555,acetylcholine,0
1573037636,LAL131,right,13556,glutamate,1
1573042706,WED097,right,13557,glutamate,1
1573045882,LAL096,right,13558,glutamate,1
1573336031,AVLP085,right,13559,gaba,1
1573551885,LAL120,left,13560,acetylcholine,0
1573612290,PVLP085,right,13561,acetylcholine,0
1573741727,WEDPN5,right,13562,gaba,1
1574159751,ORN_DL5,right,13563,acetylcholine,0
1574159997,ORN_DL5,right,13564,acetylcholine,0
1574160090,ORN_D,noside,13565,acetylcholine,0
1574160129,ORN_DA1,left,13566,acetylcholine,0
1574164298,ORN_DL5,left,13567,serotonin,0
1574164489,LAL104,right,13568,gaba,1
1574164579,ORN_D,noside,13569,serotonin,0
1574501116,ORN_D,noside,13570,acetylcholine,0
1574700181,AVLP183,right,13571,acetylcholine,0
1574752002,WEDPN16_b,right,13572,acetylcholine,0
1574833154,ORN_DA1,left,13573,acetylcholine,0
1574980522,AVLP408,right,13574,acetylcholine,0
1575170261,ORN_DA1,left,13575,acetylcholine,0
1575170425,ORN_DL5,left,13576,acetylcholine,0
1575170548,ORN_DL3,left,13577,acetylcholine,0
1575852343,CT1,right,13578,unknown,0
1576371060,AVLP420_b,right,13579,gaba,1
1576379806,AVLP331,right,13580,acetylcholine,0
1576815601,LAL177,left,13581,acetylcholine,0
1576941160,LAL116,right,13582,acetylcholine,0
1578658131,VA6_adPN,left,13583,,0
1578826464,lLN1_c,right,13584,serotonin,0
1589636158,LC21,noside,13585,acetylcholine,0
1589787255,PS284,right,13586,glutamate,1
1589969344,LC18,noside,13587,acetylcholine,0
1589972966,LC17,right,13588,dopamine,0
1590129061,PS236,right,13589,acetylcholine,0
1590137388,PS220,right,13590,glutamate,1
1590802200,WED024,right,13591,gaba,1
1590814970,PS281,left,13592,glutamate,1
1590858381,OCG07,noside,13593,acetylcholine,0
1590979045,LC4,noside,13594,acetylcholine,0
1591100031,LAL109,right,13595,gaba,1
1591156798,PS126,right,13596,acetylcholine,0
1591156892,PS288,left,13597,glutamate,1
1591165201,PS290,left,13598,glutamate,1
1591427698,WED042,right,13599,acetylcholine,0
1591463117,LAL204,right,13600,acetylcholine,0
1591471352,PS161,right,13601,acetylcholine,0
1591506204,MC66,noside,13602,,0
1591509829,MC66,noside,13603,,0
1591519043,PS290,left,13604,glutamate,1
1591704108,LT44a,left,13605,glutamate,1
1592382424,Li13,right,13606,gaba,1
1592870654,PS281,right,13607,glutamate,1
1593012939,LC17,noside,13608,dopamine,0
1593401239,LC18,right,13609,acetylcholine,0
1593417998,LPLC1,right,13610,acetylcholine,0
1593743279,LC12,right,13611,dopamine,0
1593784995,LC11,noside,13612,acetylcholine,0
1593815080,LPLC4,noside,13613,acetylcholine,0
1594092024,LC18,right,13614,acetylcholine,0
1594117455,aMe2,noside,13615,gaba,1
1594121850,LC11,noside,13616,acetylcholine,0
1594126040,LC11,noside,13617,acetylcholine,0
1594126047,LC11,right,13618,acetylcholine,0
1594152108,LLPC2d,noside,13619,,0
1594286259,PS275,right,13620,glutamate,1
1594610490,PS096_b,right,13621,gaba,1
1594795610,AVLP542,right,13622,gaba,1
1594812379,LC11,noside,13623,acetylcholine,0
1594882312,PLP224,right,13624,acetylcholine,0
1595084420,LC27,noside,13625,acetylcholine,0
1595106149,LC9,right,13626,acetylcholine,0
1595473051,PLP153,right,13627,acetylcholine,0
1595477160,WEDPN6C,right,13628,gaba,1
1595801455,MC62,right,13629,acetylcholine,0
1595853024,LPLC4,right,13630,acetylcholine,0
1595866921,LPLC4,noside,13631,acetylcholine,0
1595922583,PS005_a,right,13632,glutamate,1
1595948569,PS101,right,13633,gaba,1
1596091814,LC22,right,13634,acetylcholine,0
1596104906,LC27,noside,13635,acetylcholine,0
1596199055,LC14,right,13636,acetylcholine,0
1596536024,LLPC2d,noside,13637,,0
1597157083,LT63,right,13638,acetylcholine,0
1597204590,PVLP041,right,13639,gaba,1
1597208095,AVLP320,right,13640,acetylcholine,0
1597213470,AVLP282,right,13641,acetylcholine,0
1597264864,PS208,right,13642,acetylcholine,0
1597265225,PS208,right,13643,acetylcholine,0
1597456370,LC10,noside,13644,acetylcholine,0
1597493900,LT51,right,13645,gaba,1
1597494148,LC20,right,13646,acetylcholine,0
1597683387,PFNm_a,noside,13647,acetylcholine,0
1597722005,PFNp_d,noside,13648,glutamate,1
1597835331,LC28b,noside,13649,acetylcholine,0
1597908742,LAL136_b,right,13650,acetylcholine,0
1598011458,LAL134,right,13651,gaba,1
1598067695,PFNp_a,noside,13652,glutamate,1
1598232593,PVLP081,right,13653,gaba,1
1598296804,PVLP023,right,13654,gaba,1
1598382541,PFNp_b,noside,13655,glutamate,1
1598586139,PVLP047,right,13656,gaba,1
1598663076,LAL170,right,13657,acetylcholine,0
1598944549,PVLP047,right,13658,gaba,1
1599069164,PFNm_a,noside,13659,acetylcholine,0
1599199567,PVLP088,right,13660,gaba,1
1599410380,PFNp_c,noside,13661,acetylcholine,0
1599431888,PFNp_c,noside,13662,acetylcholine,0
1599436552,PFNp_c,noside,13663,glutamate,1
1599517714,LC10,noside,13664,acetylcholine,0
1599677766,CL121,right,13665,gaba,1
1599747200,PFNp_c,noside,13666,acetylcholine,0
1599772916,PFNp_b,noside,13667,glutamate,1
1599773239,PFNp_b,noside,13668,glutamate,1
1599872317,PVLP080,right,13669,gaba,1
1599902570,PVLP128,right,13670,acetylcholine,0
1599988924,PVLP048,right,13671,gaba,1
1600062551,vDeltaB,noside,13672,dopamine,0
1600079770,PFNv,noside,13673,octopamine,0
1600083889,PEN_b(PEN2),noside,13674,acetylcholine,0
1600204580,PVLP038,right,13675,gaba,1
1600214220,AVLP465,right,13676,gaba,1
1600239500,AVLP406,right,13677,acetylcholine,0
1600420555,GLNO,right,13678,octopamine,0
1600489166,LAL160,left,13679,acetylcholine,0
1600589700,AVLP416,right,13680,acetylcholine,0
1600666632,PVLP046,right,13681,gaba,1
1600666659,SAD016,right,13682,gaba,1
1600666677,SAD014,right,13683,gaba,1
1601007600,PVLP033,right,13684,gaba,1
1601227987,AVLP552,right,13685,glutamate,1
1601228600,AVLP410,right,13686,acetylcholine,0
1601573013,AVLP454_b,right,13687,acetylcholine,0
1601603665,AVLP406,right,13688,acetylcholine,0
1601616011,aSP10C_a,right,13689,acetylcholine,0
1601711357,PVLP130,right,13690,serotonin,0
1601715638,ExR8,right,13691,acetylcholine,0
1601771527,PEN_b(PEN2),noside,13692,serotonin,0
1601957221,WED001,right,13693,gaba,1
1601957332,AVLP148,right,13694,acetylcholine,0
1601957358,AVLP005,right,13695,gaba,1
1602199161,LAL086,right,13696,dopamine,0
1602237544,AVLP410,right,13697,acetylcholine,0
1602247856,AVLP334,right,13698,acetylcholine,0
1602401866,LAL095,right,13699,gaba,1
1602401932,LAL094,right,13700,gaba,1
1602402027,LAL092,right,13701,gaba,1
1602410483,LAL087,left,13702,glutamate,1
1602549038,LAL087,right,13703,glutamate,1
1602626242,PVLP033,right,13704,gaba,1
1602704738,PVLP034,right,13705,gaba,1
1602729941,PS082,right,13706,glutamate,1
1602743551,LAL090,left,13707,glutamate,1
1602751898,LAL090,left,13708,glutamate,1
1603054520,WED010,right,13709,acetylcholine,0
1603054747,AOTU032,right,13710,acetylcholine,0
1603109870,LAL196,right,13711,acetylcholine,0
1603260613,PVLP079,right,13712,acetylcholine,0
1603611801,AVLP393,right,13713,gaba,1
1603645798,PVLP072,right,13714,acetylcholine,0
1603710566,AVLP194_b,right,13715,acetylcholine,0
1603714772,AVLP194_c,right,13716,acetylcholine,0
1603736585,WEDPN17_c,right,13717,acetylcholine,0
1603757560,LAL041,right,13718,acetylcholine,0
1603952470,AVLP559,right,13719,glutamate,1
1603957106,AVLP409,right,13720,acetylcholine,0
1604047384,AVLP194_b,right,13721,acetylcholine,0
1604298027,AVLP394,right,13722,gaba,1
1604440343,PS064,right,13723,acetylcholine,0
1604694135,AVLP104,right,13724,acetylcholine,0
1604698471,AVLP104,right,13725,acetylcholine,0
1604698648,AVLP106,right,13726,acetylcholine,0
1604858244,ORN_DL5,left,13727,acetylcholine,0
1604858301,ORN_DL5,left,13728,acetylcholine,0
1605065523,aSP10C_a,right,13729,acetylcholine,0
1605181883,LAL008,left,13730,glutamate,1
1605186174,ORN_DL5,left,13731,acetylcholine,0
1605186300,ORN_DL5,left,13732,acetylcholine,0
1605186410,ORN_DL5,right,13733,acetylcholine,0
1605190291,ORN_DL5,left,13734,acetylcholine,0
1605190359,ORN_DM3,left,13735,serotonin,0
1605190412,ORN_DL3,left,13736,serotonin,0
1605190489,ORN_DL5,left,13737,acetylcholine,0
1605190560,ORN_DL4,left,13738,acetylcholine,0
1605190603,ORN_DM3,left,13739,serotonin,0
1605190615,ORN_DM3,left,13740,serotonin,0
1605190625,ORN_DL5,right,13741,acetylcholine,0
1605194516,ORN_DL5,left,13742,acetylcholine,0
1605194797,ORN_D,noside,13743,acetylcholine,0
1605195203,ORN_D,noside,13744,acetylcholine,0
1605198915,ORN_DC1,left,13745,acetylcholine,0
1605199651,ORN_DC2,left,13746,serotonin,0
1605203628,ORN_DL5,left,13747,acetylcholine,0
1605204164,ORN_D,noside,13748,acetylcholine,0
1605204239,ORN_D,noside,13749,acetylcholine,0
1605205438,ORN_DL5,right,13750,acetylcholine,0
1605205482,ORN_VA6,noside,13751,acetylcholine,0
1605455071,LAL171,right,13752,acetylcholine,0
1605518663,AOTU019,left,13753,gaba,1
1605522829,ORN_DL4,left,13754,serotonin,0
1605523130,ORN_DL5,right,13755,acetylcholine,0
1605523221,ORN_DM3,left,13756,serotonin,0
1605782659,WED168,right,13757,acetylcholine,0
1605786832,WEDPN18,right,13758,acetylcholine,0
1605790917,LAL133,right,13759,glutamate,1
1605842920,LAL159,left,13760,acetylcholine,0
1605863918,ORN_DL4,left,13761,serotonin,0
1605863963,ORN_DL4,left,13762,serotonin,0
1605864014,ORN_DL4,left,13763,serotonin,0
1605864018,ORN_DL5,left,13764,serotonin,0
1605864107,ORN_DL3,left,13765,serotonin,0
1605864206,ORN_DL3,right,13766,acetylcholine,0
1605864211,ORN_DL3,right,13767,serotonin,0
1605864308,ORN_DL3,right,13768,serotonin,0
1605864432,ORN_DL3,right,13769,acetylcholine,0
1605864500,ORN_D,noside,13770,acetylcholine,0
1605864501,ORN_DC1,right,13771,acetylcholine,0
1606010743,AVLP337,right,13772,acetylcholine,0
1606205114,ORN_DL3,left,13773,serotonin,0
1606503024,VES011,right,13774,acetylcholine,0
1606710854,AVLP419,right,13775,gaba,1
1607155570,WEDPN7C,right,13776,acetylcholine,0
1607548068,LAL135,right,13777,acetylcholine,0
1609542060,DL3_lPN,right,13778,acetylcholine,0
1609874147,ORN_DL3,right,13779,serotonin,0
1609878729,ORN_DL3,left,13780,serotonin,0
1609878899,ORN_DL3,left,13781,serotonin,0
1609878900,ORN_DL3,left,13782,serotonin,0
1609883139,ORN_DL3,left,13783,serotonin,0
1609883245,DL3_lPN,right,13784,acetylcholine,0
1609883285,ORN_DL3,left,13785,acetylcholine,0
1610219941,ORN_DL3,left,13786,acetylcholine,0
1610224198,ORN_DL3,left,13787,acetylcholine,0
1610530558,lLN1_b,right,13788,serotonin,0
1620667669,LC12,noside,13789,gaba,1
1621003660,LC18,noside,13790,acetylcholine,0
1621004685,LC12,noside,13791,dopamine,0
1621008677,LC17,noside,13792,acetylcholine,0
1621357756,LC4,noside,13793,acetylcholine,0
1621802462,PS196,right,13794,unknown,0
1621806893,PS047,right,13795,acetylcholine,0
1622134757,PS099,left,13796,glutamate,1
1622138900,PS060,right,13797,gaba,1
1622139666,PS099,right,13798,gaba,1
1622144736,PS099,right,13799,gaba,1
1622199874,MC66,noside,13800,,0
1622229929,PS284,left,13801,glutamate,1
1622234408,PS282,left,13802,glutamate,1
1622350949,LPLC1,right,13803,acetylcholine,0
1622360309,LC17,noside,13804,dopamine,0
1622463042,WED138,right,13805,acetylcholine,0
1622468068,PLP038,right,13806,glutamate,1
1622471963,WED068,right,13807,acetylcholine,0
1622540715,MC66,noside,13808,,0
1622584190,PS286,left,13809,glutamate,1
1622740353,LC10,noside,13810,acetylcholine,0
1623072504,LC12,noside,13811,dopamine,0
1623081361,LC28a,noside,13812,acetylcholine,0
1623253338,PS238,right,13813,glutamate,1
1623262447,PS140,right,13814,glutamate,1
1623266542,PS090,right,13815,glutamate,1
1623460020,LPC2,noside,13816,,0
1623464400,LT70,right,13817,gaba,1
1623464436,LPC2,noside,13818,acetylcholine,0
1623719786,LC21,right,13819,acetylcholine,0
1624074309,LPLC4,right,13820,acetylcholine,0
1624083046,LC25,noside,13821,glutamate,1
1624203443,PS289,left,13822,glutamate,1
1624203707,PS289,left,13823,glutamate,1
1624418395,LC13,right,13824,acetylcholine,0
1624747496,LPLC4,right,13825,acetylcholine,0
1625080038,LC4,noside,13826,acetylcholine,0
1625101825,LC24,noside,13827,acetylcholine,0
1625191546,LPLC4,right,13828,acetylcholine,0
1625252129,PLP225,right,13829,acetylcholine,0
1625273585,PS102,right,13830,gaba,1
1625299743,PS096_b,right,13831,gaba,1
1625537295,PLP238,right,13832,acetylcholine,0
1625800608,LC17,noside,13833,gaba,1
1625804723,LC10,noside,13834,acetylcholine,0
1625804774,LC10,noside,13835,acetylcholine,0
1625829992,AVLP481,right,13836,gaba,1
1626106552,Li19,right,13837,gaba,1
1626140980,LC12,noside,13838,gaba,1
1626232238,LPLC4,noside,13839,acetylcholine,0
1626482563,LPLC2,right,13840,acetylcholine,0
1626512826,WED016,right,13841,acetylcholine,0
1626513447,AVLP481,right,13842,gaba,1
1626560096,LPLC4,right,13843,acetylcholine,0
1626560949,LPLC4,right,13844,acetylcholine,0
1626573183,LPLC4,noside,13845,acetylcholine,0
1626573444,LPLC4,right,13846,acetylcholine,0
1626827782,LPLC2,noside,13847,acetylcholine,0
1626827823,MC64,noside,13848,acetylcholine,0
1626909735,LPLC4,right,13849,acetylcholine,0
1626919110,LPLC4,right,13850,acetylcholine,0
1626922712,LPLC4,noside,13851,acetylcholine,0
1627030775,CL053,right,13852,acetylcholine,0
1627117134,LC4,noside,13853,acetylcholine,0
1627131491,LPLC2,right,13854,acetylcholine,0
1627277351,PS021,right,13855,acetylcholine,0
1627509034,LC6,noside,13856,acetylcholine,0
1627509673,LC12,right,13857,gaba,1
1627561374,LT77,right,13858,glutamate,1
1627618361,DNa07,right,13859,acetylcholine,0
1627643971,PS208,right,13860,acetylcholine,0
1627890175,LPLC1,right,13861,acetylcholine,0
1627950600,PLP219,right,13862,acetylcholine,0
1628062270,LAL135,left,13863,acetylcholine,0
1628135911,SIP020,right,13864,glutamate,1
1628140423,LC12,right,13865,gaba,1
1628187260,LC12,right,13866,dopamine,0
1628192050,LC12,noside,13867,gaba,1
1628230708,LPLC1,right,13868,dopamine,0
1628274418,PS208,right,13869,acetylcholine,0
1628291400,PVLP024,right,13870,gaba,1
1628523730,mALC1,left,13871,gaba,1
1628528573,LC17,noside,13872,gaba,1
1628624182,PVLP124,right,13873,acetylcholine,0
1628743785,PFNp_a,noside,13874,glutamate,1
1628744095,PFNp_e,noside,13875,acetylcholine,0
1628869271,LC28b,noside,13876,acetylcholine,0
1628939088,AVLP492,right,13877,acetylcholine,0
1628973439,PVLP151,left,13878,acetylcholine,0
1629050586,CL215,right,13879,acetylcholine,0
1629085008,PFNp_c,noside,13880,glutamate,1
1629093706,PFNp_e,noside,13881,acetylcholine,0
1629163100,LC17,right,13882,gaba,1
1629206279,LT59,right,13883,acetylcholine,0
1629426306,PFNp_a,noside,13884,glutamate,1
1629504513,MC64,noside,13885,acetylcholine,0
1629625638,LAL136_b,right,13886,acetylcholine,0
1629880348,LC27,right,13887,acetylcholine,0
1629996612,PVLP035,right,13888,gaba,1
1630048134,WEDPN9,right,13889,acetylcholine,0
1630051981,VA4_lPN,right,13890,acetylcholine,0
1630230506,AVLP410,right,13891,acetylcholine,0
1630281172,AVLP515,right,13892,acetylcholine,0
1630342124,PVLP031,right,13893,gaba,1
1630342162,PVLP036,right,13894,gaba,1
1630462217,PFNp_b,noside,13895,glutamate,1
1630622601,WED108,right,13896,acetylcholine,0
1630678886,PVLP034,right,13897,gaba,1
1630678904,PVLP041,right,13898,gaba,1
1630678915,SAD017,right,13899,gaba,1
1630678924,PVLP021,right,13900,gaba,1
1630683107,PVLP038,right,13901,gaba,1
1630734360,M_lPNm11A,right,13902,acetylcholine,0
1630765418,PFNp_b,noside,13903,serotonin,0
1631019730,PVLP035,right,13904,gaba,1
1631131487,PFNm_a,noside,13905,acetylcholine,0
1631450739,PEN_b(PEN2),noside,13906,octopamine,0
1631486122,PFNp_a,noside,13907,glutamate,1
1631714973,AOTU059,right,13908,gaba,1
1631930801,AVLP362,right,13909,acetylcholine,0
1632016438,AVLP498,right,13910,acetylcholine,0
1632055020,LAL025,right,13911,acetylcholine,0
1632309827,PVLP064,right,13912,acetylcholine,0
1632361781,LAL167,right,13913,acetylcholine,0
1632361815,PVLP060,right,13914,gaba,1
1632409111,LAL194,right,13915,acetylcholine,0
1632639000,AVLP109,right,13916,acetylcholine,0
1632746874,LAL096,right,13917,gaba,1
1632992195,WED066,right,13918,acetylcholine,0
1632992770,AVLP277,right,13919,acetylcholine,0
1632992791,WED063_b,right,13920,acetylcholine,0
1632996774,AVLP203,right,13921,gaba,1
1633075014,LAL133,right,13922,glutamate,1
1633333063,AVLP269,right,13923,acetylcholine,0
1633337773,PVLP064,right,13924,acetylcholine,0
1633411652,PLP078,left,13925,glutamate,1
1633411858,LAL085,right,13926,gaba,1
1633686836,AVLP450,right,13927,acetylcholine,0
1633747617,WED010,right,13928,acetylcholine,0
1633747719,WED009,right,13929,acetylcholine,0
1633753107,LAL085,right,13930,gaba,1
1634088865,WED022,right,13931,acetylcholine,0
1634088910,WED155,right,13932,acetylcholine,0
1634140884,LAL113,right,13933,gaba,1
1634770661,LAL188,right,13934,acetylcholine,0
1634805202,LAL108,right,13935,acetylcholine,0
1635112344,LAL048,right,13936,gaba,1
1635116627,WED080,right,13937,gaba,1
1635354529,AVLP334,right,13938,acetylcholine,0
1635397292,AVLP262,right,13939,acetylcholine,0
1635725024,AVLP104,right,13940,acetylcholine,0
1635729066,AVLP101,right,13941,acetylcholine,0
1635833170,LAL113,right,13942,gaba,1
1635884589,ORN_DM1,right,13943,acetylcholine,0
1635884784,ORN_DP1m,left,13944,acetylcholine,0
1635888647,ORN_DL2d,left,13945,acetylcholine,0
1635889014,ORN_DP1m,left,13946,acetylcholine,0
1635889103,ORN_DP1m,left,13947,acetylcholine,0
1635893150,ORN_DM4,left,13948,acetylcholine,0
1635893275,ORN_DM3,right,13949,acetylcholine,0
1635893359,ORN_DM3,left,13950,acetylcholine,0
1635893408,ORN_DM3,right,13951,serotonin,0
1635893414,ORN_DM3,right,13952,acetylcholine,0
1635893421,ORN_DM3,left,13953,serotonin,0
1635893494,ORN_DM3,right,13954,acetylcholine,0
1635893554,ORN_DC4,right,13955,acetylcholine,0
1636221010,ORN_DM3,left,13956,serotonin,0
1636221143,ORN_DM3,right,13957,acetylcholine,0
1636221188,ORN_DM3,right,13958,serotonin,0
1636221240,ORN_DM1,left,13959,acetylcholine,0
1636225271,ORN_DM3,left,13960,serotonin,0
1636225296,ORN_DM3,right,13961,serotonin,0
1636225341,ORN_DM3,right,13962,acetylcholine,0
1636225363,ORN_DM3,left,13963,serotonin,0
1636225489,ORN_DM3,right,13964,acetylcholine,0
1636225502,ORN_DC2,left,13965,acetylcholine,0
1636225517,ORN_DM3,left,13966,serotonin,0
1636225531,ORN_DM3,right,13967,serotonin,0
1636225559,ORN_D,noside,13968,acetylcholine,0
1636225564,ORN_DC1,left,13969,acetylcholine,0
1636225589,ORN_D,noside,13970,acetylcholine,0
1636225622,ORN_DC1,left,13971,acetylcholine,0
1636225661,ORN_D,noside,13972,acetylcholine,0
1636229688,ORN_DC1,left,13973,acetylcholine,0
1636229755,ORN_DC1,left,13974,acetylcholine,0
1636233881,ORN_DC2,left,13975,serotonin,0
1636233970,ORN_DM3,left,13976,serotonin,0
1636233979,ORN_DM3,left,13977,acetylcholine,0
1636234012,ORN_DM3,left,13978,serotonin,0
1636234045,ORN_DM3,left,13979,acetylcholine,0
1636238659,ORN_DM3,left,13980,serotonin,0
1636238769,ORN_D,noside,13981,acetylcholine,0
1636238887,ORN_DM3,right,13982,acetylcholine,0
1636238971,ORN_DC1,left,13983,acetylcholine,0
1636239206,ORN_DM3,right,13984,serotonin,0
1636240001,ORN_D,noside,13985,acetylcholine,0
1636247688,ORN_DL5,noside,13986,acetylcholine,0
1636557601,ORN_DL5,right,13987,acetylcholine,0
1636557945,ORN_DL4,right,13988,acetylcholine,0
1636558008,ORN_DM3,left,13989,serotonin,0
1636558202,ORN_DM3,right,13990,acetylcholine,0
1636558291,ORN_DM3,right,13991,acetylcholine,0
1636558405,ORN_DM3,right,13992,acetylcholine,0
1636822043,LAL133,right,13993,glutamate,1
1636825663,WED031,right,13994,gaba,1
1636898862,ORN_D,noside,13995,acetylcholine,0
1636899236,ORN_DC1,right,13996,acetylcholine,0
1636899254,ORN_VA6,noside,13997,acetylcholine,0
1637171546,LAL201,right,13998,acetylcholine,0
1637231631,ORN_DL1,left,13999,serotonin,0
1637239858,ORN_DC2,left,14000,acetylcholine,0
1637239941,ORN_DC2,left,14001,acetylcholine,0
1637239975,ORN_DC2,left,14002,acetylcholine,0
1637240364,ORN_DC2,left,14003,acetylcholine,0
1637409104,SAD012,right,14004,serotonin,0
1637512099,LAL176,left,14005,acetylcholine,0
1637568633,ORN_DP1m,left,14006,acetylcholine,0
1637844473,LAL153,right,14007,octopamine,0
1637870763,LAL105,right,14008,gaba,1
1637983203,ORN_DL3,noside,14009,acetylcholine,0
1638315078,ORN_DC4,left,14010,acetylcholine,0
1639010352,ORN_D,noside,14011,acetylcholine,0
1639230478,ORN_DL1,left,14012,serotonin,0
1639234609,VP1d_il2PN,noside,14013,acetylcholine,0
1639243580,VP1d_il2PN,noside,14014,acetylcholine,0
1639252213,ORN_DL5,right,14015,acetylcholine,0
1639368236,ORN_D,noside,14016,acetylcholine,0
1639381243,ORN_D,noside,14017,serotonin,0
1639579954,ORN_DL4,right,14018,serotonin,0
1639588874,ORN_DL4,left,14019,serotonin,0
1639588904,ORN_DL4,left,14020,acetylcholine,0
1639593146,ORN_DL5,right,14021,acetylcholine,0
1639709286,ORN_D,noside,14022,acetylcholine,0
1639709508,ORN_D,noside,14023,acetylcholine,0
1639709544,ORN_D,noside,14024,acetylcholine,0
1639886198,lLN2P_c,right,14025,serotonin,0
1639921133,ORN_DL4,left,14026,serotonin,0
1639921179,ORN_DL3,left,14027,serotonin,0
1639925326,ORN_DL5,right,14028,acetylcholine,0
1639925359,ORN_DL4,right,14029,serotonin,0
1639938708,ORN_DA1,left,14030,acetylcholine,0
1639943177,ORN_DL3,left,14031,acetylcholine,0
1640050851,ORN_DL5,left,14032,acetylcholine,0
1640257586,ORN_DL4,left,14033,serotonin,0
1640279391,ORN_DL5,right,14034,acetylcholine,0
1640555311,lLN2P_c,right,14035,serotonin,0
1640568102,DL3_lPN,right,14036,acetylcholine,0
1640568208,ORN_DL3,left,14037,serotonin,0
1640568218,ORN_DL3,left,14038,serotonin,0
1640568272,ORN_DL3,right,14039,serotonin,0
1640572741,lLN2T_b,right,14040,serotonin,0
1640572862,ORN_DL3,left,14041,acetylcholine,0
1640572939,ORN_DL3,left,14042,acetylcholine,0
1640577143,ORN_DL3,left,14043,serotonin,0
1640581107,ORN_DL3,left,14044,serotonin,0
1640585539,ORN_DL4,right,14045,serotonin,0
1640594274,DC1_adPN,right,14046,acetylcholine,0
1640887603,lLN1_b,right,14047,serotonin,0
1640909284,lLN2F_b,right,14048,acetylcholine,0
1640909365,ORN_DL3,left,14049,acetylcholine,0
1640913594,ORN_DL3,left,14050,acetylcholine,0
1640922302,ORN_DL3,left,14051,acetylcholine,0
1640922390,ORN_DL3,left,14052,serotonin,0
1640922516,lLN2T_e,right,14053,serotonin,0
1640922754,lLN2S,right,14054,serotonin,0
1640926495,ORN_DL4,right,14055,serotonin,0
1640926761,ORN_DL3,left,14056,serotonin,0
1641250106,ORN_DL3,left,14057,acetylcholine,0
1641250297,ORN_DL3,left,14058,serotonin,0
1641250391,ORN_DL3,left,14059,acetylcholine,0
1641250455,ORN_DL3,right,14060,serotonin,0
1641254353,ORN_DL3,left,14061,serotonin,0
1641254638,ORN_DL3,left,14062,serotonin,0
1641255096,ORN_DL3,left,14063,serotonin,0
1641258867,ORN_DL3,left,14064,serotonin,0
1641258972,ORN_DL3,left,14065,serotonin,0
1641259066,ORN_DL3,left,14066,serotonin,0
1641259252,ORN_DL3,right,14067,serotonin,0
1641263276,ORN_DL3,right,14068,serotonin,0
1641263547,ORN_DL3,right,14069,serotonin,0
1641595549,ORN_DL3,left,14070,serotonin,0
1641600157,ORN_DL3,right,14071,serotonin,0
1642623277,lLN1_b,right,14072,serotonin,0
1651701899,LC18,noside,14073,acetylcholine,0
1652526705,WED033_a,right,14074,gaba,1
1652530588,OCG07,noside,14075,unknown,0
1652725444,LC11,right,14076,acetylcholine,0
1652837969,LAL081,right,14077,acetylcholine,0
1653139353,AVLP494,right,14078,acetylcholine,0
1653204965,WED160,right,14079,neither,0
1653234875,MC66,noside,14080,,0
1653295260,PS135,right,14081,neither,0
1653342390,OCG08,noside,14082,unknown,0
1653390223,LC12,noside,14083,gaba,1
1653589060,PS284,left,14084,glutamate,1
1654068522,LC12,noside,14085,acetylcholine,0
1654120086,LC9,right,14086,acetylcholine,0
1654405306,LC12,noside,14087,gaba,1
1654405904,LC12,noside,14088,gaba,1
1654413566,LC17,noside,14089,gaba,1
1654499231,MC62,right,14090,acetylcholine,0
1654516710,MC62,right,14091,acetylcholine,0
1654525956,LT47,right,14092,acetylcholine,0
1654530151,WED043,right,14093,acetylcholine,0
1654543355,PLP025,right,14094,gaba,1
1654798059,MC64,noside,14095,acetylcholine,0
1654802248,LT81,right,14096,acetylcholine,0
1654818612,LC11,right,14097,acetylcholine,0
1654831942,LPC2,noside,14098,acetylcholine,0
1654840874,MC62,right,14099,acetylcholine,0
1654866496,PLP103,right,14100,acetylcholine,0
1654879954,PLP020,right,14101,gaba,1
1654880497,PLP025,right,14102,gaba,1
1654940174,DNp17,right,14103,unknown,0
1655280685,PS242,right,14104,glutamate,1
1655458719,LC13,right,14105,acetylcholine,0
1655474822,LC17,noside,14106,gaba,1
1655475659,LC18,noside,14107,acetylcholine,0
1655479310,LC18,noside,14108,acetylcholine,0
1655496596,LC21,right,14109,acetylcholine,0
1655497024,LC21,right,14110,acetylcholine,0
1655626125,DNp16/17,right,14111,gaba,1
1655799516,Li13,right,14112,gaba,1
1655962914,PS219,right,14113,acetylcholine,0
1655971809,PS218,right,14114,acetylcholine,0
1655997973,DNb01,right,14115,acetylcholine,0
1656153289,LC17,noside,14116,dopamine,0
1656157224,LC12,noside,14117,gaba,1
1656157451,LC18,right,14118,acetylcholine,0
1656157606,LC12,noside,14119,acetylcholine,0
1656157978,LC18,noside,14120,acetylcholine,0
1656277790,PS141,right,14121,glutamate,1
1656282488,PS025,right,14122,acetylcholine,0
1656308039,PS218,right,14123,acetylcholine,0
1656494569,LC12,right,14124,gaba,1
1656523777,aMe5,noside,14125,acetylcholine,0
1656792632,LPLC4,right,14126,acetylcholine,0
1656834653,LC17,noside,14127,acetylcholine,0
1656834679,LC12,noside,14128,gaba,1
1656834849,LC12,right,14129,gaba,1
1656839128,LC12,noside,14130,dopamine,0
1656839788,LC18,noside,14131,acetylcholine,0
1656864792,AVLP543,right,14132,acetylcholine,0
1657180509,LC18,noside,14133,acetylcholine,0
1657180902,MC64,noside,14134,acetylcholine,0
1657184761,LC12,noside,14135,gaba,1
1657258136,LPLC4,right,14136,acetylcholine,0
1657258338,LPLC4,noside,14137,acetylcholine,0
1657259448,LPLC4,noside,14138,acetylcholine,0
1657262624,PLP172,right,14139,gaba,1
1657263405,LPLC4,right,14140,acetylcholine,0
1657263439,LPLC4,noside,14141,acetylcholine,0
1657266898,LPLC4,right,14142,acetylcholine,0
1657516638,LC10,noside,14143,acetylcholine,0
1657517242,LC10,noside,14144,acetylcholine,0
1657525390,LC12,right,14145,gaba,1
1657525433,LPLC1,right,14146,dopamine,0
1657539428,LC46b,right,14147,acetylcholine,0
1657551275,LAL156,right,14148,acetylcholine,0
1657603789,LPLC4,right,14149,acetylcholine,0
1657893407,WED084,right,14150,serotonin,0
1657940629,LC22,right,14151,acetylcholine,0
1657945663,LC14,right,14152,acetylcholine,0
1657949330,LPLC4,noside,14153,acetylcholine,0
1657949594,LPLC4,right,14154,acetylcholine,0
1657992838,PS067,right,14155,gaba,1
1658040290,AVLP208,right,14156,gaba,1
1658155884,LC25,noside,14157,glutamate,1
1658199518,LC6,noside,14158,acetylcholine,0
1658290299,LC22,right,14159,acetylcholine,0
1658502349,LC24,noside,14160,acetylcholine,0
1658518741,LC28b,noside,14161,acetylcholine,0
1658643766,LPLC1,right,14162,dopamine,0
1658644171,LPLC1,right,14163,dopamine,0
1658834715,Li19,right,14164,gaba,1
1658881325,LC17,noside,14165,gaba,1
1658885859,PLP098,right,14166,acetylcholine,0
1658963980,PLP220,right,14167,dopamine,0
1658990108,LPLC1,right,14168,dopamine,0
1659226661,LC12,noside,14169,acetylcholine,0
1659231557,LC28b,noside,14170,acetylcholine,0
1659235318,LC14,right,14171,unknown,0
1659235557,LC14,right,14172,serotonin,0
1659331215,LPLC1,noside,14173,acetylcholine,0
1659515529,LC17,noside,14174,gaba,1
1659590563,AVLP319,right,14175,acetylcholine,0
1659904546,LC28b,noside,14176,acetylcholine,0
1660198276,LC24,noside,14177,glutamate,1
1660219098,LPLC1,right,14178,dopamine,0
1660241426,LT57,right,14179,acetylcholine,0
1660267880,AVLP515,right,14180,acetylcholine,0
1660276772,PVLP038,right,14181,gaba,1
1660681222,VES023,right,14182,gaba,1
1660690370,PVLP037,right,14183,gaba,1
1660771879,VES056,right,14184,acetylcholine,0
1660776511,PFNp_e,noside,14185,acetylcholine,0
1660789784,PFNp_d,noside,14186,octopamine,0
1661121263,PFNp_b,noside,14187,acetylcholine,0
1661122416,PFNp_e,noside,14188,acetylcholine,0
1661273656,PVLP085,right,14189,acetylcholine,0
1661364018,CL117,right,14190,gaba,1
1661458144,PFNa,noside,14191,acetylcholine,0
1661458883,PFNp_c,noside,14192,acetylcholine,0
1661588290,LC10,noside,14193,acetylcholine,0
1661666630,AVLP431,right,14194,acetylcholine,0
1661769627,M_l2PN3t18,right,14195,acetylcholine,0
1661799601,PFNm_a,noside,14196,acetylcholine,0
1662054216,VES022,right,14197,gaba,1
1662166202,PFNa,noside,14198,acetylcholine,0
1662947570,PVLP082,right,14199,gaba,1
1663017965,WED104,right,14200,gaba,1
1663095260,LAL099,right,14201,gaba,1
1663354321,AVLP203,right,14202,gaba,1
1663436232,LAL103,right,14203,gaba,1
1663652072,PVLP025,right,14204,gaba,1
1663759398,PVLP060,right,14205,gaba,1
1663767674,PLP230,right,14206,acetylcholine,0
1663768979,PS021,right,14207,acetylcholine,0
1663778352,LAL061,right,14208,gaba,1
1664027954,PVLP033,right,14209,gaba,1
1664097010,SAD049,right,14210,acetylcholine,0
1664108939,LAL133,right,14211,gaba,1
1664110256,LAL133,right,14212,glutamate,1
1664127054,PS049,right,14213,gaba,1
1664363803,AVLP276,right,14214,acetylcholine,0
1664368181,AVLP144,right,14215,acetylcholine,0
1664782583,WED022,right,14216,acetylcholine,0
1664942170,LAL091,right,14217,glutamate,1
1664980698,s-LNv,noside,14218,acetylcholine,0
1665123251,WED153,right,14219,acetylcholine,0
1666081657,AVLP559,right,14220,glutamate,1
1666492660,LAL019,right,14221,acetylcholine,0
1666561406,LAL015,right,14222,acetylcholine,0
1666578148,ORN_DP1m,left,14223,acetylcholine,0
1666578327,ORN_DP1m,left,14224,acetylcholine,0
1666578620,ORN_DP1m,right,14225,acetylcholine,0
1666578623,ORN_DP1m,right,14226,acetylcholine,0
1666578624,ORN_DP1m,left,14227,acetylcholine,0
1666578629,ORN_DM4,right,14228,acetylcholine,0
1666582562,ORN_DM1,right,14229,serotonin,0
1666582877,ORN_DM1,left,14230,acetylcholine,0
1666583002,ORN_DM1,left,14231,acetylcholine,0
1666586731,ORN_DM1,right,14232,acetylcholine,0
1666586817,ORN_VM7v,right,14233,acetylcholine,0
1666586873,ORN_DP1m,left,14234,acetylcholine,0
1666587007,ORN_DM1,left,14235,acetylcholine,0
1666587375,ORN_DM4,left,14236,acetylcholine,0
1666591156,ORN_DM1,right,14237,acetylcholine,0
1666596157,ORN_DP1m,right,14238,acetylcholine,0
1666751599,AVLP103,right,14239,acetylcholine,0
1666755653,AVLP103,right,14240,acetylcholine,0
1666910607,ORN_DM1,right,14241,acetylcholine,0
1666910636,ORN_DP1m,right,14242,acetylcholine,0
1666910690,ORN_DP1m,left,14243,acetylcholine,0
1666914838,ORN_DP1m,right,14244,acetylcholine,0
1666914948,ORN_DM1,right,14245,acetylcholine,0
1666914962,ORN_DM1,left,14246,serotonin,0
1666914994,ORN_DM1,right,14247,serotonin,0
1666915031,ORN_DM4,right,14248,acetylcholine,0
1666915045,ORN_DM1,right,14249,serotonin,0
1666915165,ORN_DM1,right,14250,acetylcholine,0
1666915169,ORN_DM1,left,14251,acetylcholine,0
1666915198,ORN_DP1m,right,14252,acetylcholine,0
1666915286,ORN_DP1m,right,14253,acetylcholine,0
1666915408,ORN_DM4,left,14254,acetylcholine,0
1666919180,ORN_DM1,right,14255,acetylcholine,0
1666919254,ORN_DM6,left,14256,serotonin,0
1666919260,ORN_DM4,right,14257,acetylcholine,0
1666919287,ORN_DM1,right,14258,acetylcholine,0
1666919411,ORN_DM6,right,14259,acetylcholine,0
1666919676,ORN_DM4,left,14260,acetylcholine,0
1666923367,ORN_DM6,left,14261,serotonin,0
1666923427,ORN_DM4,right,14262,acetylcholine,0
1666923551,ORN_DM4,right,14263,acetylcholine,0
1666923703,ORN_DM6,left,14264,serotonin,0
1666923720,ORN_DC4,left,14265,acetylcholine,0
1666928084,ORN_DC1,right,14266,acetylcholine,0
1666928150,ORN_DM6,right,14267,acetylcholine,0
1666928495,ORN_DM4,right,14268,acetylcholine,0
1666932304,ORN_DM6,left,14269,acetylcholine,0
1666932688,ORN_DM6,right,14270,acetylcholine,0
1666932704,ORN_DM2,right,14271,,0
1666932850,ORN_DM6,right,14272,acetylcholine,0
1666936597,ORN_DC4,left,14273,acetylcholine,0
1666954322,ORN_DM1,left,14274,acetylcholine,0
1667170670,WEDPN17_c,right,14275,acetylcholine,0
1667170776,WEDPN17_c,right,14276,acetylcholine,0
1667247553,ORN_DM4,right,14277,acetylcholine,0
1667247833,ORN_DP1m,left,14278,acetylcholine,0
1667251683,lLN2T_d,right,14279,serotonin,0
1667251907,ORN_DM1,right,14280,acetylcholine,0
1667255933,ORN_DC2,left,14281,acetylcholine,0
1667260226,ORN_DM3,right,14282,serotonin,0
1667260236,ORN_DC1,right,14283,acetylcholine,0
1667260242,ORN_DM3,right,14284,acetylcholine,0
1667260271,ORN_DC1,right,14285,acetylcholine,0
1667260273,ORN_D,noside,14286,acetylcholine,0
1667260659,ORN_DM6,left,14287,acetylcholine,0
1667264339,ORN_D,noside,14288,acetylcholine,0
1667264461,ORN_DC2,right,14289,acetylcholine,0
1667277506,ORN_DC2,right,14290,acetylcholine,0
1667281839,ORN_DM6,right,14291,acetylcholine,0
1667281936,ORN_DM6,right,14292,,0
1667510705,WED021,right,14293,acetylcholine,0
1667571719,LAL196,right,14294,unknown,0
1667592446,ORN_DM3,right,14295,serotonin,0
1667592481,ORN_DM3,left,14296,serotonin,0
1667592552,ORN_DM3,left,14297,acetylcholine,0
1667592575,ORN_DC4,right,14298,acetylcholine,0
1667592674,ORN_DM6,left,14299,serotonin,0
1667592917,ORN_DM1,right,14300,acetylcholine,0
1667592954,ORN_DM4,right,14301,acetylcholine,0
1667592980,ORN_DM6,right,14302,acetylcholine,0
1667593083,ORN_DM5,noside,14303,serotonin,0
1667593128,ORN_DM6,right,14304,acetylcholine,0
1667597008,ORN_DM3,right,14305,serotonin,0
1667597412,ORN_DM6,right,14306,acetylcholine,0
1667865817,LAL144,right,14307,acetylcholine,0
1667869567,LAL070,right,14308,gaba,1
1667886676,LAL119,right,14309,acetylcholine,0
1667929661,ORN_DM2,right,14310,acetylcholine,0
1667929794,ORN_DM4,right,14311,acetylcholine,0
1667933591,ORN_VA6,noside,14312,acetylcholine,0
1667933626,ORN_D,noside,14313,acetylcholine,0
1667933640,ORN_DC1,right,14314,acetylcholine,0
1667933862,ORN_DM3,right,14315,serotonin,0
1667933908,ORN_DC1,right,14316,acetylcholine,0
1667933931,ORN_DM6,right,14317,acetylcholine,0
1667934038,ORN_DM6,right,14318,acetylcholine,0
1667934041,ORN_DM6,right,14319,acetylcholine,0
1667995030,ORN_DM4,left,14320,acetylcholine,0
1668098210,SAD012,right,14321,serotonin,0
1668258376,ORN_DL1,left,14322,acetylcholine,0
1668262697,ORN_DM1,right,14323,acetylcholine,0
1668266547,ORN_DM1,right,14324,acetylcholine,0
1668266562,ORN_DM1,left,14325,serotonin,0
1668270697,ORN_DM6,left,14326,serotonin,0
1668275074,v2LN34F,right,14327,acetylcholine,0
1668335478,ORN_DM3,right,14328,acetylcholine,0
1668443377,AVLP422,right,14329,gaba,1
1668443473,AVLP426,right,14330,gaba,1
1668599546,ORN_DM1,left,14331,serotonin,0
1668603328,ORN_DM1,right,14332,acetylcholine,0
1668603435,ORN_DM1,right,14333,acetylcholine,0
1668603457,ORN_DM1,left,14334,acetylcholine,0
1668607518,ORN_DM4,right,14335,acetylcholine,0
1668611764,ORN_DC1,right,14336,acetylcholine,0
1668616407,ORN_DC2,right,14337,acetylcholine,0
1668676767,ORN_D,noside,14338,acetylcholine,0
1668940163,ORN_DM1,left,14339,acetylcholine,0
1668940289,ORN_DM1,right,14340,serotonin,0
1668943729,ORN_DL2v,right,14341,acetylcholine,0
1668944259,v2LN35,right,14342,acetylcholine,0
1668944307,ORN_DM1,left,14343,acetylcholine,0
1668948547,ORN_DM1,right,14344,acetylcholine,0
1669017843,ORN_DA2,noside,14345,acetylcholine,0
1669018043,ORN_DA4m,noside,14346,acetylcholine,0
1669018125,ORN_DA4m,noside,14347,acetylcholine,0
1669018304,ORN_DC1,left,14348,acetylcholine,0
1669021944,ORN_DL5,left,14349,acetylcholine,0
1669125322,AVLP309,right,14350,acetylcholine,0
1669255212,LAL161,left,14351,acetylcholine,0
1669272579,ORN_DC4,right,14352,acetylcholine,0
1669280923,ORN_DM1,right,14353,acetylcholine,0
1669281037,ORN_DM1,right,14354,acetylcholine,0
1669358817,ORN_DA2,noside,14355,acetylcholine,0
1669363503,ORN_DM3,left,14356,acetylcholine,0
1669621744,ORN_DL5,right,14357,acetylcholine,0
1669621996,ORN_DM6,left,14358,serotonin,0
1669622057,ORN_DC2,left,14359,acetylcholine,0
1669626597,ORN_DM1,left,14360,acetylcholine,0
1669699436,ORN_DM3,left,14361,serotonin,0
1669699683,ORN_DA4m,left,14362,serotonin,0
1669699714,ORN_DA2,noside,14363,acetylcholine,0
1669704840,ORN_DC1,left,14364,serotonin,0
1669708938,ORN_DM3,right,14365,acetylcholine,0
1669716903,ORN_DL5,left,14366,acetylcholine,0
1669716934,ORN_DL5,left,14367,acetylcholine,0
1669716941,ORN_DM3,left,14368,serotonin,0
1669721441,ORN_DL5,left,14369,acetylcholine,0
1669721587,ORN_DM3,left,14370,acetylcholine,0
1669725839,ORN_DL5,left,14371,acetylcholine,0
1669726032,ORN_DC4,left,14372,acetylcholine,0
1669730156,ORN_DL5,left,14373,acetylcholine,0
1669915315,ORN_DL2d,left,14374,acetylcholine,0
1669919662,ORN_DL2v,left,14375,acetylcholine,0
1669919865,ORN_DL1,right,14376,acetylcholine,0
1669924220,lLN2T_d,right,14377,serotonin,0
1669928799,ORN_DL5,right,14378,acetylcholine,0
1669928802,ORN_DL2v,left,14379,acetylcholine,0
1669933011,ORN_DL5,left,14380,acetylcholine,0
1669946117,ORN_DA2,noside,14381,acetylcholine,0
1669949998,ORN_DA1,left,14382,acetylcholine,0
1669967018,ORN_DC2,left,14383,acetylcholine,0
1670045635,ORN_DC1,left,14384,acetylcholine,0
1670045712,ORN_DA4m,noside,14385,acetylcholine,0
1670079387,DL1_adPN,left,14386,,0
1670247742,ORN_DL1,left,14387,acetylcholine,0
1670252047,ORN_DL1,right,14388,acetylcholine,0
1670252082,ORN_DL1,right,14389,acetylcholine,0
1670252091,ORN_DL1,right,14390,acetylcholine,0
1670252125,ORN_DL1,left,14391,acetylcholine,0
1670256057,ORN_DL1,left,14392,acetylcholine,0
1670256074,ORN_DL1,left,14393,acetylcholine,0
1670256121,ORN_DL1,left,14394,acetylcholine,0
1670256123,ORN_DL1,left,14395,acetylcholine,0
1670256170,ORN_DL1,left,14396,acetylcholine,0
1670256200,ORN_DL1,left,14397,acetylcholine,0
1670256208,ORN_DL1,left,14398,acetylcholine,0
1670256226,ORN_DL1,left,14399,acetylcholine,0
1670256275,ORN_DL1,noside,14400,acetylcholine,0
1670256285,ORN_DL1,right,14401,acetylcholine,0
1670256369,ORN_DL1,left,14402,acetylcholine,0
1670256374,ORN_DL1,left,14403,acetylcholine,0
1670256379,ORN_DL1,left,14404,acetylcholine,0
1670260748,ORN_DL5,noside,14405,acetylcholine,0
1670264761,ORN_DL5,noside,14406,acetylcholine,0
1670265016,OA-VUMa2,right,14407,octopamine,0
1670269656,ORN_DL5,right,14408,acetylcholine,0
1670278227,lLN11,right,14409,acetylcholine,0
1670282465,ORN_DC4,left,14410,acetylcholine,0
1670286505,ORN_DL4,left,14411,serotonin,0
1670286565,ORN_DL4,left,14412,serotonin,0
1670286643,ORN_DL4,left,14413,serotonin,0
1670286938,ORN_DM3,right,14414,acetylcholine,0
1670287030,lLN2F_a,right,14415,serotonin,0
1670290830,ORN_DL4,left,14416,serotonin,0
1670290840,ORN_DL4,left,14417,serotonin,0
1670291083,ORN_DM3,right,14418,serotonin,0
1670295588,ORN_DM3,right,14419,acetylcholine,0
1670299473,ORN_DM3,right,14420,serotonin,0
1670381907,ORN_DC1,left,14421,acetylcholine,0
1670382036,ORN_DA2,noside,14422,acetylcholine,0
1670386039,ORN_DA4m,noside,14423,serotonin,0
1670386270,ORN_DA2,noside,14424,acetylcholine,0
1670390647,ORN_DA2,noside,14425,acetylcholine,0
1670411672,ORN_DL4,left,14426,serotonin,0
1670584497,ORN_DL1,right,14427,acetylcholine,0
1670588784,ORN_DL1,right,14428,acetylcholine,0
1670588790,ORN_DL1,right,14429,acetylcholine,0
1670593041,ORN_DL1,right,14430,acetylcholine,0
1670593195,ORN_DL1,right,14431,serotonin,0
1670593240,ORN_DL1,right,14432,acetylcholine,0
1670597202,ORN_DL1,left,14433,acetylcholine,0
1670597359,ORN_DL1,left,14434,acetylcholine,0
1670597454,M_lvPNm35,right,14435,acetylcholine,0
1670597533,lLN1_a,right,14436,serotonin,0
1670610554,ORN_DL5,noside,14437,acetylcholine,0
1670618642,ORN_DL4,left,14438,acetylcholine,0
1670623318,ORN_DL4,left,14439,acetylcholine,0
1670623474,ORN_DL4,left,14440,acetylcholine,0
1670623676,ORN_DC4,right,14441,acetylcholine,0
1670623716,ORN_DM3,right,14442,serotonin,0
1670627821,ORN_DA1,left,14443,acetylcholine,0
1670627928,lLN2S,right,14444,serotonin,0
1670628153,ORN_DM3,right,14445,acetylcholine,0
1670631838,ORN_DL3,left,14446,acetylcholine,0
1670632284,ORN_DM3,right,14447,acetylcholine,0
1670632335,ORN_DM3,right,14448,serotonin,0
1670632384,ORN_DM3,left,14449,serotonin,0
1670632390,ORN_DM3,right,14450,serotonin,0
1670636531,v2LN34E,right,14451,gaba,1
1670640429,ORN_DC2,left,14452,serotonin,0
1670748385,ORN_DL4,left,14453,serotonin,0
1670761442,ORN_DL4,left,14454,acetylcholine,0
1670916819,lLN2P_a,right,14455,serotonin,0
1670934124,ORN_DL4,right,14456,acetylcholine,0
1670934131,ORN_DL4,left,14457,serotonin,0
1670934213,DL4_adPN,right,14458,acetylcholine,0
1670934229,ORN_DL4,left,14459,serotonin,0
1670938273,ORN_DL4,left,14460,serotonin,0
1670938437,ORN_DL4,left,14461,serotonin,0
1670938446,ORN_DL4,right,14462,serotonin,0
1670942575,ORN_DL4,right,14463,acetylcholine,0
1670960408,ORN_DL5,noside,14464,acetylcholine,0
1670969304,M_lvPNm28,right,14465,acetylcholine,0
1670969318,ALBN1,right,14466,acetylcholine,0
1670972802,ORN_DA3,noside,14467,serotonin,0
1670973150,M_lvPNm27,right,14468,acetylcholine,0
1671076884,D_adPN,left,14469,,0
1671102680,DL4_adPN,left,14470,,0
1671257931,lLN2P_b,right,14471,serotonin,0
1671270646,ORN_DL4,right,14472,serotonin,0
1671270875,lLN12B,right,14473,acetylcholine,0
1671270988,ORN_DL4,right,14474,serotonin,0
1671271059,ORN_DL4,right,14475,acetylcholine,0
1671271189,ORN_DL4,right,14476,serotonin,0
1671271225,ORN_DL4,left,14477,serotonin,0
1671275020,ORN_DL4,right,14478,serotonin,0
1671275383,ORN_DL4,noside,14479,acetylcholine,0
1671279391,ORN_DL4,noside,14480,serotonin,0
1671283628,ORN_DL4,right,14481,serotonin,0
1671283826,ORN_DL4,right,14482,serotonin,0
1671288363,ORN_DA4m,noside,14483,acetylcholine,0
1671292634,ORN_DM3,right,14484,serotonin,0
1671292694,ORN_DM3,right,14485,acetylcholine,0
1671292719,lLN2T_c,right,14486,acetylcholine,0
1671305698,ORN_D,noside,14487,acetylcholine,0
1671598776,ORN_DL3,right,14488,acetylcholine,0
1671603165,ORN_DL3,left,14489,serotonin,0
1671603266,ORN_DL3,left,14490,serotonin,0
1671603328,ORN_DL3,left,14491,,0
1671608037,ORN_DL3,right,14492,serotonin,0
1671608112,M_ilPNm90,right,14493,acetylcholine,0
1671611615,ORN_DL3,right,14494,acetylcholine,0
1671616310,ORN_DL4,right,14495,acetylcholine,0
1671616374,ORN_DL4,right,14496,acetylcholine,0
1671616397,ORN_DL4,left,14497,acetylcholine,0
1671616495,ORN_DL4,right,14498,serotonin,0
1671620549,ORN_DL3,right,14499,acetylcholine,0
1671620573,ORN_DL4,right,14500,serotonin,0
1671620613,v2LN30,right,14501,acetylcholine,0
1671620813,ORN_DA1,left,14502,acetylcholine,0
1671621020,ORN_DL4,left,14503,serotonin,0
1671621030,ORN_DL3,left,14504,serotonin,0
1671625186,ORN_DL3,right,14505,acetylcholine,0
1671625238,ORN_DL4,right,14506,serotonin,0
1671625304,ORN_DL4,right,14507,serotonin,0
1671629267,ORN_DA1,left,14508,acetylcholine,0
1671629301,ORN_DA1,left,14509,acetylcholine,0
1671629585,ORN_D,noside,14510,acetylcholine,0
1671638278,M_l2PNl20,right,14511,acetylcholine,0
1671659809,ORN_DA2,noside,14512,acetylcholine,0
1671939855,ORN_DL3,right,14513,acetylcholine,0
1671944099,ORN_DL3,left,14514,acetylcholine,0
1671952694,M_lvPNm24,right,14515,acetylcholine,0
1671961938,ORN_DL3,right,14516,acetylcholine,0
1671965948,ORN_DL3,right,14517,acetylcholine,0
1671966064,ORN_DA1,right,14518,acetylcholine,0
1671966114,ORN_DA1,left,14519,acetylcholine,0
1671966229,ORN_DL3,left,14520,serotonin,0
1671966254,ORN_DA1,left,14521,acetylcholine,0
1671966294,ORN_DL3,right,14522,serotonin,0
1671966374,ORN_DL3,right,14523,acetylcholine,0
1671970212,ORN_DA1,left,14524,acetylcholine,0
1671970238,ORN_DA1,right,14525,acetylcholine,0
1671970331,ORN_DA1,left,14526,,0
1671970367,ORN_DA1,left,14527,acetylcholine,0
1671970683,ORN_DA1,left,14528,acetylcholine,0
1671970762,ORN_D,noside,14529,acetylcholine,0
1671974365,ORN_DA1,right,14530,acetylcholine,0
1672293837,M_lvPNm29,right,14531,acetylcholine,0
1672293878,HRN_VP1d,right,14532,acetylcholine,0
1672298077,ORN_DL3,right,14533,octopamine,0
1672298153,ORN_DL3,right,14534,acetylcholine,0
1672302763,ORN_DL3,right,14535,serotonin,0
1672307311,ORN_DA1,right,14536,acetylcholine,0
1672311578,ORN_DA1,left,14537,acetylcholine,0
1672311668,ORN_DA1,right,14538,acetylcholine,0
1672311674,ORN_DA3,noside,14539,acetylcholine,0
1672315788,ORN_DA1,right,14540,acetylcholine,0
1672316002,ORN_D,noside,14541,acetylcholine,0
1672316168,ORN_D,noside,14542,acetylcholine,0
1672320134,lLN2T_a,right,14543,serotonin,0
1672639485,ORN_DA1,left,14544,acetylcholine,0
1672643988,ORN_DA1,left,14545,acetylcholine,0
1672652372,ORN_DA1,right,14546,acetylcholine,0
1681683226,LPC1,noside,14547,acetylcholine,0
1682188497,WED166_b,right,14548,acetylcholine,0
1682707330,LPLC2,right,14549,acetylcholine,0
1683440362,LC16,right,14550,acetylcholine,0
1683565784,PS210,right,14551,acetylcholine,0
1683756677,LC12,noside,14552,dopamine,0
1683889519,PS082,right,14553,glutamate,1
1684127680,Li13,right,14554,gaba,1
1684204798,DNp17,right,14555,glutamate,1
1684256618,MC66,noside,14556,,0
1684443103,LC17,noside,14557,gaba,1
1684451749,LC31,noside,14558,acetylcholine,0
1684873972,WED042,right,14559,acetylcholine,0
1685020627,PS170,right,14560,acetylcholine,0
1685029571,OCG05,noside,14561,acetylcholine,0
1685147024,LC28b,right,14562,acetylcholine,0
1685224040,WED078,right,14563,gaba,1
1685228734,WED076,right,14564,gaba,1
1685258320,PS289,left,14565,glutamate,1
1685529876,MC62,right,14566,acetylcholine,0
1685555983,LC37b,right,14567,glutamate,1
1685586866,PLP025,right,14568,gaba,1
1685594997,PS289,left,14569,glutamate,1
1685776284,LC12,noside,14570,gaba,1
1685892497,MC62,right,14571,acetylcholine,0
1685914765,PLP061,right,14572,acetylcholine,0
1685983749,PS227,right,14573,acetylcholine,0
1686000717,PS117,right,14574,glutamate,1
1686190133,LC21,right,14575,acetylcholine,0
1686212203,MC62,right,14576,acetylcholine,0
1686229077,PLP105,right,14577,acetylcholine,0
1686233836,PLP102,right,14578,acetylcholine,0
1686238306,PLP104,right,14579,acetylcholine,0
1686251364,PLP234,right,14580,acetylcholine,0
1686518948,LC12,right,14581,acetylcholine,0
1686932677,LPLC4,right,14582,acetylcholine,0
1687032976,PS004,left,14583,glutamate,1
1687218148,MC62,noside,14584,acetylcholine,0
1687230765,PLP103,right,14585,acetylcholine,0
1687688269,VES033,right,14586,gaba,1
1687688880,VES032,right,14587,gaba,1
1687831632,LC17,noside,14588,gaba,1
1687844304,LC20,noside,14589,glutamate,1
1687865828,MC64,noside,14590,acetylcholine,0
1687874335,LC11,noside,14591,acetylcholine,0
1687874488,LC18,right,14592,acetylcholine,0
1687977896,VES068,right,14593,acetylcholine,0
1688051598,PS151,right,14594,glutamate,1
1688115933,SIP021,right,14595,glutamate,1
1688164533,LPLC2,right,14596,dopamine,0
1688211725,LC18,noside,14597,acetylcholine,0
1688302103,LC22,right,14598,acetylcholine,0
1688379736,PS218,right,14599,acetylcholine,0
1688505620,LC4,noside,14600,acetylcholine,0
1688526691,LC20,noside,14601,glutamate,1
1688540066,LC28b,noside,14602,acetylcholine,0
1688573830,LC46b,right,14603,acetylcholine,0
1688578394,PS105,right,14604,acetylcholine,0
1688663936,PS189,right,14605,glutamate,1
1688868386,LC28a,right,14606,acetylcholine,0
1688892924,LC12,noside,14607,gaba,1
1688893211,LC12,noside,14608,gaba,1
1688897338,Li18,right,14609,,0
1688962977,PLP178,right,14610,glutamate,1
1689187126,LC17,noside,14611,gaba,1
1689200671,LC17,noside,14612,dopamine,0
1689239035,LC17,noside,14613,gaba,1
1689242749,LC12,right,14614,gaba,1
1689256407,IB089,right,14615,glutamate,1
1689606690,WED035,right,14616,glutamate,1
1689915765,LC17,noside,14617,gaba,1
1689989271,LPLC1,noside,14618,dopamine,0
1689989557,LPLC1,right,14619,dopamine,0
1689993656,LPLC1,right,14620,dopamine,0
1689994034,LPLC1,noside,14621,dopamine,0
1689994325,LPLC1,right,14622,dopamine,0
1689994425,LPLC1,right,14623,dopamine,0
1690011142,LPLC1,noside,14624,dopamine,0
1690011290,LPLC1,right,14625,acetylcholine,0
1690015835,LPLC1,right,14626,dopamine,0
1690020010,LPLC1,noside,14627,dopamine,0
1690232290,Li18,right,14628,,0
1690232419,LC28a,noside,14629,acetylcholine,0
1690266485,LC12,right,14630,gaba,1
1690266547,PS273,right,14631,acetylcholine,0
1690274628,LC14,right,14632,neither,0
1690283437,LC14,right,14633,unknown,0
1690283458,LC14,right,14634,unknown,0
1690283476,LC14,right,14635,unknown,0
1690598004,LC12,right,14636,gaba,1
1690602927,LC34,right,14637,acetylcholine,0
1690620299,LC14,right,14638,neither,0
1690620322,LC14,right,14639,acetylcholine,0
1690694192,PVLP036,right,14640,gaba,1
1690698128,PVLP036,right,14641,gaba,1
1690706380,PVLP037,right,14642,gaba,1
1690897627,LC20,noside,14643,glutamate,1
1690902029,LC20,noside,14644,glutamate,1
1690910458,LC28b,noside,14645,acetylcholine,0
1690917721,LC17,noside,14646,gaba,1
1690935369,LC20,noside,14647,acetylcholine,0
1691233928,LC12,noside,14648,gaba,1
1691259738,LPLC2,right,14649,acetylcholine,0
1691298247,PVLP066,right,14650,acetylcholine,0
1691303322,AVLP122,right,14651,acetylcholine,0
1691310419,PVLP026,right,14652,gaba,1
1691405824,SAD049,right,14653,acetylcholine,0
1691574966,LC12,noside,14654,gaba,1
1691600238,MC64,noside,14655,acetylcholine,0
1691630995,PVLP078,right,14656,acetylcholine,0
1691635022,PVLP041,right,14657,gaba,1
1691638475,PVLP086,right,14658,acetylcholine,0
1691686234,AVLP552,right,14659,glutamate,1
1691941760,MC64,noside,14660,acetylcholine,0
1691972267,PVLP025,right,14661,gaba,1
1691992939,AVLP126,right,14662,acetylcholine,0
1692014053,AVLP582,left,14663,glutamate,1
1692278031,LC10,noside,14664,acetylcholine,0
1692299350,PVLP077,right,14665,acetylcholine,0
1692304756,PVLP086,right,14666,acetylcholine,0
1692462759,SAD034,right,14667,glutamate,1
1692614515,LC10,noside,14668,acetylcholine,0
1692619060,MC64,noside,14669,acetylcholine,0
1692627340,LT57,right,14670,acetylcholine,0
1692782686,AOTU062,right,14671,gaba,1
1692817033,VA7l_adPN,right,14672,acetylcholine,0
1693486219,M_lPNm13,right,14673,acetylcholine,0
1693577325,VM5d_adPN,left,14674,,0
1693719111,AVLP257,right,14675,acetylcholine,0
1693798741,LAL019,right,14676,acetylcholine,0
1693827279,M_adPNm8,right,14677,acetylcholine,0
1694462986,PLP235,right,14678,acetylcholine,0
1694721025,PVLP031,right,14679,gaba,1
1694725926,WED063_a,right,14680,acetylcholine,0
1694760595,AVLP551,right,14681,glutamate,1
1694807145,LAL195,right,14682,serotonin,0
1694850602,M_vPNml89,right,14683,gaba,1
1695066320,WED110,right,14684,acetylcholine,0
1695143944,LAL166,right,14685,acetylcholine,0
1695145055,PS057,right,14686,glutamate,1
1695149590,WED183,right,14687,unknown,0
1695178970,PS270,right,14688,acetylcholine,0
1695693354,PVLP072,right,14689,acetylcholine,0
1695848572,LAL021,right,14690,acetylcholine,0
1696159313,WED153,right,14691,acetylcholine,0
1696948638,ORN_DM4,left,14692,acetylcholine,0
1697104095,AVLP145,right,14693,acetylcholine,0
1697185831,LAL188,right,14694,acetylcholine,0
1697263685,ORN_DP1l,left,14695,acetylcholine,0
1697272285,ORN_DP1m,right,14696,acetylcholine,0
1697276313,ORN_DP1m,right,14697,acetylcholine,0
1697276582,ORN_DM1,left,14698,acetylcholine,0
1697276648,ORN_DM1,left,14699,acetylcholine,0
1697276695,ORN_DM1,left,14700,acetylcholine,0
1697280776,ORN_DP1m,right,14701,acetylcholine,0
1697280847,ORN_DC4,right,14702,acetylcholine,0
1697280950,ORN_DM1,right,14703,acetylcholine,0
1697281203,ORN_DM4,right,14704,acetylcholine,0
1697285129,ORN_VL2p,left,14705,acetylcholine,0
1697285165,ORN_DP1m,right,14706,acetylcholine,0
1697285307,ORN_DM1,right,14707,serotonin,0
1697285520,ORN_DM4,left,14708,acetylcholine,0
1697285565,ORN_DM1,left,14709,serotonin,0
1697285571,ORN_DM4,left,14710,acetylcholine,0
1697285610,ORN_DM4,left,14711,acetylcholine,0
1697600363,ORN_DP1m,right,14712,acetylcholine,0
1697604748,ORN_DP1m,right,14713,acetylcholine,0
1697605071,ORN_DM1,left,14714,acetylcholine,0
1697608583,ORN_DP1m,left,14715,acetylcholine,0
1697608860,ORN_DM1,left,14716,serotonin,0
1697609151,ORN_DM1,right,14717,acetylcholine,0
1697609381,ORN_DM4,right,14718,acetylcholine,0
1697613072,ORN_DM1,left,14719,serotonin,0
1697613132,ORN_DM1,right,14720,acetylcholine,0
1697613170,ORN_DM1,left,14721,acetylcholine,0
1697613300,ORN_DM1,left,14722,acetylcholine,0
1697613314,ORN_DM1,left,14723,serotonin,0
1697613458,ORN_DM2,right,14724,acetylcholine,0
1697613466,ORN_DM1,right,14725,acetylcholine,0
1697613506,ORN_DM4,left,14726,acetylcholine,0
1697613513,ORN_DM1,left,14727,acetylcholine,0
1697613611,ORN_DM2,right,14728,acetylcholine,0
1697613650,ORN_DM1,left,14729,acetylcholine,0
1697617556,ORN_DM1,left,14730,acetylcholine,0
1697617570,ORN_DM2,left,14731,acetylcholine,0
1697617587,ORN_DM2,left,14732,acetylcholine,0
1697621641,ORN_DM4,left,14733,acetylcholine,0
1697621973,ORN_DM2,left,14734,serotonin,0
1697621981,ORN_DM1,left,14735,acetylcholine,0
1697621991,ORN_DM2,right,14736,acetylcholine,0
1697630404,ORN_DP1m,left,14737,acetylcholine,0
1697648168,ORN_DM4,left,14738,acetylcholine,0
1697859822,WED017,right,14739,acetylcholine,0
1697937875,ORN_DP1m,left,14740,acetylcholine,0
1697941039,ORN_DM4,right,14741,acetylcholine,0
1697945551,ORN_DP1m,left,14742,acetylcholine,0
1697945569,ORN_DM1,right,14743,acetylcholine,0
1697949646,ORN_DM6,left,14744,serotonin,0
1697949895,ORN_DM2,left,14745,serotonin,0
1697949977,ORN_DM2,left,14746,serotonin,0
1697953882,ORN_DM5,noside,14747,acetylcholine,0
1697954189,ORN_DM1,left,14748,acetylcholine,0
1697954208,ORN_DM2,left,14749,acetylcholine,0
1697958405,ORN_DM1,left,14750,serotonin,0
1697988867,ORN_DM1,right,14751,serotonin,0
1697993770,ORN_DM1,left,14752,serotonin,0
1698002425,ORN_DM1,left,14753,acetylcholine,0
1698274536,ORN_DM1,right,14754,serotonin,0
1698278095,ORN_DM1,left,14755,acetylcholine,0
1698278105,ORN_DP1m,left,14756,acetylcholine,0
1698278346,ORN_DM1,left,14757,serotonin,0
1698286310,ORN_DM5,noside,14758,serotonin,0
1698334367,ORN_DM4,left,14759,acetylcholine,0
1698338840,ORN_DM4,left,14760,acetylcholine,0
1698338865,ORN_DM4,left,14761,acetylcholine,0
1698338958,ORN_DM4,left,14762,acetylcholine,0
1698343052,ORN_DM4,left,14763,acetylcholine,0
1698618777,ORN_DP1m,right,14764,acetylcholine,0
1698618858,ORN_DM1,right,14765,acetylcholine,0
1698619179,ORN_DM1,right,14766,acetylcholine,0
1698619238,ORN_DM1,left,14767,acetylcholine,0
1698623120,ORN_DM1,right,14768,acetylcholine,0
1698623131,ORN_DM1,right,14769,acetylcholine,0
1698693312,ORN_DM1,right,14770,acetylcholine,0
1698796216,AVLP424,right,14771,gaba,1
1698796218,AVLP423,right,14772,gaba,1
1698796271,AVLP423,right,14773,gaba,1
1698796278,AVLP424,right,14774,gaba,1
1698800347,AVLP419,right,14775,gaba,1
1698821941,AVLP549,right,14776,gaba,1
1698905428,LAL049,right,14777,gaba,1
1699379523,ORN_DM1,left,14778,serotonin,0
1699633680,ORN_DM1,right,14779,acetylcholine,0
1699637626,ORN_DM1,right,14780,acetylcholine,0
1699698428,ORN_DM6,left,14781,serotonin,0
1699711025,ORN_DC2,right,14782,acetylcholine,0
1699711114,ORN_DC2,right,14783,acetylcholine,0
1699711405,ORN_DC4,left,14784,acetylcholine,0
1699715276,ORN_DC4,left,14785,acetylcholine,0
1699715494,ORN_DM3,left,14786,serotonin,0
1699719901,ORN_DC4,left,14787,acetylcholine,0
1699957886,ORN_DL2d,left,14788,acetylcholine,0
1699961833,ORN_DL1,left,14789,acetylcholine,0
1699961883,ORN_DL1,left,14790,acetylcholine,0
1699961895,ORN_DL1,left,14791,serotonin,0
1699961956,ORN_DL1,left,14792,acetylcholine,0
1699962012,ORN_DL1,left,14793,acetylcholine,0
1699962040,ORN_DL1,right,14794,acetylcholine,0
1699962056,ORN_DL1,right,14795,acetylcholine,0
1699962188,ORN_DC4,left,14796,acetylcholine,0
1699974843,lLN2T_e,right,14797,serotonin,0
1700052335,ORN_DC1,left,14798,acetylcholine,0
1700294219,ORN_DL1,left,14799,acetylcholine,0
1700298673,ORN_DL1,left,14800,acetylcholine,0
1700298962,ORN_DL2v,left,14801,acetylcholine,0
1700299033,ORN_DM1,right,14802,acetylcholine,0
1700303013,ORN_DM1,right,14803,acetylcholine,0
1700303249,ORN_DM1,left,14804,acetylcholine,0
1700307582,M_l2PNl21,right,14805,acetylcholine,0
1700328422,ORN_DM6,right,14806,acetylcholine,0
1700393451,ORN_DA2,noside,14807,acetylcholine,0
1700428338,DL5_adPN,left,14808,,0
1700596143,ORN_DL1,right,14809,acetylcholine,0
1700596168,ORN_DL2d,left,14810,acetylcholine,0
1700600598,ORN_DL2v,left,14811,acetylcholine,0
1700604830,ORN_DL1,left,14812,acetylcholine,0
1700604898,ORN_DL1,right,14813,acetylcholine,0
1700604950,ORN_DL1,right,14814,acetylcholine,0
1700604978,ORN_DL1,right,14815,acetylcholine,0
1700605059,ORN_DL2v,left,14816,acetylcholine,0
1700605075,ORN_DL2v,left,14817,acetylcholine,0
1700609155,ORN_DL1,right,14818,acetylcholine,0
1700609238,ORN_DL1,left,14819,acetylcholine,0
1700609292,ORN_DL1,left,14820,acetylcholine,0
1700609325,ORN_DL1,left,14821,serotonin,0
1700613376,ORN_DL1,left,14822,acetylcholine,0
1700613391,ORN_DL1,left,14823,acetylcholine,0
1700613524,ORN_DL1,left,14824,acetylcholine,0
1700613531,ORN_DL1,left,14825,acetylcholine,0
1700613639,ORN_DL1,left,14826,acetylcholine,0
1700613707,ORN_DL1,noside,14827,acetylcholine,0
1700617897,ORN_DL1,right,14828,acetylcholine,0
1700635321,ORN_DC4,left,14829,acetylcholine,0
1700635521,ORN_DL2d,left,14830,acetylcholine,0
1700639697,ORN_DC4,right,14831,acetylcholine,0
1700639720,ORN_DC4,right,14832,acetylcholine,0
1700644008,v2LN3A,right,14833,acetylcholine,0
1700652037,ORN_DC4,right,14834,acetylcholine,0
1700652765,ORN_DM1,left,14835,acetylcholine,0
1700657154,ORN_DM1,left,14836,serotonin,0
1700739144,ORN_DM3,right,14837,acetylcholine,0
1700743216,ORN_DM3,left,14838,serotonin,0
1700932816,ORN_DL1,right,14839,acetylcholine,0
1700932879,ORN_DL1,left,14840,acetylcholine,0
1700937093,DL1_adPN,right,14841,acetylcholine,0
1700937308,ORN_DL2d,left,14842,acetylcholine,0
1700941352,ORN_DL1,right,14843,acetylcholine,0
1700941431,ORN_DL1,right,14844,acetylcholine,0
1700941475,ORN_DL1,right,14845,acetylcholine,0
1700941629,ORN_DL1,left,14846,acetylcholine,0
1700941902,ORN_DL1,right,14847,acetylcholine,0
1700946085,ORN_DL1,left,14848,acetylcholine,0
1700946301,DL1_adPN,right,14849,acetylcholine,0
1700946302,ORN_DL1,right,14850,acetylcholine,0
1700980443,ORN_DM3,left,14851,serotonin,0
1700980593,ORN_DC4,right,14852,acetylcholine,0
1700980626,ORN_DC4,right,14853,acetylcholine,0
1700980659,ORN_DC4,right,14854,acetylcholine,0
1700980693,ORN_DC4,right,14855,acetylcholine,0
1700980727,ORN_DC4,right,14856,acetylcholine,0
1700984539,ORN_DM3,left,14857,serotonin,0
1700984878,ORN_DM4,right,14858,acetylcholine,0
1701273869,ORN_DL1,right,14859,acetylcholine,0
1701277993,ORN_DL1,left,14860,acetylcholine,0
1701278023,ORN_DL1,right,14861,acetylcholine,0
1701282729,ORN_DL1,right,14862,acetylcholine,0
1701286638,ORN_DL1,left,14863,acetylcholine,0
1701287251,ORN_DL1,right,14864,acetylcholine,0
1701299822,M_imPNl92,right,14865,acetylcholine,0
1701312982,ORN_DL5,noside,14866,acetylcholine,0
1701325725,M_vPNml73,right,14867,gaba,1
1701343239,ORN_D,noside,14868,acetylcholine,0
1701424950,ORN_DA4m,noside,14869,acetylcholine,0
1701614773,ORN_DL1,left,14870,acetylcholine,0
1701614779,ORN_DL1,right,14871,acetylcholine,0
1701614885,ORN_DL1,right,14872,acetylcholine,0
1701614980,ORN_DL1,right,14873,acetylcholine,0
1701614996,ORN_DL1,right,14874,serotonin,0
1701628254,ORN_DL1,right,14875,acetylcholine,0
1701628317,ORN_DL1,right,14876,acetylcholine,0
1701675332,ORN_VA6,noside,14877,acetylcholine,0
1701675592,ORN_DA2,noside,14878,acetylcholine,0
1701757496,ORN_VA6,left,14879,acetylcholine,0
1701757711,ORN_DA2,noside,14880,acetylcholine,0
1701947337,lLN2P_b,right,14881,serotonin,0
1701960169,ORN_DA3,right,14882,acetylcholine,0
1701960292,ORN_DL1,right,14883,acetylcholine,0
1701960710,ORN_DL3,right,14884,acetylcholine,0
1701965055,lLN16B,right,14885,gaba,1
1701965099,ORN_DL4,right,14886,acetylcholine,0
1701999467,ORN_DM3,left,14887,serotonin,0
1702021357,ORN_DC4,left,14888,acetylcholine,0
1702107389,ORN_DA2,noside,14889,acetylcholine,0
1702301695,ORN_DL4,right,14890,serotonin,0
1702301737,ORN_DL3,right,14891,serotonin,0
1702301766,ORN_DA1,right,14892,acetylcholine,0
1702305987,lLN2R_b,right,14893,serotonin,0
1702306037,lLN2S,right,14894,serotonin,0
1702306047,M_ilPN8t91,right,14895,acetylcholine,0
1702310266,OA-VUMa5,right,14896,octopamine,0
1702318692,lLN16A,right,14897,gaba,1
1702318994,ORN_D,noside,14898,,0
1702323388,lLN14,right,14899,gaba,1
1702336197,l2LN19,right,14900,acetylcholine,0
1702647113,ORN_DL4,right,14901,serotonin,0
1702651358,lLN1_c,right,14902,serotonin,0
1702802179,ORN_DA2,noside,14903,acetylcholine,0
1702806746,DA3_adPN,left,14904,,0
1702810993,ORN_DL3,right,14905,acetylcholine,0
1702811119,ORN_DA3,noside,14906,acetylcholine,0
1702815630,DA3_adPN,left,14907,,0
1703000805,ORN_DL4,right,14908,serotonin,0
1703147500,ORN_DA3,noside,14909,acetylcholine,0
1703151910,ORN_DA3,noside,14910,serotonin,0
1703315602,ORN_DL3,right,14911,acetylcholine,0
1703337673,ORN_DA1,left,14912,acetylcholine,0
1703337982,ORN_DL3,right,14913,octopamine,0
1703342127,ORN_DA3,noside,14914,acetylcholine,0
1703342190,ORN_DA1,left,14915,acetylcholine,0
1703359176,ORN_D,noside,14916,acetylcholine,0
1703363258,ORN_D,right,14917,gaba,1
1703479954,DC2_adPN,left,14918,,0
1703665922,ORN_DL3,right,14919,acetylcholine,0
1703678670,ORN_DA1,left,14920,acetylcholine,0
1703682799,ORN_DA1,right,14921,acetylcholine,0
1703682848,ORN_DA1,right,14922,acetylcholine,0
1703682852,ORN_DA1,right,14923,acetylcholine,0
1703683023,ORN_DA1,right,14924,acetylcholine,0
1703683060,ORN_DA3,right,14925,,0
1703683156,ORN_DA1,right,14926,acetylcholine,0
1703683329,ORN_DA3,noside,14927,acetylcholine,0
1703683340,ORN_DA3,noside,14928,acetylcholine,0
1703683361,DA3_adPN,right,14929,acetylcholine,0
1703695886,ORN_D,noside,14930,acetylcholine,0
1704006659,ORN_DA1,left,14931,acetylcholine,0
1704011227,ORN_DA1,left,14932,acetylcholine,0
1704028333,ORN_DA3,noside,14933,acetylcholine,0
1704347707,lLN2T_c,right,14934,acetylcholine,0
1713232111,WED166_c,right,14935,acetylcholine,0
1713236401,WED177,right,14936,serotonin,0
1713236454,WED174,right,14937,acetylcholine,0
1713788691,LPC1,noside,14938,glutamate,1
1714113234,LC17,noside,14939,octopamine,0
1714134140,LC18,noside,14940,acetylcholine,0
1714134266,LPC1,noside,14941,acetylcholine,0
1714138427,LPC1,noside,14942,acetylcholine,0
1714138461,LC18,noside,14943,acetylcholine,0
1714138479,LPC1,noside,14944,acetylcholine,0
1714479551,LC45b,right,14945,acetylcholine,0
1714479649,LC18,right,14946,acetylcholine,0
1714639709,MC66,noside,14947,,0
1714791446,LC17,noside,14948,dopamine,0
1714795031,LC21,right,14949,acetylcholine,0
1714816347,Li19,right,14950,gaba,1
1714938029,WED033_a,right,14951,gaba,1
1715459859,LC4,noside,14952,acetylcholine,0
1715895680,PVLP125,right,14953,acetylcholine,0
1715939282,PS270,right,14954,acetylcholine,0
1715999506,DNb06,right,14955,serotonin,0
1716236882,WED118_a,right,14956,acetylcholine,0
1716249528,PLP025,right,14957,gaba,1
1716332406,PS174,right,14958,acetylcholine,0
1716496582,LPLC2,right,14959,acetylcholine,0
1716577833,WED116,right,14960,neither,0
1716625816,IB045,right,14961,acetylcholine,0
1717153009,LC12,right,14962,gaba,1
1717208400,LC18,noside,14963,acetylcholine,0
1717268800,PLP061,right,14964,acetylcholine,0
1717290865,PS266,right,14965,serotonin,0
1717562249,LC21,noside,14966,acetylcholine,0
1717614278,PLP061,right,14967,acetylcholine,0
1717894837,LC18,right,14968,acetylcholine,0
1717899399,LC21,right,14969,acetylcholine,0
1717899693,LC18,noside,14970,acetylcholine,0
1717899720,LC18,right,14971,acetylcholine,0
1717968338,LPLC4,noside,14972,acetylcholine,0
1718011349,PS147,right,14973,glutamate,1
1718066873,PS096_a,right,14974,gaba,1
1718067830,PS094,right,14975,gaba,1
1718114551,PS004,right,14976,glutamate,1
1718226945,Li18,right,14977,,0
1718227906,LC27,right,14978,acetylcholine,0
1718231248,LC18,noside,14979,acetylcholine,0
1718287247,WED117,right,14980,acetylcholine,0
1718308979,LPLC4,right,14981,acetylcholine,0
1718438146,PS267,right,14982,acetylcholine,0
1718439069,PS005_b,right,14983,glutamate,1
1718645916,LPLC4,noside,14984,acetylcholine,0
1718671665,PS022,right,14985,acetylcholine,0
1718749619,PS096_c,right,14986,gaba,1
1718863441,LC12,right,14987,gaba,1
1718917727,LC12,right,14988,dopamine,0
1718918218,LC18,right,14989,acetylcholine,0
1718918235,LC18,right,14990,acetylcholine,0
1718922502,LC18,right,14991,acetylcholine,0
1718952517,WED139,right,14992,acetylcholine,0
1718995507,LC22,right,14993,acetylcholine,0
1719225241,LPLC2,right,14994,acetylcholine,0
1719237849,LC10,noside,14995,acetylcholine,0
1719250390,LC10,noside,14996,acetylcholine,0
1719332432,LC22,right,14997,acetylcholine,0
1719388267,PS090,right,14998,gaba,1
1719428077,VES016,right,14999,gaba,1
1719549300,Li19,right,15000,gaba,1
1719569268,LC22,right,15001,acetylcholine,0
1719591388,LC10,noside,15002,acetylcholine,0
1719595635,LPLC2,noside,15003,acetylcholine,0
1719643238,PLP083,right,15004,gaba,1
1719678048,LPLC4,right,15005,acetylcholine,0
1719902535,LC12,noside,15006,gaba,1
1719928105,LC17,noside,15007,gaba,1
1719928274,LC12,noside,15008,gaba,1
1719953914,LC46a,right,15009,glutamate,1
1719958764,WED040_a,right,15010,glutamate,1
1719958827,WED040_a,right,15011,glutamate,1
1719958850,WED040_a,right,15012,glutamate,1
1719958881,WED040_a,right,15013,glutamate,1
1719958920,WED040_c,right,15014,glutamate,1
1719988921,PLP158,right,15015,gaba,1
1720070867,PS033,right,15016,acetylcholine,0
1720088459,VES019,right,15017,gaba,1
1720143975,LC14,right,15018,acetylcholine,0
1720226812,LC28b,noside,15019,acetylcholine,0
1720300139,WED040_a,right,15020,glutamate,1
1720300275,WED040_b,right,15021,glutamate,1
1720300315,WED039,right,15022,glutamate,1
1720333334,PVLP004,right,15023,glutamate,1
1720585281,LC12,right,15024,gaba,1
1720950695,LC6,noside,15025,acetylcholine,0
1720951330,LC46b,right,15026,acetylcholine,0
1721020290,LPLC1,right,15027,acetylcholine,0
1721025057,LPLC1,right,15028,acetylcholine,0
1721275233,MC64,noside,15029,acetylcholine,0
1721305372,LC12,right,15030,gaba,1
1721309290,LC14,noside,15031,acetylcholine,0
1721309294,LC14,right,15032,acetylcholine,0
1721309490,LC14,noside,15033,acetylcholine,0
1721313731,LC14,noside,15034,acetylcholine,0
1721365654,LPLC1,noside,15035,dopamine,0
1721369735,WED015,right,15036,gaba,1
1721395841,PVLP037,right,15037,gaba,1
1721586536,LC12,noside,15038,gaba,1
1721642072,LC14,noside,15039,acetylcholine,0
1721654979,LC14,noside,15040,acetylcholine,0
1721655010,LC14,noside,15041,gaba,1
1721659644,LC18,noside,15042,acetylcholine,0
1721758360,AVLP265,right,15043,acetylcholine,0
1721775553,WED131,right,15044,acetylcholine,0
1722000794,LC18,noside,15045,acetylcholine,0
1722000978,LC18,right,15046,acetylcholine,0
1722005013,LC18,right,15047,acetylcholine,0
1722005199,LC18,noside,15048,acetylcholine,0
1722112488,PLP236,right,15049,acetylcholine,0
1722164148,VES023,right,15050,gaba,1
1722173189,VES023,right,15051,gaba,1
1722177539,CL121,right,15052,gaba,1
1722177724,CL122,right,15053,gaba,1
1722307233,LC17,right,15054,gaba,1
1722311484,LC28b,noside,15055,acetylcholine,0
1722333142,LC18,noside,15056,acetylcholine,0
1722333392,LC18,noside,15057,acetylcholine,0
1722333743,LC18,right,15058,acetylcholine,0
1722336465,LC18,right,15059,acetylcholine,0
1722336935,LC18,right,15060,acetylcholine,0
1722337568,LC18,right,15061,acetylcholine,0
1722338027,LC18,right,15062,acetylcholine,0
1722341820,LC18,noside,15063,acetylcholine,0
1722342048,LC18,right,15064,acetylcholine,0
1722346327,LC18,right,15065,acetylcholine,0
1722346362,LC18,noside,15066,acetylcholine,0
1722346846,LC18,right,15067,acetylcholine,0
1722483751,CL121,right,15068,gaba,1
1722502026,CL122,right,15069,gaba,1
1722670151,LC18,noside,15070,acetylcholine,0
1722670397,LC18,noside,15071,acetylcholine,0
1722670422,LC18,noside,15072,acetylcholine,0
1722670598,PVLP068,right,15073,acetylcholine,0
1722682692,LC18,noside,15074,acetylcholine,0
1722700227,AVLP146,right,15075,acetylcholine,0
1722708360,PVLP035,right,15076,gaba,1
1722954501,LC20,noside,15077,glutamate,1
1723010562,PVLP085,right,15078,acetylcholine,0
1723015266,LC18,noside,15079,acetylcholine,0
1723019231,LC18,noside,15080,acetylcholine,0
1723023890,LC18,noside,15081,acetylcholine,0
1723024021,LC18,noside,15082,acetylcholine,0
1723170563,VES024,right,15083,gaba,1
1723321202,MC64,noside,15084,acetylcholine,0
1723325346,LT57,right,15085,acetylcholine,0
1723385845,AVLP133,right,15086,acetylcholine,0
1723386459,LPLC1,right,15087,dopamine,0
1723506321,M_l2PNm14,right,15088,acetylcholine,0
1723658004,LC27,noside,15089,acetylcholine,0
1723852574,VES057,right,15090,acetylcholine,0
1723990099,LC28a,noside,15091,acetylcholine,0
1724737886,WED115,right,15092,acetylcholine,0
1724823418,LAL125,right,15093,acetylcholine,0
1725838071,PS048,right,15094,acetylcholine,0
1725924169,IB068,left,15095,acetylcholine,0
1726184390,PS118,right,15096,glutamate,1
1726918361,LAL158,left,15097,acetylcholine,0
1727535075,WED036_a,right,15098,glutamate,1
1727961873,ORN_DM4,left,15099,acetylcholine,0
1727970209,ORN_DM4,left,15100,acetylcholine,0
1727970309,ORN_DM4,left,15101,acetylcholine,0
1727979406,VP1d+VP4_l2PN1,right,15102,acetylcholine,0
1727987554,ORN_DM4,right,15103,acetylcholine,0
1727996245,ORN_DM4,left,15104,acetylcholine,0
1728104437,AVLP440,right,15105,acetylcholine,0
1728294045,v2LN40,right,15106,serotonin,0
1728294318,v2LN40,right,15107,gaba,1
1728298525,ORN_DM4,right,15108,acetylcholine,0
1728307233,ORN_DM4,right,15109,acetylcholine,0
1728311554,ORN_DM4,right,15110,acetylcholine,0
1728311658,ORN_DM4,right,15111,acetylcholine,0
1728315957,v2LN33,right,15112,gaba,1
1728479593,AVLP102,right,15113,acetylcholine,0
1728553864,WED079,right,15114,gaba,1
1728553918,PLP063,right,15115,acetylcholine,0
1728652192,ORN_DM4,left,15116,serotonin,0
1728894101,WED154,right,15117,acetylcholine,0
1728942250,LAL098,right,15118,gaba,1
1728984763,ORN_DM2,left,15119,serotonin,0
1729236261,WED154,right,15120,acetylcholine,0
1729312828,ORN_DM4,left,15121,acetylcholine,0
1729312857,ORN_DM4,noside,15122,acetylcholine,0
1729602536,LAL127,right,15123,gaba,1
1729637685,LAL171,left,15124,acetylcholine,0
1729650077,ORN_DM4,right,15125,acetylcholine,0
1729650124,ORN_DM4,right,15126,acetylcholine,0
1729887288,AVLP356,right,15127,acetylcholine,0
1729935421,LAL172,left,15128,acetylcholine,0
1729995175,ORN_DM4,right,15129,acetylcholine,0
1729999155,ORN_DM4,right,15130,acetylcholine,0
1730315051,ORN_DP1m,right,15131,acetylcholine,0
1730319288,ORN_DM1,right,15132,acetylcholine,0
1730327790,lLN2T_a,right,15133,serotonin,0
1730547962,AVLP554,right,15134,glutamate,1
1730608428,ExR4,right,15135,glutamate,1
1730647280,ORN_DP1m,right,15136,acetylcholine,0
1730651423,ORN_DP1l,right,15137,acetylcholine,0
1730651473,ORN_DP1l,right,15138,acetylcholine,0
1730651751,v2LN3A,right,15139,acetylcholine,0
1730656082,M_lvPNm26,right,15140,acetylcholine,0
1730957703,mALC5,left,15141,gaba,1
1730979793,v2LN31,right,15142,gaba,1
1730988388,ORN_DP1m,right,15143,acetylcholine,0
1730996778,v2LN3A,right,15144,acetylcholine,0
1731290073,ORN_DL2v,left,15145,acetylcholine,0
1731294438,ORN_DL2v,right,15146,acetylcholine,0
1731294496,ORN_DL2d,left,15147,acetylcholine,0
1731298838,ORN_DL2d,left,15148,acetylcholine,0
1731298907,ORN_DP1l,left,15149,acetylcholine,0
1731303224,ORN_DL2v,left,15150,acetylcholine,0
1731303242,ORN_DL2v,left,15151,acetylcholine,0
1731307775,ORN_DL2d,right,15152,acetylcholine,0
1731312117,ORN_DC4,right,15153,acetylcholine,0
1731325118,ORN_DP1m,right,15154,acetylcholine,0
1731354634,ALBN1,left,15155,,0
1731605047,SAD014,right,15156,gaba,1
1731626597,ORN_DL1,left,15157,acetylcholine,0
1731626686,ORN_DL1,right,15158,acetylcholine,0
1731626687,ORN_DL2v,left,15159,acetylcholine,0
1731626696,ORN_DL2v,right,15160,acetylcholine,0
1731631045,ORN_VL2a,left,15161,acetylcholine,0
1731631051,ORN_DL2d,right,15162,acetylcholine,0
1731631097,ORN_DL2d,right,15163,acetylcholine,0
1731631162,ORN_DL2v,right,15164,acetylcholine,0
1731631196,ORN_DL2v,left,15165,acetylcholine,0
1731631236,ORN_VL2a,right,15166,acetylcholine,0
1731640090,ORN_DC4,right,15167,acetylcholine,0
1732110512,ORN_DM6,left,15168,serotonin,0
1732313117,M_lvPNm40,right,15169,acetylcholine,0
1732451471,ORN_VA6,noside,15170,acetylcholine,0
1732451638,ORN_DC2,right,15171,acetylcholine,0
1732455860,ORN_DC1,left,15172,serotonin,0
1732667174,lLN16A,right,15173,gaba,1
1732714479,ORN_DM6,right,15174,acetylcholine,0
1732719013,ORN_DC1,right,15175,acetylcholine,0
1732719340,ORN_DM6,left,15176,serotonin,0
1732719510,ORN_DM1,noside,15177,acetylcholine,0
1732792926,ORN_DA2,noside,15178,acetylcholine,0
1732797061,ORN_DA2,noside,15179,acetylcholine,0
1732990851,ORN_DL3,right,15180,acetylcholine,0
1732990947,ORN_DL3,right,15181,serotonin,0
1732995501,lLN2S,right,15182,serotonin,0
1733056086,v2LN35,right,15183,acetylcholine,0
1733176434,ORN_DL4,left,15184,serotonin,0
1733370882,M_spPN5t10,right,15185,acetylcholine,0
1733387903,ORN_DC1,noside,15186,acetylcholine,0
1733402071,ORN_DM6,right,15187,acetylcholine,0
1733491818,ORN_DA2,noside,15188,acetylcholine,0
1733673153,ORN_DL3,right,15189,serotonin,0
1733677514,M_l2PNm16,right,15190,acetylcholine,0
1733833296,ORN_DA2,noside,15191,acetylcholine,0
1733850183,ORN_DA3,noside,15192,acetylcholine,0
1734182300,ORN_DA3,noside,15193,acetylcholine,0
1734350602,ORN_DL3,right,15194,acetylcholine,0
1734350776,ORN_DA1,left,15195,acetylcholine,0
1734350788,DA1_lPN,right,15196,acetylcholine,0
1734350800,ORN_DA1,left,15197,acetylcholine,0
1734350801,ORN_DA1,left,15198,acetylcholine,0
1734350808,ORN_DA1,left,15199,acetylcholine,0
1734350882,ORN_DA1,left,15200,acetylcholine,0
1734350908,DA1_lPN,right,15201,acetylcholine,0
1734355225,ORN_DA1,noside,15202,acetylcholine,0
1734355247,ORN_DA1,right,15203,acetylcholine,0
1734355428,ORN_DA1,right,15204,acetylcholine,0
1734355450,ORN_DA1,left,15205,acetylcholine,0
1734355466,ORN_DA1,right,15206,,0
1734359876,ORN_DA1,left,15207,acetylcholine,0
1734377152,ORN_DA3,noside,15208,acetylcholine,0
1734377183,ORN_DA3,noside,15209,serotonin,0
1734402468,ORN_D,noside,15210,acetylcholine,0
1734420152,DL2v_adPN,right,15211,acetylcholine,0
1734691670,ORN_DA1,right,15212,acetylcholine,0
1734691780,ORN_DA1,left,15213,acetylcholine,0
1734691853,ORN_DA1,left,15214,acetylcholine,0
1734691865,ORN_DA1,right,15215,acetylcholine,0
1734696429,ORN_DA1,left,15216,acetylcholine,0
1734696604,ORN_DA1,left,15217,acetylcholine,0
1734696656,AL-AST1,left,15218,acetylcholine,0
1734705201,AL-AST1,right,15219,acetylcholine,0
1734705240,ORN_DA1,right,15220,acetylcholine,0
1734713656,ORN_DA3,noside,15221,serotonin,0
1734713691,ORN_DA3,right,15222,acetylcholine,0
1734713762,ORN_DA3,noside,15223,acetylcholine,0
1734717557,ORN_DL3,right,15224,serotonin,0
1734717736,ORN_DA3,noside,15225,acetylcholine,0
1734717804,ORN_DA3,noside,15226,acetylcholine,0
1734717977,ORN_DA3,noside,15227,acetylcholine,0
1734718131,ORN_DA3,noside,15228,acetylcholine,0
1734718175,ORN_DA3,noside,15229,acetylcholine,0
1734718209,ORN_DA3,noside,15230,acetylcholine,0
1734722060,ORN_DA3,noside,15231,acetylcholine,0
1734730862,ORN_D,noside,15232,acetylcholine,0
1735032816,ORN_DA1,right,15233,acetylcholine,0
1735037070,ORN_DA1,right,15234,acetylcholine,0
1735037194,ORN_DA1,right,15235,acetylcholine,0
1735037273,ORN_DA1,left,15236,acetylcholine,0
1735041817,ORN_DA1,left,15237,acetylcholine,0
1735041965,ORN_DA1,right,15238,acetylcholine,0
1735042035,ORN_DA1,right,15239,acetylcholine,0
1735050696,ORN_DA1,left,15240,acetylcholine,0
1735050861,ORN_DA1,left,15241,acetylcholine,0
1735054428,ORN_DA1,left,15242,acetylcholine,0
1735054607,ORN_DA1,right,15243,acetylcholine,0
1735054729,ORN_DA3,noside,15244,acetylcholine,0
1735058800,ORN_DA1,left,15245,acetylcholine,0
1735058916,ORN_DA3,noside,15246,acetylcholine,0
1735059028,ORN_DA3,noside,15247,acetylcholine,0
1735059070,ORN_DA3,noside,15248,serotonin,0
1735059089,ORN_DA3,noside,15249,acetylcholine,0
1735063134,ORN_DA3,noside,15250,acetylcholine,0
1735378183,ORN_DA1,right,15251,acetylcholine,0
1735378225,ORN_DA1,left,15252,acetylcholine,0
1735378236,ORN_DA1,left,15253,acetylcholine,0
1735382530,ORN_DA1,right,15254,acetylcholine,0
1735382574,ORN_DA1,right,15255,acetylcholine,0
1735386920,ORN_DA1,left,15256,acetylcholine,0
1735391275,ORN_DA1,right,15257,acetylcholine,0
1735395504,ORN_DA1,right,15258,acetylcholine,0
1735395524,ORN_DA1,right,15259,acetylcholine,0
1735399719,ORN_DA3,noside,15260,acetylcholine,0
1735399997,ORN_DA3,noside,15261,acetylcholine,0
1735404269,ORN_DA3,noside,15262,serotonin,0
1735408330,ORN_DA3,noside,15263,serotonin,0
1744266747,WED166_c,right,15264,acetylcholine,0
1744603665,WED163,right,15265,acetylcholine,0
1744608077,WED179,right,15266,glutamate,1
1745168996,LPC1,noside,15267,acetylcholine,0
1745169277,LPC1,noside,15268,acetylcholine,0
1745333830,DNp20,right,15269,glutamate,1
1745510607,LC15,noside,15270,acetylcholine,0
1745518676,LPC1,noside,15271,acetylcholine,0
1745570620,AVLP512,right,15272,acetylcholine,0
1745614242,WED151,right,15273,acetylcholine,0
1745821751,LC4,noside,15274,acetylcholine,0
1745860329,LC18,noside,15275,acetylcholine,0
1745942599,PS054,right,15276,glutamate,1
1745946928,PS073,right,15277,gaba,1
1745951773,PS245,right,15278,glutamate,1
1745989723,OCG08,noside,15279,unknown,0
1746088555,OCG08,noside,15280,unknown,0
1746304691,WED129,right,15281,acetylcholine,0
1746546621,LC12,noside,15282,octopamine,0
1746858454,LPLC1,right,15283,acetylcholine,0
1746884134,LC10,noside,15284,acetylcholine,0
1746884233,LC18,noside,15285,acetylcholine,0
1747181914,LC17,noside,15286,gaba,1
1747228863,LC9,right,15287,acetylcholine,0
1747271991,LLPC2a,noside,15288,glutamate,1
1747276135,LLPC2a,noside,15289,glutamate,1
1747276296,LLPC2a,noside,15290,acetylcholine,0
1747280612,PLP061,right,15291,acetylcholine,0
1747280642,LLPC2a,noside,15292,acetylcholine,0
1747280673,LLPC2a,noside,15293,acetylcholine,0
1747284927,LLPC2a,noside,15294,acetylcholine,0
1747285056,LLPC2c,noside,15295,glutamate,1
1747379889,PS124,right,15296,glutamate,1
1747508899,LC12,noside,15297,gaba,1
1747518018,LC17,noside,15298,gaba,1
1747569967,LC11,noside,15299,acetylcholine,0
1747612919,LLPC2a,noside,15300,acetylcholine,0
1747616992,LLPC3,noside,15301,acetylcholine,0
1747617067,LLPC2a,noside,15302,acetylcholine,0
1747617158,LLPC2a,noside,15303,glutamate,1
1747617229,LLPC2a,noside,15304,acetylcholine,0
1747621368,LLPC2a,noside,15305,glutamate,1
1747621562,LLPC2a,noside,15306,acetylcholine,0
1747621766,LLPC2a,noside,15307,acetylcholine,0
1747621828,LLPC2a,noside,15308,glutamate,1
1747625669,LLPC2a,noside,15309,glutamate,1
1747625772,WED075,right,15310,gaba,1
1747635018,LLPC2c,noside,15311,glutamate,1
1747953972,LLPC2a,noside,15312,,0
1747958421,LLPC2a,noside,15313,glutamate,1
1747962718,LLPC2a,noside,15314,acetylcholine,0
1747963184,LLPC2a,noside,15315,acetylcholine,0
1747971659,LLPC2c,noside,15316,acetylcholine,0
1748187188,LC12,right,15317,gaba,1
1748187330,LC17,noside,15318,gaba,1
1748222538,LC25,noside,15319,glutamate,1
1748269043,LPC2,noside,15320,acetylcholine,0
1748295241,LLPC2a,noside,15321,glutamate,1
1748299139,LLPC2c,noside,15322,glutamate,1
1748299513,LLPC2a,noside,15323,glutamate,1
1748299641,LLPC2a,noside,15324,acetylcholine,0
1748299708,LLPC3,noside,15325,glutamate,1
1748304380,LLPC2a,noside,15326,acetylcholine,0
1748308214,LLPC2c,noside,15327,glutamate,1
1748312150,LLPC2c,noside,15328,acetylcholine,0
1748636546,LLPC3,noside,15329,acetylcholine,0
1748636563,LLPC2a,noside,15330,glutamate,1
1748640603,LLPC2a,noside,15331,glutamate,1
1748649328,LLPC2c,noside,15332,glutamate,1
1748666238,PS143,right,15333,glutamate,1
1748929680,Li16,right,15334,gaba,1
1748985942,LLPC2a,noside,15335,glutamate,1
1748986069,LLPC2a,noside,15336,glutamate,1
1748986351,LLPC2c,noside,15337,acetylcholine,0
1749007402,LC22,right,15338,acetylcholine,0
1749007519,LC22,right,15339,acetylcholine,0
1749020274,LC22,right,15340,acetylcholine,0
1749020373,LC22,right,15341,acetylcholine,0
1749236368,LC13,right,15342,acetylcholine,0
1749258134,LC4,noside,15343,acetylcholine,0
1749270652,LC11,noside,15344,acetylcholine,0
1749275570,LPLC1,right,15345,acetylcholine,0
1749313891,LAL058,right,15346,acetylcholine,0
1749318240,WED138,right,15347,acetylcholine,0
1749323103,PLP062,right,15348,acetylcholine,0
1749323106,LLPC2a,noside,15349,acetylcholine,0
1749327243,LLPC2c,noside,15350,acetylcholine,0
1749327276,LLPC2c,noside,15351,acetylcholine,0
1749327293,LLPC2c,noside,15352,glutamate,1
1749327387,LLPC2c,noside,15353,acetylcholine,0
1749327483,LLPC2c,noside,15354,acetylcholine,0
1749331464,LLPC2c,noside,15355,glutamate,1
1749331550,LLPC2c,noside,15356,acetylcholine,0
1749331593,LLPC2c,noside,15357,glutamate,1
1749343874,LC22,right,15358,acetylcholine,0
1749374615,PLP172,right,15359,gaba,1
1749434934,PS299,right,15360,gaba,1
1749611399,LC18,noside,15361,acetylcholine,0
1749620832,LC18,right,15362,acetylcholine,0
1749628974,aMe19b,noside,15363,glutamate,1
1749659355,PLP062,right,15364,acetylcholine,0
1749672312,LLPC2c,noside,15365,acetylcholine,0
1749672337,LLPC2c,noside,15366,acetylcholine,0
1749919261,Li19,right,15367,gaba,1
1749944256,LC20,noside,15368,acetylcholine,0
1749957344,LC12,noside,15369,gaba,1
1750004327,AVLP510,right,15370,acetylcholine,0
1750026634,LC22,right,15371,acetylcholine,0
1750039535,LC22,right,15372,acetylcholine,0
1750243366,LC15,noside,15373,acetylcholine,0
1750247044,LC24,noside,15374,glutamate,1
1750251452,LC17,noside,15375,gaba,1
1750289956,LC21,noside,15376,acetylcholine,0
1750371809,LC22,right,15377,acetylcholine,0
1750419433,PLP009,right,15378,glutamate,1
1750587711,LC16,noside,15379,acetylcholine,0
1750605638,MC64,noside,15380,acetylcholine,0
1750621344,LC12,noside,15381,gaba,1
1750622215,LC17,noside,15382,gaba,1
1750630587,LC12,right,15383,gaba,1
1750669238,WED028,right,15384,gaba,1
1750712639,LC22,right,15385,acetylcholine,0
1750721034,CL323,right,15386,acetylcholine,0
1750929611,LC25,noside,15387,glutamate,1
1750980224,LC18,noside,15388,acetylcholine,0
1750984451,LC18,noside,15389,acetylcholine,0
1751100936,PS032,right,15390,acetylcholine,0
1751257274,LC12,noside,15391,gaba,1
1751262627,LC17,noside,15392,gaba,1
1751321418,LC18,right,15393,acetylcholine,0
1751325674,LC18,noside,15394,acetylcholine,0
1751329909,LPLC2,noside,15395,acetylcholine,0
1751330026,LC18,noside,15396,acetylcholine,0
1751333757,WED040_b,right,15397,glutamate,1
1751361048,WED015,right,15398,gaba,1
1751666374,LC17,noside,15399,dopamine,0
1751670748,LPLC2,noside,15400,acetylcholine,0
1751943911,LC12,noside,15401,gaba,1
1751986317,LC46a,right,15402,acetylcholine,0
1751994423,LC12,right,15403,gaba,1
1752016801,LPLC2,right,15404,acetylcholine,0
1752046561,AVLP514,right,15405,acetylcholine,0
1752051506,WED111,right,15406,acetylcholine,0
1752067852,PLP227,right,15407,neither,0
1752089949,SAD015,right,15408,gaba,1
1752089996,SAD018,right,15409,gaba,1
1752090091,PVLP046,right,15410,gaba,1
1752090152,SAD018,right,15411,gaba,1
1752124422,WED048,right,15412,acetylcholine,0
1752671998,LC12,right,15413,gaba,1
1752672460,LC17,noside,15414,gaba,1
1752694591,LC18,noside,15415,acetylcholine,0
1752699920,LC18,noside,15416,acetylcholine,0
1752962124,LC17,noside,15417,gaba,1
1752988351,LC27,noside,15418,acetylcholine,0
1753009526,LC14,right,15419,serotonin,0
1753034787,LC18,noside,15420,acetylcholine,0
1753112545,WED047,right,15421,acetylcholine,0
1753116740,AVLP278,right,15422,acetylcholine,0
1753116913,AVLP264,right,15423,acetylcholine,0
1753117041,WED047,right,15424,acetylcholine,0
1753195131,AVLP462,right,15425,gaba,1
1753354492,LC12,right,15426,gaba,1
1753354584,LC12,noside,15427,gaba,1
1753354657,LC12,noside,15428,dopamine,0
1753354671,LC12,noside,15429,gaba,1
1753358619,LC12,noside,15430,acetylcholine,0
1753358914,LC12,noside,15431,dopamine,0
1753358965,LC12,noside,15432,gaba,1
1753359080,LC12,noside,15433,gaba,1
1753359088,LC12,right,15434,dopamine,0
1753359129,LC12,noside,15435,gaba,1
1753359145,LC12,noside,15436,dopamine,0
1753359149,LC12,noside,15437,dopamine,0
1753359235,LC12,noside,15438,acetylcholine,0
1753359267,LC12,noside,15439,gaba,1
1753359276,LC12,noside,15440,dopamine,0
1753359328,LC12,right,15441,gaba,1
1753363739,LC12,right,15442,gaba,1
1753367903,LC18,noside,15443,acetylcholine,0
1753371564,LC18,noside,15444,acetylcholine,0
1753385655,LC18,noside,15445,acetylcholine,0
1753449078,WED051,right,15446,acetylcholine,0
1753449164,AVLP261,right,15447,acetylcholine,0
1753449224,AVLP264,right,15448,acetylcholine,0
1753453311,AVLP265,right,15449,acetylcholine,0
1753458358,WED052,right,15450,acetylcholine,0
1753523046,WED013,right,15451,gaba,1
1753670596,LC17,right,15452,dopamine,0
1753674977,LPLC2,right,15453,acetylcholine,0
1753690864,LC12,right,15454,dopamine,0
1753690966,LC12,noside,15455,gaba,1
1753691086,LC12,noside,15456,gaba,1
1753691232,LC12,noside,15457,dopamine,0
1753695151,LC12,noside,15458,gaba,1
1753695182,LC12,right,15459,gaba,1
1753695198,LC12,noside,15460,gaba,1
1753695251,LC12,noside,15461,gaba,1
1753695319,LC12,right,15462,gaba,1
1753695328,LC12,noside,15463,gaba,1
1753695329,LC12,noside,15464,gaba,1
1753695387,LC12,noside,15465,gaba,1
1753695482,LC12,right,15466,gaba,1
1753695554,LC12,right,15467,gaba,1
1753695569,LC12,noside,15468,dopamine,0
1753695576,LC12,right,15469,gaba,1
1753695620,LC12,noside,15470,gaba,1
1753695737,LC12,right,15471,gaba,1
1753695866,LC12,right,15472,gaba,1
1753695941,LC12,right,15473,dopamine,0
1753696105,LC12,noside,15474,dopamine,0
1753700376,LC12,noside,15475,gaba,1
1753751888,PVLP024,right,15476,gaba,1
1754019541,LC17,noside,15477,acetylcholine,0
1754028170,LC12,right,15478,gaba,1
1754028266,LC12,noside,15479,gaba,1
1754032933,LC12,noside,15480,gaba,1
1754033051,LC12,right,15481,gaba,1
1754033072,LC12,noside,15482,gaba,1
1754037055,LC12,noside,15483,gaba,1
1754041168,LC18,noside,15484,acetylcholine,0
1754042300,LC12,noside,15485,octopamine,0
1754348495,LC27,noside,15486,acetylcholine,0
1754369991,LC12,noside,15487,gaba,1
1754370241,LC12,right,15488,gaba,1
1754370281,LC12,right,15489,dopamine,0
1754370313,LC12,noside,15490,acetylcholine,0
1754370428,LC12,noside,15491,gaba,1
1754374121,LC12,noside,15492,gaba,1
1754374486,LC12,noside,15493,gaba,1
1754420857,WED015,right,15494,gaba,1
1754446468,WED046,right,15495,acetylcholine,0
1754485599,SAD011,right,15496,gaba,1
1754711606,LC12,noside,15497,gaba,1
1754715778,LC12,right,15498,gaba,1
1754715820,LC12,right,15499,gaba,1
1754715852,LC12,right,15500,gaba,1
1754779699,WED050,right,15501,acetylcholine,0
1755556097,VP3+VP1l_ivPN,noside,15502,acetylcholine,0
1755556277,M_l2PN3t18,right,15503,acetylcholine,0
1755859000,WED148,right,15504,acetylcholine,0
1755859880,WED002,right,15505,acetylcholine,0
1755860078,LAL124,right,15506,glutamate,1
1756121345,AVLP342,right,15507,acetylcholine,0
1756191255,PS077,right,15508,gaba,1
1756208777,WED127,left,15509,acetylcholine,0
1756212801,PS026,right,15510,acetylcholine,0
1756531702,PS099,left,15511,glutamate,1
1756532441,PS077,right,15512,glutamate,1
1756579280,DL2d_adPN,right,15513,acetylcholine,0
1756869802,LAL117,right,15514,acetylcholine,0
1756881825,WED011,right,15515,acetylcholine,0
1757477299,AVLP124,right,15516,acetylcholine,0
1757481665,AVLP149,right,15517,acetylcholine,0
1757612027,AOTU042,right,15518,gaba,1
1757797015,AVLP308,right,15519,acetylcholine,0
1758224986,WED177,right,15520,serotonin,0
1758323593,v2LN42,right,15521,acetylcholine,0
1758327834,ORN_VM7d,noside,15522,acetylcholine,0
1758332523,ORN_VM7d,noside,15523,acetylcholine,0
1758664692,HRN_VP4,left,15524,acetylcholine,0
1758664807,ORN_VM7d,noside,15525,acetylcholine,0
1758673652,ORN_VM7v,noside,15526,acetylcholine,0
1758673668,ORN_VM7d,noside,15527,acetylcholine,0
1759173561,AVLP114,right,15528,acetylcholine,0
1759649309,LAL127,right,15529,serotonin,0
1759662154,ORN_DP1l,left,15530,acetylcholine,0
1759670012,ORN_DM4,right,15531,acetylcholine,0
1759674685,v2LN34A,right,15532,acetylcholine,0
1759929057,WED154,right,15533,acetylcholine,0
1759930196,WED132,right,15534,acetylcholine,0
1759999022,M_lvPNm33,right,15535,acetylcholine,0
1760231526,AVLP401,right,15536,acetylcholine,0
1760318324,LAL173,right,15537,acetylcholine,0
1760770838,ORN_DM1,right,15538,serotonin,0
1760922408,AVLP382,right,15539,acetylcholine,0
1761345315,vLN24,right,15540,acetylcholine,0
1761354106,ORN_DM4,right,15541,acetylcholine,0
1761561802,AVLP411,right,15542,acetylcholine,0
1761660556,ORN_DP1m,right,15543,acetylcholine,0
1761992915,ORN_DP1l,left,15544,acetylcholine,0
1762109467,ORN_DM2,left,15545,acetylcholine,0
1762320660,ORN_VL2a,right,15546,serotonin,0
1762320684,ORN_VL2a,right,15547,acetylcholine,0
1762320698,ORN_VL2a,left,15548,acetylcholine,0
1762320708,ORN_VL2a,left,15549,serotonin,0
1762325266,ORN_VL2a,left,15550,serotonin,0
1762354941,lLN2T_a,right,15551,serotonin,0
1762359683,lLN2S,right,15552,serotonin,0
1762463737,ORN_DM2,left,15553,acetylcholine,0
1762657342,ORN_VL2a,right,15554,acetylcholine,0
1762657390,ORN_DL2v,right,15555,acetylcholine,0
1762661722,ORN_DL2v,right,15556,acetylcholine,0
1762674761,M_adPNm8,right,15557,acetylcholine,0
1762704980,lLN2P_c,right,15558,serotonin,0
1762804655,ORN_DM2,left,15559,acetylcholine,0
1763037543,vLN24,noside,15560,acetylcholine,0
1763136670,ORN_DM6,left,15561,serotonin,0
1763136774,ORN_DM6,left,15562,acetylcholine,0
1763141118,ORN_DM6,right,15563,acetylcholine,0
1763145263,ORN_DM6,left,15564,acetylcholine,0
1763145289,ORN_DM6,left,15565,serotonin,0
1763149978,ORN_DM6,left,15566,serotonin,0
1763360713,lLN16B,right,15567,gaba,1
1763417310,ORN_DM6,left,15568,serotonin,0
1763421945,ORN_VM7v,right,15569,acetylcholine,0
1763473480,ORN_DM6,right,15570,acetylcholine,0
1763477766,ORN_DM6,left,15571,acetylcholine,0
1763486214,ORN_DM6,left,15572,acetylcholine,0
1763693549,ORN_DL1,right,15573,acetylcholine,0
1763763019,ORN_DM5,noside,15574,serotonin,0
1763823186,ORN_DM6,left,15575,acetylcholine,0
1763831814,ORN_DM6,left,15576,acetylcholine,0
1763836115,ORN_DM6,left,15577,serotonin,0
1764091241,DM6_adPN,right,15578,acetylcholine,0
1764168474,ORN_DC1,left,15579,acetylcholine,0
1764388538,v2LN35,right,15580,acetylcholine,0
1764427482,ORN_DM6,right,15581,serotonin,0
1764431422,ORN_DM6,right,15582,acetylcholine,0
1764445682,ORN_DM6,right,15583,serotonin,0
1764699151,ORN_DA1,right,15584,acetylcholine,0
1764703462,ORN_DA1,left,15585,,0
1764703552,ORN_DA1,left,15586,acetylcholine,0
1764764305,ORN_DC1,right,15587,acetylcholine,0
1765040222,ORN_DA1,right,15588,acetylcholine,0
1765040289,DA1_lPN,right,15589,acetylcholine,0
1765044577,ORN_DA1,noside,15590,acetylcholine,0
1765044896,ORN_DA1,right,15591,acetylcholine,0
1765053669,ORN_DA1,left,15592,acetylcholine,0
1765101135,ORN_DC1,right,15593,acetylcholine,0
1765101274,ORN_DC1,noside,15594,acetylcholine,0
1765104972,ORN_DC2,left,15595,serotonin,0
1765105564,ORN_DC1,right,15596,acetylcholine,0
1765109775,ORN_DC1,right,15597,acetylcholine,0
1765381455,ORN_DA1,right,15598,acetylcholine,0
1765386030,ORN_DA1,right,15599,acetylcholine,0
1765398738,ORN_DL3,right,15600,acetylcholine,0
1765403303,ORN_DA1,right,15601,acetylcholine,0
1765415970,M_lvPNm41,right,15602,acetylcholine,0
1765446721,ORN_DC1,right,15603,acetylcholine,0
1765727039,ORN_DA1,left,15604,acetylcholine,0
1765731259,ORN_DA1,noside,15605,serotonin,0
1766067809,ORN_DA1,right,15606,acetylcholine,0
1766068129,ORN_DA1,left,15607,acetylcholine,0
1766068147,ORN_DA1,right,15608,acetylcholine,0
1766068153,ORN_DA1,left,15609,acetylcholine,0
1766111002,ORN_DC1,noside,15610,acetylcholine,0
1766409090,ORN_DA1,left,15611,acetylcholine,0
1766413024,ORN_DA1,right,15612,acetylcholine,0
1766434854,ORN_DA3,noside,15613,acetylcholine,0
1766443374,ORN_DC3,noside,15614,acetylcholine,0
1766753982,ORN_DA1,left,15615,acetylcholine,0
1766754285,ORN_DA1,right,15616,acetylcholine,0
1766758683,ORN_DA1,left,15617,acetylcholine,0
1766762919,ORN_DA1,right,15618,acetylcholine,0
1775284660,WED158,right,15619,glutamate,1
1775513203,LPC1,noside,15620,acetylcholine,0
1775513344,LPC1,noside,15621,acetylcholine,0
1775638620,PS237,right,15622,acetylcholine,0
1775966718,WED163,right,15623,acetylcholine,0
1775966739,WED164,right,15624,acetylcholine,0
1775966802,WED156,right,15625,acetylcholine,0
1776208262,LPC1,noside,15626,acetylcholine,0
1776308120,WED170,right,15627,glutamate,1
1776308149,WED159,right,15628,acetylcholine,0
1776308170,WED159,right,15629,glutamate,1
1776553851,LC18,noside,15630,acetylcholine,0
1776865370,LC17,noside,15631,gaba,1
1776886049,LC25,noside,15632,glutamate,1
1777054942,PS278,left,15633,glutamate,1
1777227052,LC25,noside,15634,glutamate,1
1777287980,LLPC2b,noside,15635,glutamate,1
1777292496,LLPC2b,noside,15636,glutamate,1
1777409166,PS279,left,15637,glutamate,1
1777615656,LLPC2c,noside,15638,glutamate,1
1777620290,LLPC2a,noside,15639,glutamate,1
1777624565,LLPC2b,noside,15640,glutamate,1
1777624895,LLPC2c,noside,15641,glutamate,1
1777633341,LLPC2b,noside,15642,glutamate,1
1777871882,Li15,right,15643,gaba,1
1777952404,LLPC2a,noside,15644,acetylcholine,0
1777952466,LLPC2a,noside,15645,acetylcholine,0
1777952508,LLPC3,noside,15646,glutamate,1
1777956777,LLPC3,noside,15647,glutamate,1
1777956961,LLPC2a,noside,15648,glutamate,1
1777961088,LLPC2a,noside,15649,acetylcholine,0
1777965959,LLPC2c,noside,15650,glutamate,1
1777970202,LLPC2c,noside,15651,glutamate,1
1777970311,LLPC2b,noside,15652,glutamate,1
1777970372,LLPC2b,noside,15653,glutamate,1
1777974380,LLPC2b,noside,15654,glutamate,1
1777974597,LLPC2b,noside,15655,glutamate,1
1777979056,LLPC2b,noside,15656,glutamate,1
1777983435,LLPC2b,noside,15657,glutamate,1
1777983454,LLPC2b,noside,15658,glutamate,1
1778013540,PS234,right,15659,acetylcholine,0
1778018067,WED010,right,15660,acetylcholine,0
1778293490,LLPC3,noside,15661,glutamate,1
1778302624,LLPC2a,noside,15662,glutamate,1
1778306530,LLPC2a,noside,15663,acetylcholine,0
1778306884,LLPC2a,noside,15664,acetylcholine,0
1778307115,LLPC2a,noside,15665,glutamate,1
1778311161,WED009,right,15666,acetylcholine,0
1778315198,LLPC2c,noside,15667,glutamate,1
1778315797,LLPC2c,noside,15668,glutamate,1
1778320035,LLPC2b,noside,15669,glutamate,1
1778613177,LPC1,noside,15670,acetylcholine,0
1778660802,LLPC2b,noside,15671,glutamate,1
1778664972,LLPC2b,noside,15672,glutamate,1
1778669408,LLPC2b,noside,15673,glutamate,1
1778916255,LC21,right,15674,dopamine,0
1778976384,LLPC3,noside,15675,,0
1778976490,LLPC3,noside,15676,glutamate,1
1778980154,LLPC3,noside,15677,glutamate,1
1778980197,LLPC3,noside,15678,acetylcholine,0
1778980401,LLPC3,noside,15679,glutamate,1
1778984385,LLPC3,noside,15680,glutamate,1
1778984560,LLPC3,noside,15681,acetylcholine,0
1778984647,LLPC2a,noside,15682,glutamate,1
1778984734,LLPC2a,noside,15683,glutamate,1
1778993289,LLPC3,noside,15684,glutamate,1
1778993447,LLPC3,noside,15685,glutamate,1
1779001685,LLPC3,noside,15686,glutamate,1
1779006513,LLPC2b,noside,15687,glutamate,1
1779221851,Li17,right,15688,gaba,1
1779304011,LPC2,noside,15689,acetylcholine,0
1779321626,LLPC3,noside,15690,glutamate,1
1779325800,LLPC2a,noside,15691,acetylcholine,0
1779343124,PLP230,left,15692,glutamate,1
1779567374,LC17,noside,15693,gaba,1
1779666644,LLPC3,noside,15694,acetylcholine,0
1779680030,LLPC2c,noside,15695,acetylcholine,0
1779684044,LLPC2c,noside,15696,acetylcholine,0
1779696775,LAL084,left,15697,glutamate,1
1779710234,PLP194,right,15698,acetylcholine,0
1779796258,PS005_b,right,15699,glutamate,1
1779972924,LC18,noside,15700,acetylcholine,0
1780012434,LLPC3,noside,15701,acetylcholine,0
1780021199,LLPC2c,noside,15702,glutamate,1
1780021216,LLPC2c,noside,15703,glutamate,1
1780024850,LLPC2c,noside,15704,acetylcholine,0
1780025156,LLPC2c,noside,15705,acetylcholine,0
1780025270,LLPC2c,noside,15706,glutamate,1
1780357845,LLPC2c,noside,15707,acetylcholine,0
1780362273,LLPC1,noside,15708,glutamate,1
1780362372,LLPC2c,noside,15709,acetylcholine,0
1780366362,LLPC2c,noside,15710,acetylcholine,0
1780651267,LC18,noside,15711,acetylcholine,0
1780699257,LLPC2c,noside,15712,acetylcholine,0
1780703535,LLPC3,noside,15713,acetylcholine,0
1780707291,LLPC2c,noside,15714,glutamate,1
1780767303,PS025,right,15715,acetylcholine,0
1781031237,WED139,right,15716,unknown,0
1781039902,LLPC1,noside,15717,acetylcholine,0
1781044455,LLPC2c,noside,15718,glutamate,1
1781044541,LLPC3,noside,15719,acetylcholine,0
1781268241,LC4,noside,15720,acetylcholine,0
1781295424,LC24,noside,15721,acetylcholine,0
1781324410,LC17,noside,15722,gaba,1
1781328716,LPLC1,right,15723,acetylcholine,0
1781333390,LC18,noside,15724,acetylcholine,0
1781333405,LC17,noside,15725,dopamine,0
1781358592,WED143,right,15726,acetylcholine,0
1781372103,WED139,right,15727,glutamate,1
1781674298,LPLC1,right,15728,acetylcholine,0
1781691019,PS105,right,15729,acetylcholine,0
1781860460,SAD051_b,right,15730,acetylcholine,0
1781864693,SAD056,right,15731,acetylcholine,0
1781869202,SAD054,right,15732,acetylcholine,0
1781981967,LC27,noside,15733,acetylcholine,0
1782006592,LC12,right,15734,gaba,1
1782027670,WED023,right,15735,gaba,1
1782188454,PS097,right,15736,gaba,1
1782201421,SAD054,right,15737,acetylcholine,0
1782205507,SAD051_b,right,15738,acetylcholine,0
1782318275,LC17,noside,15739,dopamine,0
1782321284,LC34,right,15740,acetylcholine,0
1782364786,LPLC2,right,15741,acetylcholine,0
1782369015,LPLC2,right,15742,acetylcholine,0
1782369340,LPLC2,right,15743,acetylcholine,0
1782369359,LPLC2,noside,15744,acetylcholine,0
1782668028,LC4,noside,15745,acetylcholine,0
1782680353,LC17,noside,15746,dopamine,0
1782714902,LPLC1,noside,15747,acetylcholine,0
1782878598,SAD051_b,right,15748,acetylcholine,0
1782992460,LC22,right,15749,acetylcholine,0
1782996020,LC20,right,15750,acetylcholine,0
1783000305,LC28a,right,15751,acetylcholine,0
1783025171,LC12,right,15752,gaba,1
1783029895,LC12,noside,15753,gaba,1
1783038540,LC12,noside,15754,gaba,1
1783051578,LPLC2,right,15755,acetylcholine,0
1783051753,LPLC2,right,15756,acetylcholine,0
1783068831,LPLC1,right,15757,dopamine,0
1783348805,LC12,noside,15758,gaba,1
1783361972,LC17,noside,15759,gaba,1
1783362106,LT52,right,15760,glutamate,1
1783690466,LC17,noside,15761,gaba,1
1783923422,VES074,left,15762,acetylcholine,0
1784052291,LC12,noside,15763,gaba,1
1784052503,LC12,noside,15764,gaba,1
1784057153,LC12,noside,15765,gaba,1
1784057323,LC12,noside,15766,gaba,1
1784234011,CL120,right,15767,gaba,1
1784389055,LC12,noside,15768,octopamine,0
1784389414,LC12,noside,15769,dopamine,0
1784389603,LC12,noside,15770,gaba,1
1784389638,LC12,noside,15771,gaba,1
1784393707,LC12,noside,15772,dopamine,0
1784393992,LC12,noside,15773,gaba,1
1784397838,LC12,right,15774,gaba,1
1784398229,LC12,noside,15775,gaba,1
1784398302,LC12,noside,15776,gaba,1
1784398319,LC12,noside,15777,dopamine,0
1784398330,LC12,noside,15778,dopamine,0
1784402781,LC12,noside,15779,octopamine,0
1784441060,LC12,noside,15780,gaba,1
1784514404,WED146,right,15781,acetylcholine,0
1784725840,LC12,noside,15782,gaba,1
1784726510,LC12,noside,15783,gaba,1
1784730276,LC12,noside,15784,gaba,1
1784730808,LC12,noside,15785,gaba,1
1784734375,LC12,noside,15786,gaba,1
1784735157,LC12,right,15787,octopamine,0
1784738845,LC12,noside,15788,gaba,1
1784739629,LC12,noside,15789,gaba,1
1784795598,WED117,right,15790,acetylcholine,0
1785058604,LC12,noside,15791,acetylcholine,0
1785062580,LC12,noside,15792,dopamine,0
1785067268,LC12,right,15793,dopamine,0
1785067611,LC12,right,15794,gaba,1
1785076238,LC12,right,15795,gaba,1
1785399685,LC12,right,15796,gaba,1
1785400064,LC12,noside,15797,gaba,1
1785403942,LC12,noside,15798,gaba,1
1785408076,LC12,noside,15799,gaba,1
1785408384,LC12,noside,15800,gaba,1
1785408640,LC12,right,15801,gaba,1
1785412639,LC12,right,15802,dopamine,0
1785417481,LC12,noside,15803,dopamine,0
1785485642,WED050,right,15804,acetylcholine,0
1785486078,WED053,right,15805,acetylcholine,0
1785486134,AVLP200,right,15806,gaba,1
1785490626,WED053,right,15807,acetylcholine,0
1785502810,AVLP452,right,15808,acetylcholine,0
1785511781,SAD064,right,15809,acetylcholine,0
1785740683,LC12,noside,15810,gaba,1
1785740974,LC12,noside,15811,gaba,1
1785745638,LC12,noside,15812,gaba,1
1785753951,LC12,right,15813,dopamine,0
1785827281,AVLP261,right,15814,acetylcholine,0
1785827374,WED054,right,15815,acetylcholine,0
1785926866,VES082,right,15816,acetylcholine,0
1785931916,VES075,right,15817,acetylcholine,0
1786091589,LC12,right,15818,gaba,1
1786255235,VES028,right,15819,acetylcholine,0
1786539227,WED012,right,15820,gaba,1
1786841971,AVLP149,right,15821,acetylcholine,0
1787576370,WED002,right,15822,acetylcholine,0
1787636059,VES047,right,15823,serotonin,0
1787895282,PLP235,right,15824,acetylcholine,0
1787903826,LAL197,right,15825,acetylcholine,0
1787908013,WED148,right,15826,acetylcholine,0
1787998190,PS232,left,15827,acetylcholine,0
1788237005,LAL059,right,15828,gaba,1
1788248514,SAD012,right,15829,serotonin,0
1788300760,VA1v_adPN,right,15830,acetylcholine,0
1788676257,VP3+_l2PN,right,15831,acetylcholine,0
1788680591,M_l2PN10t19,right,15832,acetylcholine,0
1788685103,M_l2PN10t19,right,15833,acetylcholine,0
1788921987,WED153,right,15834,acetylcholine,0
1788930829,SAD047,right,15835,glutamate,1
1788974593,LAL196,right,15836,acetylcholine,0
1788983330,LAL174,right,15837,acetylcholine,0
1789013008,VP4+VL1_l2PN,right,15838,acetylcholine,0
1789021926,ORN_VC5,noside,15839,acetylcholine,0
1789022034,ORN_VC5,noside,15840,acetylcholine,0
1789034579,ORN_VC5,noside,15841,acetylcholine,0
1789276508,WED128,right,15842,acetylcholine,0
1789358560,ORN_VC5,noside,15843,acetylcholine,0
1789358636,ORN_VC5,noside,15844,acetylcholine,0
1789363459,ORN_VC5,noside,15845,acetylcholine,0
1789363477,ORN_VC5,noside,15846,acetylcholine,0
1789370758,ORN_VM7v,left,15847,acetylcholine,0
1789613296,LAL074,left,15848,glutamate,1
1789695634,ORN_VM7v,left,15849,acetylcholine,0
1789695647,ORN_VC2,noside,15850,serotonin,0
1789742943,ORN_DM4,left,15851,acetylcholine,0
1789747116,ORN_DM4,right,15852,acetylcholine,0
1789933168,LC31,noside,15853,acetylcholine,0
1790027507,HRN_VP4,left,15854,acetylcholine,0
1790027663,HRN_VP4,left,15855,acetylcholine,0
1790027860,HRN_VP4,left,15856,acetylcholine,0
1790078970,ORN_DM4,left,15857,acetylcholine,0
1790079036,ORN_DM4,left,15858,acetylcholine,0
1790083460,ORN_DM4,left,15859,acetylcholine,0
1790364325,v2LN44,right,15860,gaba,1
1790675377,LAL162,left,15861,acetylcholine,0
1790760961,ORN_DM1,left,15862,serotonin,0
1790770089,ORN_DM4,right,15863,serotonin,0
1790973019,CL055,right,15864,gaba,1
1791353247,LAL112,right,15865,gaba,1
1791442945,ORN_DM2,left,15866,acetylcholine,0
1791443060,ORN_DM2,right,15867,,0
1791728189,ORN_DM4,noside,15868,acetylcholine,0
1791784000,ORN_DM2,right,15869,acetylcholine,0
1791784002,ORN_DM2,left,15870,acetylcholine,0
1791784004,ORN_DM2,left,15871,acetylcholine,0
1791784021,ORN_DM2,left,15872,acetylcholine,0
1791784044,ORN_DM2,left,15873,acetylcholine,0
1791784074,ORN_DM2,right,15874,,0
1792125082,ORN_DM2,left,15875,acetylcholine,0
1792461774,ORN_DM2,noside,15876,acetylcholine,0
1792461775,ORN_DM2,right,15877,acetylcholine,0
1792802753,ORN_DM2,right,15878,acetylcholine,0
1792802765,ORN_DM2,left,15879,acetylcholine,0
1792807347,ORN_DM4,right,15880,acetylcholine,0
1793009969,ORN_VL2a,right,15881,serotonin,0
1793010029,ORN_DP1l,right,15882,acetylcholine,0
1793010051,ORN_DL2v,right,15883,acetylcholine,0
1793010128,ORN_VL2a,left,15884,serotonin,0
1793014287,ORN_VL2a,left,15885,acetylcholine,0
1793014297,ORN_DL2d,right,15886,acetylcholine,0
1793014384,ORN_DL2d,right,15887,acetylcholine,0
1793014435,ORN_VL2a,right,15888,acetylcholine,0
1793014580,ORN_DP1l,right,15889,acetylcholine,0
1793014716,DL2d_adPN,right,15890,acetylcholine,0
1793019211,ORN_DP1l,right,15891,acetylcholine,0
1793143865,ORN_DM2,left,15892,acetylcholine,0
1793148230,ORN_DM5,left,15893,serotonin,0
1793152975,ORN_DM2,right,15894,,0
1793153070,ORN_DM2,right,15895,acetylcholine,0
1793325908,AVLP345,right,15896,acetylcholine,0
1793346872,ORN_DP1l,right,15897,acetylcholine,0
1793351108,ORN_VL2a,right,15898,acetylcholine,0
1793351123,ORN_DL2d,right,15899,acetylcholine,0
1793351401,DL2d_adPN,right,15900,acetylcholine,0
1793403571,M_l2PNl22,right,15901,acetylcholine,0
1793489216,ORN_DM2,left,15902,acetylcholine,0
1793489224,ORN_DM2,left,15903,acetylcholine,0
1793489249,ORN_DM2,left,15904,acetylcholine,0
1793498041,ORN_DM2,noside,15905,acetylcholine,0
1793498432,ORN_DM2,right,15906,acetylcholine,0
1793692357,ORN_DL2v,right,15907,acetylcholine,0
1793696526,ORN_DL2v,right,15908,acetylcholine,0
1793744512,l2LN19,right,15909,acetylcholine,0
1793830155,ORN_DM2,left,15910,acetylcholine,0
1793830259,ORN_DM2,right,15911,acetylcholine,0
1793830280,ORN_DM2,right,15912,acetylcholine,0
1793830307,ORN_DM2,right,15913,acetylcholine,0
1794037618,vLN25,noside,15914,acetylcholine,0
1794055377,M_l2PNm15,right,15915,acetylcholine,0
1794080892,v2LN34E,right,15916,gaba,1
1794111598,ORN_DM2,noside,15917,acetylcholine,0
1794115672,ORN_DM2,noside,15918,acetylcholine,0
1794119455,ORN_DM6,right,15919,acetylcholine,0
1794171243,ORN_DM6,left,15920,serotonin,0
1794171277,ORN_DM6,left,15921,acetylcholine,0
1794171349,ORN_DM5,noside,15922,acetylcholine,0
1794171380,ORN_DM5,right,15923,,0
1794171596,ORN_DM2,right,15924,acetylcholine,0
1794175616,ORN_DM5,noside,15925,serotonin,0
1794175669,ORN_DM5,noside,15926,serotonin,0
1794374434,ORN_DL2d,right,15927,acetylcholine,0
1794448441,ORN_DM2,noside,15928,,0
1794452513,ORN_DM2,noside,15929,acetylcholine,0
1794456937,ORN_DM2,noside,15930,,0
1794543004,ORN_DC1,left,15931,serotonin,0
1794711172,ORN_DL2v,right,15932,acetylcholine,0
1794789355,ORN_DM2,right,15933,acetylcholine,0
1794793680,ORN_DM2,right,15934,acetylcholine,0
1794793747,ORN_DM2,noside,15935,acetylcholine,0
1795056456,ORN_DL1,right,15936,acetylcholine,0
1795091692,ORN_DC1,right,15937,acetylcholine,0
1795100335,ORN_DC1,right,15938,acetylcholine,0
1795138938,ORN_DM6,right,15939,acetylcholine,0
1795402166,ORN_DA1,right,15940,acetylcholine,0
1795410644,M_lvPNm41,right,15941,acetylcholine,0
1795440828,ORN_DC1,right,15942,acetylcholine,0
1795484390,ORN_DM6,right,15943,acetylcholine,0
1795544444,ORN_VA6,noside,15944,acetylcholine,0
1795544483,ORN_VA6,noside,15945,acetylcholine,0
1795734015,ORN_DA1,right,15946,acetylcholine,0
1795734228,lLN8,right,15947,acetylcholine,0
1795742734,ORN_DA1,right,15948,acetylcholine,0
1795777790,ORN_DC1,right,15949,acetylcholine,0
1795786203,ORN_DC1,right,15950,acetylcholine,0
1796075454,ORN_DA1,noside,15951,acetylcholine,0
1796075469,ORN_DA1,left,15952,acetylcholine,0
1796079753,ORN_DA1,noside,15953,acetylcholine,0
1796080038,ORN_DA1,left,15954,acetylcholine,0
1796416505,ORN_DA1,right,15955,acetylcholine,0
1796420624,ORN_DA1,left,15956,acetylcholine,0
1796481518,ORN_DC2,left,15957,acetylcholine,0
1796757163,ORN_DA1,right,15958,acetylcholine,0
1796757192,ORN_DA1,left,15959,acetylcholine,0
1796757522,ORN_DA1,left,15960,acetylcholine,0
1796761826,ORN_DA1,right,15961,acetylcholine,0
1796766157,ORN_DA1,left,15962,acetylcholine,0
1796792278,ORN_DA4m,noside,15963,serotonin,0
1796809680,ORN_DA2,noside,15964,acetylcholine,0
1796813992,ORN_DA2,noside,15965,acetylcholine,0
1796817841,DA2_lPN,right,15966,acetylcholine,0
1796818061,ORN_DA2,noside,15967,acetylcholine,0
1796818119,DA2_lPN,right,15968,acetylcholine,0
1796818191,ORN_DA2,noside,15969,acetylcholine,0
1796822470,ORN_DA2,noside,15970,acetylcholine,0
1797137624,ORN_DA4m,noside,15971,acetylcholine,0
1797439276,ORN_DA1,right,15972,acetylcholine,0
1797443721,ORN_DA1,left,15973,acetylcholine,0
1797444052,ORN_DA1,noside,15974,,0
1797478034,ORN_DC3,noside,15975,acetylcholine,0
1797505019,DA2_lPN,right,15976,acetylcholine,0
1797789401,ORN_DA1,right,15977,acetylcholine,0
1797793830,ORN_DA1,left,15978,acetylcholine,0
1797814929,ORN_DC3,noside,15979,acetylcholine,0
1797814956,ORN_DC3,noside,15980,acetylcholine,0
1797815029,ORN_DC3,noside,15981,acetylcholine,0
1797815065,ORN_DC3,noside,15982,acetylcholine,0
1805481901,VS,noside,15983,glutamate,1
1805844441,LPC1,noside,15984,acetylcholine,0
1806185436,LPC1,noside,15985,acetylcholine,0
1806526649,LPC1,noside,15986,acetylcholine,0
1806535217,LPC1,noside,15987,acetylcholine,0
1806535767,LPC1,noside,15988,acetylcholine,0
1806535843,LPC1,noside,15989,acetylcholine,0
1806664939,WED134,right,15990,acetylcholine,0
1806664943,WED143,right,15991,acetylcholine,0
1806664947,WED136,right,15992,acetylcholine,0
1806664951,WED143,right,15993,acetylcholine,0
1806664972,WED137,right,15994,acetylcholine,0
1806664990,SAD087,right,15995,acetylcholine,0
1806665009,WED137,right,15996,acetylcholine,0
1806850696,LPC1,noside,15997,acetylcholine,0
1806880698,LPC1,noside,15998,acetylcholine,0
1806880914,LPC1,noside,15999,acetylcholine,0
1806885186,LPC1,noside,16000,acetylcholine,0
1806885187,LPC1,noside,16001,acetylcholine,0
1806885454,LPC1,noside,16002,acetylcholine,0
1806893720,LPC1,noside,16003,acetylcholine,0
1807001603,SAD088,right,16004,acetylcholine,0
1807001609,WED144,right,16005,acetylcholine,0
1807005756,WED139,right,16006,acetylcholine,0
1807005789,WED139,right,16007,acetylcholine,0
1807005800,WED134,right,16008,acetylcholine,0
1807191501,LLPC3,noside,16009,glutamate,1
1807234995,LPC1,noside,16010,acetylcholine,0
1807235150,LPC1,noside,16011,acetylcholine,0
1807238852,LPC1,noside,16012,acetylcholine,0
1807239383,LPC1,noside,16013,acetylcholine,0
1807243321,LPC1,noside,16014,acetylcholine,0
1807342446,SAD087,right,16015,acetylcholine,0
1807346788,WED137,right,16016,acetylcholine,0
1807537598,HSE,noside,16017,glutamate,1
1807572051,LC17,noside,16018,acetylcholine,0
1807584848,LPC1,noside,16019,acetylcholine,0
1807584851,LPC1,noside,16020,acetylcholine,0
1807584852,LPC1,noside,16021,acetylcholine,0
1807592904,LPC1,noside,16022,acetylcholine,0
1807930214,LPC1,noside,16023,acetylcholine,0
1807942965,LPC1,noside,16024,acetylcholine,0
1808241116,LC17,noside,16025,gaba,1
1808267138,LC16,right,16026,acetylcholine,0
1808279335,LPC1,noside,16027,acetylcholine,0
1808279389,LPC1,noside,16028,acetylcholine,0
1808279428,LPC1,noside,16029,acetylcholine,0
1808279458,LPC1,noside,16030,acetylcholine,0
1808279472,LPC1,noside,16031,glutamate,1
1808284045,LPC1,noside,16032,acetylcholine,0
1808284051,LPC1,noside,16033,acetylcholine,0
1808318558,LLPC2b,noside,16034,glutamate,1
1808327285,LPC2,noside,16035,glutamate,1
1808327341,LPC2,noside,16036,glutamate,1
1808327586,LLPC3,noside,16037,glutamate,1
1808327623,LLPC3,noside,16038,glutamate,1
1808620692,LPC1,noside,16039,acetylcholine,0
1808624754,LPC1,noside,16040,glutamate,1
1808624842,LPC1,noside,16041,acetylcholine,0
1808624862,LPC1,noside,16042,acetylcholine,0
1808629175,LPC1,noside,16043,acetylcholine,0
1808633332,LPC1,noside,16044,acetylcholine,0
1808650829,LLPC2a,noside,16045,glutamate,1
1808659884,LLPC2b,noside,16046,glutamate,1
1808664135,WED042,right,16047,acetylcholine,0
1808927915,LC21,right,16048,acetylcholine,0
1808936407,LC20,right,16049,glutamate,1
1808949598,LC24,noside,16050,glutamate,1
1808958240,LC18,noside,16051,acetylcholine,0
1808965929,LPC1,noside,16052,acetylcholine,0
1808969927,LPC1,noside,16053,acetylcholine,0
1808983265,LLPC2a,noside,16054,glutamate,1
1808983271,LLPC3,noside,16055,acetylcholine,0
1808996023,LLPC2a,noside,16056,glutamate,1
1809000883,LLPC2c,noside,16057,acetylcholine,0
1809264255,LC4,noside,16058,gaba,1
1809273495,LC24,noside,16059,glutamate,1
1809302520,LC18,noside,16060,acetylcholine,0
1809319986,LPC1,noside,16061,acetylcholine,0
1809320036,LPC1,noside,16062,acetylcholine,0
1809320060,LPC1,noside,16063,acetylcholine,0
1809372805,PS048,right,16064,glutamate,1
1809614687,LPLC2,right,16065,acetylcholine,0
1809665517,LLPC3,noside,16066,acetylcholine,0
1809665643,LLPC3,noside,16067,glutamate,1
1809665687,LLPC3,noside,16068,glutamate,1
1809669836,LLPC2a,noside,16069,glutamate,1
1809669917,LLPC3,noside,16070,glutamate,1
1809682795,LLPC3,noside,16071,acetylcholine,0
1809687222,LLPC2a,noside,16072,acetylcholine,0
1809695854,LLPC2c,noside,16073,acetylcholine,0
1809713622,WED071,right,16074,unknown,0
1810011201,LLPC3,noside,16075,glutamate,1
1810019564,LLPC3,noside,16076,glutamate,1
1810032756,LLPC2c,noside,16077,glutamate,1
1810338703,LPC2,noside,16078,acetylcholine,0
1810339448,LPC2,noside,16079,acetylcholine,0
1810343500,LPC2,noside,16080,acetylcholine,0
1810343561,LPC2,noside,16081,acetylcholine,0
1810343613,LPC2,noside,16082,acetylcholine,0
1810356581,LLPC3,noside,16083,acetylcholine,0
1810373801,LLPC2c,noside,16084,glutamate,1
1810395386,PS023,right,16085,acetylcholine,0
1810645950,LC22,right,16086,acetylcholine,0
1810659099,LC37a,right,16087,glutamate,1
1810706101,LLPC3,noside,16088,glutamate,1
1810944084,LC15,right,16089,acetylcholine,0
1810956698,LC4,noside,16090,acetylcholine,0
1810986443,LC22,right,16091,acetylcholine,0
1811012154,PLP255,right,16092,acetylcholine,0
1811047193,LLPC3,noside,16093,acetylcholine,0
1811163357,PS165,right,16094,gaba,1
1811163598,PS145,right,16095,gaba,1
1811306906,LC24,noside,16096,glutamate,1
1811371175,WED176,right,16097,serotonin,0
1811392809,LLPC3,noside,16098,acetylcholine,0
1811392834,LLPC2c,noside,16099,acetylcholine,0
1811401061,LLPC2c,noside,16100,acetylcholine,0
1811630361,LPLC2,right,16101,dopamine,0
1811646824,LC24,noside,16102,glutamate,1
1811733868,LLPC1,noside,16103,acetylcholine,0
1811737700,LLPC3,noside,16104,acetylcholine,0
1811737795,LLPC1,noside,16105,glutamate,1
1811737863,LLPC1,noside,16106,glutamate,1
1811853893,VES030,right,16107,gaba,1
1811889085,PS094,right,16108,gaba,1
1812065514,WED043,right,16109,acetylcholine,0
1812069664,WED026,right,16110,gaba,1
1812078229,LLPC1,noside,16111,acetylcholine,0
1812078303,LLPC1,noside,16112,acetylcholine,0
1812078638,LLPC1,noside,16113,acetylcholine,0
1812078869,LLPC1,noside,16114,acetylcholine,0
1812078876,LLPC1,noside,16115,acetylcholine,0
1812083043,LLPC1,noside,16116,acetylcholine,0
1812363713,LC17,noside,16117,gaba,1
1812419638,LLPC1,noside,16118,glutamate,1
1812485095,PS042,right,16119,acetylcholine,0
1812488920,PS019,right,16120,acetylcholine,0
1812493277,LAL025,right,16121,acetylcholine,0
1812497812,PS042,right,16122,glutamate,1
1812511203,PS191,right,16123,glutamate,1
1812696401,PLP227,right,16124,acetylcholine,0
1812696567,LC17,noside,16125,dopamine,0
1812898952,SAD056,right,16126,acetylcholine,0
1812902999,SAD054,right,16127,acetylcholine,0
1813028777,LC17,noside,16128,dopamine,0
1813054194,LPLC1,noside,16129,dopamine,0
1813089300,AOTU032,right,16130,acetylcholine,0
1813206171,SAD053,right,16131,acetylcholine,0
1813222721,SAD052,right,16132,acetylcholine,0
1813235278,SAD065,right,16133,acetylcholine,0
1813239939,SAD067,right,16134,acetylcholine,0
1813373584,LC12,noside,16135,gaba,1
1813382259,LC17,right,16136,gaba,1
1813391435,LPLC4,right,16137,acetylcholine,0
1813399871,LPLC1,right,16138,acetylcholine,0
1813403630,LPLC2,noside,16139,acetylcholine,0
1813403762,LPLC2,noside,16140,acetylcholine,0
1813403869,LPLC2,noside,16141,acetylcholine,0
1813403953,LPLC2,right,16142,acetylcholine,0
1813403998,LPLC2,noside,16143,dopamine,0
1813559869,SAD062,right,16144,acetylcholine,0
1813563837,SAD057,right,16145,acetylcholine,0
1813727537,LC29,right,16146,acetylcholine,0
1813727811,LC22,right,16147,acetylcholine,0
1813728233,LC22,right,16148,acetylcholine,0
1813732543,LPLC4,right,16149,acetylcholine,0
1813891980,SAD057,right,16150,acetylcholine,0
1813900871,SAD057,right,16151,acetylcholine,0
1813900946,SAD058,right,16152,acetylcholine,0
1813901048,SAD058,right,16153,acetylcholine,0
1813901059,SAD058,right,16154,acetylcholine,0
1814031575,LC17,noside,16155,dopamine,0
1814055949,LC17,noside,16156,gaba,1
1814060070,LC17,noside,16157,gaba,1
1814410124,LC17,noside,16158,acetylcholine,0
1814414329,LPLC2,right,16159,acetylcholine,0
1814418212,LPLC2,right,16160,acetylcholine,0
1814422650,LPLC2,right,16161,acetylcholine,0
1814426918,LPLC2,noside,16162,acetylcholine,0
1814729223,LC17,right,16163,dopamine,0
1814729788,LC17,noside,16164,gaba,1
1814733827,LC22,noside,16165,acetylcholine,0
1814751048,LC12,noside,16166,dopamine,0
1814759163,LC12,noside,16167,gaba,1
1814759464,LC12,noside,16168,gaba,1
1814777260,LPLC2,right,16169,dopamine,0
1814780768,LPLC2,right,16170,acetylcholine,0
1814781082,LPLC2,right,16171,acetylcholine,0
1814781356,LPLC2,right,16172,acetylcholine,0
1814781537,LPLC2,right,16173,acetylcholine,0
1814781628,LPLC2,noside,16174,acetylcholine,0
1814781633,LPLC2,right,16175,acetylcholine,0
1814841869,WED109,right,16176,acetylcholine,0
1814846802,SAD083,right,16177,acetylcholine,0
1815070402,LC4,noside,16178,acetylcholine,0
1815087643,LC12,right,16179,gaba,1
1815096511,LC12,right,16180,octopamine,0
1815126312,LPLC2,right,16181,acetylcholine,0
1815126433,LPLC2,right,16182,acetylcholine,0
1815131045,LPLC2,right,16183,acetylcholine,0
1815165718,AVLP510,right,16184,acetylcholine,0
1815432882,LC12,right,16185,gaba,1
1815471919,LPLC2,right,16186,acetylcholine,0
1815480848,LPLC2,right,16187,acetylcholine,0
1815579306,VES074,right,16188,acetylcholine,0
1815713979,LC12,noside,16189,gaba,1
1815769330,LC12,noside,16190,dopamine,0
1815769521,LC12,right,16191,dopamine,0
1815773781,LC12,noside,16192,dopamine,0
1815773916,LC12,noside,16193,dopamine,0
1815778676,LC12,noside,16194,gaba,1
1815809293,LPLC2,right,16195,acetylcholine,0
1815826155,LPLC2,right,16196,acetylcholine,0
1815890647,WED146,right,16197,acetylcholine,0
1815890814,SAD090,right,16198,acetylcholine,0
1815895306,WED147,right,16199,acetylcholine,0
1815895547,DNp17,right,16200,glutamate,1
1816106457,LC12,noside,16201,gaba,1
1816114845,LC12,noside,16202,gaba,1
1816115219,LC12,noside,16203,dopamine,0
1816205744,JO-A/B/C,noside,16204,,0
1816456312,LC12,right,16205,gaba,1
1816573829,LAL020,right,16206,acetylcholine,0
1816754260,LC10,noside,16207,acetylcholine,0
1816788474,LC12,noside,16208,gaba,1
1816909775,WED147,right,16209,acetylcholine,0
1817107934,LC17,noside,16210,dopamine,0
1817108009,LC17,noside,16211,gaba,1
1817112807,LC17,right,16212,gaba,1
1817112855,LC17,noside,16213,gaba,1
1817113079,LC17,noside,16214,dopamine,0
1817444315,LC17,right,16215,gaba,1
1817444555,LC17,noside,16216,gaba,1
1817444670,LC17,right,16217,dopamine,0
1817448659,LC17,noside,16218,dopamine,0
1817448921,LC17,noside,16219,gaba,1
1817448971,LC17,noside,16220,dopamine,0
1817449059,LC17,noside,16221,gaba,1
1817449116,LC17,right,16222,gaba,1
1817449229,LC17,noside,16223,dopamine,0
1817449236,LC17,noside,16224,dopamine,0
1817449375,LC17,noside,16225,gaba,1
1817452948,LC17,noside,16226,dopamine,0
1817453065,LC17,noside,16227,dopamine,0
1817453257,LC17,noside,16228,gaba,1
1817453557,LC17,right,16229,dopamine,0
1817457808,LC17,noside,16230,gaba,1
1817457847,LC17,noside,16231,dopamine,0
1817457984,LC17,noside,16232,dopamine,0
1817457987,LC17,noside,16233,acetylcholine,0
1817458052,LC17,noside,16234,gaba,1
1817458164,LC17,noside,16235,gaba,1
1817463007,LC17,noside,16236,gaba,1
1817712927,SMP148,right,16237,gaba,1
1817785661,LC17,noside,16238,dopamine,0
1817785682,LC17,noside,16239,dopamine,0
1817786077,LC17,noside,16240,gaba,1
1817790176,LC17,noside,16241,gaba,1
1817790222,LC17,noside,16242,gaba,1
1817790281,LC17,right,16243,dopamine,0
1817790409,LC17,right,16244,gaba,1
1817794820,LC17,right,16245,dopamine,0
1817799390,LC17,noside,16246,dopamine,0
1818122205,LC17,noside,16247,gaba,1
1818136404,LC17,noside,16248,dopamine,0
1818307672,VC3m_lvPN,right,16249,acetylcholine,0
1818473569,LC17,noside,16250,dopamine,0
1818593685,PLP063,right,16251,acetylcholine,0
1818696317,LT33,left,16252,gaba,1
1819102805,LAL180,right,16253,acetylcholine,0
1819210383,WED063_a,right,16254,acetylcholine,0
1819284693,WED002,right,16255,acetylcholine,0
1819326555,M_vPNml89,right,16256,gaba,1
1819805664,aMe4,noside,16257,unknown,0
1819905958,AVLP139,right,16258,acetylcholine,0
1819957885,WEDPN7B,right,16259,acetylcholine,0
1819965764,SAD048,right,16260,octopamine,0
1820005073,LAL082,right,16261,serotonin,0
1820233780,AVLP145,right,16262,acetylcholine,0
1820384758,ORN_VC5,noside,16263,acetylcholine,0
1820388536,ORN_VC5,noside,16264,acetylcholine,0
1820388753,ORN_VC5,noside,16265,acetylcholine,0
1820388940,ORN_VC5,noside,16266,acetylcholine,0
1820561194,AVLP120,right,16267,acetylcholine,0
1820720776,ORN_VM7d,noside,16268,acetylcholine,0
1820720998,ORN_VM7d,noside,16269,acetylcholine,0
1820721562,v2LN32,right,16270,gaba,1
1821053937,HRN_VP4,left,16271,acetylcholine,0
1821054097,HRN_VP4,left,16272,acetylcholine,0
1821062060,ORN_VM7d,noside,16273,acetylcholine,0
1821062183,ORN_VM7d,noside,16274,serotonin,0
1821062392,ORN_VM7v,left,16275,acetylcholine,0
1821062423,ORN_VM7v,left,16276,acetylcholine,0
1821062473,ORN_VM7v,noside,16277,acetylcholine,0
1821062620,ORN_VM7v,left,16278,acetylcholine,0
1821395094,HRN_VP4,left,16279,acetylcholine,0
1821395351,HRN_VP4,left,16280,acetylcholine,0
1821403375,ORN_VM7d,noside,16281,acetylcholine,0
1821403388,ORN_VM7v,left,16282,acetylcholine,0
1821403404,ORN_VM7d,noside,16283,acetylcholine,0
1821403418,ORN_VM7v,left,16284,acetylcholine,0
1821403502,ORN_VM7d,noside,16285,acetylcholine,0
1821403618,ORN_VM7d,noside,16286,acetylcholine,0
1821403680,ORN_VM7d,noside,16287,acetylcholine,0
1821744519,ORN_VM7d,noside,16288,acetylcholine,0
1822055297,ORN_DP1l,left,16289,acetylcholine,0
1822055337,ORN_DP1l,left,16290,acetylcholine,0
1822055381,ORN_DP1l,left,16291,acetylcholine,0
1822060683,ORN_DP1l,left,16292,acetylcholine,0
1822978855,AVLP104,right,16293,acetylcholine,0
1823363190,ORN_DP1l,right,16294,acetylcholine,0
1823367829,ORN_DP1l,left,16295,acetylcholine,0
1823661274,AVLP386,right,16296,acetylcholine,0
1823708611,ORN_DP1l,left,16297,acetylcholine,0
1823712908,ORN_DP1l,left,16298,acetylcholine,0
1823713211,ORN_DP1l,right,16299,acetylcholine,0
1823717721,ORN_DP1l,right,16300,acetylcholine,0
1824015349,AVLP385,right,16301,serotonin,0
1824015402,AVLP385,right,16302,acetylcholine,0
1824049537,ORN_VL2a,left,16303,serotonin,0
1824049560,ORN_VL2a,left,16304,serotonin,0
1824054016,ORN_DP1l,right,16305,acetylcholine,0
1824101645,lLN1_c,right,16306,serotonin,0
1824334786,AVLP260,right,16307,acetylcholine,0
1824472937,ORN_DM2,left,16308,acetylcholine,0
1824723104,ORN_VL2a,left,16309,serotonin,0
1824745150,lLN15,right,16310,gaba,1
1824801327,ORN_DM2,noside,16311,acetylcholine,0
1824805341,ORN_DM2,noside,16312,,0
1824813936,ORN_DM2,noside,16313,acetylcholine,0
1824865496,ORN_DM2,left,16314,acetylcholine,0
1825085656,M_lPNm11D,right,16315,acetylcholine,0
1825137958,ORN_DM2,noside,16316,,0
1825146110,ORN_DM2,noside,16317,,0
1825146295,ORN_DM2,right,16318,acetylcholine,0
1825440160,MZ_lv2PN,right,16319,gaba,1
1825789179,lLN10,right,16320,gaba,1
1825828174,ORN_DM2,noside,16321,acetylcholine,0
1826121523,ALIN2,right,16322,acetylcholine,0
1826169618,ORN_DM2,noside,16323,,0
1826445251,lLN12A,right,16324,acetylcholine,0
1826458709,v2LN34D,right,16325,acetylcholine,0
1826492720,ORN_DM6,right,16326,acetylcholine,0
1826566083,ORN_DM6,left,16327,acetylcholine,0
1826773575,ORN_DA1,noside,16328,acetylcholine,0
1826773768,ORN_DA1,right,16329,acetylcholine,0
1826773830,ORN_DA1,left,16330,acetylcholine,0
1826825128,lLN13,right,16331,gaba,1
1826929327,ORN_DA2,noside,16332,acetylcholine,0
1827110060,ORN_DA1,left,16333,acetylcholine,0
1827114589,ORN_DA1,left,16334,acetylcholine,0
1827122986,ORN_DA1,noside,16335,acetylcholine,0
1827446803,ORN_DA1,left,16336,acetylcholine,0
1827451271,ORN_DA1,right,16337,,0
1827473315,M_lvPNm42,right,16338,acetylcholine,0
1827481734,ORN_DC1,noside,16339,acetylcholine,0
1827516355,DA2_lPN,right,16340,acetylcholine,0
1827516518,ORN_DC2,left,16341,acetylcholine,0
1827516566,ORN_DC2,right,16342,acetylcholine,0
1827633289,ORN_DA1,left,16343,acetylcholine,0
1827840165,ORN_DA4m,noside,16344,octopamine,0
1827861908,ORN_DC2,right,16345,acetylcholine,0
1827861955,ORN_VA6,noside,16346,acetylcholine,0
1827861966,M_lPNm11D,right,16347,acetylcholine,0
1828163670,ORN_DA4l,noside,16348,serotonin,0
1828163812,ORN_DA4l,noside,16349,serotonin,0
1828163827,ORN_DA4l,noside,16350,serotonin,0
1828163960,ORN_DA4l,noside,16351,serotonin,0
1828168162,ORN_DA4l,noside,16352,serotonin,0
1828168256,ORN_DA4l,noside,16353,serotonin,0
1828180627,ORN_DA4m,noside,16354,acetylcholine,0
1828181229,ORN_DA4m,noside,16355,gaba,1
1828206773,DC2_adPN,right,16356,acetylcholine,0
1828500243,ORN_DL3,right,16357,serotonin,0
1828504827,ORN_DA4l,noside,16358,serotonin,0
1828505022,ORN_DA4l,noside,16359,serotonin,0
1828509124,ORN_DA4l,noside,16360,serotonin,0
1828509152,ORN_DA4l,noside,16361,acetylcholine,0
1828841178,ORN_DC3,noside,16362,acetylcholine,0
1828845647,ORN_DC3,noside,16363,acetylcholine,0
1828845666,ORN_DC3,noside,16364,acetylcholine,0
1836516710,VS,noside,16365,glutamate,1
1837198715,VS,noside,16366,acetylcholine,0
1837902676,LPC1,noside,16367,acetylcholine,0
1837920218,LPC1,noside,16368,acetylcholine,0
1838257401,LC4,noside,16369,acetylcholine,0
1838266061,LPC1,noside,16370,acetylcholine,0
1838269993,LPC1,noside,16371,acetylcholine,0
1838274271,LPC1,noside,16372,acetylcholine,0
1838364577,MC66,noside,16373,,0
1838615654,LC31,noside,16374,acetylcholine,0
1838969023,LPC1,noside,16375,acetylcholine,0
1839003570,LLPC1,noside,16376,glutamate,1
1839012125,LLPC2b,noside,16377,glutamate,1
1839020900,LPC2,noside,16378,glutamate,1
1839288696,LC4,noside,16379,acetylcholine,0
1839310335,LPC1,noside,16380,acetylcholine,0
1839314480,LPC1,noside,16381,acetylcholine,0
1839340255,LLPC3,noside,16382,glutamate,1
1839344717,LLPC1,noside,16383,acetylcholine,0
1839366430,LLPC3,noside,16384,glutamate,1
1839366494,LLPC3,noside,16385,glutamate,1
1839405082,WED163,right,16386,acetylcholine,0
1839443948,PS225,right,16387,glutamate,1
1839659717,LPC1,noside,16388,acetylcholine,0
1839715679,WED038,right,16389,gaba,1
1839776786,PS047,right,16390,acetylcholine,0
1839975232,Li19,right,16391,gaba,1
1840004786,LPC1,noside,16392,acetylcholine,0
1840359331,LLPC3,noside,16393,glutamate,1
1840372147,LLPC3,noside,16394,glutamate,1
1840389505,LLPC2b,noside,16395,glutamate,1
1840419884,PS077,right,16396,glutamate,1
1840428467,WED074,left,16397,gaba,1
1840636280,LC4,noside,16398,acetylcholine,0
1840700339,LPC2,noside,16399,glutamate,1
1841032927,LPC2,noside,16400,,0
1841037528,LPC2,noside,16401,acetylcholine,0
1841041194,LPC2,noside,16402,acetylcholine,0
1841045778,LLPC3,noside,16403,acetylcholine,0
1841045842,LLPC3,noside,16404,glutamate,1
1841045945,LLPC3,noside,16405,glutamate,1
1841050064,LLPC3,noside,16406,glutamate,1
1841050145,LLPC3,noside,16407,acetylcholine,0
1841054212,LLPC3,noside,16408,acetylcholine,0
1841063105,LLPC1,noside,16409,acetylcholine,0
1841373890,LPC2,noside,16410,acetylcholine,0
1841378357,LPC2,noside,16411,acetylcholine,0
1841378398,LPC2,noside,16412,glutamate,1
1841460416,WED103,right,16413,glutamate,1
1841663352,LC21,right,16414,acetylcholine,0
1841728188,LLPC3,noside,16415,glutamate,1
1841728218,LLPC3,noside,16416,glutamate,1
1842051749,LC13,right,16417,acetylcholine,0
1842090544,LPC1,noside,16418,acetylcholine,0
1842090637,LLPC1,noside,16419,glutamate,1
1842172271,PS208,left,16420,acetylcholine,0
1842427221,LLPC3,noside,16421,glutamate,1
1842427589,LLPC3,noside,16422,glutamate,1
1842427674,LLPC3,noside,16423,glutamate,1
1842682322,LC26,noside,16424,acetylcholine,0
1842682500,LC13,right,16425,acetylcholine,0
1842777126,LLPC3,noside,16426,acetylcholine,0
1842777145,LLPC3,noside,16427,glutamate,1
1842850638,PS042,right,16428,glutamate,1
1843113661,LLPC1,noside,16429,acetylcholine,0
1843118063,LLPC1,noside,16430,acetylcholine,0
1843536369,PS192,right,16431,glutamate,1
1843744231,LPLC1,right,16432,acetylcholine,0
1844240829,VES021,right,16433,gaba,1
1844421716,LC17,noside,16434,gaba,1
1844741566,Li18,right,16435,,0
1844750081,LPLC2,right,16436,acetylcholine,0
1844793126,WED145,right,16437,dopamine,0
1844909326,SAD057,right,16438,acetylcholine,0
1844914014,SAD066,right,16439,acetylcholine,0
1845078711,LC4,noside,16440,acetylcholine,0
1845117373,LPLC1,right,16441,acetylcholine,0
1845431840,LC22,right,16442,acetylcholine,0
1845431908,LC22,right,16443,acetylcholine,0
1845449270,LPLC2,right,16444,acetylcholine,0
1845453234,LPLC2,right,16445,acetylcholine,0
1845617483,CL119,right,16446,gaba,1
1845772658,LC17,right,16447,gaba,1
1845876142,SAD083,right,16448,acetylcholine,0
1845876264,WED118_a,right,16449,acetylcholine,0
1845920973,WED131,right,16450,,0
1846113980,LC20,noside,16451,acetylcholine,0
1846135022,LC12,noside,16452,dopamine,0
1846213131,WED114,right,16453,acetylcholine,0
1846260300,SAD090,right,16454,acetylcholine,0
1846800094,LC12,noside,16455,octopamine,0
1846812834,LC12,noside,16456,octopamine,0
1846874089,AVLP509,right,16457,acetylcholine,0
1846886284,WED118_a,right,16458,acetylcholine,0
1846930477,SAD092,right,16459,acetylcholine,0
1847145780,LC12,noside,16460,gaba,1
1847806203,LC17,noside,16461,gaba,1
1847806275,LC17,noside,16462,gaba,1
1847810811,LC17,right,16463,dopamine,0
1847815147,LC17,right,16464,dopamine,0
1847819222,LC12,right,16465,dopamine,0
1847944705,PS026,right,16466,acetylcholine,0
1847979455,VES010,right,16467,gaba,1
1848138779,LC17,noside,16468,gaba,1
1848143184,LC17,noside,16469,dopamine,0
1848151236,LC17,noside,16470,gaba,1
1848151571,LC17,right,16471,dopamine,0
1848151877,LC17,noside,16472,acetylcholine,0
1848156241,LC17,noside,16473,acetylcholine,0
1848251306,LC31,noside,16474,acetylcholine,0
1848483949,LC17,right,16475,gaba,1
1848492258,LC17,noside,16476,gaba,1
1848492714,LC17,noside,16477,gaba,1
1848496662,LC17,noside,16478,gaba,1
1848592019,LC31,noside,16479,acetylcholine,0
1848820426,LC17,right,16480,gaba,1
1848824817,LC17,noside,16481,dopamine,0
1848828925,LC17,right,16482,gaba,1
1848837843,LC17,noside,16483,acetylcholine,0
1848960054,WED002,right,16484,acetylcholine,0
1849161220,LC17,noside,16485,dopamine,0
1849161407,LC17,noside,16486,dopamine,0
1849166071,LC17,noside,16487,dopamine,0
1849174879,LC17,right,16488,gaba,1
1849178917,LC17,noside,16489,gaba,1
1849179266,LC17,noside,16490,dopamine,0
1849183960,LC17,right,16491,acetylcholine,0
1849235388,WED052,right,16492,acetylcholine,0
1849503142,LC17,noside,16493,dopamine,0
1849507321,LC17,noside,16494,acetylcholine,0
1849520324,LC17,noside,16495,gaba,1
1849554529,AVLP278,right,16496,acetylcholine,0
1849683877,M_lvPNm46,right,16497,acetylcholine,0
1849684319,VC5_lvPN,right,16498,acetylcholine,0
1849895777,AVLP278,right,16499,acetylcholine,0
1849969844,LAL189,right,16500,acetylcholine,0
1850024931,VM4_lvPN,right,16501,acetylcholine,0
1850241606,WED063_b,right,16502,acetylcholine,0
1850245360,WED065,right,16503,acetylcholine,0
1850587095,WED065,right,16504,acetylcholine,0
1850706912,VC2_lPN,right,16505,acetylcholine,0
1850711304,VM1_lPN,right,16506,acetylcholine,0
1851061177,VA1d_adPN,right,16507,acetylcholine,0
1851389175,VM3_adPN,right,16508,acetylcholine,0
1851393805,VM7d_adPN,right,16509,acetylcholine,0
1851614730,AVLP145,right,16510,acetylcholine,0
1851674423,WED083,right,16511,unknown,0
1851756564,ORN_VC5,left,16512,acetylcholine,0
1851756588,ORN_VC5,noside,16513,acetylcholine,0
1851756810,ORN_VC5,noside,16514,acetylcholine,0
1851756822,ORN_VC5,noside,16515,acetylcholine,0
1851756941,ORN_VC5,noside,16516,acetylcholine,0
1851756963,ORN_VC5,noside,16517,acetylcholine,0
1851756979,ORN_VC5,noside,16518,acetylcholine,0
1851756980,ORN_VC5,noside,16519,acetylcholine,0
1851757063,ORN_VC5,noside,16520,acetylcholine,0
1851757133,ORN_VC5,noside,16521,acetylcholine,0
1852006949,WED020_a,right,16522,acetylcholine,0
1852084817,HRN_VP4,left,16523,acetylcholine,0
1852093674,ORN_VC3l,left,16524,acetylcholine,0
1852097022,ORN_VC3l,left,16525,acetylcholine,0
1852097284,ORN_VC3l,right,16526,acetylcholine,0
1852754119,v2LN40,right,16527,gaba,1
1854022847,AVLP376,right,16528,acetylcholine,0
1854031434,AVLP103,right,16529,acetylcholine,0
1854407104,ORN_DP1l,right,16530,acetylcholine,0
1854419820,v2LN34E,right,16531,acetylcholine,0
1854536305,ORN_DM2,right,16532,acetylcholine,0
1854696110,AVLP384,right,16533,acetylcholine,0
1854876962,ORN_DM2,left,16534,acetylcholine,0
1855412441,ORN_VL2a,right,16535,acetylcholine,0
1855844720,ORN_DM2,noside,16536,,0
1855848320,ORN_DM2,noside,16537,,0
1856103073,ORN_VL2a,left,16538,serotonin,0
1856129403,v2LN34E,right,16539,serotonin,0
1856259388,VM5d_adPN,left,16540,,0
1856466057,v2LN34B,right,16541,acetylcholine,0
1856513745,ORN_DM2,noside,16542,acetylcholine,0
1856522421,ORN_DM2,noside,16543,,0
1856586855,ORN_DM5,noside,16544,serotonin,0
1856820042,M_lvPNm47,right,16545,acetylcholine,0
1856820145,lLN16B,right,16546,acetylcholine,0
1856833015,M_lPNm12,right,16547,acetylcholine,0
1856863404,ORN_DM2,noside,16548,,0
1857143769,M_vPNml63,right,16549,gaba,1
1857148391,M_lPNm11D,right,16550,acetylcholine,0
1857200218,ORN_DM2,noside,16551,acetylcholine,0
1857200253,ORN_DM2,noside,16552,,0
1857485083,lLN9,right,16553,serotonin,0
1857485213,lLN16B,right,16554,gaba,1
1857549947,ORN_DM5,noside,16555,,0
1857605764,ORN_DM5,noside,16556,octopamine,0
1857799548,lLN2P_a,right,16557,serotonin,0
1857825571,DC3_adPN,right,16558,acetylcholine,0
1857830017,v2LN34A,right,16559,acetylcholine,0
1858162227,ORN_DA1,right,16560,acetylcholine,0
1858171399,DC3_adPN,right,16561,acetylcholine,0
1858171515,ORN_DC3,noside,16562,acetylcholine,0
1858171556,lLN2P_c,right,16563,acetylcholine,0
1858486077,ORN_DA1,right,16564,acetylcholine,0
1858512256,ORN_DC3,noside,16565,acetylcholine,0
1858517007,ORN_DC3,noside,16566,acetylcholine,0
1858822939,ORN_DA1,right,16567,acetylcholine,0
1858857279,ORN_DA4l,noside,16568,serotonin,0
1858857291,ORN_DA4l,noside,16569,serotonin,0
1858857698,ORN_DC3,noside,16570,serotonin,0
1858857867,ORN_DC3,right,16571,acetylcholine,0
1858857875,ORN_DC3,right,16572,acetylcholine,0
1858887650,ORN_DA2,noside,16573,acetylcholine,0
1858892359,ORN_DA2,noside,16574,acetylcholine,0
1858896269,ORN_DC2,right,16575,acetylcholine,0
1858901026,VP2+_adPN,right,16576,acetylcholine,0
1859190013,ORN_DA1,right,16577,acetylcholine,0
1859194620,ORN_DC3,noside,16578,acetylcholine,0
1859198542,ORN_DA4l,noside,16579,acetylcholine,0
1859220826,ORN_DA2,noside,16580,acetylcholine,0
1859224592,ORN_DA2,noside,16581,acetylcholine,0
1859224739,ORN_DA2,noside,16582,acetylcholine,0
1859539329,ORN_DA4l,noside,16583,serotonin,0
1859539437,ORN_DA4l,noside,16584,serotonin,0
1859565686,ORN_DA2,noside,16585,acetylcholine,0
1859880427,ORN_DC3,right,16586,acetylcholine,0
1859880766,ORN_DC3,noside,16587,acetylcholine,0
1860225715,ORN_DC3,noside,16588,acetylcholine,0
1868255513,VS,noside,16589,neither,0
1868619183,VS,noside,16590,glutamate,1
1869300439,LC18,noside,16591,acetylcholine,0
1869649833,LC31,noside,16592,acetylcholine,0
1870397068,LLPC3,noside,16593,glutamate,1
1870694455,LPC1,noside,16594,acetylcholine,0
1870767995,PS055,right,16595,glutamate,1
1870769178,PS077,right,16596,gaba,1
1870993614,LC15,noside,16597,acetylcholine,0
1871031444,LC18,noside,16598,acetylcholine,0
1871048944,LLPC3,noside,16599,glutamate,1
1871100394,WED038,right,16600,glutamate,1
1871114028,SAD005,right,16601,acetylcholine,0
1871717951,LC40a,right,16602,acetylcholine,0
1871744011,LLPC3,noside,16603,glutamate,1
1871744050,LLPC3,noside,16604,glutamate,1
1871744219,LLPC3,noside,16605,glutamate,1
1872033743,LPLC2,right,16606,acetylcholine,0
1872067203,LPC2,noside,16607,acetylcholine,0
1872067538,LPC2,noside,16608,acetylcholine,0
1872067590,LPC2,noside,16609,acetylcholine,0
1872067662,LPC2,noside,16610,glutamate,1
1872067692,LPC2,noside,16611,acetylcholine,0
1872067880,LPC2,noside,16612,acetylcholine,0
1872071833,LPC2,noside,16613,glutamate,1
1872396010,LC21,right,16614,acetylcholine,0
1872404653,LC40a,right,16615,acetylcholine,0
1872408358,LPC2,noside,16616,acetylcholine,0
1872408426,LPC2,noside,16617,acetylcholine,0
1872408527,LPC2,noside,16618,gaba,1
1872413058,LPC2,noside,16619,glutamate,1
1872413403,LPC2,noside,16620,acetylcholine,0
1872417249,LPC2,noside,16621,glutamate,1
1872417830,LPC2,noside,16622,glutamate,1
1872469485,PS194,right,16623,glutamate,1
1872762224,LLPC1,noside,16624,glutamate,1
1872762831,LLPC3,noside,16625,glutamate,1
1873078321,LC12,noside,16626,acetylcholine,0
1873086684,LC13,right,16627,acetylcholine,0
1873091171,MC62,right,16628,acetylcholine,0
1873107977,LPC2,noside,16629,glutamate,1
1873116398,LLPC3,noside,16630,glutamate,1
1873120862,LLPC1,noside,16631,glutamate,1
1873444554,WED173,right,16632,serotonin,0
1873444990,PS142,right,16633,glutamate,1
1873466115,LLPC1,noside,16634,acetylcholine,0
1873466322,LLPC3,noside,16635,glutamate,1
1873470681,LLPC3,noside,16636,glutamate,1
1873734612,LC20,right,16637,acetylcholine,0
1873811611,LLPC3,noside,16638,glutamate,1
1874035952,LC4,noside,16639,acetylcholine,0
1874395413,Li19,right,16640,gaba,1
1874467647,WED026,right,16641,gaba,1
1874615577,PS094,right,16642,gaba,1
1874782886,LT58,right,16643,gaba,1
1875081952,Li13,right,16644,gaba,1
1875124235,LC17,noside,16645,gaba,1
1875145789,WED088,right,16646,gaba,1
1875181194,WED069,right,16647,acetylcholine,0
1875214597,PS270,right,16648,acetylcholine,0
1875284107,VES042,right,16649,acetylcholine,0
1875409122,LC25,noside,16650,glutamate,1
1875460978,LC17,noside,16651,dopamine,0
1875469089,VES044,right,16652,acetylcholine,0
1875469390,LC37a,right,16653,glutamate,1
1875590941,PS037,right,16654,acetylcholine,0
1875625119,VES027,right,16655,gaba,1
1875836576,WED112,right,16656,acetylcholine,0
1875962033,VES037,right,16657,gaba,1
1876105544,LC10,noside,16658,acetylcholine,0
1876125353,LC46b,right,16659,acetylcholine,0
1876125752,Li13,right,16660,gaba,1
1876147388,LPLC2,right,16661,acetylcholine,0
1876147437,LPLC2,right,16662,acetylcholine,0
1876276621,SAD065,right,16663,acetylcholine,0
1876466986,LC22,right,16664,acetylcholine,0
1876471221,LC4,noside,16665,gaba,1
1876484146,LPLC2,right,16666,acetylcholine,0
1876492837,LPLC2,right,16667,acetylcholine,0
1876565477,PVLP142,right,16668,acetylcholine,0
1876803839,LC12,noside,16669,gaba,1
1876820783,LC17,noside,16670,gaba,1
1876894387,LC4,noside,16671,acetylcholine,0
1876898200,LC4,right,16672,acetylcholine,0
1876902545,LC4,noside,16673,acetylcholine,0
1876993474,SAD073,right,16674,gaba,1
1877152860,LC24,noside,16675,acetylcholine,0
1877217777,LC4,noside,16676,gaba,1
1877231006,PVLP046,right,16677,gaba,1
1877468736,Li20,right,16678,gaba,1
1877667406,VES045,right,16679,gaba,1
1877930505,LC4,noside,16680,acetylcholine,0
1877939213,LC4,noside,16681,acetylcholine,0
1878271377,LC4,noside,16682,acetylcholine,0
1878543927,LC12,noside,16683,dopamine,0
1878845226,LC17,noside,16684,gaba,1
1878845629,LC17,noside,16685,dopamine,0
1879165918,MC64,noside,16686,acetylcholine,0
1879519066,LC17,noside,16687,dopamine,0
1879877415,LC17,right,16688,dopamine,0
1880209425,LC17,right,16689,gaba,1
1880722837,VES014,right,16690,acetylcholine,0
1880887003,LC17,noside,16691,acetylcholine,0
1881013117,LAL189,right,16692,acetylcholine,0
1881059780,VP1m+VP2_lvPN2,right,16693,acetylcholine,0
1881401277,VP1m+VP2_lvPN1,right,16694,acetylcholine,0
1881751117,VA6_adPN,right,16695,acetylcholine,0
1882009576,aIPg2,right,16696,acetylcholine,0
1882083076,VA7m_lPN,right,16697,acetylcholine,0
1882316655,AVLP399,right,16698,acetylcholine,0
1882321015,AVLP400,right,16699,acetylcholine,0
1882325087,AVLP400,right,16700,acetylcholine,0
1882639614,AVLP350,right,16701,acetylcholine,0
1882790992,ORN_VC5,noside,16702,acetylcholine,0
1883042152,WEDPN16_a,right,16703,acetylcholine,0
1883102183,v2LN5,right,16704,acetylcholine,0
1883106059,v2LN4,right,16705,gaba,1
1883128139,ORN_VC5,noside,16706,acetylcholine,0
1883133491,ORN_VC5,noside,16707,acetylcholine,0
1883442994,v2LN4,right,16708,acetylcholine,0
1883443069,v2LN38,right,16709,acetylcholine,0
1883443112,VP3+_l2PN,right,16710,acetylcholine,0
1883447409,HRN_VP4,left,16711,acetylcholine,0
1883447515,HRN_VP4,right,16712,acetylcholine,0
1883468979,ORN_VC3l,left,16713,acetylcholine,0
1883469292,ORN_VC3l,noside,16714,acetylcholine,0
1883469542,ORN_VC3l,noside,16715,acetylcholine,0
1883469558,ORN_VC3l,left,16716,acetylcholine,0
1883469572,ORN_VC1,left,16717,acetylcholine,0
1883473629,ORN_VC1,left,16718,serotonin,0
1883689091,AVLP455,right,16719,acetylcholine,0
1883783683,HRN_VP4,left,16720,acetylcholine,0
1883783710,HRN_VP4,right,16721,acetylcholine,0
1883783723,HRN_VP4,left,16722,acetylcholine,0
1883783769,HRN_VP4,left,16723,acetylcholine,0
1883783789,HRN_VP4,right,16724,acetylcholine,0
1883783906,HRN_VP4,right,16725,acetylcholine,0
1883783945,HRN_VP4,right,16726,acetylcholine,0
1883788812,v2LN50,right,16727,acetylcholine,0
1883965316,AVLP427,right,16728,gaba,1
1884125111,HRN_VP4,left,16729,acetylcholine,0
1884138473,HRN_VP1d,right,16730,acetylcholine,0
1884625521,l-LNv,noside,16731,neither,0
1885036132,AVLP550,right,16732,gaba,1
1885101169,ORN_DP1l,left,16733,acetylcholine,0
1885109710,v2LN46,right,16734,gaba,1
1885372956,AVLP484,right,16735,gaba,1
1885394331,AVLP401,right,16736,acetylcholine,0
1885394352,AVLP382,right,16737,acetylcholine,0
1885735235,AVLP382,right,16738,acetylcholine,0
1885740332,AVLP360,right,16739,acetylcholine,0
1885765506,ORN_VL2a,left,16740,serotonin,0
1885765762,lLN8,right,16741,acetylcholine,0
1885782720,v2LN46,right,16742,gaba,1
1886132855,M_adPNm7,right,16743,acetylcholine,0
1886192431,ORN_DM2,noside,16744,,0
1886447240,ORN_VL2a,left,16745,acetylcholine,0
1886788224,ORN_VL2a,right,16746,serotonin,0
1886788295,ORN_VL2a,left,16747,acetylcholine,0
1886788309,ORN_VL2a,right,16748,acetylcholine,0
1886788314,ORN_VL2a,right,16749,acetylcholine,0
1886788340,ORN_VL2a,left,16750,acetylcholine,0
1886788368,ORN_VL2a,left,16751,acetylcholine,0
1886788784,ORN_VL2a,right,16752,acetylcholine,0
1886870366,ORN_DM2,noside,16753,,0
1887129331,ORN_VL2a,right,16754,serotonin,0
1887160257,lLN15,right,16755,gaba,1
1887163927,M_lPNm11D,right,16756,acetylcholine,0
1887168462,lLN16B,right,16757,gaba,1
1887177026,v2LN39A,right,16758,acetylcholine,0
1887224752,ORN_DM2,noside,16759,acetylcholine,0
1887466111,ORN_VL2a,right,16760,acetylcholine,0
1887470461,ORN_VL2a,right,16761,acetylcholine,0
1887470632,ORN_VL2a,right,16762,acetylcholine,0
1887518225,lLN16B,right,16763,acetylcholine,0
1887552731,ORN_DM2,noside,16764,,0
1887557164,ORN_DM2,noside,16765,,0
1887837668,v2LN40,right,16766,gaba,1
1887867926,lLN13,right,16767,gaba,1
1887872301,M_adPNm4,right,16768,acetylcholine,0
1887971628,VM5v_adPN,left,16769,,0
1888178718,M_lv2PN9t49,right,16770,gaba,1
1888183031,HRN_VP1d,right,16771,acetylcholine,0
1888183512,HRN_VP1d,right,16772,acetylcholine,0
1888199872,v2LN3B,right,16773,acetylcholine,0
1888213190,M_adPNm4,right,16774,acetylcholine,0
1888243124,ORN_DM5,noside,16775,acetylcholine,0
1888243465,ORN_DM5,noside,16776,serotonin,0
1888247423,ORN_DM5,noside,16777,acetylcholine,0
1888286216,ORN_DM5,noside,16778,acetylcholine,0
1888524453,VA1d_vPN,right,16779,gaba,1
1888528200,HRN_VP1d,right,16780,acetylcholine,0
1888572074,VM5d_adPN,right,16781,acetylcholine,0
1888584737,ORN_DM5,noside,16782,serotonin,0
1888860489,v2LN34B,right,16783,acetylcholine,0
1888860914,v2LN40,right,16784,gaba,1
1888908241,ORN_DC2,right,16785,acetylcholine,0
1889201905,ORN_DC3,noside,16786,acetylcholine,0
1889202081,ORN_DC3,noside,16787,acetylcholine,0
1889205779,ORN_DC3,noside,16788,acetylcholine,0
1889206087,ORN_DC3,noside,16789,acetylcholine,0
1889206117,ORN_DC3,right,16790,acetylcholine,0
1889206157,ORN_DC3,right,16791,acetylcholine,0
1889210507,ORN_DC3,noside,16792,acetylcholine,0
1889253763,VM7v_adPN,right,16793,acetylcholine,0
1889253785,VA3_adPN,right,16794,acetylcholine,0
1889266295,ORN_DM6,right,16795,acetylcholine,0
1889335463,DC2_adPN,left,16796,,0
1889547160,ORN_DC3,noside,16797,acetylcholine,0
1889556189,ORN_DC3,noside,16798,acetylcholine,0
1889883640,ORN_DC3,noside,16799,acetylcholine,0
1889883818,VL2a_vPN,right,16800,gaba,1
1889883843,ORN_DC3,right,16801,acetylcholine,0
1889892278,ORN_DC3,right,16802,acetylcholine,0
1889892543,ORN_DC3,noside,16803,acetylcholine,0
1889931525,ORN_DA2,noside,16804,acetylcholine,0
1890233501,ORN_DC3,noside,16805,acetylcholine,0
1890570586,ORN_VA1d,noside,16806,acetylcholine,0
1890574706,ORN_DC3,noside,16807,acetylcholine,0
1890907320,ORN_VA1d,noside,16808,acetylcholine,0
1890907348,ORN_VA1d,noside,16809,acetylcholine,0
1890907372,ORN_VA1d,noside,16810,acetylcholine,0
1890911584,ORN_VA1d,noside,16811,acetylcholine,0
1890915222,ORN_VA1v,noside,16812,serotonin,0
1890915361,ORN_VA1d,noside,16813,acetylcholine,0
1890915703,ORN_VA1d,noside,16814,acetylcholine,0
1890915794,ORN_VA1d,noside,16815,serotonin,0
1891256365,ORN_VA1d,noside,16816,serotonin,0
1891260859,ORN_VA1d,noside,16817,serotonin,0
1901423055,LLPC3,noside,16818,glutamate,1
1901427602,LLPC3,noside,16819,glutamate,1
1901734051,LLPC3,noside,16820,glutamate,1
1901738318,LLPC3,noside,16821,glutamate,1
1901816133,WED164,right,16822,acetylcholine,0
1902066185,LC18,noside,16823,acetylcholine,0
1902066682,LC20,noside,16824,acetylcholine,0
1902079225,LPC2,noside,16825,glutamate,1
1902083604,LPC2,noside,16826,acetylcholine,0
1902144174,PS070,right,16827,glutamate,1
1902178951,PS078,right,16828,glutamate,1
1902420328,LPC2,noside,16829,acetylcholine,0
1902424947,LPC2,noside,16830,glutamate,1
1902545801,PS241,right,16831,serotonin,0
1902761612,LPC2,noside,16832,glutamate,1
1902765793,LPC2,noside,16833,acetylcholine,0
1902769799,LLPC3,noside,16834,glutamate,1
1903106696,LPC2,noside,16835,acetylcholine,0
1903397125,LC24,noside,16836,acetylcholine,0
1903801936,LPC2,noside,16837,glutamate,1
1903866591,LAL056,right,16838,gaba,1
1904117032,LC45b,right,16839,acetylcholine,0
1904117126,LC40a,right,16840,acetylcholine,0
1904420313,LC26,noside,16841,acetylcholine,0
1904755969,Li19,right,16842,gaba,1
1904816913,WED023,right,16843,gaba,1
1904885509,DNb02,right,16844,dopamine,0
1905093495,LC15,noside,16845,acetylcholine,0
1905093552,Li19,right,16846,gaba,1
1905110758,LC12,noside,16847,gaba,1
1905114003,LC11,noside,16848,acetylcholine,0
1905170140,WED179,right,16849,acetylcholine,0
1905429029,LC25,noside,16850,glutamate,1
1905852755,WED102,right,16851,gaba,1
1905852940,WED044,right,16852,acetylcholine,0
1906116138,LC24,noside,16853,acetylcholine,0
1906137714,LC21,right,16854,acetylcholine,0
1906159299,LC4,noside,16855,acetylcholine,0
1906159372,LC31,noside,16856,acetylcholine,0
1906496111,LC4,noside,16857,acetylcholine,0
1906499952,LC31,noside,16858,acetylcholine,0
1906535339,WED019,right,16859,acetylcholine,0
1906789614,LC24,noside,16860,glutamate,1
1906836822,LC12,noside,16861,gaba,1
1906849446,PVLP046,right,16862,gaba,1
1906871468,WED114,right,16863,acetylcholine,0
1907156409,LC4,noside,16864,acetylcholine,0
1907169406,LC4,noside,16865,acetylcholine,0
1907501440,LC22,right,16866,acetylcholine,0
1907510214,LC4,noside,16867,acetylcholine,0
1907518969,LC12,noside,16868,acetylcholine,0
1907519001,LC4,noside,16869,acetylcholine,0
1907571222,LC4,noside,16870,acetylcholine,0
1907574944,LC4,right,16871,acetylcholine,0
1907578957,LC4,noside,16872,acetylcholine,0
1907584319,LC4,right,16873,acetylcholine,0
1907587934,LC4,noside,16874,acetylcholine,0
1907920694,SAD017,right,16875,gaba,1
1907924777,LC4,noside,16876,acetylcholine,0
1907924846,SAD016,right,16877,gaba,1
1907933561,LC4,noside,16878,acetylcholine,0
1908171744,Li19,right,16879,gaba,1
1908183883,LC14,noside,16880,acetylcholine,0
1908226457,LC4,noside,16881,acetylcholine,0
1908524574,LC15,noside,16882,acetylcholine,0
1908528698,LC16,noside,16883,acetylcholine,0
1908865507,LC17,noside,16884,acetylcholine,0
1909707812,SAD085,right,16885,acetylcholine,0
1910328899,SAD064,right,16886,acetylcholine,0
1911362050,WED178,right,16887,neither,0
1912306658,AVLP140,right,16888,acetylcholine,0
1912385114,WED155,right,16889,acetylcholine,0
1912435859,M_lvPNm47,right,16890,acetylcholine,0
1912436017,aDT4,noside,16891,acetylcholine,0
1912600163,LC17,noside,16892,dopamine,0
1912647511,AVLP265,right,16893,acetylcholine,0
1912724946,SAD047,right,16894,glutamate,1
1912725048,SAD047,right,16895,glutamate,1
1912777226,M_lvPNm48,right,16896,acetylcholine,0
1912789965,VL1_ilPN,noside,16897,acetylcholine,0
1913002350,WED062,right,16898,acetylcholine,0
1913066247,WED039,right,16899,glutamate,1
1913403687,WED094,right,16900,gaba,1
1913480167,v2LN33,right,16901,gaba,1
1914140664,VM5d_adPN,right,16902,acetylcholine,0
1914162372,ORN_VC5,noside,16903,acetylcholine,0
1914162448,ORN_VC5,noside,16904,acetylcholine,0
1914331248,AVLP112,right,16905,acetylcholine,0
1914460817,VES079,right,16906,acetylcholine,0
1914500037,ORN_VC5,noside,16907,acetylcholine,0
1914500150,ORN_VM7v,left,16908,acetylcholine,0
1914823337,VC3l_adPN,right,16909,acetylcholine,0
1914823414,VM5d_adPN,right,16910,acetylcholine,0
1915155348,v2LN43,right,16911,acetylcholine,0
1915155414,v2LN39B,right,16912,acetylcholine,0
1915159759,v2LN34D,right,16913,gaba,1
1915837804,v2LN34C,right,16914,acetylcholine,0
1916080175,AVLP375,right,16915,acetylcholine,0
1916093108,AVLP401,right,16916,acetylcholine,0
1916152641,v2LN47,right,16917,acetylcholine,0
1916157698,v2LN46,right,16918,gaba,1
1916424979,AVLP385,right,16919,acetylcholine,0
1916428879,AVLP382,right,16920,acetylcholine,0
1916485259,v2LN37,right,16921,gaba,1
1916528384,M_adPNm5,right,16922,acetylcholine,0
1916727506,AVLP104,right,16923,acetylcholine,0
1916766226,AVLP550,right,16924,gaba,1
1916800213,lLN2T_a,right,16925,serotonin,0
1917188956,M_lPNm11D,right,16926,acetylcholine,0
1917767850,AVLP265,right,16927,acetylcholine,0
1917823111,ORN_VL2a,left,16928,acetylcholine,0
1917823351,ORN_VL2a,right,16929,acetylcholine,0
1917823571,ORN_VL2a,right,16930,acetylcholine,0
1917866877,M_l2PNl23,right,16931,acetylcholine,0
1918173122,lLN17,right,16932,gaba,1
1918207300,lLN16B,right,16933,acetylcholine,0
1918565786,lLN12A,right,16934,serotonin,0
1918846818,ORN_VL2a,right,16935,acetylcholine,0
1918885778,HRN_VP1d,right,16936,acetylcholine,0
1918889952,HRN_VP1d,right,16937,acetylcholine,0
1918941783,ORN_DM5,noside,16938,,0
1919208947,lLN12A,right,16939,acetylcholine,0
1919589289,ORN_DC2,right,16940,acetylcholine,0
1919606824,ORN_VM5d,noside,16941,serotonin,0
1919606852,ORN_VM5d,noside,16942,acetylcholine,0
1919611150,ORN_VM5d,noside,16943,acetylcholine,0
1919904032,ORN_DC3,noside,16944,acetylcholine,0
1919934500,ORN_DC2,right,16945,acetylcholine,0
1919947917,ORN_VM5d,noside,16946,acetylcholine,0
1919947985,ORN_VM5d,noside,16947,acetylcholine,0
1919952117,ORN_VM5d,noside,16948,acetylcholine,0
1919952136,ORN_VM5d,noside,16949,acetylcholine,0
1919952145,ORN_VM5d,noside,16950,acetylcholine,0
1919956523,ORN_VM5d,noside,16951,acetylcholine,0
1919956557,ORN_VM5d,noside,16952,serotonin,0
1920042851,ORN_VA6,noside,16953,acetylcholine,0
1920288829,ORN_VM5d,noside,16954,acetylcholine,0
1920292924,ORN_VM5d,noside,16955,acetylcholine,0
1920292932,ORN_VM5d,noside,16956,acetylcholine,0
1920292983,ORN_VM5d,noside,16957,acetylcholine,0
1920297251,ORN_VM5d,noside,16958,serotonin,0
1920297317,ORN_VM5d,noside,16959,acetylcholine,0
1920301256,ORN_VA3,noside,16960,acetylcholine,0
1920586193,ORN_DC3,noside,16961,acetylcholine,0
1920590263,ORN_DC3,noside,16962,acetylcholine,0
1920590422,ORN_DC3,noside,16963,acetylcholine,0
1920590638,v2LN3B,right,16964,acetylcholine,0
1920595031,ORN_DC3,noside,16965,acetylcholine,0
1920603834,ORN_VA6,noside,16966,acetylcholine,0
1920603934,ORN_VA6,noside,16967,acetylcholine,0
1920608152,ORN_VA6,noside,16968,acetylcholine,0
1920629312,ORN_DC2,right,16969,acetylcholine,0
1920633993,ORN_VM5d,noside,16970,acetylcholine,0
1920634004,ORN_VM5d,noside,16971,acetylcholine,0
1920927166,ORN_DC3,noside,16972,serotonin,0
1920944950,ORN_VA6,noside,16973,acetylcholine,0
1920949241,ORN_VA6,noside,16974,acetylcholine,0
1921255349,ORN_VA1d,noside,16975,serotonin,0
1921255398,ORN_VA1d,noside,16976,acetylcholine,0
1921255488,ORN_VA1d,noside,16977,serotonin,0
1921255581,ORN_VA1d,noside,16978,serotonin,0
1921260093,ORN_VA1d,noside,16979,acetylcholine,0
1921264210,ORN_VA1d,noside,16980,acetylcholine,0
1921290382,ORN_VA6,noside,16981,acetylcholine,0
1921290498,ORN_VA6,noside,16982,acetylcholine,0
1921294743,ORN_VA6,noside,16983,acetylcholine,0
1921311314,ORN_VA6,noside,16984,acetylcholine,0
1921587758,ORN_VA1d,noside,16985,acetylcholine,0
1921587901,ORN_VA1d,noside,16986,serotonin,0
1921587989,ORN_VA1d,noside,16987,acetylcholine,0
1921588005,ORN_VA1d,noside,16988,acetylcholine,0
1921592070,ORN_VA1d,noside,16989,acetylcholine,0
1921592245,ORN_VA1d,noside,16990,serotonin,0
1921592406,ORN_VA1d,right,16991,serotonin,0
1921600436,ORN_VA1d,noside,16992,serotonin,0
1921600938,ORN_VA1d,noside,16993,serotonin,0
1921605131,ORN_VA1d,noside,16994,acetylcholine,0
1921605218,ORN_VA1d,noside,16995,serotonin,0
1921605227,ORN_VA1d,right,16996,serotonin,0
1921605351,ORN_VA1d,noside,16997,acetylcholine,0
1921609426,ORN_VA1d,noside,16998,acetylcholine,0
1921609470,ORN_VA1d,noside,16999,acetylcholine,0
1921635613,ORN_VA6,noside,17000,acetylcholine,0
1921635826,ORN_VA6,noside,17001,acetylcholine,0
1921639938,ORN_VA6,noside,17002,acetylcholine,0
1921648917,ORN_VA6,noside,17003,acetylcholine,0
1921928933,ORN_VA1d,noside,17004,serotonin,0
1921933123,ORN_VA1d,noside,17005,serotonin,0
1921933455,ORN_VA1d,noside,17006,serotonin,0
1921937701,ORN_VA1d,noside,17007,acetylcholine,0
1921937773,ORN_VA1d,noside,17008,acetylcholine,0
1921942015,ORN_VA1d,noside,17009,acetylcholine,0
1921946032,ORN_VA1d,noside,17010,serotonin,0
1921950610,ORN_VA1d,noside,17011,acetylcholine,0
1921954890,ORN_VA1d,noside,17012,serotonin,0
1921955027,ORN_VA1d,noside,17013,serotonin,0
1921989317,ORN_VA6,noside,17014,acetylcholine,0
1922278546,ORN_VA1d,noside,17015,acetylcholine,0
1922282965,ORN_VA1d,noside,17016,serotonin,0
1922286868,ORN_VA1d,noside,17017,acetylcholine,0
1922287349,ORN_VA1d,noside,17018,acetylcholine,0
1922291297,ORN_VA1d,noside,17019,,0
1922291703,ORN_VA1d,noside,17020,acetylcholine,0
1922291708,ORN_VA1d,noside,17021,acetylcholine,0
1922295452,ORN_VA1d,noside,17022,acetylcholine,0
1922295549,ORN_VA1d,noside,17023,acetylcholine,0
1922295728,ORN_VA1v,noside,17024,serotonin,0
1922295837,ORN_VA1d,noside,17025,acetylcholine,0
1922295855,ORN_VA1v,noside,17026,serotonin,0
1922299736,ORN_VA1v,noside,17027,acetylcholine,0
1922299788,ORN_VA1d,noside,17028,acetylcholine,0
1922299935,ORN_VA1d,noside,17029,serotonin,0
1931827637,PS044,right,17030,acetylcholine,0
1932052159,LLPC1,noside,17031,acetylcholine,0
1932493302,PS071,right,17032,gaba,1
1932518410,WEDPN13,right,17033,acetylcholine,0
1932553362,PS079,right,17034,glutamate,1
1932708720,LLPC3,noside,17035,glutamate,1
1932730059,LC14,right,17036,gaba,1
1932747064,Li13,right,17037,gaba,1
1932773383,LPC2,noside,17038,glutamate,1
1932816628,WED039,right,17039,glutamate,1
1932881516,PS079,right,17040,glutamate,1
1933114336,LPC2,noside,17041,glutamate,1
1933114509,LPC2,noside,17042,acetylcholine,0
1933239990,SAD089,right,17043,acetylcholine,0
1933429987,LC25,noside,17044,glutamate,1
1933433614,LC13,right,17045,acetylcholine,0
1933455580,LPC2,noside,17046,acetylcholine,0
1933528413,WED157,right,17047,acetylcholine,0
1933528669,WED143,right,17048,acetylcholine,0
1933528749,WED143,right,17049,acetylcholine,0
1933563873,PS072,right,17050,glutamate,1
1933572082,WED166_a,right,17051,acetylcholine,0
1933576833,WED142,right,17052,acetylcholine,0
1933796079,LPC2,noside,17053,acetylcholine,0
1933866045,WED156,right,17054,acetylcholine,0
1933869698,WED171,right,17055,acetylcholine,0
1933869902,WED162,right,17056,acetylcholine,0
1933892078,SAD010,right,17057,acetylcholine,0
1933904658,PS072,right,17058,glutamate,1
1934124660,MC64,noside,17059,acetylcholine,0
1934133595,LC18,noside,17060,acetylcholine,0
1934146082,LPC2,noside,17061,acetylcholine,0
1934210394,WED164,right,17062,acetylcholine,0
1934210967,WED162,right,17063,acetylcholine,0
1934470099,LC12,noside,17064,octopamine,0
1934482795,LPC2,noside,17065,acetylcholine,0
1934910491,WED006,right,17066,gaba,1
1935126292,LC20,noside,17067,glutamate,1
1935821486,LC10,noside,17068,glutamate,1
1935843067,LC12,noside,17069,octopamine,0
1935972306,PS037,right,17070,acetylcholine,0
1936507376,Li16,right,17071,glutamate,1
1936848448,LC4,noside,17072,gaba,1
1937164446,MC64,noside,17073,acetylcholine,0
1937193993,LC17,noside,17074,acetylcholine,0
1937258605,WED172,right,17075,acetylcholine,0
1937501015,LC13,noside,17076,acetylcholine,0
1937875810,LC4,noside,17077,acetylcholine,0
1937879935,LC38,right,17078,glutamate,1
1938009696,VES052,right,17079,glutamate,1
1938174967,LC24,noside,17080,glutamate,1
1938175243,LC20,noside,17081,glutamate,1
1938195143,LPLC2,right,17082,dopamine,0
1938207942,LC4,noside,17083,acetylcholine,0
1938536260,LC6,right,17084,acetylcholine,0
1938541380,LC4,noside,17085,acetylcholine,0
1938544937,LC4,noside,17086,acetylcholine,0
1938955067,SAD016,right,17087,gaba,1
1939244343,LC12,noside,17088,dopamine,0
1939404488,SAD074,right,17089,gaba,1
1939904964,LC17,noside,17090,dopamine,0
1940069053,VES073,right,17091,acetylcholine,0
1940557189,LC10,noside,17092,acetylcholine,0
1941925302,aMe5,noside,17093,acetylcholine,0
1942348089,WED054,right,17094,acetylcholine,0
1942806972,LAL173,left,17095,acetylcholine,0
1943147567,LAL174,left,17096,acetylcholine,0
1943713249,AVLP380,right,17097,acetylcholine,0
1943811511,M_lvPNm31,right,17098,acetylcholine,0
1943811736,VP1m+VP2_lvPN2,right,17099,acetylcholine,0
1943812176,VP1m+VP2_lvPN2,right,17100,acetylcholine,0
1943950268,aMe5,noside,17101,acetylcholine,0
1944502935,VP1m+VP5_ilPN,noside,17102,acetylcholine,0
1944507292,VL2p_adPN,right,17103,acetylcholine,0
1944705325,AVLP133,right,17104,acetylcholine,0
1945608021,ORN_VM7d,noside,17105,acetylcholine,0
1945875433,ORN_VC3l,left,17106,acetylcholine,0
1946178096,lLN2P_b,right,17107,serotonin,0
1946424046,AVLP550,right,17108,gaba,1
1946759931,AVLP104,right,17109,acetylcholine,0
1946769600,AVLP363,right,17110,acetylcholine,0
1946851619,v2LN45,right,17111,gaba,1
1947188040,v2LN40,right,17112,gaba,1
1947192569,v2LN40,right,17113,acetylcholine,0
1947464610,AVLP360,right,17114,acetylcholine,0
1947468557,AVLP381,right,17115,acetylcholine,0
1947563799,v2LN43,right,17116,gaba,1
1947576980,ORN_VM7d,noside,17117,acetylcholine,0
1947577039,ORN_VM7d,noside,17118,acetylcholine,0
1947580951,ORN_VM7d,noside,17119,acetylcholine,0
1947584968,ORN_VM7d,noside,17120,acetylcholine,0
1947641125,ORN_VM7d,noside,17121,serotonin,0
1947921782,ORN_VM7d,noside,17122,acetylcholine,0
1947925992,ORN_VM7d,noside,17123,acetylcholine,0
1947926043,ORN_VM7d,noside,17124,acetylcholine,0
1947926093,ORN_VM7d,noside,17125,acetylcholine,0
1947926117,ORN_VM7d,noside,17126,acetylcholine,0
1948107641,WED092,left,17127,acetylcholine,0
1948172360,ORN_VL2p,right,17128,acetylcholine,0
1948249993,ORN_VM7d,noside,17129,acetylcholine,0
1948262532,ORN_VM7d,noside,17130,acetylcholine,0
1948271485,ORN_VM7d,noside,17131,acetylcholine,0
1948457676,AVLP345,right,17132,acetylcholine,0
1948478919,AVLP365,right,17133,acetylcholine,0
1948512982,ORN_VL2p,right,17134,acetylcholine,0
1948513200,ORN_VL2p,right,17135,acetylcholine,0
1948595057,ORN_VM7d,noside,17136,acetylcholine,0
1948595517,ORN_VM7d,noside,17137,acetylcholine,0
1948599372,ORN_VM7d,noside,17138,acetylcholine,0
1948613071,ORN_VM7d,noside,17139,acetylcholine,0
1948940756,ORN_VM7d,noside,17140,acetylcholine,0
1949273327,ORN_VM7d,noside,17141,acetylcholine,0
1949277120,ORN_VM7d,noside,17142,acetylcholine,0
1949281715,ORN_VM7d,noside,17143,acetylcholine,0
1949359185,ORN_VM7d,right,17144,acetylcholine,0
1949609807,ORN_VM7v,noside,17145,acetylcholine,0
1949959597,ORN_VM5d,noside,17146,acetylcholine,0
1949959710,ORN_VM7v,noside,17147,acetylcholine,0
1949963653,ORN_VM5d,noside,17148,acetylcholine,0
1949963738,ORN_VM5d,noside,17149,serotonin,0
1949963933,ORN_VM5d,noside,17150,acetylcholine,0
1949967960,ORN_VM5d,noside,17151,acetylcholine,0
1949968014,ORN_VM5d,noside,17152,acetylcholine,0
1949968022,ORN_VM5d,noside,17153,acetylcholine,0
1950300694,ORN_VM5d,noside,17154,acetylcholine,0
1950304683,ORN_VM5d,noside,17155,serotonin,0
1950304912,ORN_VM5d,noside,17156,acetylcholine,0
1950304963,ORN_VM5d,noside,17157,acetylcholine,0
1950305000,ORN_VM5d,noside,17158,acetylcholine,0
1950309168,ORN_VM5d,noside,17159,serotonin,0
1950637186,ORN_VM5d,noside,17160,acetylcholine,0
1950641434,ORN_VM5d,noside,17161,acetylcholine,0
1950641537,ORN_VM5d,noside,17162,acetylcholine,0
1950641562,ORN_VM5d,noside,17163,acetylcholine,0
1950645340,ORN_VM5d,noside,17164,serotonin,0
1950645499,ORN_VM5d,noside,17165,acetylcholine,0
1950645656,ORN_VM5d,noside,17166,acetylcholine,0
1950649874,ORN_VM5d,noside,17167,acetylcholine,0
1950649953,ORN_VM5d,noside,17168,acetylcholine,0
1950654449,ORN_VM5d,noside,17169,acetylcholine,0
1950654496,ORN_VM5d,noside,17170,acetylcholine,0
1950943744,ORN_DC3,noside,17171,acetylcholine,0
1950948074,ORN_DC3,noside,17172,acetylcholine,0
1950956576,ORN_VA6,noside,17173,acetylcholine,0
1950978227,ORN_VM5v,noside,17174,acetylcholine,0
1950982362,ORN_VM5d,noside,17175,acetylcholine,0
1950982707,ORN_VM5d,noside,17176,acetylcholine,0
1950995241,ORN_VM5d,noside,17177,acetylcholine,0
1950995474,ORN_VM5d,noside,17178,acetylcholine,0
1950995575,ORN_VM5d,noside,17179,acetylcholine,0
1950995585,ORN_VM5d,noside,17180,acetylcholine,0
1951059936,ORN_DM5,noside,17181,octopamine,0
1951297341,ORN_VA6,noside,17182,acetylcholine,0
1951297564,ORN_VA6,noside,17183,acetylcholine,0
1951331796,ORN_VM5d,noside,17184,acetylcholine,0
1951331995,ORN_VM5d,noside,17185,serotonin,0
1951616602,ORN_VA1d,noside,17186,gaba,1
1951634193,ORN_VA6,noside,17187,acetylcholine,0
1951638298,ORN_VA6,noside,17188,acetylcholine,0
1951638332,ORN_VA6,noside,17189,acetylcholine,0
1951638336,ORN_VA6,noside,17190,acetylcholine,0
1951638388,ORN_VA6,noside,17191,acetylcholine,0
1951638471,ORN_VA6,noside,17192,acetylcholine,0
1951638593,ORN_VA6,noside,17193,acetylcholine,0
1951638640,ORN_VA6,noside,17194,acetylcholine,0
1951638641,ORN_VA6,noside,17195,acetylcholine,0
1951638643,ORN_VA6,noside,17196,acetylcholine,0
1951642477,ORN_VA6,noside,17197,acetylcholine,0
1951642748,ORN_VA6,noside,17198,acetylcholine,0
1951642788,ORN_VA6,noside,17199,acetylcholine,0
1951642829,ORN_VA6,noside,17200,acetylcholine,0
1951642867,ORN_VA6,noside,17201,acetylcholine,0
1951643003,ORN_VA6,noside,17202,acetylcholine,0
1951643042,ORN_VA6,noside,17203,acetylcholine,0
1951672911,ORN_VM5d,noside,17204,acetylcholine,0
1951940629,ORN_VA1d,noside,17205,acetylcholine,0
1951945281,ORN_VA1d,noside,17206,acetylcholine,0
1951949599,ORN_VA1d,noside,17207,serotonin,0
1951971057,lLN14,right,17208,gaba,1
1951983985,ORN_VA6,noside,17209,acetylcholine,0
1951987988,ORN_VA6,noside,17210,acetylcholine,0
1951988087,ORN_VA6,noside,17211,acetylcholine,0
1951988130,ORN_VA6,noside,17212,acetylcholine,0
1951992717,ORN_VA6,noside,17213,acetylcholine,0
1952009816,ORN_VM5v,noside,17214,acetylcholine,0
1952281720,ORN_VA1d,noside,17215,serotonin,0
1952286065,ORN_VA1d,noside,17216,acetylcholine,0
1952286144,ORN_VA1d,noside,17217,acetylcholine,0
1952294779,ORN_VA1d,noside,17218,serotonin,0
1952294807,ORN_VA1d,noside,17219,acetylcholine,0
1952294823,ORN_VA1d,noside,17220,acetylcholine,0
1952303387,ORN_VA1d,noside,17221,serotonin,0
1952303624,ORN_VA1d,noside,17222,acetylcholine,0
1952329191,ORN_VA6,noside,17223,acetylcholine,0
1952329239,ORN_VA6,noside,17224,acetylcholine,0
1952333490,ORN_VA6,noside,17225,acetylcholine,0
1952333815,ORN_VA6,noside,17226,acetylcholine,0
1952622416,ORN_VA1d,noside,17227,serotonin,0
1952622748,ORN_VA1d,noside,17228,acetylcholine,0
1952622768,ORN_VA1d,noside,17229,acetylcholine,0
1952631005,ORN_VA1d,noside,17230,acetylcholine,0
1952631424,ORN_VA1d,noside,17231,acetylcholine,0
1952635585,ORN_VA1d,noside,17232,serotonin,0
1952635650,ORN_VA1d,noside,17233,acetylcholine,0
1952648472,ORN_VA1d,noside,17234,serotonin,0
1952674925,ORN_VA6,noside,17235,acetylcholine,0
1952963898,ORN_VA1d,noside,17236,acetylcholine,0
1953020443,ORN_VA6,noside,17237,acetylcholine,0
1953326375,ORN_VA1d,noside,17238,acetylcholine,0
1953326621,ORN_VA1d,noside,17239,acetylcholine,0
1953330644,ORN_VA1d,noside,17240,serotonin,0
1953671528,ORN_VA1v,noside,17241,acetylcholine,0
1953671540,ORN_VA1v,noside,17242,serotonin,0
1953671646,ORN_VA1v,noside,17243,acetylcholine,0
1962828235,PS125,left,17244,neither,0
1963092337,LLPC3,noside,17245,glutamate,1
1963523237,PS039,right,17246,acetylcholine,0
1963803666,LPC2,noside,17247,acetylcholine,0
1963869286,DNb03,right,17248,acetylcholine,0
1964498840,LPC2,noside,17249,acetylcholine,0
1964904882,WED143,right,17250,acetylcholine,0
1964909317,PS241,right,17251,glutamate,1
1964913610,WED134,right,17252,acetylcholine,0
1964921972,WED168,right,17253,acetylcholine,0
1965168774,LC18,noside,17254,acetylcholine,0
1965241801,WED161_b,right,17255,acetylcholine,0
1965242097,WED141,right,17256,gaba,1
1965245693,WED143,right,17257,acetylcholine,0
1965245767,SAD089,right,17258,glutamate,1
1965245797,SAD087,right,17259,acetylcholine,0
1965254114,WED166_d,right,17260,acetylcholine,0
1965254251,WED178,right,17261,unknown,0
1965586672,WED166_c,right,17262,acetylcholine,0
1965590743,WEDPN19,right,17263,acetylcholine,0
1965927721,WED164,right,17264,acetylcholine,0
1965962396,SAD006,right,17265,glutamate,1
1966174797,LC20,noside,17266,acetylcholine,0
1966494349,LC25,noside,17267,glutamate,1
1966864706,LPLC1,right,17268,acetylcholine,0
1967508592,LC13,noside,17269,acetylcholine,0
1967577324,WED025,right,17270,gaba,1
1967844926,LC25,noside,17271,glutamate,1
1967854158,Li13,right,17272,gaba,1
1968215498,LC28b,noside,17273,acetylcholine,0
1968872215,LC20,noside,17274,acetylcholine,0
1968877434,LC20,right,17275,gaba,1
1968889019,LC18,right,17276,acetylcholine,0
1969074816,CL122,right,17277,gaba,1
1969230358,LC14,right,17278,neither,0
1969757097,PS118,right,17279,glutamate,1
1970253186,LC14,right,17280,unknown,0
1970253290,LC15,noside,17281,acetylcholine,0
1970257565,LC14,right,17282,unknown,0
1970598769,LC20,noside,17283,acetylcholine,0
1970698685,SAD053,right,17284,acetylcholine,0
1970707631,SAD062,right,17285,acetylcholine,0
1970728299,SAD057,right,17286,acetylcholine,0
1971012916,WED118_b,right,17287,acetylcholine,0
1971052935,SAD061,right,17288,acetylcholine,0
1971442009,SAD075,right,17289,gaba,1
1972032140,AVLP453,right,17290,acetylcholine,0
1973418935,WED012,right,17291,gaba,1
1973509167,VES039,right,17292,serotonin,0
1974682390,LC17,right,17293,dopamine,0
1974846717,MZ_lvPN,right,17294,acetylcholine,0
1975149801,LAL111,right,17295,gaba,1
1975187554,M_lvPNm48,right,17296,acetylcholine,0
1975187675,VP1m+VP2_lvPN2,right,17297,acetylcholine,0
1975347348,s-LNv,noside,17298,acetylcholine,0
1975399991,AVLP351,right,17299,acetylcholine,0
1975878958,VP2_adPN,right,17300,acetylcholine,0
1976090538,AVLP349,right,17301,acetylcholine,0
1976095316,AVLP357,right,17302,acetylcholine,0
1976232101,ORN_VC5,noside,17303,acetylcholine,0
1976565858,l2LN21,right,17304,gaba,1
1977208602,HRN_VP4,right,17305,acetylcholine,0
1977545462,HRN_VP4,right,17306,acetylcholine,0
1977545573,HRN_VP4,right,17307,acetylcholine,0
1977553534,HRN_VP4,right,17308,acetylcholine,0
1977579449,VA2_adPN,right,17309,acetylcholine,0
1977596902,ORN_VC2,noside,17310,serotonin,0
1977597054,ORN_VC3l,left,17311,acetylcholine,0
1977600880,ORN_VC3l,right,17312,acetylcholine,0
1977800169,AVLP388,right,17313,acetylcholine,0
1977881942,v2LN42,right,17314,gaba,1
1977890767,HRN_VP4,right,17315,acetylcholine,0
1977898840,HRN_VP1l,right,17316,acetylcholine,0
1977898894,HRN_VP1l,right,17317,acetylcholine,0
1977916288,VM3_adPN,right,17318,acetylcholine,0
1977933882,ORN_VC3l,left,17319,acetylcholine,0
1978209738,ORN_VL2a,left,17320,serotonin,0
1978261876,v2LN43,right,17321,gaba,1
1978481984,AVLP386,right,17322,acetylcholine,0
1978573010,VES013,right,17323,acetylcholine,0
1978615737,ORN_VM7d,noside,17324,acetylcholine,0
1978849252,AVLP265,right,17325,acetylcholine,0
1978908720,HRN_VP1d,right,17326,acetylcholine,0
1979177169,AVLP549,right,17327,gaba,1
1979206640,ORN_VL2p,left,17328,acetylcholine,0
1979263232,TRN_VP1m,right,17329,acetylcholine,0
1979306126,ORN_VM7d,noside,17330,acetylcholine,0
1979547954,ORN_VL2p,right,17331,acetylcholine,0
1979569670,lLN11,right,17332,serotonin,0
1979854855,AVLP368,right,17333,acetylcholine,0
1979888904,ORN_VL2a,left,17334,acetylcholine,0
1979888922,ORN_VL2a,right,17335,acetylcholine,0
1979888937,ORN_VL2a,noside,17336,serotonin,0
1979967428,ORN_VM7v,left,17337,acetylcholine,0
1979984195,ORN_VM7d,noside,17338,acetylcholine,0
1979984203,ORN_VM7d,noside,17339,acetylcholine,0
1979988708,ORN_VM7d,noside,17340,acetylcholine,0
1980191561,AVLP365,right,17341,acetylcholine,0
1980229841,ORN_VL2a,left,17342,acetylcholine,0
1980234505,ORN_VL2a,left,17343,acetylcholine,0
1980234579,ORN_VL2a,left,17344,acetylcholine,0
1980303759,ORN_VM7v,noside,17345,acetylcholine,0
1980308137,ORN_VM7v,noside,17346,acetylcholine,0
1980312450,ORN_VM7v,noside,17347,acetylcholine,0
1980325211,ORN_VM5v,noside,17348,acetylcholine,0
1980325289,ORN_VM5d,noside,17349,acetylcholine,0
1980329576,ORN_VM5v,noside,17350,acetylcholine,0
1980329632,ORN_VM5v,noside,17351,acetylcholine,0
1980329783,ORN_VM5d,noside,17352,acetylcholine,0
1980575147,ORN_VL2a,left,17353,acetylcholine,0
1980579904,ORN_VL2a,left,17354,acetylcholine,0
1980640296,ORN_VM7v,right,17355,acetylcholine,0
1980644654,ORN_VM7v,noside,17356,acetylcholine,0
1980653016,ORN_VM7v,right,17357,acetylcholine,0
1980657565,ORN_VM5d,noside,17358,acetylcholine,0
1980661413,ORN_VM5d,noside,17359,acetylcholine,0
1980666391,ORN_VM5d,noside,17360,acetylcholine,0
1980916395,ORN_VL2a,left,17361,acetylcholine,0
1980920883,ORN_VL2a,right,17362,serotonin,0
1980994340,ORN_VM7v,noside,17363,acetylcholine,0
1980998276,ORN_VM5d,noside,17364,acetylcholine,0
1980998346,ORN_VM5d,noside,17365,acetylcholine,0
1981339518,ORN_VM5d,noside,17366,acetylcholine,0
1981343850,ORN_VM5d,noside,17367,acetylcholine,0
1981348270,ORN_VM5d,noside,17368,serotonin,0
1981352722,ORN_VM5d,noside,17369,serotonin,0
1981650415,ORN_VA6,noside,17370,acetylcholine,0
1981671971,ORN_VM5d,noside,17371,acetylcholine,0
1981672040,ORN_VM5d,noside,17372,acetylcholine,0
1981680090,ORN_VM5d,noside,17373,acetylcholine,0
1981680143,ORN_VM5d,noside,17374,acetylcholine,0
1981684610,ORN_VM5d,noside,17375,acetylcholine,0
1981693564,ORN_VM5d,noside,17376,acetylcholine,0
1981991229,ORN_VA6,noside,17377,acetylcholine,0
1981991471,ORN_VA6,noside,17378,acetylcholine,0
1981991527,ORN_VA6,noside,17379,acetylcholine,0
1981995502,ORN_VA6,noside,17380,acetylcholine,0
1982030363,ORN_VM5d,noside,17381,serotonin,0
1982328174,ORN_VA6,noside,17382,acetylcholine,0
1982332176,ORN_VA6,noside,17383,acetylcholine,0
1982332225,ORN_VA6,noside,17384,serotonin,0
1982332306,ORN_VA6,noside,17385,acetylcholine,0
1982336521,ORN_VA6,noside,17386,acetylcholine,0
1982341093,ORN_VA6,noside,17387,acetylcholine,0
1982358534,ORN_VM5d,noside,17388,acetylcholine,0
1982643277,ORN_VA1d,noside,17389,acetylcholine,0
1982669243,ORN_VA6,noside,17390,acetylcholine,0
1982669251,ORN_VA6,noside,17391,acetylcholine,0
1982673199,ORN_VA6,noside,17392,acetylcholine,0
1982703607,ORN_VM5d,noside,17393,serotonin,0
1982716575,ORN_VA7m,noside,17394,acetylcholine,0
1982717040,ORN_VA3,right,17395,acetylcholine,0
1983032017,ORN_VA6,noside,17396,acetylcholine,0
1983032138,ORN_VA6,noside,17397,acetylcholine,0
1983036540,ORN_VM5v,noside,17398,acetylcholine,0
1983036578,ORN_VM5v,noside,17399,acetylcholine,0
1983040829,ORN_VM5v,noside,17400,acetylcholine,0
1983044890,ORN_VM5v,noside,17401,acetylcholine,0
1983329638,ORN_VA1d,right,17402,acetylcholine,0
1983359965,ORN_VA6,noside,17403,serotonin,0
1983364112,ORN_VA6,noside,17404,acetylcholine,0
1983373284,ORN_VA6,noside,17405,acetylcholine,0
1983377791,ORN_VM5v,noside,17406,acetylcholine,0
1983381548,ORN_VM5v,noside,17407,acetylcholine,0
1983381579,ORN_VM5v,noside,17408,acetylcholine,0
1983381746,ORN_VM5v,noside,17409,acetylcholine,0
1983381965,ORN_VM5v,noside,17410,acetylcholine,0
1983657566,ORN_VA1d,noside,17411,serotonin,0
1983661767,ORN_VA1d,noside,17412,acetylcholine,0
1983675059,ORN_VA1d,noside,17413,serotonin,0
1983696486,ORN_VA6,noside,17414,acetylcholine,0
1983718771,ORN_VM5v,noside,17415,acetylcholine,0
1983727221,ORN_VM5v,noside,17416,acetylcholine,0
1983998527,ORN_VA1d,noside,17417,serotonin,0
1984007381,ORN_VA1d,noside,17418,serotonin,0
1984007485,ORN_VA1d,noside,17419,acetylcholine,0
1984011455,ORN_VA1d,noside,17420,acetylcholine,0
1984050417,ORN_VA6,noside,17421,acetylcholine,0
1984361258,ORN_VA1v,right,17422,acetylcholine,0
1992161820,VS,noside,17423,glutamate,1
1994113270,Li15,right,17424,gaba,1
1995188679,LPC2,noside,17425,,0
1995516734,LC21,noside,17426,acetylcholine,0
1995598377,WED130,right,17427,acetylcholine,0
1995658740,WED099,right,17428,glutamate,1
1995858223,LC18,noside,17429,acetylcholine,0
1995861983,LC9,noside,17430,acetylcholine,0
1995939465,WED070,right,17431,gaba,1
1995952560,WED167,right,17432,acetylcholine,0
1995956763,WED166_b,right,17433,acetylcholine,0
1996202685,LC9,right,17434,acetylcholine,0
1996276256,SAD088,right,17435,acetylcholine,0
1996276282,WED136,right,17436,acetylcholine,0
1996276320,SAD089,right,17437,glutamate,1
1996280432,SAD087,right,17438,gaba,1
1996284645,WED137,right,17439,acetylcholine,0
1996288833,WED027,right,17440,acetylcholine,0
1996522484,Li13,right,17441,gaba,1
1996536055,LC28a,noside,17442,acetylcholine,0
1996625849,WED167,right,17443,acetylcholine,0
1996625928,WED166_a,right,17444,acetylcholine,0
1996643378,PS078,right,17445,glutamate,1
1997230776,Li19,right,17446,gaba,1
1997498177,LC16,noside,17447,acetylcholine,0
1997636890,WED158,right,17448,glutamate,1
1998176218,Li15,right,17449,glutamate,1
1998250011,LC31,noside,17450,acetylcholine,0
1998625686,WED103,right,17451,glutamate,1
1998922583,LC4,noside,17452,acetylcholine,0
2000028737,WED172,right,17453,acetylcholine,0
2000606012,MC64,noside,17454,acetylcholine,0
2000791629,WED100,right,17455,glutamate,1
2000792015,WED101,right,17456,glutamate,1
2000792054,SAD078,right,17457,glutamate,1
2000900137,LC16,noside,17458,dopamine,0
2000903820,LC25,noside,17459,glutamate,1
2001132925,SAD079,right,17460,gaba,1
2001392088,SAD063,right,17461,acetylcholine,0
2001461914,VES031,right,17462,gaba,1
2001633881,LC25,noside,17463,glutamate,1
2002022447,PVLP046,right,17464,gaba,1
2002082301,SAD060,right,17465,acetylcholine,0
2002103845,SAD061,right,17466,acetylcholine,0
2002406419,SAD020,right,17467,acetylcholine,0
2002436731,SAD060,right,17468,acetylcholine,0
2002976113,LC20,right,17469,acetylcholine,0
2003486429,VES050,right,17470,gaba,1
2004802395,WED028,right,17471,gaba,1
2005484604,WED157,right,17472,acetylcholine,0
2006222555,VES025,right,17473,acetylcholine,0
2006796832,AVLP374,right,17474,acetylcholine,0
2006845047,WED041,right,17475,glutamate,1
2006926086,VES043,right,17476,gaba,1
2007068523,s-LNv,noside,17477,acetylcholine,0
2007578488,l2LN20,right,17478,gaba,1
2007578510,l2LN20,right,17479,gaba,1
2007603825,ORN_VC5,noside,17480,gaba,1
2007604041,ORN_VC5,noside,17481,serotonin,0
2007604080,ORN_VC5,noside,17482,acetylcholine,0
2007604084,ORN_VC5,noside,17483,acetylcholine,0
2008239574,HRN_VP4,right,17484,acetylcholine,0
2008579902,HRN_VP4,right,17485,acetylcholine,0
2008627426,ORN_VC5,noside,17486,acetylcholine,0
2008631215,ORN_VC3l,left,17487,acetylcholine,0
2008631840,ORN_VC1,left,17488,serotonin,0
2008632172,ORN_VC5,left,17489,,0
2008632294,ORN_VC5,left,17490,,0
2008632383,ORN_VC5,noside,17491,acetylcholine,0
2008920639,HRN_VP4,right,17492,acetylcholine,0
2008921702,v2LN45,right,17493,gaba,1
2008926220,v2LN39B,right,17494,gaba,1
2008972867,ORN_VC3l,noside,17495,acetylcholine,0
2009184596,AVLP374,right,17496,acetylcholine,0
2009235834,ORN_VL2p,left,17497,acetylcholine,0
2009235843,ORN_VL2p,left,17498,acetylcholine,0
2009235865,ORN_VL2p,left,17499,acetylcholine,0
2009235983,ORN_VL2a,left,17500,serotonin,0
2009236011,ORN_VL2p,left,17501,acetylcholine,0
2009236068,ORN_VL2p,left,17502,acetylcholine,0
2009240747,ORN_VL2p,left,17503,acetylcholine,0
2009240803,ORN_VL2p,left,17504,acetylcholine,0
2009240823,ORN_VL2p,left,17505,acetylcholine,0
2009240859,ORN_VL2a,left,17506,acetylcholine,0
2009274786,TRN_VP1m,right,17507,acetylcholine,0
2009274855,TRN_VP1m,right,17508,acetylcholine,0
2009309602,ORN_VC3l,left,17509,acetylcholine,0
2009524968,AVLP360,right,17510,acetylcholine,0
2009576932,ORN_VL2a,left,17511,acetylcholine,0
2009611617,TRN_VP1m,right,17512,acetylcholine,0
2009611976,TRN_VP1m,right,17513,acetylcholine,0
2009612004,TRN_VP1m,right,17514,acetylcholine,0
2009654721,ORN_VM7d,noside,17515,acetylcholine,0
2009655004,ORN_VC3l,right,17516,acetylcholine,0
2009853953,AVLP355,right,17517,acetylcholine,0
2009861709,AVLP383,right,17518,acetylcholine,0
2009879876,AVLP367,right,17519,acetylcholine,0
2009953077,HRN_VP1d,right,17520,acetylcholine,0
2010000253,ORN_VM7d,noside,17521,acetylcholine,0
2010246349,ORN_VL2p,right,17522,acetylcholine,0
2010246433,ORN_VL2p,left,17523,acetylcholine,0
2010548349,AVLP366,right,17524,acetylcholine,0
2010582646,ORN_VL2p,right,17525,acetylcholine,0
2010587163,ORN_VL2a,left,17526,acetylcholine,0
2010595874,ORN_VL2a,left,17527,serotonin,0
2010889646,AVLP368,right,17528,acetylcholine,0
2010928213,ORN_VL2a,right,17529,acetylcholine,0
2010928226,ORN_VL2a,left,17530,serotonin,0
2010928256,ORN_VL2a,left,17531,serotonin,0
2010936968,ORN_VL2a,left,17532,acetylcholine,0
2010937101,ORN_VL2p,right,17533,acetylcholine,0
2010992546,VM5v_adPN,right,17534,acetylcholine,0
2011023253,ORN_VM5v,noside,17535,acetylcholine,0
2011023423,ORN_VM5v,noside,17536,acetylcholine,0
2011023513,ORN_VM5v,noside,17537,acetylcholine,0
2011023562,ORN_VM5v,noside,17538,acetylcholine,0
2011264911,ORN_VL2p,right,17539,acetylcholine,0
2011269409,ORN_VL2a,left,17540,acetylcholine,0
2011308218,lLN16A,right,17541,,0
2011359759,ORN_VM5d,noside,17542,acetylcholine,0
2011364502,ORN_VM5v,noside,17543,acetylcholine,0
2011364607,ORN_VM5v,noside,17544,acetylcholine,0
2011364702,ORN_VM5v,noside,17545,acetylcholine,0
2011692507,ORN_VM5d,noside,17546,acetylcholine,0
2011701376,ORN_VM5v,noside,17547,acetylcholine,0
2011705413,ORN_VM5v,noside,17548,acetylcholine,0
2011705565,ORN_VC4,noside,17549,acetylcholine,0
2011705714,ORN_VC4,noside,17550,acetylcholine,0
2012046487,ORN_VC4,noside,17551,acetylcholine,0
2012469791,ORN_VA6,noside,17552,acetylcholine,0
2012698272,ORN_VC1,right,17553,acetylcholine,0
2012710720,ORN_VM5d,noside,17554,acetylcholine,0
2012728682,ORN_VC4,noside,17555,acetylcholine,0
2012987196,ORN_VA1v,noside,17556,acetylcholine,0
2012987253,ORN_VA1v,noside,17557,acetylcholine,0
2013021846,ORN_VA6,noside,17558,acetylcholine,0
2013022074,ORN_VA6,noside,17559,acetylcholine,0
2013052474,ORN_VM5d,noside,17560,acetylcholine,0
2013328302,ORN_VA1v,noside,17561,acetylcholine,0
2013328496,ORN_VA1v,noside,17562,acetylcholine,0
2013328601,ORN_VA1v,noside,17563,acetylcholine,0
2013332880,ORN_VA1v,noside,17564,acetylcholine,0
2013333009,lLN17,right,17565,acetylcholine,0
2013363026,ORN_VA6,noside,17566,acetylcholine,0
2013366977,ORN_VA6,noside,17567,acetylcholine,0
2013371258,ORN_VA6,noside,17568,acetylcholine,0
2013375883,ORN_VA6,noside,17569,acetylcholine,0
2013674001,ORN_VA1v,noside,17570,acetylcholine,0
2013678148,ORN_VA1d,noside,17571,acetylcholine,0
2013691011,ORN_VA1d,noside,17572,serotonin,0
2013708057,ORN_VA6,noside,17573,acetylcholine,0
2013712652,ORN_VA6,noside,17574,acetylcholine,0
2013734421,ORN_VM5v,noside,17575,acetylcholine,0
2013734557,ORN_VM5v,noside,17576,acetylcholine,0
2013751519,ORN_VA3,noside,17577,acetylcholine,0
2013751718,ORN_VA7m,noside,17578,acetylcholine,0
2013751786,ORN_VA7m,noside,17579,serotonin,0
2013751841,ORN_VM5v,noside,17580,acetylcholine,0
2013751862,ORN_VA7m,noside,17581,acetylcholine,0
2013751890,ORN_VA7m,noside,17582,serotonin,0
2013751896,ORN_VA7m,noside,17583,acetylcholine,0
2013751940,ORN_VA3,noside,17584,acetylcholine,0
2013755484,ORN_VA7m,noside,17585,acetylcholine,0
2014014677,ORN_VA1d,noside,17586,,0
2014023478,ORN_VA1d,noside,17587,acetylcholine,0
2014036488,ORN_VA1d,noside,17588,acetylcholine,0
2014036496,ORN_VA1d,noside,17589,acetylcholine,0
2014057997,ORN_VA6,noside,17590,acetylcholine,0
2014084415,ORN_VM5v,noside,17591,acetylcholine,0
2014368773,ORN_VA1d,noside,17592,acetylcholine,0
2014377317,ORN_VA1d,noside,17593,acetylcholine,0
2014382294,ORN_VA1v,noside,17594,acetylcholine,0
2014394780,ORN_VA6,noside,17595,acetylcholine,0
2014398891,ORN_VA6,noside,17596,acetylcholine,0
2014749251,ORN_VM5v,noside,17597,acetylcholine,0
2015396491,ORN_VA1v,noside,17598,serotonin,0
2015400778,ORN_VA1v,noside,17599,acetylcholine,0
2015404634,ORN_VA1v,noside,17600,serotonin,0
2015404662,ORN_VA1v,noside,17601,serotonin,0
2025507235,LLPC1,noside,17602,acetylcholine,0
2026292621,PS044,right,17603,acetylcholine,0
2026862112,LC15,noside,17604,acetylcholine,0
2027609500,WED041,right,17605,glutamate,1
2027880999,LC13,right,17606,acetylcholine,0
2027890302,LC24,right,17607,acetylcholine,0
2027997425,WED167,right,17608,acetylcholine,0
2027997498,WED166_d,right,17609,acetylcholine,0
2028261229,LC21,noside,17610,acetylcholine,0
2028261424,LC31,right,17611,acetylcholine,0
2028309036,WED037,right,17612,glutamate,1
2028339038,WED158,right,17613,glutamate,1
2028588805,LC28a,noside,17614,acetylcholine,0
2028670863,WED159,right,17615,glutamate,1
2028675274,WED161_a,right,17616,glutamate,1
2028675474,WED157,right,17617,acetylcholine,0
2029345079,LAL180,right,17618,acetylcholine,0
2029573063,LC24,noside,17619,acetylcholine,0
2029624973,LC17,noside,17620,acetylcholine,0
2030031730,WED021,right,17621,acetylcholine,0
2030342003,WEDPN1A_b,right,17622,gaba,1
2030381586,WED130,right,17623,acetylcholine,0
2030701241,WED036_a,right,17624,glutamate,1
2031050879,WED087,right,17625,gaba,1
2031266973,LC25,noside,17626,glutamate,1
2031279383,LC28b,right,17627,acetylcholine,0
2031343357,WED092,right,17628,acetylcholine,0
2031407907,WED150,right,17629,gaba,1
2031679779,AVLP548_d,right,17630,gaba,1
2031697802,WED113,right,17631,acetylcholine,0
2031960555,LC24,noside,17632,glutamate,1
2032496018,VES031,right,17633,gaba,1
2032664066,LC28b,noside,17634,acetylcholine,0
2032760275,SAD025,right,17635,gaba,1
2032815879,VES049,right,17636,gaba,1
2033005397,LC14,right,17637,unknown,0
2033010036,LC28a,noside,17638,acetylcholine,0
2033139281,SAD086,right,17639,acetylcholine,0
2033393885,PVLP046,right,17640,gaba,1
2033503245,VES031,right,17641,gaba,1
2033817015,SAD052,right,17642,acetylcholine,0
2034477252,WED149,right,17643,acetylcholine,0
2034516836,SAD036,right,17644,glutamate,1
2036131300,WED117,right,17645,acetylcholine,0
2036156525,SAD039,right,17646,serotonin,0
2036178921,WED002,right,17647,acetylcholine,0
2036459140,WED066,right,17648,acetylcholine,0
2036510940,WED029,right,17649,gaba,1
2036878120,LAL106,right,17650,acetylcholine,0
2037166913,WED061,right,17651,acetylcholine,0
2038280489,v2LN38,right,17652,acetylcholine,0
2038617453,VP5+VP2_l2PN,right,17653,acetylcholine,0
2038634459,ORN_VC5,noside,17654,gaba,1
2038638823,ORN_VC5,noside,17655,acetylcholine,0
2038638855,ORN_VC5,noside,17656,acetylcholine,0
2038980593,ORN_VC5,noside,17657,acetylcholine,0
2038980773,ORN_VC5,noside,17658,acetylcholine,0
2039100722,HBeyelet,noside,17659,gaba,1
2039273648,v2LN2,right,17660,gaba,1
2039317259,ORN_VC5,left,17661,,0
2039317327,ORN_VC5,noside,17662,acetylcholine,0
2039321461,ORN_VC5,noside,17663,acetylcholine,0
2039623367,HRN_VP1l,right,17664,acetylcholine,0
2039662264,ORN_VC5,left,17665,,0
2039662566,ORN_VC5,noside,17666,,0
2039662922,ORN_VC5,noside,17667,acetylcholine,0
2039666921,ORN_VC5,noside,17668,acetylcholine,0
2039865821,AVLP548_f,right,17669,gaba,1
2039878254,AVLP548_b,right,17670,gaba,1
2040008036,ORN_VC5,noside,17671,serotonin,0
2040266092,ORN_VL2p,left,17672,acetylcholine,0
2040270490,ORN_VL2p,left,17673,acetylcholine,0
2040270763,v2LN47,right,17674,gaba,1
2040301572,lLN11,right,17675,acetylcholine,0
2040344064,M_adPNm5,right,17676,acetylcholine,0
2040348410,ORN_VC3l,noside,17677,acetylcholine,0
2040348807,ORN_VC3l,noside,17678,acetylcholine,0
2040348896,ORN_VC3l,right,17679,acetylcholine,0
2040603039,ORN_VL2a,left,17680,serotonin,0
2040603130,ORN_VL2p,right,17681,acetylcholine,0
2040677122,ORN_VC3l,right,17682,acetylcholine,0
2040681011,ORN_VC3l,left,17683,acetylcholine,0
2040685505,ORN_VC3l,right,17684,acetylcholine,0
2040689399,ORN_VC3l,noside,17685,acetylcholine,0
2040689820,ORN_VC3l,noside,17686,acetylcholine,0
2040871009,AVLP548_f,right,17687,gaba,1
2040939849,ORN_VL2p,right,17688,acetylcholine,0
2040939889,ORN_VL2p,right,17689,acetylcholine,0
2040944240,ORN_VL2a,left,17690,serotonin,0
2040944536,ORN_VL2p,left,17691,acetylcholine,0
2041026442,ORN_VC3l,right,17692,acetylcholine,0
2041035008,ORN_VM7v,noside,17693,acetylcholine,0
2041035230,ORN_VC2,noside,17694,serotonin,0
2041255721,AVLP377,right,17695,acetylcholine,0
2041281083,ORN_VL2p,right,17696,acetylcholine,0
2041285477,ORN_VL2p,right,17697,acetylcholine,0
2041367679,ORN_VM7v,right,17698,acetylcholine,0
2041567042,AVLP353,right,17699,acetylcholine,0
2041592320,AVLP379,right,17700,acetylcholine,0
2041621893,lLN2P_a,right,17701,serotonin,0
2041962740,ORN_VL2a,left,17702,serotonin,0
2041963078,ORN_VL2a,right,17703,serotonin,0
2041993364,lLN7,right,17704,gaba,1
2042027880,ORN_VA7l,noside,17705,acetylcholine,0
2042057871,ORN_VM5v,noside,17706,acetylcholine,0
2042390750,ORN_VC4,noside,17707,acetylcholine,0
2042395169,ORN_VC4,noside,17708,acetylcholine,0
2042399821,ORN_VC4,noside,17709,acetylcholine,0
2042403029,ORN_VC4,noside,17710,acetylcholine,0
2042644919,ORN_VL2a,right,17711,acetylcholine,0
2042731911,ORN_VC4,noside,17712,acetylcholine,0
2042740780,ORN_VC4,noside,17713,acetylcholine,0
2043042499,ORN_VC1,noside,17714,serotonin,0
2043081104,ORN_VC4,noside,17715,acetylcholine,0
2043418105,ORN_VC4,noside,17716,acetylcholine,0
2043422490,ORN_VC4,noside,17717,acetylcholine,0
2043741893,ORN_VM5v,noside,17718,acetylcholine,0
2043762933,ORN_VC4,noside,17719,acetylcholine,0
2044026514,ORN_VA1v,noside,17720,acetylcholine,0
2044026843,ORN_VA1v,noside,17721,serotonin,0
2044026850,ORN_VA1v,noside,17722,serotonin,0
2044026917,ORN_VA1v,noside,17723,serotonin,0
2044030893,ORN_VA1v,noside,17724,acetylcholine,0
2044056694,ORN_VA6,noside,17725,acetylcholine,0
2044061100,ORN_VA6,noside,17726,acetylcholine,0
2044363269,ORN_VA1v,noside,17727,acetylcholine,0
2044363294,ORN_VA1v,noside,17728,serotonin,0
2044371693,ORN_VA1v,noside,17729,serotonin,0
2044441348,ORN_VA2,noside,17730,acetylcholine,0
2044445446,ORN_VA2,noside,17731,acetylcholine,0
2044445500,ORN_VA2,noside,17732,serotonin,0
2044445583,ORN_VA2,noside,17733,acetylcholine,0
2044445769,ORN_VA2,noside,17734,acetylcholine,0
2044445822,ORN_VA2,noside,17735,acetylcholine,0
2044699904,ORN_VA1v,right,17736,acetylcholine,0
2044704044,ORN_VA1v,noside,17737,acetylcholine,0
2044704083,ORN_VA1v,noside,17738,serotonin,0
2044704085,ORN_VA1v,noside,17739,acetylcholine,0
2044704184,ORN_VA1v,noside,17740,acetylcholine,0
2044704260,ORN_VA1v,noside,17741,serotonin,0
2044769231,ORN_VM5v,noside,17742,acetylcholine,0
2044786163,ORN_VA3,noside,17743,acetylcholine,0
2044786251,ORN_VA7l,noside,17744,serotonin,0
2044786350,ORN_VA7m,noside,17745,acetylcholine,0
2044786356,ORN_VA7m,noside,17746,acetylcholine,0
2044786423,ORN_VA3,right,17747,acetylcholine,0
2044786654,ORN_VA3,noside,17748,acetylcholine,0
2044786718,ORN_VA3,noside,17749,acetylcholine,0
2044786781,ORN_VA2,noside,17750,acetylcholine,0
2045071470,ORN_VA1v,noside,17751,serotonin,0
2045105779,ORN_VM5v,noside,17752,serotonin,0
2045127426,ORN_VA7m,noside,17753,acetylcholine,0
2045412208,ORN_VA1v,noside,17754,serotonin,0
2045412276,ORN_VA1v,noside,17755,acetylcholine,0
2045416817,ORN_VA1v,noside,17756,serotonin,0
2045421319,ORN_VA1v,noside,17757,serotonin,0
2045459990,ORN_VM5v,noside,17758,acetylcholine,0
2046090071,ORN_DC3,noside,17759,acetylcholine,0
2046094371,ORN_VA1v,noside,17760,serotonin,0
2046128726,ORN_VM5v,noside,17761,acetylcholine,0
2046439442,ORN_VA1v,noside,17762,acetylcholine,0
2055493046,LPC2,noside,17763,glutamate,1
2055807838,LLPC3,noside,17764,acetylcholine,0
2058273371,LC18,noside,17765,acetylcholine,0
2058932928,LC10,noside,17766,gaba,1
2059295981,LPLC1,right,17767,acetylcholine,0
2059611420,LC24,right,17768,acetylcholine,0
2059645808,Li13,right,17769,gaba,1
2059978318,LPLC2,right,17770,acetylcholine,0
2060285444,Li13,right,17771,gaba,1
2060406525,PS118,right,17772,glutamate,1
2060708337,WED033_b,right,17773,gaba,1
2061028219,WEDPN8B,right,17774,acetylcholine,0
2061316365,LC27,noside,17775,acetylcholine,0
2061411337,LAL132,right,17776,glutamate,1
2062020032,MC62,noside,17777,acetylcholine,0
2062106672,WED096,right,17778,glutamate,1
2062386720,WED113,right,17779,acetylcholine,0
2062391037,WED111,right,17780,acetylcholine,0
2062391233,WED114,right,17781,acetylcholine,0
2062404496,WED072,right,17782,acetylcholine,0
2062443471,WED150,right,17783,acetylcholine,0
2062689505,LC15,noside,17784,acetylcholine,0
2062780103,SAD091,right,17785,acetylcholine,0
2063013720,LT57,right,17786,acetylcholine,0
2063401631,WED106,right,17787,gaba,1
2064040033,LT57,right,17788,acetylcholine,0
2064040127,LT57,right,17789,acetylcholine,0
2064040742,LC27,noside,17790,acetylcholine,0
2064165421,V_ilPN,noside,17791,acetylcholine,0
2064713562,MC64,noside,17792,acetylcholine,0
2065158506,SAD024,right,17793,gaba,1
2065192873,SAD055,right,17794,acetylcholine,0
2065197353,VP5+VP3_l2PN,right,17795,acetylcholine,0
2065533721,WEDPN8C,right,17796,acetylcholine,0
2065533871,SAD009,right,17797,serotonin,0
2065745704,l-LNv,noside,17798,serotonin,0
2065814899,SAD032,right,17799,acetylcholine,0
2065879191,WEDPN15,right,17800,acetylcholine,0
2066509864,SAD050,right,17801,acetylcholine,0
2067153349,SAD031,right,17802,acetylcholine,0
2067847820,WED014,right,17803,gaba,1
2067852579,SAD027,right,17804,gaba,1
2067886800,WED029,right,17805,gaba,1
2068801704,s-LNv,noside,17806,acetylcholine,0
2068845394,AVLP420_a,right,17807,gaba,1
2068863008,AVLP349,right,17808,acetylcholine,0
2068965891,SAD041,right,17809,glutamate,1
2069194719,AVLP354,right,17810,acetylcholine,0
2069199558,AVLP354,right,17811,acetylcholine,0
2069320377,TRN_VP2,right,17812,acetylcholine,0
2069644133,VP5+_l2PN,right,17813,acetylcholine,0
2069647778,l2LN23,right,17814,gaba,1
2069648213,l2LN23,noside,17815,gaba,1
2069648663,VP1m+VP5_ilPN,noside,17816,acetylcholine,0
2069652905,OA-VUMa5,right,17817,octopamine,0
2069868062,AVLP426,right,17818,gaba,1
2069989274,v2LN39A,right,17819,glutamate,1
2070014719,ORN_VC5,noside,17820,acetylcholine,0
2070222337,AVLP383,right,17821,acetylcholine,0
2070239660,AVLP361,right,17822,acetylcholine,0
2070351714,ORN_VC5,noside,17823,acetylcholine,0
2070351726,ORN_VC5,noside,17824,serotonin,0
2070351862,ORN_VC5,noside,17825,acetylcholine,0
2070356018,ORN_VC5,left,17826,acetylcholine,0
2070542355,AVLP386,right,17827,acetylcholine,0
2070688701,ORN_VC5,noside,17828,acetylcholine,0
2070688742,ORN_VC5,noside,17829,acetylcholine,0
2070692530,ORN_VC5,left,17830,,0
2070693048,ORN_VC5,noside,17831,acetylcholine,0
2070900931,AVLP383,right,17832,acetylcholine,0
2071029651,ORN_VC5,left,17833,acetylcholine,0
2071033930,ORN_VC5,noside,17834,acetylcholine,0
2071034348,ORN_VC5,noside,17835,acetylcholine,0
2071245752,AVLP361,right,17836,acetylcholine,0
2071276111,AVLP423,right,17837,gaba,1
2071305421,v2LN47,right,17838,gaba,1
2071388678,ORN_VC5,noside,17839,acetylcholine,0
2071677193,v2LN34C,right,17840,acetylcholine,0
2071711245,ORN_VC3l,noside,17841,acetylcholine,0
2071715595,ORN_VC3l,left,17842,acetylcholine,0
2071915317,AVLP548_e,right,17843,gaba,1
2071936445,AVLP359,right,17844,acetylcholine,0
2071949565,AVLP377,right,17845,acetylcholine,0
2071953654,AVLP352,right,17846,acetylcholine,0
2071958190,AVLP358,right,17847,acetylcholine,0
2071974816,ORN_VL2p,noside,17848,acetylcholine,0
2071974975,ORN_VL2p,right,17849,acetylcholine,0
2072070166,ORN_VC3l,right,17850,acetylcholine,0
2072268964,AVLP368,right,17851,acetylcholine,0
2072289947,AVLP361,right,17852,acetylcholine,0
2072397710,ORN_VC3l,left,17853,acetylcholine,0
2072398225,ORN_VC3l,noside,17854,acetylcholine,0
2072410774,ORN_VA4,noside,17855,acetylcholine,0
2072411270,ORN_VC2,noside,17856,serotonin,0
2072657167,ORN_VL2p,left,17857,acetylcholine,0
2072661366,ORN_VL2p,left,17858,acetylcholine,0
2072950822,AVLP367,right,17859,acetylcholine,0
2073049935,ORN_VC1,left,17860,acetylcholine,0
2073067325,ORN_VC4,noside,17861,acetylcholine,0
2073071226,ORN_VC4,noside,17862,acetylcholine,0
2073075444,ORN_VC4,noside,17863,acetylcholine,0
2073075693,ORN_VC4,noside,17864,acetylcholine,0
2073295881,AVLP550,right,17865,gaba,1
2073343163,ORN_VL2a,left,17866,serotonin,0
2073386494,ORN_VC1,noside,17867,acetylcholine,0
2073386503,ORN_VC1,right,17868,acetylcholine,0
2073386507,ORN_VC1,noside,17869,serotonin,0
2073390652,ORN_VC1,right,17870,acetylcholine,0
2073390873,ORN_VC1,left,17871,acetylcholine,0
2073408400,ORN_VC4,noside,17872,acetylcholine,0
2073408606,ORN_VC4,noside,17873,acetylcholine,0
2073416969,ORN_VC4,noside,17874,acetylcholine,0
2073425846,ORN_VC4,noside,17875,acetylcholine,0
2073723397,ORN_VC1,left,17876,serotonin,0
2073723619,ORN_VC1,left,17877,acetylcholine,0
2073753413,ORN_VC4,noside,17878,acetylcholine,0
2073766750,ORN_VC4,noside,17879,acetylcholine,0
2073775281,ORN_VC4,noside,17880,acetylcholine,0
2073775513,ORN_VC4,noside,17881,acetylcholine,0
2074033750,ORN_VL2a,left,17882,acetylcholine,0
2074098768,ORN_VC4,noside,17883,acetylcholine,0
2074116622,ORN_VM2,noside,17884,serotonin,0
2074413812,ORN_VC1,left,17885,acetylcholine,0
2074435977,ORN_VC4,noside,17886,acetylcholine,0
2074440282,ORN_VC4,noside,17887,acetylcholine,0
2074720301,ORN_VL2a,right,17888,acetylcholine,0
2074724481,ORN_VA1v,noside,17889,acetylcholine,0
2074785707,ORN_VC4,noside,17890,acetylcholine,0
2075065746,ORN_VA1v,noside,17891,serotonin,0
2075074743,ORN_VA1v,noside,17892,acetylcholine,0
2075130919,ORN_VA2,noside,17893,acetylcholine,0
2075131086,ORN_VA2,noside,17894,acetylcholine,0
2075134971,ORN_VA2,noside,17895,acetylcholine,0
2075139532,ORN_VA2,noside,17896,serotonin,0
2075398005,ORN_VA1v,noside,17897,serotonin,0
2075398249,ORN_VA1v,noside,17898,acetylcholine,0
2075402508,ORN_VA1v,noside,17899,serotonin,0
2075415818,ORN_VA1v,noside,17900,serotonin,0
2075471996,ORN_VA2,noside,17901,acetylcholine,0
2075752213,ORN_VA1v,noside,17902,serotonin,0
2075752364,ORN_VA1v,noside,17903,acetylcholine,0
2075812985,ORN_VA2,noside,17904,acetylcholine,0
2076080045,ORN_VA1v,noside,17905,serotonin,0
2076088889,ORN_VA1v,noside,17906,serotonin,0
2076110549,ORN_VA1v,noside,17907,serotonin,0
2076119289,ORN_VA5,noside,17908,gaba,1
2076158214,ORN_VA2,noside,17909,acetylcholine,0
2076162300,ORN_VA2,noside,17910,serotonin,0
2076166334,ORN_VA2,noside,17911,acetylcholine,0
2076425439,ORN_VA1v,noside,17912,acetylcholine,0
2076451602,ORN_VA1v,noside,17913,serotonin,0
2076494885,ORN_VA7m,noside,17914,acetylcholine,0
2076792416,ORN_VA1v,noside,17915,serotonin,0
2077133435,ORN_VA1v,noside,17916,serotonin,0
2088629661,LC18,noside,17917,acetylcholine,0
2088950218,LC25,noside,17918,glutamate,1
2088971332,LC10,noside,17919,acetylcholine,0
2089653445,LC21,right,17920,acetylcholine,0
2090681039,LC13,right,17921,acetylcholine,0
2091038527,SAD063,right,17922,acetylcholine,0
2091078020,WED032,right,17923,gaba,1
2091362570,Li13,right,17924,,0
2091721670,SAD003,right,17925,acetylcholine,0
2091742192,WED021,right,17926,acetylcholine,0
2091794210,LAL059,right,17927,gaba,1
2092019182,LC28b,noside,17928,acetylcholine,0
2092088345,WED033_b,right,17929,gaba,1
2092446344,WED057,right,17930,gaba,1
2093097881,WED030,right,17931,gaba,1
2094186530,SAD037,right,17932,gaba,1
2094381099,LC20,right,17933,glutamate,1
2094397733,MC61,noside,17934,acetylcholine,0
2094501381,SAD092,right,17935,acetylcholine,0
2094811506,SAD025,right,17936,gaba,1
2094817209,WED030,right,17937,gaba,1
2094881374,VES049,right,17938,glutamate,1
2095481215,SAD026,right,17939,gaba,1
2095498288,SAD023,right,17940,gaba,1
2095549849,VES002,right,17941,acetylcholine,0
2096500397,SAD021_c,right,17942,gaba,1
2096846027,SAD021_a,right,17943,gaba,1
2096909873,SAD008,right,17944,acetylcholine,0
2096909882,WEDPN14,right,17945,acetylcholine,0
2096909903,SAD004,right,17946,acetylcholine,0
2096909904,WEDPN8C,right,17947,acetylcholine,0
2096909915,SAD003,right,17948,acetylcholine,0
2096913987,SAD004,right,17949,acetylcholine,0
2096914099,SAD004,right,17950,acetylcholine,0
2096914134,SAD002,right,17951,acetylcholine,0
2096914187,WED004,right,17952,acetylcholine,0
2096914200,SAD001,right,17953,acetylcholine,0
2096914287,WEDPN8C,right,17954,acetylcholine,0
2096914329,SAD007,right,17955,serotonin,0
2096914331,SAD001,right,17956,acetylcholine,0
2097462638,aMe1,right,17957,gaba,1
2097864425,AVLP556,right,17958,gaba,1
2097928626,LAL107,right,17959,acetylcholine,0
2099889350,AVLP263,right,17960,acetylcholine,0
2099889449,AVLP349,right,17961,acetylcholine,0
2099893858,AVLP359,right,17962,acetylcholine,0
2100010400,VP5+VP2_l2PN,right,17963,acetylcholine,0
2100666288,v2LN39A,right,17964,glutamate,1
2100670439,TRN_VP3a,right,17965,acetylcholine,0
2100912570,AVLP355,right,17966,acetylcholine,0
2100916607,AVLP548_g,right,17967,gaba,1
2100916614,AVLP420_b,right,17968,gaba,1
2100925151,AVLP377,right,17969,acetylcholine,0
2100934217,AVLP377,right,17970,acetylcholine,0
2101015643,v2LN41,right,17971,acetylcholine,0
2101257590,AVLP374,right,17972,acetylcholine,0
2101339904,l2LN22,right,17973,serotonin,0
2101348562,v2LN49,right,17974,gaba,1
2101387048,ORN_VC5,noside,17975,acetylcholine,0
2101390910,ORN_VC5,noside,17976,acetylcholine,0
2101391269,vLN28,right,17977,gaba,1
2101685376,HRN_VP1l,right,17978,acetylcholine,0
2101719157,ORN_VC5,noside,17979,acetylcholine,0
2101723222,ORN_VC5,noside,17980,acetylcholine,0
2101723693,ORN_VC5,noside,17981,acetylcholine,0
2101728116,ORN_VC5,noside,17982,acetylcholine,0
2101740474,ORN_VM1,noside,17983,serotonin,0
2101935020,AVLP378,right,17984,acetylcholine,0
2101935380,AVLP359,right,17985,acetylcholine,0
2102056443,ORN_VC5,noside,17986,acetylcholine,0
2102060515,ORN_VC5,noside,17987,acetylcholine,0
2102065009,ORN_VC5,noside,17988,acetylcholine,0
2102068842,ORN_VC5,noside,17989,serotonin,0
2102069089,ORN_VC5,noside,17990,serotonin,0
2102077568,ORN_VC5,noside,17991,acetylcholine,0
2102259127,AVLP357,right,17992,acetylcholine,0
2102285186,AVLP420_a,right,17993,gaba,1
2102392518,ORN_VC5,noside,17994,acetylcholine,0
2102405375,ORN_VC5,noside,17995,acetylcholine,0
2102410195,ORN_VC5,noside,17996,acetylcholine,0
2102613062,AVLP548_d,right,17997,gaba,1
2102647985,AVLP482,right,17998,gaba,1
2102751384,ORN_VC3m,noside,17999,acetylcholine,0
2102962866,AVLP548_e,right,18000,gaba,1
2102984578,AVLP426,right,18001,gaba,1
2103079192,ORN_VC3l,right,18002,acetylcholine,0
2103100204,ORN_VC3l,left,18003,acetylcholine,0
2103104764,ORN_VC3l,noside,18004,acetylcholine,0
2103104826,ORN_VC3l,right,18005,acetylcholine,0
2103423940,ORN_VC3l,noside,18006,acetylcholine,0
2103428527,ORN_VC3l,right,18007,acetylcholine,0
2103441206,ORN_VC3l,right,18008,acetylcholine,0
2103445501,ORN_VC3l,noside,18009,acetylcholine,0
2103445598,ORN_VC3l,noside,18010,acetylcholine,0
2103446612,ORN_VC3m,noside,18011,acetylcholine,0
2103645198,AVLP387,right,18012,serotonin,0
2103657269,AVLP545,right,18013,gaba,1
2103765567,ORN_VC3l,noside,18014,acetylcholine,0
2104097978,ORN_VC2,noside,18015,acetylcholine,0
2104128574,ORN_VM3,right,18016,acetylcholine,0
2104429901,ORN_VC1,right,18017,acetylcholine,0
2104452085,ORN_VC4,noside,18018,acetylcholine,0
2104788476,ORN_VC4,noside,18019,acetylcholine,0
2104806086,ORN_VA2,noside,18020,acetylcholine,0
2105086391,lLN2P_c,right,18021,serotonin,0
2105448977,ORN_VC2,noside,18022,serotonin,0
2105448995,ORN_VC2,noside,18023,acetylcholine,0
2105449001,ORN_VC2,noside,18024,serotonin,0
2105449028,ORN_VC2,noside,18025,acetylcholine,0
2105453118,ORN_VC2,noside,18026,acetylcholine,0
2105453119,ORN_VC2,noside,18027,acetylcholine,0
2105453184,ORN_VC2,noside,18028,acetylcholine,0
2105453255,ORN_VC2,noside,18029,serotonin,0
2105457595,ORN_VC2,noside,18030,serotonin,0
2105470817,ORN_VC4,noside,18031,acetylcholine,0
2105488165,ORN_VC4,noside,18032,acetylcholine,0
2105488219,ORN_VC4,noside,18033,acetylcholine,0
2105492020,ORN_VA2,noside,18034,acetylcholine,0
2105492638,ORN_VA2,noside,18035,acetylcholine,0
2105789828,ORN_VC2,noside,18036,acetylcholine,0
2105789935,ORN_VC2,noside,18037,serotonin,0
2105790068,ORN_VC2,noside,18038,acetylcholine,0
2105794119,ORN_VC2,noside,18039,acetylcholine,0
2105794279,ORN_VC2,noside,18040,acetylcholine,0
2105798782,ORN_VC2,noside,18041,serotonin,0
2105798812,ORN_VC2,noside,18042,acetylcholine,0
2105824677,ORN_VA2,noside,18043,acetylcholine,0
2105833634,ORN_VA2,noside,18044,acetylcholine,0
2105833890,ORN_VA2,noside,18045,acetylcholine,0
2106135212,ORN_VC2,noside,18046,acetylcholine,0
2106135249,ORN_VC2,noside,18047,serotonin,0
2106161668,ORN_VA2,noside,18048,acetylcholine,0
2106166015,ORN_VA2,noside,18049,acetylcholine,0
2106170112,ORN_VA2,noside,18050,acetylcholine,0
2106174694,ORN_VA2,noside,18051,acetylcholine,0
2106445927,ORN_VA1v,noside,18052,acetylcholine,0
2106467925,ORN_VA7l,noside,18053,serotonin,0
2106472221,ORN_VA7l,noside,18054,serotonin,0
2106497975,ORN_VA7m,noside,18055,serotonin,0
2106507156,ORN_VA2,noside,18056,acetylcholine,0
2106514945,ORN_VA2,noside,18057,acetylcholine,0
2106778450,ORN_VA1v,noside,18058,acetylcholine,0
2106778488,ORN_VA1v,noside,18059,serotonin,0
2106787203,ORN_VA1v,noside,18060,acetylcholine,0
2106804199,ORN_VA1v,noside,18061,acetylcholine,0
2106817517,ORN_VA7l,left,18062,,0
2106822016,ORN_VA7m,noside,18063,acetylcholine,0
2106847803,ORN_VA2,noside,18064,acetylcholine,0
2106847811,ORN_VA2,noside,18065,acetylcholine,0
2107140799,ORN_VA1v,noside,18066,serotonin,0
2107162809,ORN_VA7m,noside,18067,serotonin,0
2107167189,ORN_VA7m,noside,18068,acetylcholine,0
2107176159,ORN_VA7m,noside,18069,serotonin,0
2107184313,ORN_VA2,noside,18070,acetylcholine,0
2107184765,ORN_VA2,noside,18071,acetylcholine,0
2107188772,ORN_VA2,noside,18072,acetylcholine,0
2107188865,ORN_VA2,noside,18073,acetylcholine,0
2107188970,ORN_VA2,noside,18074,acetylcholine,0
2107193033,ORN_VA2,noside,18075,serotonin,0
2107197097,ORN_VA2,noside,18076,acetylcholine,0
2107197210,ORN_VA2,noside,18077,acetylcholine,0
2107197699,ORN_VA2,noside,18078,serotonin,0
2107482285,ORN_VA1v,noside,18079,acetylcholine,0
2107490705,ORN_VA1v,noside,18080,serotonin,0
2107508333,ORN_VA7m,noside,18081,acetylcholine,0
2107508409,ORN_VA7m,noside,18082,serotonin,0
2107521422,ORN_VA7m,noside,18083,acetylcholine,0
2107525263,ORN_VA3,noside,18084,acetylcholine,0
2107529953,ORN_VA3,noside,18085,acetylcholine,0
2107823347,ORN_VA1v,noside,18086,serotonin,0
2107866390,ORN_VA3,noside,18087,acetylcholine,0
2117895198,LPC2,noside,18088,acetylcholine,0
2119272595,LC18,right,18089,acetylcholine,0
2121340624,LC26,noside,18090,acetylcholine,0
2121685030,LC13,right,18091,acetylcholine,0
2121690154,LC13,right,18092,acetylcholine,0
2121707030,LC11,noside,18093,acetylcholine,0
2121711447,LC4,noside,18094,acetylcholine,0
2122060818,Li13,right,18095,,0
2122073810,WED026,right,18096,gaba,1
2122761005,WED004,right,18097,acetylcholine,0
2123096640,WEDPN8A,right,18098,acetylcholine,0
2123809526,WED057,right,18099,gaba,1
2124137753,WED087,right,18100,gaba,1
2124762952,mALC2,left,18101,gaba,1
2125424856,LC20,noside,18102,glutamate,1
2126183507,SAD022,right,18103,gaba,1
2126296267,SAD073,right,18104,gaba,1
2126792076,LC14,right,18105,unknown,0
2126857473,SAD026,right,18106,gaba,1
2126866046,WED072,right,18107,acetylcholine,0
2126943304,VES035,right,18108,gaba,1
2127949176,SAD066,right,18109,acetylcholine,0
2128191566,WED064,right,18110,acetylcholine,0
2128226181,SAD021_b,right,18111,gaba,1
2128285745,SAD007,right,18112,acetylcholine,0
2128566765,SAD038,right,18113,acetylcholine,0
2129240307,SAD033,right,18114,acetylcholine,0
2129240697,SAD021_b,right,18115,gaba,1
2130242042,AVLP357,right,18116,acetylcholine,0
2131372466,HRN_VP5,right,18117,acetylcholine,0
2131372546,HRN_VP5,right,18118,acetylcholine,0
2131372734,HRN_VP5,right,18119,acetylcholine,0
2131372750,HRN_VP5,right,18120,acetylcholine,0
2131377138,HRN_VP5,right,18121,acetylcholine,0
2131696932,TRN_VP3a,right,18122,acetylcholine,0
2131705304,HRN_VP5,right,18123,acetylcholine,0
2131709474,HRN_VP5,right,18124,acetylcholine,0
2131713897,HRN_VP5,right,18125,acetylcholine,0
2132037566,TRN_VP3a,right,18126,acetylcholine,0
2132374646,v2LN2,right,18127,gaba,1
2132375072,v2LN49,right,18128,gaba,1
2132421402,ORN_VC5,noside,18129,acetylcholine,0
2132422384,ORN_VC5,noside,18130,acetylcholine,0
2133060479,HRN_VP1l,right,18131,acetylcholine,0
2133103556,ORN_VC5,noside,18132,acetylcholine,0
2133103826,ORN_VC5,noside,18133,acetylcholine,0
2133332515,AVLP379,right,18134,acetylcholine,0
2134122853,ORN_VC3m,noside,18135,acetylcholine,0
2134122882,ORN_VC3m,noside,18136,acetylcholine,0
2134126987,ORN_VC3m,noside,18137,acetylcholine,0
2134127287,ORN_VC3m,noside,18138,acetylcholine,0
2134131536,ORN_VC3m,noside,18139,acetylcholine,0
2134472295,ORN_VC3m,right,18140,acetylcholine,0
2134472645,ORN_VC3m,noside,18141,acetylcholine,0
2134476973,ORN_VC3m,noside,18142,acetylcholine,0
2134667506,AVLP421,right,18143,gaba,1
2134692710,AVLP548_c,right,18144,gaba,1
2134817763,ORN_VC3l,right,18145,acetylcholine,0
2134821858,ORN_VA4,noside,18146,serotonin,0
2134822126,ORN_VC3m,noside,18147,acetylcholine,0
2134822333,ORN_VC3m,noside,18148,acetylcholine,0
2135016054,AVLP548_c,right,18149,gaba,1
2135020850,AVLP421,right,18150,gaba,1
2135132845,ORN_VC3l,right,18151,acetylcholine,0
2135145228,ORN_VC3l,right,18152,acetylcholine,0
2135163363,ORN_VM3,right,18153,acetylcholine,0
2135408892,lLN2P_a,right,18154,serotonin,0
2135482607,ORN_VC3l,right,18155,acetylcholine,0
2135499925,ORN_VM3,right,18156,acetylcholine,0
2136146972,ORN_VC2,noside,18157,acetylcholine,0
2136151495,ORN_VC2,noside,18158,acetylcholine,0
2136186428,ORN_VM3,noside,18159,acetylcholine,0
2136522616,ORN_VA2,noside,18160,acetylcholine,0
2136522952,ORN_VA2,noside,18161,acetylcholine,0
2136526850,ORN_VM3,noside,18162,acetylcholine,0
2136527298,ORN_VA2,noside,18163,acetylcholine,0
2136798792,ORN_VA1v,noside,18164,acetylcholine,0
2136863797,ORN_VA2,noside,18165,acetylcholine,0
2136872016,ORN_VA2,noside,18166,acetylcholine,0
2137161409,ORN_VA7l,noside,18167,serotonin,0
2137161652,ORN_VA7l,noside,18168,acetylcholine,0
2137165879,ORN_VA7l,noside,18169,serotonin,0
2137165899,ORN_VA7l,noside,18170,serotonin,0
2137170131,ORN_VC2,noside,18171,acetylcholine,0
2137200772,ORN_VA2,noside,18172,acetylcholine,0
2137204684,ORN_VA2,noside,18173,acetylcholine,0
2137506724,ORN_VA7l,noside,18174,serotonin,0
2137507224,ORN_VA7l,noside,18175,acetylcholine,0
2137511265,ORN_VA7l,noside,18176,serotonin,0
2137541564,ORN_VA2,noside,18177,acetylcholine,0
2137545862,ORN_VA2,noside,18178,acetylcholine,0
2137550357,ORN_VA2,noside,18179,acetylcholine,0
2137839363,ORN_VA1v,noside,18180,serotonin,0
2137839380,ORN_VA1v,noside,18181,serotonin,0
2137856225,ORN_VA7m,noside,18182,acetylcholine,0
2137856415,ORN_VA7m,noside,18183,serotonin,0
2137861071,ORN_VA7m,noside,18184,acetylcholine,0
2137878394,ORN_VA2,noside,18185,acetylcholine,0
2137886901,ORN_VA2,noside,18186,acetylcholine,0
2137891363,ORN_VA2,noside,18187,serotonin,0
2138189090,ORN_VA7l,noside,18188,serotonin,0
2138197298,ORN_VA7m,noside,18189,acetylcholine,0
2138197442,ORN_VA7m,noside,18190,acetylcholine,0
2138197479,ORN_VA7m,noside,18191,acetylcholine,0
2138219317,ORN_VA2,noside,18192,acetylcholine,0
2138219330,ORN_VA2,noside,18193,acetylcholine,0
2138223685,ORN_VA2,noside,18194,serotonin,0
2138227714,ORN_VA2,noside,18195,acetylcholine,0
2138232396,ORN_VA2,noside,18196,acetylcholine,0
2138232459,ORN_VA2,noside,18197,acetylcholine,0
2138232554,ORN_VA2,noside,18198,acetylcholine,0
2138547055,ORN_VA7m,noside,18199,acetylcholine,0
2138552028,ORN_VA7m,noside,18200,acetylcholine,0
2138560828,ORN_VA3,noside,18201,acetylcholine,0
2138564577,ORN_VA2,noside,18202,acetylcholine,0
2138564725,ORN_VA2,noside,18203,acetylcholine,0
2138569144,ORN_VA2,noside,18204,acetylcholine,0
2138569195,ORN_VA2,noside,18205,acetylcholine,0
2138849727,ORN_VL1,right,18206,serotonin,0
2138888713,ORN_VA7m,noside,18207,acetylcholine,0
2138896652,ORN_VA3,noside,18208,acetylcholine,0
2138897318,ORN_VA3,noside,18209,acetylcholine,0
2147677469,SMP575,right,18210,dopamine,0
2147906589,LLPC3,noside,18211,glutamate,1
2152021090,LLPC3,noside,18212,glutamate,1
2153454486,WED095,right,18213,glutamate,1
2153842789,LAL056,right,18214,gaba,1
2154442557,LC13,right,18215,acetylcholine,0
2154767014,LC10,noside,18216,acetylcholine,0
2155124575,Li13,right,18217,,0
2155237366,SAD008,right,18218,serotonin,0
2155418746,LC25,noside,18219,glutamate,1
2155505207,WED030,right,18220,gaba,1
2155574014,WED003,right,18221,acetylcholine,0
2155574077,SAD009,right,18222,acetylcholine,0
2155833665,SAD026,right,18223,gaba,1
2155838289,WED056,right,18224,gaba,1
2155851048,WED056,right,18225,gaba,1
2155915091,SAD006,right,18226,acetylcholine,0
2155915107,SAD005,right,18227,acetylcholine,0
2156873528,SAD027,right,18228,gaba,1
2156877769,SAD028,right,18229,gaba,1
2157206476,SAD022,right,18230,gaba,1
2157555663,WED055_b,right,18231,gaba,1
2157564405,WED030,right,18232,gaba,1
2157641190,VES034_a,right,18233,gaba,1
2157896521,WED065,right,18234,acetylcholine,0
2157988001,VES038,right,18235,gaba,1
2158246363,SAD021_b,right,18236,gaba,1
2158246414,PVLP123,left,18237,acetylcholine,0
2158979725,SAD059,right,18238,acetylcholine,0
2158984105,SAD068,right,18239,acetylcholine,0
2160271244,WED001,right,18240,gaba,1
2162402915,HRN_VP5,right,18241,acetylcholine,0
2162739943,HRN_VP5,right,18242,acetylcholine,0
2162969684,AVLP361,right,18243,acetylcholine,0
2163102697,TRN_VP2,right,18244,acetylcholine,0
2163793289,ORN_VC5,noside,18245,acetylcholine,0
2163793358,ORN_VC5,noside,18246,serotonin,0
2164130952,ORN_VC5,noside,18247,acetylcholine,0
2164134181,ORN_VC5,noside,18248,serotonin,0
2164143348,ORN_VC5,noside,18249,acetylcholine,0
2164151407,ORN_VC5,noside,18250,serotonin,0
2164816415,ORN_VC3m,noside,18251,acetylcholine,0
2164820664,ORN_VC3m,noside,18252,acetylcholine,0
2164829632,ORN_VC3m,noside,18253,acetylcholine,0
2164833926,ORN_VM1,noside,18254,acetylcholine,0
2165157407,ORN_VC3m,noside,18255,acetylcholine,0
2165157838,ORN_VC3m,noside,18256,acetylcholine,0
2165161890,ORN_VC3m,noside,18257,acetylcholine,0
2165161934,ORN_VC3m,noside,18258,acetylcholine,0
2165161941,ORN_VC3m,noside,18259,acetylcholine,0
2165161986,ORN_VC3m,noside,18260,acetylcholine,0
2165166131,ORN_VC3m,right,18261,acetylcholine,0
2165170658,ORN_VC3m,right,18262,acetylcholine,0
2165170687,ORN_VC3m,noside,18263,acetylcholine,0
2165502570,ORN_VC3m,noside,18264,acetylcholine,0
2165830935,ORN_VC3l,right,18265,acetylcholine,0
2165843950,ORN_VC3m,noside,18266,acetylcholine,0
2165844209,ORN_VC3m,right,18267,acetylcholine,0
2165852860,ORN_VC3m,noside,18268,acetylcholine,0
2166042084,AVLP387,right,18269,acetylcholine,0
2166098256,ORN_VL2p,left,18270,acetylcholine,0
2166133204,VL1_ilPN,noside,18271,acetylcholine,0
2166193954,ORN_VM4,noside,18272,acetylcholine,0
2166193959,ORN_VM4,noside,18273,serotonin,0
2166197557,ORN_VM3,noside,18274,acetylcholine,0
2166197621,ORN_VM3,noside,18275,acetylcholine,0
2166197821,ORN_VM4,noside,18276,acetylcholine,0
2166539331,ORN_VM4,noside,18277,acetylcholine,0
2166871719,ORN_VM3,right,18278,acetylcholine,0
2167553250,ORN_VA2,noside,18279,acetylcholine,0
2167561757,ORN_VM3,noside,18280,acetylcholine,0
2167885918,ORN_VA2,noside,18281,acetylcholine,0
2167885988,ORN_VA2,noside,18282,acetylcholine,0
2167898830,ORN_VA2,noside,18283,acetylcholine,0
2167903289,ORN_VM3,noside,18284,acetylcholine,0
2168235227,ORN_VA2,noside,18285,acetylcholine,0
2168239739,ORN_VA2,noside,18286,acetylcholine,0
2168524681,ORN_VA5,noside,18287,acetylcholine,0
2168533487,ORN_VA5,noside,18288,acetylcholine,0
2168571819,ORN_VA2,noside,18289,acetylcholine,0
2168571905,ORN_VA2,noside,18290,acetylcholine,0
2168572270,ORN_VA2,noside,18291,acetylcholine,0
2168576352,ORN_VA2,noside,18292,acetylcholine,0
2168576610,ORN_VA2,noside,18293,acetylcholine,0
2168869893,ORN_VA5,noside,18294,acetylcholine,0
2168908719,ORN_VA2,noside,18295,acetylcholine,0
2169198172,ORN_VL1,right,18296,serotonin,0
2169198190,ORN_VL1,right,18297,acetylcholine,0
2169219786,ORN_VA5,noside,18298,acetylcholine,0
2169224232,ORN_VA5,noside,18299,acetylcholine,0
2169228241,ORN_VA7m,noside,18300,acetylcholine,0
2169254031,ORN_VA2,noside,18301,acetylcholine,0
2169267537,ORN_VA2,noside,18302,acetylcholine,0
2169538985,ORN_VL1,right,18303,serotonin,0
2169573598,ORN_VA7m,noside,18304,serotonin,0
2169578035,ORN_VA7m,noside,18305,acetylcholine,0
2169591162,ORN_VA3,left,18306,,0
2169595273,ORN_VA3,noside,18307,acetylcholine,0
2169599839,ORN_VA2,noside,18308,acetylcholine,0
2169918880,ORN_VA7m,noside,18309,serotonin,0
2169936327,ORN_VA3,noside,18310,acetylcholine,0
2179731270,HSS,noside,18311,glutamate,1
2181048794,LC13,right,18312,acetylcholine,0
2181730644,LC20,right,18313,glutamate,1
2181795104,WED096,right,18314,glutamate,1
2183418336,Li13,right,18315,gaba,1
2184147734,WED031,right,18316,gaba,1
2184148337,WED030,right,18317,gaba,1
2184834148,WED101,right,18318,glutamate,1
2184838726,WED004,right,18319,acetylcholine,0
2185189361,WED101,right,18320,gaba,1
2185481747,LC10,noside,18321,acetylcholine,0
2185547554,WED057,right,18322,gaba,1
2185822630,LC20,noside,18323,acetylcholine,0
2186155295,LC20,noside,18324,acetylcholine,0
2187515326,LC24,noside,18325,acetylcholine,0
2188585641,WED049,right,18326,acetylcholine,0
2188590741,WED055_a,right,18327,gaba,1
2190359821,SAD068,right,18328,acetylcholine,0
2195846519,ORN_VC5,noside,18329,acetylcholine,0
2195869005,ORN_VC5,noside,18330,acetylcholine,0
2196191950,ORN_VC3m,noside,18331,acetylcholine,0
2196192146,ORN_VC3m,noside,18332,acetylcholine,0
2196209657,ORN_VM1,noside,18333,acetylcholine,0
2196210183,ORN_VM1,noside,18334,acetylcholine,0
2196533087,ORN_VC3m,noside,18335,acetylcholine,0
2196551437,ORN_VM1,noside,18336,acetylcholine,0
2196874754,ORN_VC3m,noside,18337,acetylcholine,0
2196883380,ORN_VC3m,noside,18338,acetylcholine,0
2197158842,ORN_VL1,right,18339,serotonin,0
2197158864,ORN_VL1,right,18340,serotonin,0
2197163510,ORN_VL1,right,18341,serotonin,0
2197219986,ORN_VM4,noside,18342,acetylcholine,0
2197220063,ORN_VM4,noside,18343,serotonin,0
2197220186,ORN_VM4,noside,18344,acetylcholine,0
2197224079,ORN_VM4,noside,18345,acetylcholine,0
2197224127,ORN_VM4,noside,18346,acetylcholine,0
2197224226,ORN_VM4,noside,18347,serotonin,0
2197228908,ORN_VM4,noside,18348,acetylcholine,0
2197232766,ORN_VM4,noside,18349,acetylcholine,0
2197500470,ORN_VL1,right,18350,,0
2197500539,ORN_VL1,right,18351,acetylcholine,0
2197561253,ORN_VM4,noside,18352,serotonin,0
2197569253,ORN_VM4,noside,18353,acetylcholine,0
2197573388,ORN_VM4,noside,18354,serotonin,0
2197841544,ORN_VL1,right,18355,serotonin,0
2197876080,ORN_VC2,noside,18356,acetylcholine,0
2198243007,ORN_VA2,right,18357,acetylcholine,0
2198247044,ORN_VM3,right,18358,acetylcholine,0
2198247262,ORN_VM3,right,18359,acetylcholine,0
2198579859,ORN_VA2,noside,18360,acetylcholine,0
2198584024,ORN_VA2,noside,18361,acetylcholine,0
2198584363,ORN_VA2,noside,18362,acetylcholine,0
2198925014,ORN_VA2,noside,18363,serotonin,0
2198928886,ORN_VA2,noside,18364,acetylcholine,0
2198929158,ORN_VA2,noside,18365,acetylcholine,0
2199218544,ORN_VA5,noside,18366,acetylcholine,0
2199244414,ORN_VA3,noside,18367,acetylcholine,0
2199248827,ORN_VA3,noside,18368,acetylcholine,0
2199257831,ORN_VA3,noside,18369,acetylcholine,0
2199261919,ORN_VA2,noside,18370,acetylcholine,0
2199559677,ORN_VA5,noside,18371,acetylcholine,0
2199611432,ORN_VA2,noside,18372,serotonin,0
2199615494,ORN_VA2,noside,18373,acetylcholine,0
2199961165,ORN_VA2,noside,18374,acetylcholine,0
2200228723,ORN_V,right,18375,serotonin,0
2200228767,ORN_V,right,18376,serotonin,0
2200228798,ORN_V,right,18377,serotonin,0
2200288919,ORN_VA2,noside,18378,acetylcholine,0
2200301686,ORN_VA2,noside,18379,acetylcholine,0
2200569724,ORN_V,right,18380,serotonin,0
2200626077,ORN_VA3,noside,18381,acetylcholine,0
2200958472,ORN_VA3,noside,18382,acetylcholine,0
2211443902,HSN,noside,18383,glutamate,1
2211737961,LC26,noside,18384,acetylcholine,0
2212825480,WED096,right,18385,glutamate,1
2214504597,WEDPN1A_b,right,18386,gaba,1
2214846055,WEDPN1B,right,18387,gaba,1
2215161310,LC4,noside,18388,acetylcholine,0
2215182366,WED030,right,18389,gaba,1
2215187378,WED033_a,right,18390,gaba,1
2215550458,WED095,right,18391,glutamate,1
2215558377,WED056,right,18392,gaba,1
2215809310,LC20,noside,18393,gaba,1
2216261919,LAL056,right,18394,gaba,1
2216646860,WED101,right,18395,glutamate,1
2219650933,SAD011,right,18396,gaba,1
2219656107,WED031,right,18397,gaba,1
2219698263,VES038,right,18398,gaba,1
2219867226,LC29,right,18399,acetylcholine,0
2219996710,WED032,right,18400,gaba,1
2220026105,SAD007,right,18401,serotonin,0
2220683147,WED025,right,18402,gaba,1
2220920100,LC14,right,18403,acetylcholine,0
2221010328,JO-A/B/C,noside,18404,,0
2221053439,SAD065,right,18405,acetylcholine,0
2221313582,WED067,right,18406,acetylcholine,0
2221994684,WED067,right,18407,acetylcholine,0
2222406094,VES035,right,18408,gaba,1
2222659957,AVLP482,right,18409,gaba,1
2223778713,SAD040,right,18410,acetylcholine,0
2225401500,AVLP548_g,right,18411,gaba,1
2226200192,ORN_VC5,noside,18412,acetylcholine,0
2226204314,ORN_VC5,noside,18413,acetylcholine,0
2226898943,ORN_VC5,noside,18414,acetylcholine,0
2226899124,ORN_VC5,noside,18415,acetylcholine,0
2226903221,ORN_VC5,noside,18416,acetylcholine,0
2226903464,ORN_VM1,noside,18417,serotonin,0
2227097833,AVLP387,right,18418,acetylcholine,0
2227227187,ORN_VC3m,noside,18419,acetylcholine,0
2227231570,ORN_VC3m,noside,18420,acetylcholine,0
2227235482,ORN_VC3m,noside,18421,acetylcholine,0
2227244612,ORN_VM1,noside,18422,acetylcholine,0
2227581344,ORN_VM1,noside,18423,serotonin,0
2227585673,ORN_VM1,noside,18424,serotonin,0
2227585815,ORN_VM1,noside,18425,acetylcholine,0
2227740774,AVLP110,right,18426,acetylcholine,0
2227905434,ORN_VM4,noside,18427,acetylcholine,0
2228190346,ORN_VL1,right,18428,serotonin,0
2228194261,ORN_VL1,right,18429,serotonin,0
2228198564,ORN_VL1,right,18430,serotonin,0
2228202851,ORN_VL1,right,18431,serotonin,0
2228242016,ORN_VM4,noside,18432,serotonin,0
2228246155,ORN_VM4,noside,18433,acetylcholine,0
2228246513,ORN_VM4,noside,18434,acetylcholine,0
2228246655,ORN_VM4,noside,18435,acetylcholine,0
2228250216,ORN_VM4,noside,18436,serotonin,0
2228250233,ORN_VM4,noside,18437,serotonin,0
2228250411,ORN_VM4,noside,18438,acetylcholine,0
2228250473,ORN_VM4,noside,18439,serotonin,0
2228250557,ORN_VM4,noside,18440,serotonin,0
2228254382,ORN_VM4,noside,18441,acetylcholine,0
2228258843,ORN_VM4,noside,18442,acetylcholine,0
2228263505,ORN_VM1,noside,18443,acetylcholine,0
2228263741,ORN_VM1,noside,18444,acetylcholine,0
2228268269,ORN_VM1,noside,18445,serotonin,0
2228268375,ORN_VM1,noside,18446,acetylcholine,0
2228531013,ORN_VL1,right,18447,serotonin,0
2228535037,ORN_VL1,right,18448,acetylcholine,0
2228544091,ORN_VL1,right,18449,serotonin,0
2228548225,ORN_VL1,right,18450,acetylcholine,0
2228569805,ORN_VA4,noside,18451,acetylcholine,0
2228569835,ORN_VA4,noside,18452,acetylcholine,0
2228573847,ORN_VA4,noside,18453,acetylcholine,0
2228574181,ORN_VA4,noside,18454,acetylcholine,0
2228578702,ORN_VA4,noside,18455,acetylcholine,0
2228595477,ORN_VM4,noside,18456,acetylcholine,0
2228595645,ORN_VM4,noside,18457,serotonin,0
2228600233,ORN_VM4,noside,18458,acetylcholine,0
2228604837,ORN_VM4,noside,18459,serotonin,0
2228609001,ORN_VM4,noside,18460,serotonin,0
2228609065,ORN_VM4,noside,18461,acetylcholine,0
2228609139,ORN_VM1,noside,18462,serotonin,0
2228609140,ORN_VM4,noside,18463,acetylcholine,0
2228609200,ORN_VM4,noside,18464,acetylcholine,0
2228885032,ORN_VL1,right,18465,serotonin,0
2228906708,ORN_VA4,noside,18466,acetylcholine,0
2228906716,ORN_VA4,noside,18467,acetylcholine,0
2228910793,ORN_VA4,noside,18468,acetylcholine,0
2228910820,ORN_VA4,noside,18469,acetylcholine,0
2228910920,ORN_VA4,noside,18470,acetylcholine,0
2228910941,ORN_VA4,noside,18471,acetylcholine,0
2228914940,ORN_VA4,noside,18472,acetylcholine,0
2228915178,ORN_VA4,noside,18473,acetylcholine,0
2228915232,ORN_VA4,noside,18474,acetylcholine,0
2228915244,ORN_VA4,noside,18475,acetylcholine,0
2228915274,ORN_VA4,noside,18476,acetylcholine,0
2228936836,ORN_VM4,noside,18477,acetylcholine,0
2228936935,ORN_VM4,noside,18478,serotonin,0
2228937182,ORN_VM4,noside,18479,serotonin,0
2228941758,ORN_VM4,noside,18480,serotonin,0
2228950485,ORN_VM4,noside,18481,acetylcholine,0
2228950512,ORN_VM4,noside,18482,serotonin,0
2229212992,ORN_VL1,right,18483,serotonin,0
2229221710,ORN_VL1,right,18484,serotonin,0
2229230439,ORN_VL1,right,18485,serotonin,0
2229278366,ORN_VA2,noside,18486,gaba,1
2229282379,ORN_VM3,noside,18487,acetylcholine,0
2229286758,ORN_VM3,right,18488,acetylcholine,0
2229291065,ORN_VM3,right,18489,acetylcholine,0
2229558578,ORN_VL1,right,18490,serotonin,0
2229632158,ORN_VM3,noside,18491,acetylcholine,0
2229929673,ORN_VA3,noside,18492,acetylcholine,0
2229947231,ORN_VA3,noside,18493,acetylcholine,0
2229973318,ORN_VA2,noside,18494,acetylcholine,0
2230642295,ORN_VA2,noside,18495,acetylcholine,0
2230646124,ORN_VA2,noside,18496,acetylcholine,0
2230646168,ORN_VA2,noside,18497,acetylcholine,0
2230926964,ORN_V,right,18498,serotonin,0
2230931053,ORN_V,right,18499,serotonin,0
2230931077,ORN_V,right,18500,serotonin,0
2230931155,ORN_V,right,18501,serotonin,0
2230983145,ORN_VA2,noside,18502,acetylcholine,0
2231284881,ORN_V,right,18503,serotonin,0
2231289277,ORN_V,right,18504,serotonin,0
2231289333,ORN_V,right,18505,serotonin,0
2231289424,ORN_V,right,18506,serotonin,0
2231289459,ORN_V,right,18507,acetylcholine,0
2231289545,ORN_V,right,18508,serotonin,0
2231289597,ORN_V,right,18509,serotonin,0
2231293819,ORN_V,right,18510,serotonin,0
2231293853,ORN_V,right,18511,serotonin,0
2231298121,ORN_V,right,18512,serotonin,0
2231298154,ORN_V,right,18513,serotonin,0
2231298170,ORN_V,right,18514,serotonin,0
2231302306,ORN_VA3,noside,18515,acetylcholine,0
2231656529,ORN_VA3,noside,18516,acetylcholine,0
2243458832,LC25,noside,18517,glutamate,1
2244482994,Li19,right,18518,gaba,1
2245501457,LC17,noside,18519,acetylcholine,0
2245634599,SAD076,right,18520,glutamate,1
2246861609,LC15,right,18521,acetylcholine,0
2247202730,LC24,noside,18522,acetylcholine,0
2247336031,SAD078,right,18523,gaba,1
2247339883,SAD079,right,18524,gaba,1
2247340372,SAD080,right,18525,glutamate,1
2248942409,SAD030,right,18526,gaba,1
2249598591,LC15,noside,18527,acetylcholine,0
2249645744,SAD030,right,18528,gaba,1
2251039921,SAD019,right,18529,gaba,1
2251662029,AVLP143,right,18530,acetylcholine,0
2252063171,SAD046,right,18531,acetylcholine,0
2256509698,TRN_VP3b,right,18532,acetylcholine,0
2256863785,v2LN39A,right,18533,acetylcholine,0
2256897823,ORN_VC5,noside,18534,acetylcholine,0
2257575800,ORN_VC5,noside,18535,acetylcholine,0
2257912736,ORN_VC5,noside,18536,acetylcholine,0
2257912884,ORN_VC5,noside,18537,acetylcholine,0
2258279495,ORN_VM1,noside,18538,serotonin,0
2258611672,ORN_VM1,noside,18539,serotonin,0
2258612054,ORN_VM1,noside,18540,serotonin,0
2258930998,ORN_VM4,noside,18541,gaba,1
2258931499,ORN_VM4,noside,18542,serotonin,0
2258961231,ORN_VM1,noside,18543,serotonin,0
2259228827,ORN_VL1,right,18544,serotonin,0
2259241827,ORN_VL1,right,18545,serotonin,0
2259281302,ORN_VM4,noside,18546,acetylcholine,0
2259281518,ORN_VM4,noside,18547,acetylcholine,0
2259293756,ORN_VM1,noside,18548,acetylcholine,0
2259293804,ORN_VM4,noside,18549,acetylcholine,0
2259298398,ORN_VM1,noside,18550,serotonin,0
2259298572,ORN_VM1,noside,18551,acetylcholine,0
2259298672,ORN_VM1,noside,18552,acetylcholine,0
2259306458,ORN_VM1,noside,18553,serotonin,0
2259608595,ORN_VA4,noside,18554,acetylcholine,0
2259613201,ORN_VM7v,right,18555,acetylcholine,0
2259618324,ORN_VA4,noside,18556,acetylcholine,0
2259621572,ORN_VM4,noside,18557,serotonin,0
2259630860,ORN_VM4,noside,18558,serotonin,0
2259639403,ORN_VM4,noside,18559,serotonin,0
2259639442,ORN_VM4,noside,18560,acetylcholine,0
2259643501,ORN_VM4,noside,18561,serotonin,0
2259941071,ORN_VA4,noside,18562,acetylcholine,0
2259962903,ORN_VM4,noside,18563,acetylcholine,0
2259967555,ORN_VM4,noside,18564,serotonin,0
2261637853,ORN_V,right,18565,serotonin,0
2261965878,ORN_V,right,18566,serotonin,0
2261970553,ORN_V,right,18567,serotonin,0
2261987736,ORN_V,right,18568,serotonin,0
2261992114,ORN_VM3,right,18569,acetylcholine,0
2261992182,ORN_V,right,18570,serotonin,0
2262324036,ORN_V,right,18571,serotonin,0
2262324061,ORN_V,right,18572,serotonin,0
2262328440,ORN_V,right,18573,serotonin,0
2262328549,ORN_V,right,18574,serotonin,0
2262332862,ORN_V,right,18575,serotonin,0
2276540626,LC28b,noside,18576,acetylcholine,0
2277917069,LC13,right,18577,acetylcholine,0
2278224718,LC26,right,18578,acetylcholine,0
2278306270,WED056,right,18579,gaba,1
2278310642,WED058,right,18580,gaba,1
2279282060,LC24,right,18581,acetylcholine,0
2280953178,LC24,noside,18582,acetylcholine,0
2281634861,LC20,noside,18583,gaba,1
2283671710,LC10,noside,18584,acetylcholine,0
2284751048,WED054,right,18585,acetylcholine,0
2285813669,JO-A/B/C,noside,18586,,0
2286150493,SAD028,right,18587,gaba,1
2286836128,JO-A/B/C,noside,18588,,0
2288269260,ORN_VC5,noside,18589,acetylcholine,0
2288278071,ORN_VC5,noside,18590,acetylcholine,0
2288623347,ORN_VC5,noside,18591,acetylcholine,0
2288947134,ORN_VC5,noside,18592,acetylcholine,0
2288956462,ORN_VC5,noside,18593,acetylcholine,0
2288964632,ORN_VC5,noside,18594,acetylcholine,0
2289223313,VP1l+_lvPN,right,18595,acetylcholine,0
2289288554,ORN_VC5,noside,18596,acetylcholine,0
2289314276,ORN_VM1,noside,18597,serotonin,0
2289646946,ORN_VM1,noside,18598,acetylcholine,0
2289974519,ORN_VM4,noside,18599,serotonin,0
2289983912,ORN_VM1,noside,18600,serotonin,0
2289992002,ORN_VM1,noside,18601,acetylcholine,0
2290294508,ORN_VA4,noside,18602,acetylcholine,0
2290303228,ORN_V,right,18603,serotonin,0
2290307156,ORN_VM4,noside,18604,serotonin,0
2290320612,ORN_VM4,noside,18605,serotonin,0
2290328902,ORN_VM1,noside,18606,serotonin,0
2290653097,ORN_VM4,noside,18607,acetylcholine,0
2291002542,ORN_VM4,noside,18608,acetylcholine,0
2291006502,ORN_VM4,noside,18609,serotonin,0
2291352085,ORN_VM4,right,18610,serotonin,0
2291999690,ORN_V,right,18611,serotonin,0
2292327595,ORN_V,right,18612,serotonin,0
2292672665,ORN_V,right,18613,serotonin,0
2303754202,LLPC2b,noside,18614,,0
2305628261,SAD095,right,18615,neither,0
2307027729,Giant Fiber,right,18616,neither,0
2308585856,LC25,noside,18617,glutamate,1
2309297730,LC13,noside,18618,acetylcholine,0
2310091748,SAD079,right,18619,gaba,1
2310092069,SAD081,right,18620,glutamate,1
2310627347,LC20,noside,18621,gaba,1
2310627606,LC20,noside,18622,gaba,1
2310627904,LC20,noside,18623,gaba,1
2310688605,SAD029,right,18624,gaba,1
2314801962,SAD029,right,18625,gaba,1
2315181597,SAD069,right,18626,acetylcholine,0
2315483773,JO-A/B/C,noside,18627,,0
2316843746,JO-A/B/C,noside,18628,,0
2317197779,JO-A/B/C,noside,18629,,0
2317867089,JO-A/B/C,noside,18630,,0
2317871147,JO-A/B/C,noside,18631,,0
2317875523,JO-A/B/C,noside,18632,,0
2320655662,ORN_V,right,18633,serotonin,0
2320983805,ORN_V,right,18634,serotonin,0
2321001244,ORN_V,right,18635,serotonin,0
2321009831,ORN_VC5,noside,18636,acetylcholine,0
2321337738,ORN_V,right,18637,serotonin,0
2323379824,ORN_VM4,noside,18638,acetylcholine,0
2336572685,LT80,right,18639,acetylcholine,0
2337578051,LC18,noside,18640,acetylcholine,0
2340992769,MC64,noside,18641,acetylcholine,0
2343038967,LC45b,right,18642,acetylcholine,0
2346510018,SAD029,right,18643,gaba,1
2347209856,JO-A/B/C,noside,18644,,0
2348927693,JO-A/B/C,noside,18645,,0
2349242595,JO-A/B/C,noside,18646,,0
2349242954,JO-A/B/C,noside,18647,,0
2349505897,PVLP012,right,18648,acetylcholine,0
2372697700,LC24,noside,18649,glutamate,1
2376180863,AVLP299_a,right,18650,acetylcholine,0
2376526540,JO-A/B/C,noside,18651,,0
2377221246,JO-A/B/C,noside,18652,,0
2377221619,JO-A/B/C,noside,18653,,0
2377566785,JO-A/B/C,noside,18654,,0
2377903039,JO-A/B/C,noside,18655,,0
2378240017,JO-A/B/C,noside,18656,,0
2378248516,JO-A/B/C,noside,18657,,0
2378257493,JO-A/B/C,noside,18658,,0
2378594464,JO-A/B/C,noside,18659,,0
2378930791,JO-A/B/C,noside,18660,,0
2378935153,JO-A/B/C,noside,18661,,0
2378935423,JO-A/B/C,noside,18662,,0
2379271978,JO-A/B/C,noside,18663,,0
2379595914,JO-A/B/C,noside,18664,,0
2382332652,JO-A/B/C,noside,18665,,0
2383014739,JO-A/B/C,noside,18666,,0
2383731281,M_vPNml51,right,18667,gaba,1
2384068203,JO-A/B/C,noside,18668,,0
2385436621,JO-A/B/C,noside,18669,,0
2398215718,LPC2,noside,18670,glutamate,1
2403063724,LC20,noside,18671,acetylcholine,0
2404077917,LC20,noside,18672,gaba,1
2404108218,LC10,noside,18673,acetylcholine,0
2409275147,JO-A/B/C,noside,18674,,0
2409611656,JO-A/B/C,noside,18675,,0
2409616020,JO-A/B/C,noside,18676,,0
2409965772,JO-A/B/C,noside,18677,,0
2410302463,JO-A/B/C,noside,18678,,0
2410967137,JO-A/B/C,noside,18679,,0
2410988863,JO-A/B/C,noside,18680,,0
2411321234,JO-A/B/C,noside,18681,,0
2411653352,JO-A/B/C,noside,18682,,0
2439964310,JO-A/B/C,noside,18683,,0
2439964429,JO-A/B/C,noside,18684,,0
2443392355,JO-A/B/C,noside,18685,,0
2470317344,JO-A/B/C,noside,18686,,0
2470999476,JO-A/B/C,noside,18687,,0
2471676938,JO-A/B/C,noside,18688,,0
2472026764,JO-A/B/C,noside,18689,,0
2472354934,JO-A/B/C,noside,18690,,0
2472376250,JO-A/B/C,noside,18691,,0
2501693123,JO-A/B/C,noside,18692,,0
2508194988,JO-A/B/C,noside,18693,,0
2527677438,SAD069,right,18694,acetylcholine,0
2532041662,JO-A/B/C,noside,18695,,0
2532046045,JO-A/B/C,noside,18696,,0
2532727986,JO-A/B/C,noside,18697,,0
2533746821,JO-A/B/C,noside,18698,,0
2534087947,JO-A/B/C,noside,18699,,0
2535465130,JO-A/B/C,noside,18700,,0
5812978878,KCg-d,right,18701,dopamine,0
5812978907,CL105,right,18702,acetylcholine,0
5812978978,AVLP433_b,right,18703,acetylcholine,0
5812978981,AVLP524_b,right,18704,acetylcholine,0
5812979015,KCg-m,right,18705,dopamine,0
5812979016,KCg-m,right,18706,dopamine,0
5812979017,VES044,right,18707,acetylcholine,0
5812979048,aMe6a,noside,18708,acetylcholine,0
5812979052,LLPC2b,noside,18709,glutamate,1
5812979053,LLPC3,noside,18710,glutamate,1
5812979059,ORN_VA1v,noside,18711,acetylcholine,0
5812979069,KCg-m,right,18712,dopamine,0
5812979082,ER2_d,left,18713,gaba,1
5812979119,KCg-d,right,18714,dopamine,0
5812979121,KCg-t,right,18715,dopamine,0
5812979128,KCg-m,right,18716,dopamine,0
5812979133,KCg-m,right,18717,dopamine,0
5812979139,vDeltaK,noside,18718,glutamate,1
5812979148,LAL120,left,18719,glutamate,1
5812979156,PAM15_b,right,18720,dopamine,0
5812979168,PAM06_b,left,18721,dopamine,0
5812979170,PAM01_a,left,18722,dopamine,0
5812979172,PAM01_b,left,18723,dopamine,0
5812979175,KCg-m,right,18724,dopamine,0
5812979176,KCg-m,right,18725,dopamine,0
5812979177,KCg-m,right,18726,dopamine,0
5812979187,KCg-m,right,18727,dopamine,0
5812979188,KCg-m,right,18728,dopamine,0
5812979191,KCg-m,right,18729,dopamine,0
5812979196,KCg-d,right,18730,dopamine,0
5812979197,KCg-m,right,18731,dopamine,0
5812979222,ER4d,right,18732,gaba,1
5812979230,ER3w_b,right,18733,gaba,1
5812979232,TuBu10,right,18734,acetylcholine,0
5812979271,PAM06_a,right,18735,dopamine,0
5812979314,KCg-d,right,18736,dopamine,0
5812979326,KCg-m,right,18737,dopamine,0
5812979371,KCg-m,right,18738,dopamine,0
5812979408,KCg-m,right,18739,dopamine,0
5812979459,ER3p_a,left,18740,gaba,1
5812979502,PAM01_a,left,18741,dopamine,0
5812979531,KCg-d,right,18742,dopamine,0
5812979532,KCg-d,right,18743,dopamine,0
5812979558,PAM01_b,left,18744,dopamine,0
5812979560,PAM01_a,left,18745,dopamine,0
5812979604,ER5,right,18746,gaba,1
5812979667,KCg-d,right,18747,dopamine,0
5812979684,ER3m,left,18748,gaba,1
5812979686,ER3d_b,left,18749,gaba,1
5812979815,LAL021,right,18750,acetylcholine,0
5812979830,PS096_a,right,18751,gaba,1
5812979935,LHPV6f4_b,right,18752,acetylcholine,0
5812979938,SLP355,left,18753,gaba,1
5812979942,FB8F_a,right,18754,glutamate,1
5812979948,SIP063,right,18755,acetylcholine,0
5812979953,SMP432_b,right,18756,acetylcholine,0
5812979995,SMP433,right,18757,acetylcholine,0
5812980006,SLP368,right,18758,acetylcholine,0
5812980010,SLP267,right,18759,glutamate,1
5812980016,SLP344,right,18760,glutamate,1
5812980021,SMP432_a,right,18761,acetylcholine,0
5812980022,SMP435,right,18762,acetylcholine,0
5812980030,CL354,right,18763,glutamate,1
5812980039,LHAV2k4,right,18764,acetylcholine,0
5812980047,SLP233,right,18765,glutamate,1
5812980079,SMP128,right,18766,glutamate,1
5812980103,SIP061,right,18767,acetylcholine,0
5812980109,SMP568_b,right,18768,acetylcholine,0
5812980142,SMP508,right,18769,dopamine,0
5812980147,SMP408_b,right,18770,acetylcholine,0
5812980148,FB6S,right,18771,glutamate,1
5812980153,SLP427,right,18772,acetylcholine,0
5812980156,LHPV5a4,right,18773,acetylcholine,0
5812980164,SMP500,right,18774,glutamate,1
5812980179,KCab-s,right,18775,dopamine,0
5812980192,KCab-m,right,18776,dopamine,0
5812980207,KCab-m,right,18777,dopamine,0
5812980209,KCab-m,right,18778,dopamine,0
5812980212,KCab-m,right,18779,dopamine,0
5812980219,KCab-m,right,18780,dopamine,0
5812980220,KCab-c,right,18781,dopamine,0
5812980222,KCab-m,right,18782,dopamine,0
5812980250,SLP309,right,18783,glutamate,1
5812980256,SLP124,right,18784,acetylcholine,0
5812980257,SLP263,right,18785,glutamate,1
5812980270,LHPD3b1_a,right,18786,glutamate,1
5812980272,LHAD3a10_b,right,18787,acetylcholine,0
5812980273,SLP044_b,right,18788,acetylcholine,0
5812980282,LHPV5j2,right,18789,acetylcholine,0
5812980289,AVLP594,right,18790,octopamine,0
5812980291,CL262,right,18791,acetylcholine,0
5812980296,SIP084,right,18792,dopamine,0
5812980299,SMP106,right,18793,glutamate,1
5812980308,SLP332,right,18794,acetylcholine,0
5812980326,LHPD5e1,right,18795,acetylcholine,0
5812980329,LHAV2k4,right,18796,acetylcholine,0
5812980330,mAL3B,left,18797,gaba,1
5812980334,CL147,right,18798,glutamate,1
5812980351,KCab-s,right,18799,dopamine,0
5812980369,KCab-m,right,18800,dopamine,0
5812980370,KCab-c,right,18801,dopamine,0
5812980376,KCab-m,right,18802,dopamine,0
5812980378,KCab-s,right,18803,dopamine,0
5812980379,KCab-c,right,18804,dopamine,0
5812980386,KCg-m,right,18805,dopamine,0
5812980395,KCab-m,right,18806,dopamine,0
5812980397,KCab-s,right,18807,dopamine,0
5812980398,KCab-s,right,18808,dopamine,0
5812980404,KCab-s,right,18809,dopamine,0
5812980408,KCab-s,right,18810,dopamine,0
5812980410,KCab-m,right,18811,dopamine,0
5812980414,KCab-m,right,18812,dopamine,0
5812980425,KCab-s,right,18813,dopamine,0
5812980426,KCab-s,right,18814,dopamine,0
5812980428,KCab-s,right,18815,dopamine,0
5812980432,KCab-c,right,18816,dopamine,0
5812980438,KCab-m,right,18817,dopamine,0
5812980444,KCab-s,right,18818,dopamine,0
5812980446,KCab-m,right,18819,dopamine,0
5812980448,KCab-c,right,18820,dopamine,0
5812980456,SIP062,right,18821,acetylcholine,0
5812980457,AOTU044,right,18822,acetylcholine,0
5812980470,SMP245,right,18823,dopamine,0
5812980473,CL008,right,18824,glutamate,1
5812980483,SLP409,right,18825,serotonin,0
5812980485,SLP251,right,18826,glutamate,1
5812980494,CL009,right,18827,glutamate,1
5812980497,SLP167,right,18828,acetylcholine,0
5812980501,SMP309,right,18829,gaba,1
5812980506,DNES1,right,18830,unknown,0
5812980507,CL234,right,18831,glutamate,1
5812980514,SIP070,right,18832,acetylcholine,0
5812980516,mAL4,left,18833,gaba,1
5812980520,CRE029_c,right,18834,glutamate,1
5812980529,SLP212,right,18835,dopamine,0
5812980537,KCg-m,right,18836,dopamine,0
5812980555,KCab-s,right,18837,dopamine,0
5812980557,KCab-m,right,18838,dopamine,0
5812980561,KCab-m,right,18839,dopamine,0
5812980566,KCab-p,right,18840,dopamine,0
5812980567,PAM09,right,18841,dopamine,0
5812980569,KCab-c,right,18842,dopamine,0
5812980579,KCg-m,right,18843,dopamine,0
5812980580,KCg-m,right,18844,dopamine,0
5812980588,KCg-m,right,18845,dopamine,0
5812980590,KCab-c,right,18846,dopamine,0
5812980593,KCab-m,right,18847,dopamine,0
5812980594,KCab-c,right,18848,dopamine,0
5812980597,KCab-c,right,18849,dopamine,0
5812980599,KCab-m,right,18850,dopamine,0
5812980600,KCab-c,right,18851,dopamine,0
5812980611,KCab-s,right,18852,dopamine,0
5812980615,KCab-m,right,18853,dopamine,0
5812980618,KCab-s,right,18854,dopamine,0
5812980624,KCab-m,right,18855,dopamine,0
5812980638,KCg-m,right,18856,dopamine,0
5812980647,AOTU055,right,18857,gaba,1
5812980658,LHPD2a5_b,right,18858,glutamate,1
5812980666,FB5K,right,18859,glutamate,1
5812980700,LHPV4b4,right,18860,glutamate,1
5812980732,SLP099,right,18861,glutamate,1
5812980742,SMP171,right,18862,dopamine,0
5812980743,SMP151,left,18863,gaba,1
5812980745,SIP057,right,18864,acetylcholine,0
5812980746,SIP087,left,18865,dopamine,0
5812980747,SMP195_b,right,18866,dopamine,0
5812980768,KCab-s,right,18867,dopamine,0
5812980787,KCab-m,right,18868,dopamine,0
5812980792,KCab-p,right,18869,dopamine,0
5812980796,KCg-m,right,18870,dopamine,0
5812980799,KCab-c,right,18871,dopamine,0
5812980802,KCab-c,right,18872,dopamine,0
5812980803,KCab-c,right,18873,dopamine,0
5812980806,KCab-m,right,18874,dopamine,0
5812980811,KCab-s,right,18875,dopamine,0
5812980813,KCg-m,right,18876,dopamine,0
5812980824,LHAV2c1,right,18877,acetylcholine,0
5812980825,AVLP137,right,18878,acetylcholine,0
5812980863,LHAV4d5,right,18879,gaba,1
5812980880,LHAV6a7,right,18880,acetylcholine,0
5812980884,SMP339,right,18881,acetylcholine,0
5812980892,KCab-m,right,18882,dopamine,0
5812980915,CRE003_b,right,18883,acetylcholine,0
5812980916,LAL044,right,18884,acetylcholine,0
5812980931,KCab-s,right,18885,dopamine,0
5812980934,KCg-m,right,18886,dopamine,0
5812980938,KCab-p,right,18887,dopamine,0
5812980940,KCab-p,right,18888,dopamine,0
5812980944,KCab-s,right,18889,dopamine,0
5812980947,KCab-m,right,18890,dopamine,0
5812980965,KCab-c,right,18891,dopamine,0
5812980973,KCg-m,right,18892,dopamine,0
5812980984,SMP224,right,18893,glutamate,1
5812980992,KCg-m,right,18894,dopamine,0
5812981000,CL076,right,18895,acetylcholine,0
5812981009,SLP395,right,18896,glutamate,1
5812981016,SMP421,right,18897,acetylcholine,0
5812981038,KCg-m,right,18898,dopamine,0
5812981039,KCab-m,right,18899,dopamine,0
5812981042,KCab-m,right,18900,dopamine,0
5812981046,KCg-t,right,18901,dopamine,0
5812981058,PLP094,right,18902,acetylcholine,0
5812981068,KCa'b'-ap2,right,18903,dopamine,0
5812981071,KCa'b'-m,right,18904,dopamine,0
5812981072,KCa'b'-m,right,18905,dopamine,0
5812981086,KCab-s,right,18906,dopamine,0
5812981104,KCab-m,right,18907,dopamine,0
5812981106,KCab-s,right,18908,dopamine,0
5812981109,KCab-c,right,18909,dopamine,0
5812981127,KCab-m,right,18910,dopamine,0
5812981136,KCab-s,right,18911,dopamine,0
5812981141,KCg-m,right,18912,dopamine,0
5812981142,KCg-m,right,18913,dopamine,0
5812981148,KCg-m,right,18914,dopamine,0
5812981153,KCg-m,right,18915,dopamine,0
5812981154,KCg-m,right,18916,dopamine,0
5812981160,KCg-m,right,18917,dopamine,0
5812981164,KCa'b'-ap1,right,18918,dopamine,0
5812981168,LHPV5b2_c,right,18919,acetylcholine,0
5812981227,KCg-m,right,18920,dopamine,0
5812981228,SMP319,right,18921,acetylcholine,0
5812981237,SMP240,right,18922,dopamine,0
5812981240,CRE064,right,18923,acetylcholine,0
5812981242,PLP085,right,18924,gaba,1
5812981249,CL019_b,right,18925,glutamate,1
5812981250,SIP040,right,18926,glutamate,1
5812981264,MBON17,right,18927,acetylcholine,0
5812981270,KCa'b'-ap2,right,18928,dopamine,0
5812981274,KCa'b'-ap2,right,18929,dopamine,0
5812981275,KCa'b'-ap2,right,18930,dopamine,0
5812981277,KCa'b'-ap2,right,18931,dopamine,0
5812981279,KCa'b'-ap2,right,18932,dopamine,0
5812981290,KCa'b'-ap2,right,18933,dopamine,0
5812981308,KCa'b'-m,right,18934,dopamine,0
5812981318,KCa'b'-ap2,right,18935,dopamine,0
5812981320,KCa'b'-ap2,right,18936,dopamine,0
5812981322,KCa'b'-ap2,right,18937,dopamine,0
5812981327,KCa'b'-ap2,right,18938,dopamine,0
5812981332,KCa'b'-ap1,right,18939,dopamine,0
5812981333,KCa'b'-ap2,right,18940,dopamine,0
5812981339,KCa'b'-ap1,right,18941,dopamine,0
5812981340,KCa'b'-ap1,right,18942,dopamine,0
5812981341,KCa'b'-ap1,right,18943,dopamine,0
5812981348,KCa'b'-ap1,right,18944,dopamine,0
5812981361,KCa'b'-ap2,right,18945,dopamine,0
5812981373,KCa'b'-ap2,right,18946,dopamine,0
5812981379,KCab-s,right,18947,dopamine,0
5812981381,PPL102,left,18948,dopamine,0
5812981390,KCab-m,right,18949,dopamine,0
5812981399,KCa'b'-m,right,18950,dopamine,0
5812981400,KCa'b'-m,right,18951,dopamine,0
5812981401,KCa'b'-m,right,18952,dopamine,0
5812981432,KCg-m,right,18953,dopamine,0
5812981441,KCg-m,right,18954,dopamine,0
5812981460,aMe8,right,18955,acetylcholine,0
5812981467,KCg-m,right,18956,dopamine,0
5812981506,SMP320,right,18957,dopamine,0
5812981517,SMP317,right,18958,dopamine,0
5812981522,vDeltaM,noside,18959,dopamine,0
5812981543,MBON17-like,right,18960,acetylcholine,0
5812981553,KCa'b'-m,right,18961,dopamine,0
5812981563,KCa'b'-ap2,right,18962,dopamine,0
5812981564,KCa'b'-m,right,18963,dopamine,0
5812981569,KCa'b'-m,right,18964,dopamine,0
5812981570,KCa'b'-m,right,18965,dopamine,0
5812981578,KCa'b'-m,right,18966,dopamine,0
5812981581,KCa'b'-ap2,right,18967,dopamine,0
5812981582,KCa'b'-ap2,right,18968,dopamine,0
5812981586,KCa'b'-ap2,right,18969,dopamine,0
5812981590,KCa'b'-m,right,18970,dopamine,0
5812981602,KCa'b'-ap2,right,18971,dopamine,0
5812981607,KCab-s,right,18972,dopamine,0
5812981616,KCg-m,right,18973,dopamine,0
5812981618,KCab-s,right,18974,dopamine,0
5812981619,KCab-m,right,18975,dopamine,0
5812981641,PAM08_d,left,18976,dopamine,0
5812981643,KCab-p,right,18977,dopamine,0
5812981654,KCab-c,right,18978,dopamine,0
5812981667,KCab-m,right,18979,dopamine,0
5812981669,KCab-m,right,18980,dopamine,0
5812981670,KCab-s,right,18981,dopamine,0
5812981671,KCab-m,right,18982,dopamine,0
5812981673,KCab-s,right,18983,dopamine,0
5812981676,KCab-s,right,18984,dopamine,0
5812981679,KCab-s,right,18985,dopamine,0
5812981680,KCab-p,right,18986,dopamine,0
5812981689,KCa'b'-m,right,18987,dopamine,0
5812981690,KCab-m,right,18988,dopamine,0
5812981702,KCg-m,right,18989,dopamine,0
5812981703,KCg-m,right,18990,dopamine,0
5812981704,KCg-m,right,18991,dopamine,0
5812981706,KCg-m,right,18992,dopamine,0
5812981717,KCg-m,right,18993,dopamine,0
5812981735,CL225,left,18994,acetylcholine,0
5812981753,LHPV1c1,right,18995,acetylcholine,0
5812981763,aMe26,noside,18996,acetylcholine,0
5812981791,PPL108,left,18997,serotonin,0
5812981796,KCa'b'-m,right,18998,dopamine,0
5812981797,KCa'b'-m,right,18999,dopamine,0
5812981800,KCa'b'-m,right,19000,dopamine,0
5812981816,KCa'b'-m,right,19001,dopamine,0
5812981840,SIP056,right,19002,acetylcholine,0
5812981853,KCab-m,right,19003,dopamine,0
5812981858,KCa'b'-ap1,right,19004,dopamine,0
5812981862,SAG,noside,19005,gaba,1
5812981895,PAM12,left,19006,dopamine,0
5812981924,KCg-m,right,19007,dopamine,0
5812981932,KCg-m,right,19008,dopamine,0
5812981943,KCab-s,right,19009,dopamine,0
5812981944,KCab-s,right,19010,dopamine,0
5812981950,KCab-m,right,19011,dopamine,0
5812981951,KCg-m,right,19012,dopamine,0
5812981960,KCa'b'-m,right,19013,dopamine,0
5812981961,KCa'b'-ap2,right,19014,dopamine,0
5812981965,KCab-c,right,19015,dopamine,0
5812981970,KCab-c,right,19016,dopamine,0
5812981971,KCab-s,right,19017,dopamine,0
5812981978,KCa'b'-m,right,19018,dopamine,0
5812981986,KCg-m,right,19019,dopamine,0
5812981989,KCg-t,right,19020,dopamine,0
5812981990,KCg-m,right,19021,dopamine,0
5812982000,KCg-m,right,19022,dopamine,0
5812982002,WED029,right,19023,gaba,1
5812982012,KCab-m,right,19024,dopamine,0
5812982017,KCg-m,right,19025,dopamine,0
5812982020,KCg-d,right,19026,dopamine,0
5812982039,AVLP020,right,19027,glutamate,1
5812982052,SMP358,right,19028,acetylcholine,0
5812982086,KCa'b'-m,right,19029,dopamine,0
5812982087,KCa'b'-m,right,19030,dopamine,0
5812982088,KCa'b'-m,right,19031,dopamine,0
5812982091,PAM06_b,right,19032,dopamine,0
5812982118,PAM06_a,right,19033,dopamine,0
5812982120,PAM05,right,19034,dopamine,0
5812982125,CRE032,right,19035,glutamate,1
5812982145,KCa'b'-m,right,19036,dopamine,0
5812982149,KCa'b'-m,right,19037,dopamine,0
5812982154,KCg-m,right,19038,dopamine,0
5812982162,KCab-m,right,19039,dopamine,0
5812982168,KCg-m,right,19040,dopamine,0
5812982177,KCab-m,right,19041,dopamine,0
5812982192,KCab-m,right,19042,dopamine,0
5812982204,KCab-c,right,19043,dopamine,0
5812982205,KCg-m,right,19044,dopamine,0
5812982211,KCab-m,right,19045,dopamine,0
5812982216,KCg-m,right,19046,dopamine,0
5812982220,KCg-m,right,19047,dopamine,0
5812982246,MC62,right,19048,acetylcholine,0
5812982247,MC62,right,19049,acetylcholine,0
5812982252,KCg-m,right,19050,dopamine,0
5812982273,KCg-m,right,19051,dopamine,0
5812982278,PLP069,right,19052,glutamate,1
5812982295,SMP209,right,19053,glutamate,1
5812982316,KCab-m,right,19054,dopamine,0
5812982324,SMP271,right,19055,gaba,1
5812982328,KCg-m,right,19056,dopamine,0
5812982329,KCa'b'-m,right,19057,dopamine,0
5812982350,KCa'b'-ap1,right,19058,dopamine,0
5812982371,KCg-m,right,19059,dopamine,0
5812982372,KCab-m,right,19060,dopamine,0
5812982374,KCab-s,right,19061,dopamine,0
5812982388,KCab-m,right,19062,dopamine,0
5812982389,KCab-m,right,19063,dopamine,0
5812982390,KCab-m,right,19064,dopamine,0
5812982397,KCa'b'-m,right,19065,dopamine,0
5812982403,KCg-m,right,19066,dopamine,0
5812982420,KCg-m,right,19067,dopamine,0
5812982421,KCg-m,right,19068,dopamine,0
5812982422,KCg-m,right,19069,dopamine,0
5812982426,KCab-m,right,19070,dopamine,0
5812982429,KCa'b'-m,right,19071,dopamine,0
5812982436,KCg-m,right,19072,dopamine,0
5812982437,KCg-m,right,19073,dopamine,0
5812982442,KCg-m,right,19074,dopamine,0
5812982466,KCab-s,right,19075,dopamine,0
5812982470,KCab-m,right,19076,dopamine,0
5812982471,KCab-s,right,19077,dopamine,0
5812982490,KCab-s,right,19078,dopamine,0
5812982492,KCg-m,right,19079,dopamine,0
5812982505,KCg-m,right,19080,dopamine,0
5812982506,KCg-m,right,19081,dopamine,0
5812982514,KCab-s,right,19082,dopamine,0
5812982520,KCab-c,right,19083,dopamine,0
5812982521,KCab-c,right,19084,dopamine,0
5812982529,KCg-m,right,19085,dopamine,0
5812982530,KCg-m,right,19086,dopamine,0
5812982532,KCg-m,right,19087,dopamine,0
5812982547,KCg-t,right,19088,dopamine,0
5812982556,KCg-d,right,19089,dopamine,0
5812982562,KCg-m,right,19090,dopamine,0
5812982573,MC62,right,19091,acetylcholine,0
5812982577,KCg-m,right,19092,dopamine,0
5812982578,KCg-m,right,19093,dopamine,0
5812982579,KCa'b'-ap1,right,19094,dopamine,0
5812982589,KCg-m,right,19095,dopamine,0
5812982594,KCg-m,right,19096,dopamine,0
5812982602,KCg-m,right,19097,dopamine,0
5812982610,KCg-m,right,19098,dopamine,0
5812982620,KCg-m,right,19099,dopamine,0
5812982632,SMP310,right,19100,gaba,1
5812982656,M_smPN6t2,left,19101,gaba,1
5812982657,KCg-d,right,19102,dopamine,0
5812982668,PLP116,right,19103,glutamate,1
5812982685,AVLP417,right,19104,acetylcholine,0
5812982692,KCa'b'-m,right,19105,dopamine,0
5812982694,KCa'b'-m,right,19106,dopamine,0
5812982706,KCa'b'-m,right,19107,dopamine,0
5812982711,LAL023,right,19108,acetylcholine,0
5812982725,KCa'b'-m,right,19109,dopamine,0
5812982727,PAM02,left,19110,dopamine,0
5812982760,KCab-c,right,19111,dopamine,0
5812982761,KCab-m,right,19112,dopamine,0
5812982766,KCg-m,right,19113,dopamine,0
5812982779,PAM01_b,right,19114,dopamine,0
5812982780,KCab-p,right,19115,dopamine,0
5812982782,KCab-p,right,19116,dopamine,0
5812982802,KCab-s,right,19117,dopamine,0
5812982803,KCg-m,right,19118,dopamine,0
5812982823,KCa'b'-ap1,right,19119,dopamine,0
5812982825,KCg-m,right,19120,dopamine,0
5812982826,KCg-d,right,19121,dopamine,0
5812982832,KCg-m,right,19122,dopamine,0
5812982837,KCg-m,right,19123,dopamine,0
5812982844,LHPV5m1,right,19124,acetylcholine,0
5812982871,KCg-m,right,19125,dopamine,0
5812982872,KCg-m,right,19126,dopamine,0
5812982874,KCg-t,right,19127,dopamine,0
5812982875,KCg-m,right,19128,dopamine,0
5812982876,KCg-m,right,19129,dopamine,0
5812982877,KCg-d,right,19130,dopamine,0
5812982924,CRE051,right,19131,gaba,1
5812982925,KCa'b'-ap2,right,19132,dopamine,0
5812982960,CRE028,left,19133,glutamate,1
5812982965,CL168,left,19134,acetylcholine,0
5812982994,AVLP496,right,19135,acetylcholine,0
5812982999,KCg-m,right,19136,dopamine,0
5812983003,KCg-m,right,19137,dopamine,0
5812983006,KCab-c,right,19138,dopamine,0
5812983009,KCg-m,right,19139,dopamine,0
5812983012,KCab-s,right,19140,dopamine,0
5812983023,KCab-m,right,19141,dopamine,0
5812983028,KCab-m,right,19142,dopamine,0
5812983038,KCab-m,right,19143,dopamine,0
5812983042,KCg-m,right,19144,dopamine,0
5812983043,KCg-m,right,19145,dopamine,0
5812983053,M_vPNml60,right,19146,gaba,1
5812983069,M_lPNm13,right,19147,acetylcholine,0
5812983080,CL353,left,19148,glutamate,1
5812983081,AVLP166,right,19149,acetylcholine,0
5812983094,AVLP021,right,19150,acetylcholine,0
5812983101,KCg-m,right,19151,dopamine,0
5812983106,KCab-m,right,19152,dopamine,0
5812983107,KCab-m,right,19153,dopamine,0
5812983110,CL326,left,19154,dopamine,0
5812983112,KCa'b'-m,right,19155,dopamine,0
5812983114,KCab-s,right,19156,dopamine,0
5812983128,LAL005,right,19157,acetylcholine,0
5812983131,KCab-m,right,19158,dopamine,0
5812983133,KCab-c,right,19159,dopamine,0
5812983134,KCg-d,right,19160,dopamine,0
5812983147,KCg-m,right,19161,dopamine,0
5812983152,KCg-m,right,19162,dopamine,0
5812983166,KCab-c,right,19163,dopamine,0
5812983174,KCa'b'-m,right,19164,dopamine,0
5812983192,KCg-m,right,19165,dopamine,0
5812983199,KCg-d,right,19166,dopamine,0
5812983200,KCg-m,right,19167,dopamine,0
5812983206,KCab-m,right,19168,dopamine,0
5812983213,KCab-s,right,19169,dopamine,0
5812983220,SMP486_e,right,19170,dopamine,0
5812983240,SMP312,right,19171,acetylcholine,0
5812983253,FC1D,left,19172,glutamate,1
5812983258,LAL036,right,19173,acetylcholine,0
5812983268,KCab-s,right,19174,dopamine,0
5812983272,KCab-m,right,19175,dopamine,0
5812983281,SMP475,left,19176,dopamine,0
5812983298,KCab-c,right,19177,dopamine,0
5812983302,KCab-c,right,19178,dopamine,0
5812983303,KCab-s,right,19179,dopamine,0
5812983309,KCab-c,right,19180,dopamine,0
5812983310,KCg-m,right,19181,dopamine,0
5812983319,KCab-c,right,19182,dopamine,0
5812983321,KCg-m,right,19183,dopamine,0
5812983322,KCg-m,right,19184,dopamine,0
5812983323,KCg-m,right,19185,dopamine,0
5812983328,KCab-c,right,19186,dopamine,0
5812983330,KCg-m,right,19187,dopamine,0
5812983337,KCg-m,right,19188,dopamine,0
5812983345,KCab-m,right,19189,dopamine,0
5812983346,KCab-m,right,19190,dopamine,0
5812983383,CL127,right,19191,gaba,1
5812983399,PAM05,left,19192,dopamine,0
5812983418,PAM04_a,left,19193,dopamine,0
5812983423,KCab-m,right,19194,dopamine,0
5812983427,KCab-c,right,19195,dopamine,0
5812983438,KCg-d,right,19196,dopamine,0
5812983451,KCa'b'-ap2,right,19197,dopamine,0
5812983454,KCab-s,right,19198,dopamine,0
5812983455,KCab-m,right,19199,dopamine,0
5812983499,LC45a,right,19200,acetylcholine,0
5812983510,CRE092,left,19201,acetylcholine,0
5812983517,PVLP068,right,19202,acetylcholine,0
5812983519,AVLP040,right,19203,acetylcholine,0
5812983522,PAM07,left,19204,dopamine,0
5812983533,PAM11,right,19205,dopamine,0
5812983538,FB4E,right,19206,glutamate,1
5812983544,KCa'b'-ap2,right,19207,dopamine,0
5812983561,CL139,right,19208,serotonin,0
5812983569,KCa'b'-ap2,right,19209,dopamine,0
5812983571,KCa'b'-ap1,right,19210,dopamine,0
5812983575,KCab-c,right,19211,dopamine,0
5812983576,KCab-c,right,19212,dopamine,0
5812983578,KCab-c,right,19213,dopamine,0
5812983579,KCab-c,right,19214,dopamine,0
5812983608,KCab-c,right,19215,dopamine,0
5812983613,LPC1,noside,19216,glutamate,1
5812983636,FB5C,left,19217,glutamate,1
5812983645,KCa'b'-ap1,right,19218,dopamine,0
5812983646,KCa'b'-ap1,right,19219,dopamine,0
5812983652,MC64,noside,19220,acetylcholine,0
5812983657,KCg-m,right,19221,dopamine,0
5812983658,KCg-m,right,19222,dopamine,0
5812983673,KCg-m,right,19223,dopamine,0
5812983703,MC62,noside,19224,serotonin,0
5812983717,CL227,right,19225,acetylcholine,0
5812983720,MC62,right,19226,acetylcholine,0
5812983722,MC62,right,19227,acetylcholine,0
5812983734,ER6,right,19228,gaba,1
5812983745,KCab-c,right,19229,dopamine,0
5812983764,PFR_a,noside,19230,octopamine,0
5812983811,CRE066,left,19231,dopamine,0
5812983825,LAL101,right,19232,gaba,1
5812983827,PAM08_a,left,19233,dopamine,0
5812983831,AVLP562,right,19234,acetylcholine,0
5812983837,KCab-p,right,19235,dopamine,0
5812983840,vDeltaK,noside,19236,acetylcholine,0
5812983845,LC10,noside,19237,dopamine,0
5812983846,FB4P_b,right,19238,glutamate,1
5812983851,KCab-m,right,19239,dopamine,0
5812983861,KCab-m,right,19240,dopamine,0
5812983866,KCa'b'-m,right,19241,dopamine,0
5812983869,KCa'b'-ap2,right,19242,dopamine,0
5812983871,KCa'b'-ap2,right,19243,dopamine,0
5812983878,IB109,right,19244,glutamate,1
5812983883,FB4F_a,right,19245,glutamate,1
5812983886,CL346,left,19246,glutamate,1
5812983887,ER3d_a,left,19247,gaba,1
5812983898,KCa'b'-ap2,right,19248,dopamine,0
5812983899,KCa'b'-ap2,right,19249,dopamine,0
5812983903,KCa'b'-ap1,right,19250,dopamine,0
5812983943,aMe10,left,19251,acetylcholine,0
5812983952,AVLP489,right,19252,acetylcholine,0
5812983965,ATL005,right,19253,glutamate,1
5812983999,LC12,noside,19254,gaba,1
5812984012,IB091,right,19255,acetylcholine,0
5812984024,ER3a_a,right,19256,gaba,1
5812984045,KCa'b'-ap2,right,19257,dopamine,0
5812985952,PVLP097_a,right,19258,gaba,1
5812986020,ATL045,left,19259,glutamate,1
5812986047,PLP241,right,19260,acetylcholine,0
5812986052,LLPC2b,noside,19261,glutamate,1
5812986096,VES004,right,19262,acetylcholine,0
5812986100,OCG08,noside,19263,unknown,0
5812986122,CL283,right,19264,glutamate,1
5812986197,AVLP172,right,19265,acetylcholine,0
5812986217,AVLP188,right,19266,acetylcholine,0
5812986247,MC61,noside,19267,acetylcholine,0
5812986257,MC64,noside,19268,acetylcholine,0
5812986340,hDeltaI,noside,19269,glutamate,1
5812986430,SAD072,right,19270,gaba,1
5812986472,FC2C,right,19271,acetylcholine,0
5812986485,AVLP007,right,19272,gaba,1
5812986547,TuBu04,right,19273,acetylcholine,0
5812986560,LC10,noside,19274,acetylcholine,0
5812986562,MC61,noside,19275,acetylcholine,0
5812986564,MC61,noside,19276,acetylcholine,0
5812986565,MC61,noside,19277,dopamine,0
5812986572,LC6,noside,19278,acetylcholine,0
5812986579,MC61,noside,19279,glutamate,1
5812986766,IB003,left,19280,glutamate,1
5812986772,FS4A,right,19281,acetylcholine,0
5812986798,FS3,right,19282,acetylcholine,0
5812986864,AVLP486,right,19283,gaba,1
5812986870,TuBu05,right,19284,acetylcholine,0
5812986871,MC61,noside,19285,acetylcholine,0
5812986875,MC61,noside,19286,acetylcholine,0
5812986876,TuBu07,right,19287,acetylcholine,0
5812986882,MC61,noside,19288,dopamine,0
5812986958,OCG08,noside,19289,unknown,0
5812987001,LC40a,right,19290,acetylcholine,0
5812987034,VES055,right,19291,acetylcholine,0
5812987090,AVLP072_a,right,19292,glutamate,1
5812987231,AVLP134,right,19293,acetylcholine,0
5812987236,TuBu08,right,19294,acetylcholine,0
5812987241,MC61,noside,19295,acetylcholine,0
5812987252,MC61,noside,19296,acetylcholine,0
5812987321,PFNp_b,noside,19297,octopamine,0
5812987327,PFNp_c,noside,19298,acetylcholine,0
5812987334,PFNp_b,noside,19299,serotonin,0
5812987339,PFNp_a,noside,19300,acetylcholine,0
5812987381,LLPC2a,noside,19301,acetylcholine,0
5812987387,PS084,right,19302,glutamate,1
5812987414,MC62,right,19303,acetylcholine,0
5812987415,MC62,right,19304,acetylcholine,0
5812987443,FC1D,right,19305,acetylcholine,0
5812987457,FB4Z,right,19306,glutamate,1
5812987482,MC66,noside,19307,,0
5812987497,IB104,left,19308,glutamate,1
5812987563,LPC1,noside,19309,acetylcholine,0
5812987602,PVLP142,right,19310,acetylcholine,0
5812987652,hDeltaJ,noside,19311,glutamate,1
5812987684,ExR7,left,19312,acetylcholine,0
5812987690,LC6,noside,19313,acetylcholine,0
5812987694,AVLP078,right,19314,glutamate,1
5812987709,LC10,noside,19315,acetylcholine,0
5812987715,MC61,noside,19316,glutamate,1
5812987740,LC10,noside,19317,acetylcholine,0
5812987747,MC64,noside,19318,acetylcholine,0
5812987748,LC24,noside,19319,glutamate,1
5812987762,KCg-m,right,19320,dopamine,0
5812987803,PFNv,noside,19321,octopamine,0
5812987890,LC11,right,19322,acetylcholine,0
5812987894,LPLC2,right,19323,acetylcholine,0
5812987907,MC62,right,19324,acetylcholine,0
5812987930,PS218,right,19325,acetylcholine,0
5812987961,PLP142,right,19326,gaba,1
5812988063,LC11,noside,19327,acetylcholine,0
5812988077,LC9,right,19328,acetylcholine,0
5812988086,LC17,noside,19329,gaba,1
5812988091,PFR_a,noside,19330,dopamine,0
5812988098,LC9,right,19331,acetylcholine,0
5812988099,LC9,right,19332,acetylcholine,0
5812988109,LC9,noside,19333,acetylcholine,0
5812988128,LC9,right,19334,acetylcholine,0
5812988132,LC9,noside,19335,acetylcholine,0
5812988137,LC9,right,19336,acetylcholine,0
5812988175,LC13,right,19337,glutamate,1
5812988178,LAL087,right,19338,gaba,1
5812988181,MC61,noside,19339,acetylcholine,0
5812988233,WED150,right,19340,serotonin,0
5812988273,Li19,right,19341,gaba,1
5812988294,LC18,noside,19342,acetylcholine,0
5812988296,LC11,right,19343,acetylcholine,0
5812988383,VES034_b,right,19344,gaba,1
5812988389,PLP139,right,19345,serotonin,0
5812988490,FC1E,left,19346,acetylcholine,0
5812988505,vDeltaK,noside,19347,glutamate,1
5812988514,LC9,right,19348,acetylcholine,0
5812988532,LC9,noside,19349,acetylcholine,0
5812988559,LAL065,right,19350,acetylcholine,0
5812988568,LC9,noside,19351,acetylcholine,0
5812988569,LC9,noside,19352,acetylcholine,0
5812988573,LC9,right,19353,acetylcholine,0
5812988577,LC9,noside,19354,acetylcholine,0
5812988606,FC1A,left,19355,acetylcholine,0
5812988643,LAL067,right,19356,gaba,1
5812988707,PFNp_b,noside,19357,octopamine,0
5812988731,vDeltaA_a,noside,19358,dopamine,0
5812988750,PS172,right,19359,glutamate,1
5812988767,AVLP528,right,19360,acetylcholine,0
5812988803,LLPC2b,noside,19361,glutamate,1
5812988812,IB077,left,19362,acetylcholine,0
5812988919,AVLP589,left,19363,glutamate,1
5812988920,AVLP589,left,19364,gaba,1
5812988961,LC11,noside,19365,acetylcholine,0
5812989040,WED015,right,19366,gaba,1
5812989041,WEDPN13,right,19367,acetylcholine,0
5812989051,MC61,noside,19368,dopamine,0
5812989057,MC61,noside,19369,acetylcholine,0
5812989059,LC9,noside,19370,acetylcholine,0
5812989087,PLP046_a,right,19371,glutamate,1
5812989090,LC6,noside,19372,acetylcholine,0
5812989105,LC9,noside,19373,acetylcholine,0
5812989120,LC9,noside,19374,acetylcholine,0
5812989160,LC15,noside,19375,acetylcholine,0
5812989161,Li12,right,19376,gaba,1
5812989163,LC9,noside,19377,acetylcholine,0
5812989167,LC9,right,19378,acetylcholine,0
5812989173,KCg-m,right,19379,dopamine,0
5812989274,LC21,right,19380,acetylcholine,0
5812989296,IB094,left,19381,glutamate,1
5812989300,LT44a,left,19382,glutamate,1
5812989312,LC14,right,19383,acetylcholine,0
5812989332,IB076,right,19384,acetylcholine,0
5812989377,IB002,right,19385,glutamate,1
5812989421,Li19,right,19386,gaba,1
5812989469,SIP020,right,19387,glutamate,1
5812989550,LC6,noside,19388,acetylcholine,0
5812989557,AVLP026,right,19389,acetylcholine,0
5812989588,PAM03,right,19390,dopamine,0
5812989593,LC9,right,19391,acetylcholine,0
5812989689,LC18,noside,19392,acetylcholine,0
5812989776,LC18,noside,19393,acetylcholine,0
5812989784,LC15,noside,19394,acetylcholine,0
5812989802,IB084,left,19395,acetylcholine,0
5812989815,PS103,right,19396,acetylcholine,0
5812989825,SAD046,right,19397,acetylcholine,0
5812989861,FC1C,left,19398,dopamine,0
5812989875,AVLP409,right,19399,acetylcholine,0
5812989890,PS035,right,19400,serotonin,0
5812989892,PLP241,right,19401,acetylcholine,0
5812990064,VES063,left,19402,,0
5812990157,LPLC4,right,19403,acetylcholine,0
5812990165,v2LN34A,right,19404,gaba,1
5812990235,AVLP198,right,19405,acetylcholine,0
5812990292,PVLP031,right,19406,gaba,1
5812990315,LC10,noside,19407,acetylcholine,0
5812990369,CL275,right,19408,acetylcholine,0
5812990447,LC14,noside,19409,glutamate,1
5812990470,LC11,noside,19410,acetylcholine,0
5812990520,OCG08,noside,19411,unknown,0
5812990537,PS224,right,19412,acetylcholine,0
5812990538,PS078,right,19413,glutamate,1
5812990575,MC62,right,19414,acetylcholine,0
5812990638,PLP106,right,19415,acetylcholine,0
5812990678,LC29,right,19416,acetylcholine,0
5812990726,LC22,right,19417,acetylcholine,0
5812990740,MC64,noside,19418,acetylcholine,0
5812990774,SAD042,right,19419,glutamate,1
5812990808,AVLP348,right,19420,acetylcholine,0
5812990819,AVLP125,right,19421,acetylcholine,0
5812990925,LC21,noside,19422,acetylcholine,0
5812990955,PS282,left,19423,glutamate,1
5812990956,LC36,right,19424,acetylcholine,0
5812990958,PVLP097_b,right,19425,gaba,1
5812990959,LC12,right,19426,gaba,1
5812990975,WED055_a,right,19427,gaba,1
5812990989,DNp16,left,19428,glutamate,1
5812990995,DNp16,left,19429,acetylcholine,0
5812991060,LLPC3,noside,19430,acetylcholine,0
5812991061,LLPC3,noside,19431,glutamate,1
5812991074,PS289,left,19432,glutamate,1
5812991111,AVLP461,right,19433,gaba,1
5812991140,LLPC1,noside,19434,acetylcholine,0
5812991142,LLPC1,noside,19435,glutamate,1
5812991151,AVLP580,left,19436,glutamate,1
5812991175,AVLP465,right,19437,gaba,1
5812991176,AVLP298,right,19438,acetylcholine,0
5812991183,AVLP275,right,19439,acetylcholine,0
5812991193,AVLP346,right,19440,acetylcholine,0
5812991204,PVLP041,right,19441,gaba,1
5812991215,WEDPN7C,right,19442,acetylcholine,0
5812991267,WEDPN7C,right,19443,acetylcholine,0
5812991287,PS225,right,19444,unknown,0
5812991329,PS081,right,19445,glutamate,1
5812991331,PS225,right,19446,unknown,0
5812991334,PS225,right,19447,serotonin,0
5812991349,PS196,right,19448,acetylcholine,0
5812991410,WEDPN15,right,19449,acetylcholine,0
5812991436,LC13,noside,19450,acetylcholine,0
5812991470,LPLC4,right,19451,acetylcholine,0
5812991473,LC46a,right,19452,acetylcholine,0
5812991476,LT51,right,19453,glutamate,1
5812991538,LC14,right,19454,acetylcholine,0
5812991539,PLP108,right,19455,acetylcholine,0
5812991545,PFNp_d,noside,19456,glutamate,1
5812991579,LC14,noside,19457,acetylcholine,0
5812991619,LPLC4,right,19458,acetylcholine,0
5812991632,PFNp_b,noside,19459,glutamate,1
5812991668,LAL027,right,19460,acetylcholine,0
5812991689,LAL067,right,19461,gaba,1
5812991748,LC12,noside,19462,acetylcholine,0
5812991769,LC17,noside,19463,acetylcholine,0
5812991798,LC18,noside,19464,acetylcholine,0
5812991822,PS197,right,19465,acetylcholine,0
5812991863,MC66,noside,19466,,0
5812991952,LC13,right,19467,acetylcholine,0
5812992005,PS268,right,19468,acetylcholine,0
5812992013,LC29,noside,19469,acetylcholine,0
5812992043,PVLP043,right,19470,gaba,1
5812992148,LAL094,right,19471,glutamate,1
5812992219,LC17,noside,19472,acetylcholine,0
5812992277,PS282,right,19473,glutamate,1
5812992357,PS279,left,19474,glutamate,1
5812992408,LC10,noside,19475,acetylcholine,0
5812992437,LC13,noside,19476,acetylcholine,0
5812992468,LC17,noside,19477,gaba,1
5812992612,LAL089,right,19478,glutamate,1
5812992691,PS224,right,19479,acetylcholine,0
5812992706,PVLP123,right,19480,acetylcholine,0
5812992814,LC11,right,19481,acetylcholine,0
5812992842,LC12,noside,19482,dopamine,0
5812992888,WED033_a,right,19483,gaba,1
5812992893,CL212,left,19484,,0
5812992898,LC27,right,19485,acetylcholine,0
5812992935,LC12,noside,19486,octopamine,0
5812992940,M_lvPNm46,right,19487,acetylcholine,0
5812992942,M_lvPNm37,right,19488,acetylcholine,0
5812992944,ORN_VL1,right,19489,serotonin,0
5812992945,ORN_VL1,right,19490,serotonin,0
5812992948,ORN_VL1,right,19491,serotonin,0
5812992965,WED003,right,19492,acetylcholine,0
5812993165,VS,noside,19493,glutamate,1
5812993220,LC12,noside,19494,gaba,1
5812993221,AVLP367,right,19495,acetylcholine,0
5812993222,LC21,right,19496,acetylcholine,0
5812993245,LC31,noside,19497,acetylcholine,0
5812993252,LC10,right,19498,glutamate,1
5812993257,LC43,right,19499,acetylcholine,0
5812993291,Li13,right,19500,gaba,1
5812993314,LC12,right,19501,gaba,1
5812993402,WED018,right,19502,acetylcholine,0
5812993478,MC66,noside,19503,,0
5812993568,LPC2,noside,19504,acetylcholine,0
5812993576,PLP176,right,19505,gaba,1
5812993604,LPC1,noside,19506,acetylcholine,0
5812993605,LPC1,noside,19507,acetylcholine,0
5812993607,LLPC1,noside,19508,acetylcholine,0
5812993609,LLPC2c,noside,19509,acetylcholine,0
5812993610,LLPC2c,noside,19510,glutamate,1
5812993678,LC12,right,19511,gaba,1
5812993692,LC4,noside,19512,acetylcholine,0
5812993717,LPC1,noside,19513,acetylcholine,0
5812993718,LPC1,noside,19514,acetylcholine,0
5812993719,LPC1,noside,19515,acetylcholine,0
5812993826,WED031,right,19516,gaba,1
5812993831,LLPC3,noside,19517,glutamate,1
5812993840,WED067,right,19518,acetylcholine,0
5812993853,ORN_D,noside,19519,acetylcholine,0
5812993873,WED042,right,19520,acetylcholine,0
5812993881,ORN_DC4,left,19521,acetylcholine,0
5812993911,ORN_VL1,right,19522,serotonin,0
5812993956,DNp17,right,19523,gaba,1
5812993993,WED135,right,19524,acetylcholine,0
5812993994,LC17,noside,19525,dopamine,0
5812994026,WED094,right,19526,glutamate,1
5812994037,Li13,right,19527,gaba,1
5812994062,LPLC1,right,19528,dopamine,0
5812994094,LC20,noside,19529,glutamate,1
5812994148,PFNm_a,noside,19530,acetylcholine,0
5812994149,PFNp_c,noside,19531,acetylcholine,0
5812994182,PVLP046,right,19532,gaba,1
5812994205,PVLP066,right,19533,acetylcholine,0
5812994231,AVLP418,right,19534,acetylcholine,0
5812994282,AVLP360,right,19535,acetylcholine,0
5812994291,ORN_DL3,left,19536,serotonin,0
5812994335,PS282,right,19537,glutamate,1
5812994357,PS077,right,19538,glutamate,1
5812994421,LLPC3,noside,19539,glutamate,1
5812994451,MC64,noside,19540,acetylcholine,0
5812994660,AVLP384,right,19541,acetylcholine,0
5812994702,ORN_DA2,noside,19542,acetylcholine,0
5812994744,D_adPN,left,19543,,0
5812994785,ORN_VA5,noside,19544,acetylcholine,0
5812994826,LPLC1,right,19545,acetylcholine,0
5812994862,LLPC2b,noside,19546,glutamate,1
5812994863,LLPC2b,noside,19547,glutamate,1
5812994890,PS224,right,19548,acetylcholine,0
5812994891,PS241,right,19549,acetylcholine,0
5812994930,AVLP378,right,19550,acetylcholine,0
5812994939,LPLC4,right,19551,acetylcholine,0
5812994948,AVLP485,right,19552,gaba,1
5812995023,Li19,right,19553,gaba,1
5812995098,VC5_lvPN,right,19554,acetylcholine,0
5812995124,AVLP517,right,19555,acetylcholine,0
5812995163,WED165,right,19556,acetylcholine,0
5812995195,ORN_DC4,left,19557,acetylcholine,0
5812995235,ORN_DM2,right,19558,acetylcholine,0
5812995240,ORN_D,noside,19559,acetylcholine,0
5812995261,ORN_DM6,right,19560,acetylcholine,0
5812995265,ORN_DM3,left,19561,serotonin,0
5812995278,ORN_DM1,left,19562,acetylcholine,0
5812995297,ORN_DL2v,left,19563,acetylcholine,0
5812995298,M_lvPNm35,right,19564,acetylcholine,0
5812995304,ORN_DL2d,noside,19565,acetylcholine,0
5812995328,M_lvPNm26,right,19566,acetylcholine,0
5812995347,ORN_DL1,right,19567,acetylcholine,0
5812995356,ORN_DA1,left,19568,acetylcholine,0
5812995402,ORN_DA1,left,19569,acetylcholine,0
5812995404,v2LN44,right,19570,gaba,1
5812995406,ORN_VM4,right,19571,acetylcholine,0
5812995431,ORN_VL1,right,19572,acetylcholine,0
5812995437,ORN_DA1,right,19573,acetylcholine,0
5812995460,LPC1,noside,19574,acetylcholine,0
5812995552,MC62,right,19575,acetylcholine,0
5812995680,LC12,right,19576,gaba,1
5812995757,LPLC1,noside,19577,dopamine,0
5812995883,AVLP517,right,19578,acetylcholine,0
5812995899,LAL026,right,19579,acetylcholine,0
5812995931,AVLP149,right,19580,acetylcholine,0
5812995946,ORN_DP1m,left,19581,acetylcholine,0
5812995952,ORN_DM1,left,19582,acetylcholine,0
5812996003,M_vPNml72,right,19583,gaba,1
5812996021,ORN_VA6,left,19584,acetylcholine,0
5812996027,lLN12B,right,19585,gaba,1
5812996056,ORN_DP1l,right,19586,acetylcholine,0
5812996057,ORN_VL2p,right,19587,acetylcholine,0
5812996058,ORN_VL2a,right,19588,acetylcholine,0
5812996079,ORN_DA1,right,19589,acetylcholine,0
5812996083,ORN_DC1,left,19590,acetylcholine,0
5812996088,ORN_DL3,right,19591,acetylcholine,0
5812996090,ORN_VA1v,noside,19592,serotonin,0
5812996091,ORN_VA1v,noside,19593,serotonin,0
5812996092,ORN_VA1v,noside,19594,serotonin,0
5812996135,WED175,right,19595,glutamate,1
5812996158,LLPC1,noside,19596,acetylcholine,0
5812996317,MC62,right,19597,acetylcholine,0
5812996383,LPLC2,noside,19598,acetylcholine,0
5812996568,LC10,noside,19599,acetylcholine,0
5812996576,LC13,right,19600,acetylcholine,0
5812996595,LC18,noside,19601,acetylcholine,0
5812996602,CL122,right,19602,gaba,1
5812996611,LC18,noside,19603,acetylcholine,0
5812996641,mALB1,right,19604,acetylcholine,0
5812996662,PLP021,right,19605,acetylcholine,0
5812996681,HBeyelet,noside,19606,acetylcholine,0
5812996748,VP1l+_lvPN,right,19607,acetylcholine,0
5812996809,ORN_DP1l,left,19608,acetylcholine,0
5812996810,ORN_DC4,left,19609,acetylcholine,0
5812996829,ORN_VL2p,right,19610,acetylcholine,0
5812996881,ORN_DL3,right,19611,serotonin,0
5812996886,ORN_DM6,right,19612,acetylcholine,0
5812996926,ORN_DA1,left,19613,acetylcholine,0
5812996943,ORN_DA1,left,19614,acetylcholine,0
5812996977,LLPC2b,noside,19615,glutamate,1
5812996978,LLPC1,noside,19616,acetylcholine,0
5812996979,LLPC2b,noside,19617,glutamate,1
5812996994,WED154,right,19618,acetylcholine,0
5812997050,LPC1,noside,19619,acetylcholine,0
5812997052,LLPC3,noside,19620,acetylcholine,0
5812997053,LLPC1,noside,19621,acetylcholine,0
5812997054,LLPC2c,noside,19622,glutamate,1
5812997056,LLPC2b,noside,19623,glutamate,1
5812997057,LLPC2b,noside,19624,glutamate,1
5812997058,LLPC2b,noside,19625,glutamate,1
5812997059,LLPC1,noside,19626,glutamate,1
5812997060,LLPC2c,noside,19627,acetylcholine,0
5812997061,LLPC2c,noside,19628,acetylcholine,0
5812997067,LLPC2c,noside,19629,acetylcholine,0
5812997068,LLPC1,noside,19630,acetylcholine,0
5812997069,LLPC3,noside,19631,glutamate,1
5812997070,LPC2,noside,19632,acetylcholine,0
5812997071,LLPC2c,noside,19633,acetylcholine,0
5812997074,LLPC1,noside,19634,acetylcholine,0
5812997075,LLPC1,noside,19635,acetylcholine,0
5812997079,LLPC2a,noside,19636,glutamate,1
5812997081,LLPC1,noside,19637,acetylcholine,0
5812997105,LLPC2a,noside,19638,glutamate,1
5812997107,SAD081,right,19639,glutamate,1
5812997109,LLPC2c,noside,19640,glutamate,1
5812997110,LLPC3,noside,19641,glutamate,1
5812997111,LLPC3,noside,19642,acetylcholine,0
5812997112,LLPC2b,noside,19643,glutamate,1
5812997113,LLPC2b,noside,19644,glutamate,1
5812997115,LLPC3,noside,19645,glutamate,1
5812997116,LLPC3,noside,19646,glutamate,1
5812997117,LLPC3,noside,19647,glutamate,1
5812997118,LPC2,noside,19648,glutamate,1
5812997119,LLPC2b,noside,19649,glutamate,1
5812997120,LLPC2b,noside,19650,glutamate,1
5812997130,LPC1,noside,19651,acetylcholine,0
5812997131,LLPC3,noside,19652,glutamate,1
5812997132,LLPC2b,noside,19653,glutamate,1
5812997141,LLPC3,noside,19654,acetylcholine,0
5812997142,LLPC2c,noside,19655,glutamate,1
5812997144,LLPC3,noside,19656,glutamate,1
5812997145,LLPC2c,noside,19657,glutamate,1
5812997146,LLPC2c,noside,19658,acetylcholine,0
5812997160,LLPC2b,noside,19659,glutamate,1
5812997162,LLPC2b,noside,19660,glutamate,1
5812997173,LLPC2c,noside,19661,acetylcholine,0
5812997176,LLPC2c,noside,19662,acetylcholine,0
5812997180,LLPC2b,noside,19663,glutamate,1
5812997182,LLPC2b,noside,19664,glutamate,1
5812997184,LLPC3,noside,19665,glutamate,1
5812997186,LLPC2b,noside,19666,glutamate,1
5812997187,LLPC2b,noside,19667,glutamate,1
5812997189,LLPC2b,noside,19668,glutamate,1
5812997191,LLPC3,noside,19669,acetylcholine,0
5812997194,LLPC2b,noside,19670,glutamate,1
5812997195,LLPC2b,noside,19671,glutamate,1
5812997196,LLPC3,noside,19672,glutamate,1
5812997201,LLPC2c,noside,19673,acetylcholine,0
5812997208,LLPC1,noside,19674,acetylcholine,0
5812997212,LLPC3,noside,19675,acetylcholine,0
5812997213,LLPC3,noside,19676,acetylcholine,0
5812997214,LLPC2b,noside,19677,glutamate,1
5812997215,LLPC2c,noside,19678,glutamate,1
5812997218,LLPC2b,noside,19679,glutamate,1
5812997219,LLPC2b,noside,19680,glutamate,1
5812997220,LLPC3,noside,19681,acetylcholine,0
5812997222,LLPC2c,noside,19682,glutamate,1
5812997223,LLPC2b,noside,19683,glutamate,1
5812997231,LLPC2c,noside,19684,glutamate,1
5812997234,LLPC2c,noside,19685,acetylcholine,0
5812997235,LLPC2c,noside,19686,glutamate,1
5812997245,LC10,noside,19687,acetylcholine,0
5812997319,SIP020,right,19688,glutamate,1
5812997380,VES024,right,19689,gaba,1
5812997387,LC12,noside,19690,gaba,1
5812997420,WED053,right,19691,acetylcholine,0
5812997699,ORN_DM5,noside,19692,acetylcholine,0
5812997703,ORN_DM2,left,19693,acetylcholine,0
5812997711,ORN_DM6,left,19694,acetylcholine,0
5812997715,ORN_DM6,left,19695,serotonin,0
5812997727,ORN_DM6,left,19696,serotonin,0
5812997784,LPC1,noside,19697,acetylcholine,0
5812997786,LPC1,noside,19698,acetylcholine,0
5812997806,WED143,right,19699,acetylcholine,0
5812997870,LLPC1,noside,19700,glutamate,1
5812997871,LLPC2b,noside,19701,glutamate,1
5812997895,LLPC2a,noside,19702,acetylcholine,0
5812997896,LLPC2a,noside,19703,glutamate,1
5812997898,LLPC2c,noside,19704,acetylcholine,0
5812997899,LLPC2c,noside,19705,acetylcholine,0
5812997905,LLPC2c,noside,19706,glutamate,1
5812997920,LLPC2b,noside,19707,glutamate,1
5812997921,LLPC3,noside,19708,glutamate,1
5812997922,LLPC2c,noside,19709,glutamate,1
5812997923,LLPC3,noside,19710,glutamate,1
5812997925,LLPC2c,noside,19711,acetylcholine,0
5812997937,LLPC3,noside,19712,glutamate,1
5812997938,LLPC2b,noside,19713,glutamate,1
5812997949,LPC1,noside,19714,acetylcholine,0
5812997976,LPC2,noside,19715,glutamate,1
5812997980,LLPC2c,noside,19716,acetylcholine,0
5812997981,LLPC2c,noside,19717,glutamate,1
5812997986,LLPC2c,noside,19718,glutamate,1
5812997989,LLPC2c,noside,19719,acetylcholine,0
5812998000,LLPC2c,noside,19720,acetylcholine,0
5812998001,LLPC2c,noside,19721,acetylcholine,0
5812998002,LLPC1,noside,19722,acetylcholine,0
5812998041,Li15,right,19723,gaba,1
5812998042,LLPC2c,noside,19724,acetylcholine,0
5812998048,LLPC3,noside,19725,glutamate,1
5812998049,LLPC3,noside,19726,acetylcholine,0
5812998050,LLPC1,noside,19727,glutamate,1
5812998051,LPC2,noside,19728,glutamate,1
5812998072,LC18,noside,19729,acetylcholine,0
5812998086,JO-A/B/C,noside,19730,,0
5812998136,LC4,noside,19731,acetylcholine,0
5812998137,LPLC1,right,19732,acetylcholine,0
5812998302,ORN_VC5,noside,19733,acetylcholine,0
5812998303,ORN_VC5,noside,19734,acetylcholine,0
5812998311,ORN_VC5,noside,19735,acetylcholine,0
5812998432,ORN_VL2a,right,19736,acetylcholine,0
5812998436,ORN_VL2a,right,19737,acetylcholine,0
5812998437,ORN_VL2a,right,19738,acetylcholine,0
5812998438,ORN_VL2a,right,19739,serotonin,0
5812998440,ORN_VL2a,right,19740,acetylcholine,0
5812998445,ORN_DP1l,right,19741,acetylcholine,0
5812998446,ORN_VL2a,right,19742,acetylcholine,0
5812998466,ORN_VL2a,right,19743,acetylcholine,0
5812998469,ORN_VL2p,right,19744,acetylcholine,0
5812998538,lLN15,right,19745,gaba,1
5812998572,LPC1,noside,19746,acetylcholine,0
5812998584,WED143,right,19747,acetylcholine,0
5812998594,LPC1,noside,19748,glutamate,1
5812998632,LPC1,noside,19749,acetylcholine,0
5812998639,LPC1,noside,19750,glutamate,1
5812998640,LPC1,noside,19751,acetylcholine,0
5812998641,LLPC1,noside,19752,acetylcholine,0
5812998643,LLPC3,noside,19753,glutamate,1
5812998647,LLPC3,noside,19754,,0
5812998802,LLPC3,noside,19755,glutamate,1
5812998819,LLPC3,noside,19756,glutamate,1
5812998825,LPLC2,noside,19757,acetylcholine,0
5812998833,LC17,noside,19758,gaba,1
5812998937,JO-A/B/C,noside,19759,,0
5812998950,LC15,noside,19760,acetylcholine,0
5812999009,LC17,right,19761,gaba,1
5812999097,ORN_VC1,left,19762,serotonin,0
5812999183,SAD027,right,19763,gaba,1
5812999215,ORN_VC1,left,19764,serotonin,0
5812999239,LPC1,noside,19765,glutamate,1
5812999264,LPLC2,right,19766,acetylcholine,0
5812999314,LPC1,noside,19767,acetylcholine,0
5812999333,LLPC3,noside,19768,glutamate,1
5812999352,PS117,right,19769,glutamate,1
5812999429,LC31,noside,19770,acetylcholine,0
5812999529,LC20,noside,19771,acetylcholine,0
5812999543,LC28b,right,19772,acetylcholine,0
5812999623,HRN_VP4,right,19773,acetylcholine,0
5812999627,HRN_VP4,right,19774,acetylcholine,0
5812999642,ORN_VM4,noside,19775,serotonin,0
5812999644,ORN_VM4,noside,19776,serotonin,0
5812999645,ORN_VM4,right,19777,serotonin,0
5812999647,ORN_VM4,noside,19778,serotonin,0
5812999657,ORN_VA7m,noside,19779,acetylcholine,0
5812999669,ORN_VC5,noside,19780,serotonin,0
5812999707,ORN_DP1l,left,19781,acetylcholine,0
5812999764,ORN_VL1,right,19782,acetylcholine,0
5812999837,LPC2,noside,19783,glutamate,1
5812999862,LPLC1,right,19784,acetylcholine,0
5812999897,WED161_b,right,19785,glutamate,1
5812999916,LPC2,noside,19786,acetylcholine,0
5813000058,LC24,noside,19787,acetylcholine,0
5813000099,WED112,right,19788,acetylcholine,0
5813000146,AVLP388,right,19789,acetylcholine,0
5813000161,ORN_VC5,noside,19790,acetylcholine,0
5813000199,AVLP265,right,19791,acetylcholine,0
5813000220,AVLP361,right,19792,acetylcholine,0
5813000234,ORN_VL2a,right,19793,acetylcholine,0
5813000235,ORN_VL2a,right,19794,serotonin,0
5813000237,ORN_VL2a,right,19795,acetylcholine,0
5813000247,HRN_VP1l,right,19796,acetylcholine,0
5813000250,ORN_VL2a,right,19797,acetylcholine,0
5813000276,VC3l_adPN,right,19798,acetylcholine,0
5813000296,ORN_VA3,noside,19799,acetylcholine,0
5813000306,ORN_VA1d,noside,19800,serotonin,0
5813000307,ORN_VA1d,noside,19801,serotonin,0
5813000313,ORN_VA1d,right,19802,acetylcholine,0
5813000317,ORN_VA1v,noside,19803,acetylcholine,0
5813000419,SAD006,right,19804,acetylcholine,0
5813000455,PS078,right,19805,glutamate,1
5813000577,LC4,noside,19806,acetylcholine,0
5813000683,AVLP353,right,19807,acetylcholine,0
5813000686,VES049,right,19808,gaba,1
5813000717,ORN_VM5d,noside,19809,acetylcholine,0
5813000757,AVLP548_a,right,19810,gaba,1
5813000781,AVLP482,right,19811,gaba,1
5813000800,ORN_VM5d,noside,19812,acetylcholine,0
5813000806,ORN_VL1,right,19813,serotonin,0
5813000807,ORN_VL1,right,19814,serotonin,0
5813000824,ORN_VA1d,noside,19815,acetylcholine,0
5813000834,ORN_VA1v,noside,19816,serotonin,0
5813000835,ORN_VA1v,noside,19817,acetylcholine,0
5813000836,ORN_VA1d,noside,19818,acetylcholine,0
5813000842,ORN_VA1d,noside,19819,acetylcholine,0
5813000926,LLPC3,noside,19820,glutamate,1
5813000952,WEDPN13,right,19821,acetylcholine,0
5813000953,PS070,right,19822,glutamate,1
5813000992,LPC2,noside,19823,acetylcholine,0
5813001021,WED026,right,19824,gaba,1
5813001027,WED168,right,19825,acetylcholine,0
5813001034,AVLP456,right,19826,acetylcholine,0
5813001367,ORN_VM5d,noside,19827,acetylcholine,0
5813001479,WED158,right,19828,glutamate,1
5813001741,l-LNv,noside,19829,neither,0
5813001765,AVLP374,right,19830,acetylcholine,0
5813001766,AVLP385,right,19831,acetylcholine,0
5813001792,ORN_VA5,noside,19832,acetylcholine,0
5813001939,PS055,right,19833,glutamate,1
5813002062,SAD092,right,19834,acetylcholine,0
5813002071,LC27,noside,19835,acetylcholine,0
5813002096,WED037,right,19836,glutamate,1
5813002248,ORN_VL2a,left,19837,serotonin,0
5813002250,v2LN34B,right,19838,serotonin,0
5813002260,AVLP379,right,19839,acetylcholine,0
5813002313,v2LN48,right,19840,serotonin,0
5813002329,ORN_VA1v,noside,19841,acetylcholine,0
5813002333,ORN_VA3,noside,19842,acetylcholine,0
5813002500,FB1D,left,19843,glutamate,1
5813002592,SLP414,left,19844,glutamate,1
5813002620,SLP414,left,19845,glutamate,1
5813002635,VES034_a,right,19846,gaba,1
5813002689,FB1D,left,19847,glutamate,1
5813002721,HBeyelet,noside,19848,gaba,1
5813002722,HBeyelet,noside,19849,acetylcholine,0
5813002757,SMP167,left,19850,,0
5813002774,ORN_VL2p,left,19851,acetylcholine,0
5813002786,AVLP387,right,19852,serotonin,0
5813002810,SMP524,right,19853,acetylcholine,0
5813002857,ORN_VA1v,noside,19854,serotonin,0
5813002862,ORN_VA3,noside,19855,serotonin,0
5813002888,SMP459,left,19856,glutamate,1
5813003188,WEDPN13,right,19857,acetylcholine,0
5813003258,l2LN22,right,19858,serotonin,0
5813003327,ORN_VL2p,right,19859,acetylcholine,0
5813003341,ORN_VM7v,right,19860,acetylcholine,0
5813003342,ORN_VA4,noside,19861,acetylcholine,0
5813003348,ORN_VA4,noside,19862,serotonin,0
5813003357,ORN_VL1,right,19863,serotonin,0
5813003358,ORN_VA5,noside,19864,acetylcholine,0
5813003362,ORN_VA5,noside,19865,acetylcholine,0
5813003369,ORN_VA1v,noside,19866,serotonin,0
5813003374,ORN_VA1v,noside,19867,serotonin,0
5813003379,ORN_VA1v,noside,19868,serotonin,0
5813003380,ORN_VA1v,noside,19869,acetylcholine,0
5813003579,SAD062,right,19870,acetylcholine,0
5813003649,CL252,right,19871,gaba,1
5813003690,AVLP548_a,right,19872,gaba,1
5813003753,ORN_VM4,noside,19873,acetylcholine,0
5813003771,ORN_VL1,right,19874,serotonin,0
5813003775,ORN_VL1,right,19875,serotonin,0
5813003777,ORN_VL1,right,19876,acetylcholine,0
5813003778,ORN_VL1,right,19877,serotonin,0
5813003780,ORN_VL1,right,19878,serotonin,0
5813003782,ORN_VL1,right,19879,serotonin,0
5813003783,ORN_VL1,right,19880,,0
5813003791,ORN_VA4,noside,19881,acetylcholine,0
5813004049,WED067,right,19882,acetylcholine,0
5813004119,ORN_VC5,noside,19883,acetylcholine,0
5813004141,ORN_VL1,right,19884,serotonin,0
5813004144,ORN_VL1,right,19885,serotonin,0
5813004152,ORN_VC3m,noside,19886,acetylcholine,0
5813004153,ORN_VC3m,noside,19887,acetylcholine,0
5813004154,ORN_VM1,noside,19888,acetylcholine,0
5813004185,ORN_VA7l,noside,19889,serotonin,0
5813004196,ORN_VL1,right,19890,serotonin,0
5813004197,ORN_VL1,right,19891,serotonin,0
5813004198,ORN_VL1,right,19892,serotonin,0
5813004203,ORN_VA3,noside,19893,acetylcholine,0
5813004483,WED055_b,right,19894,gaba,1
5813004600,ORN_VL1,right,19895,serotonin,0
5813004626,ORN_VC5,noside,19896,acetylcholine,0
5813004627,ORN_VC5,noside,19897,acetylcholine,0
5813004665,ORN_VA5,noside,19898,acetylcholine,0
5813004677,ORN_VL1,right,19899,serotonin,0
5813004685,ORN_VL1,right,19900,serotonin,0
5813004686,ORN_VL1,right,19901,serotonin,0
5813004690,ORN_VL1,right,19902,serotonin,0
5813004691,ORN_VL1,right,19903,serotonin,0
5813004694,ORN_VL1,right,19904,serotonin,0
5813004698,ORN_VL1,right,19905,serotonin,0
5813004702,ORN_VA5,noside,19906,acetylcholine,0
5813004952,WED064,right,19907,acetylcholine,0
5813005064,ORN_VM1,noside,19908,acetylcholine,0
5813005071,ORN_VL1,right,19909,acetylcholine,0
5813005072,ORN_VL1,right,19910,serotonin,0
5813005076,ORN_VL1,right,19911,serotonin,0
5813005259,PS045,right,19912,acetylcholine,0
5813005517,ORN_VM1,noside,19913,acetylcholine,0
5813005525,ORN_VM4,noside,19914,serotonin,0
5813005526,ORN_VM4,noside,19915,serotonin,0
5813005545,ORN_VM4,noside,19916,serotonin,0
5813005551,ORN_VM4,noside,19917,acetylcholine,0
5813005553,ORN_VM4,noside,19918,serotonin,0
5813005556,ORN_VA4,noside,19919,acetylcholine,0
5813005563,ORN_VM4,noside,19920,acetylcholine,0
5813005580,ORN_V,right,19921,serotonin,0
5813006291,JO-A/B/C,noside,19922,,0
5813006296,JO-A/B/C,noside,19923,,0
5813006315,JO-A/B/C,noside,19924,,0
5813006594,JO-A/B/C,noside,19925,,0
5813006614,JO-A/B/C,noside,19926,,0
5813006657,OCG08,noside,19927,unknown,0
5813006921,JO-A/B/C,noside,19928,,0
5813006933,JO-A/B/C,noside,19929,,0
5813007108,SMP346,right,19930,glutamate,1
5813007438,JO-A/B/C,noside,19931,,0
5813008197,JO-A/B/C,noside,19932,,0
5813008755,OCG07,noside,19933,unknown,0
5813008771,M_vPNml53,right,19934,gaba,1
5813008796,SLP414,right,19935,glutamate,1
5813008848,SLP414,right,19936,glutamate,1
5813008911,SMP486_d,right,19937,acetylcholine,0
5813008919,SMP304,right,19938,gaba,1
5813008934,SLP422,right,19939,dopamine,0
5813008938,SLP191,right,19940,glutamate,1
5813008942,aSP-f4,right,19941,acetylcholine,0
5813009260,SLP414,right,19942,glutamate,1
5813009261,LHAV4g4_b,right,19943,gaba,1
5813009276,LHAV3g1,right,19944,glutamate,1
5813009280,LHPV6b1,right,19945,gaba,1
5813009281,LHPV5a4,right,19946,acetylcholine,0
5813009284,FB1B,left,19947,octopamine,0
5813009296,SA3,right,19948,glutamate,1
5813009302,SLP302,right,19949,glutamate,1
5813009312,SLP149,right,19950,acetylcholine,0
5813009324,SA3,right,19951,glutamate,1
5813009346,SLP252,right,19952,glutamate,1
5813009350,SMP095,left,19953,glutamate,1
5813009352,SLP182_c,right,19954,glutamate,1
5813009354,SLP415,right,19955,glutamate,1
5813009356,SLP300,right,19956,glutamate,1
5813009358,SMP060,left,19957,glutamate,1
5813009378,SLP459,right,19958,glutamate,1
5813009391,SLP182_b,right,19959,glutamate,1
5813009416,SMP167,right,19960,gaba,1
5813009424,SMP095,left,19961,glutamate,1
5813009429,LHPV5c1_d,right,19962,acetylcholine,0
5813009445,SLP259,right,19963,glutamate,1
5813009449,SLP196,right,19964,glutamate,1
5813009486,SMP299,right,19965,gaba,1
5813009492,SLP333,right,19966,acetylcholine,0
5813009497,SLP259,right,19967,glutamate,1
5813009500,SLP405_b,right,19968,gaba,1
5813009518,AVLP026,right,19969,acetylcholine,0
5813009554,SMP107,right,19970,glutamate,1
5813009567,SLP009,right,19971,glutamate,1
5813009578,SLP127,right,19972,acetylcholine,0
5813009595,SMP269,right,19973,acetylcholine,0
5813009620,SMP109,right,19974,acetylcholine,0
5813009650,SMP453,right,19975,glutamate,1
5813009651,SMP480,right,19976,acetylcholine,0
5813009670,SIP039,right,19977,glutamate,1
5813009723,SIP058,right,19978,acetylcholine,0
5813009740,SIP047,right,19979,dopamine,0
5813009745,SLP318,right,19980,glutamate,1
5813009749,LHPD1a1,right,19981,glutamate,1
5813009766,SIP039,right,19982,glutamate,1
5813009781,LHAV3e3,right,19983,acetylcholine,0
5813009788,SLP283,right,19984,gaba,1
5813009789,SLP187,right,19985,gaba,1
5813009790,SLP360,right,19986,acetylcholine,0
5813009791,SLP045,right,19987,acetylcholine,0
5813009800,LHPV6a9_a,right,19988,acetylcholine,0
5813009830,SMP431,right,19989,acetylcholine,0
5813009845,SMP218,right,19990,glutamate,1
5813009881,SMP485,right,19991,acetylcholine,0
5813009882,FB7G,right,19992,glutamate,1
5813009885,ATL035,left,19993,glutamate,1
5813009926,SMP352,right,19994,dopamine,0
5813009995,LHAV6a1_b,right,19995,acetylcholine,0
5813009996,SLP430,right,19996,acetylcholine,0
5813009998,AVLP010,right,19997,gaba,1
5813010009,SLP043,right,19998,acetylcholine,0
5813010120,SMP301,right,19999,gaba,1
5813010121,SMP301,right,20000,gaba,1
5813010133,SLP286,right,20001,glutamate,1
5813010135,SLP465,right,20002,acetylcholine,0
5813010148,FB1F,right,20003,glutamate,1
5813010153,DN1pA,right,20004,glutamate,1
5813010159,LHPV5h2,right,20005,acetylcholine,0
5813010170,LHAV5a7_c,right,20006,acetylcholine,0
5813010180,LHPV5h1,right,20007,acetylcholine,0
5813010191,SLP044_a,right,20008,acetylcholine,0
5813010200,LHPV5d1_a,right,20009,acetylcholine,0
5813010201,LHAD3a4_b,right,20010,acetylcholine,0
5813010210,SLP191,right,20011,glutamate,1
5813010212,SMP565,right,20012,dopamine,0
5813010251,SMP027,left,20013,,0
5813010255,SLP176,right,20014,glutamate,1
5813010259,SLP015_a,right,20015,glutamate,1
5813010282,SLP285,right,20016,glutamate,1
5813010284,LHAD3d3,right,20017,acetylcholine,0
5813010376,SLP266,right,20018,glutamate,1
5813010377,SMP222,right,20019,glutamate,1
5813010385,LHPV6a3_b,right,20020,acetylcholine,0
5813010391,CL166,right,20021,acetylcholine,0
5813010405,AVLP189_a,right,20022,acetylcholine,0
5813010435,SMP540,right,20023,glutamate,1
5813010471,LHAV7a4,right,20024,glutamate,1
5813010488,AVLP253,right,20025,gaba,1
5813010494,LHAV6b3,right,20026,acetylcholine,0
5813010495,LHPV6a7,right,20027,acetylcholine,0
5813010510,SLP378,right,20028,glutamate,1
5813010511,LHAV3k2,right,20029,acetylcholine,0
5813010525,LHAV4d4,right,20030,gaba,1
5813010541,LHPV6i2_b,right,20031,acetylcholine,0
5813010546,LHAV3b3,right,20032,acetylcholine,0
5813010560,SLP254,right,20033,glutamate,1
5813010591,LHAV6a2_c,right,20034,acetylcholine,0
5813010617,KCab-p,right,20035,dopamine,0
5813010683,SMP601,right,20036,acetylcholine,0
5813010690,LHPV6h1_a,right,20037,acetylcholine,0
5813010748,SMP354,right,20038,dopamine,0
5813010770,SLP159,right,20039,acetylcholine,0
5813010799,LHAV4b1_b,right,20040,gaba,1
5813010801,SMP438,right,20041,dopamine,0
5813010807,PFGs,noside,20042,neither,0
5813010809,FB8G,left,20043,glutamate,1
5813010828,FB7C,right,20044,glutamate,1
5813010836,SMP276,right,20045,glutamate,1
5813010845,LHAV4a7,right,20046,gaba,1
5813010846,SLP332,right,20047,acetylcholine,0
5813010948,LHPV6h2,right,20048,acetylcholine,0
5813010968,SLP082,right,20049,glutamate,1
5813010979,SMP308,right,20050,gaba,1
5813011015,SMP298,right,20051,gaba,1
5813011024,LHPD3c1,right,20052,glutamate,1
5813011061,SLP144,right,20053,glutamate,1
5813011066,SLP045,right,20054,acetylcholine,0
5813011067,CL029,left,20055,,0
5813011074,LAL007,left,20056,acetylcholine,0
5813011119,SLP216,right,20057,gaba,1
5813011125,FB2L,right,20058,glutamate,1
5813011133,SMP591,right,20059,dopamine,0
5813011298,SMP010,right,20060,glutamate,1
5813011299,LHPV6a7,right,20061,acetylcholine,0
5813011320,SMP437,right,20062,dopamine,0
5813011395,LHPV6i1_b,right,20063,acetylcholine,0
5813011423,SLP220,right,20064,acetylcholine,0
5813011425,CL090_d,right,20065,acetylcholine,0
5813011441,SLP188_a,right,20066,gaba,1
5813011443,SMP462,left,20067,acetylcholine,0
5813011471,SMP479,right,20068,acetylcholine,0
5813011483,SMP149,left,20069,dopamine,0
5813011486,SMP408_c,right,20070,dopamine,0
5813011512,SMP590,right,20071,dopamine,0
5813011555,KCab-m,right,20072,dopamine,0
5813011591,SAD043,right,20073,gaba,1
5813011660,aMe24,right,20074,glutamate,1
5813011683,aMe2,noside,20075,glutamate,1
5813011717,SLP362,right,20076,acetylcholine,0
5813011738,SLP371,right,20077,acetylcholine,0
5813011744,SLP146,right,20078,glutamate,1
5813011756,LHAD3a10_a,right,20079,acetylcholine,0
5813011770,LHAV2i1,right,20080,acetylcholine,0
5813011773,LHAV3e4_b,right,20081,acetylcholine,0
5813011840,CRE055,right,20082,gaba,1
5813011868,SMP064,right,20083,glutamate,1
5813012006,EPG,noside,20084,glutamate,1
5813012028,SLP129_a,right,20085,dopamine,0
5813012044,SLP275,right,20086,acetylcholine,0
5813012048,LHPV6l1,right,20087,glutamate,1
5813012083,LHAV4d1,right,20088,gaba,1
5813012136,SLP401,right,20089,dopamine,0
5813012196,SMP522,right,20090,acetylcholine,0
5813012217,ATL009,right,20091,gaba,1
5813012231,SMP117_b,right,20092,glutamate,1
5813012311,PFNp_b,noside,20093,acetylcholine,0
5813012322,LHPV6a1,right,20094,acetylcholine,0
5813012366,SLP267,right,20095,glutamate,1
5813012375,LHPV5d1_a,right,20096,acetylcholine,0
5813012448,LHAV4b4,right,20097,gaba,1
5813012462,LHAV2k1,right,20098,acetylcholine,0
5813012529,DNd01,right,20099,acetylcholine,0
5813012531,ATL038,left,20100,glutamate,1
5813012637,SMP056,left,20101,glutamate,1
5813012769,hDeltaE,noside,20102,dopamine,0
5813012781,SLP313,right,20103,glutamate,1
5813012782,LHPD4b1,right,20104,glutamate,1
5813012786,SMP464,right,20105,acetylcholine,0
5813012889,LHCENT13_b,right,20106,gaba,1
5813012970,LHPV4h1_b,right,20107,glutamate,1
5813012995,CRE095,left,20108,acetylcholine,0
5813013091,AVLP472,right,20109,acetylcholine,0
5813013152,ATL013,left,20110,acetylcholine,0
5813013173,LHAV5a2_a,right,20111,acetylcholine,0
5813013183,LHAV2a5_a,right,20112,acetylcholine,0
5813013185,SMP271,left,20113,,0
5813013202,LHAD1b2_a,right,20114,acetylcholine,0
5813013203,LHAV2k2,right,20115,acetylcholine,0
5813013205,CL231,right,20116,glutamate,1
5813013207,LHAV1b4,right,20117,acetylcholine,0
5813013339,PLP222,right,20118,acetylcholine,0
5813013342,pC1d,left,20119,,0
5813013422,PS303,right,20120,neither,0
5813013436,SMP308,right,20121,gaba,1
5813013443,LHAV4g14,right,20122,gaba,1
5813013498,PVLP105,right,20123,gaba,1
5813013524,FB9C_b,left,20124,glutamate,1
5813013525,FB9C_b,left,20125,glutamate,1
5813013530,LHAV2a3,right,20126,acetylcholine,0
5813013545,LHPV2c5,right,20127,gaba,1
5813013547,SMP316,left,20128,,0
5813013574,AVLP172,right,20129,acetylcholine,0
5813013630,LHPD2c3,right,20130,glutamate,1
5813013677,SLP336,right,20131,glutamate,1
5813013678,TuBu07,right,20132,acetylcholine,0
5813013691,TuTuA,left,20133,glutamate,1
5813013769,MC65,right,20134,acetylcholine,0
5813013792,LHAV2a3,right,20135,acetylcholine,0
5813013823,M_vPNml87,right,20136,gaba,1
5813013872,SLP335,right,20137,glutamate,1
5813013882,LC40a,right,20138,acetylcholine,0
5813013913,WEDPN3,right,20139,gaba,1
5813013930,CL155,right,20140,acetylcholine,0
5813013952,CL202,left,20141,acetylcholine,0
5813013979,CL156,right,20142,acetylcholine,0
5813014028,TuTuB_a,right,20143,acetylcholine,0
5813014029,TuBu07,right,20144,acetylcholine,0
5813014032,SMP040,right,20145,glutamate,1
5813014062,PFNd,noside,20146,octopamine,0
5813014166,SMP244,right,20147,acetylcholine,0
5813014218,LHPV2a1_c,right,20148,gaba,1
5813014245,PI1_b,noside,20149,serotonin,0
5813014249,IB093,left,20150,glutamate,1
5813014262,LC40b,right,20151,acetylcholine,0
5813014382,PLP227,right,20152,acetylcholine,0
5813014391,SMP110,right,20153,acetylcholine,0
5813014401,LC10,noside,20154,acetylcholine,0
5813014491,LC13,right,20155,acetylcholine,0
5813014505,PFNv,noside,20156,glutamate,1
5813014515,vDeltaC,noside,20157,dopamine,0
5813014526,LHAD3g1,right,20158,glutamate,1
5813014573,PFNp_a,noside,20159,acetylcholine,0
5813014585,LHAV4a4,right,20160,gaba,1
5813014622,M_vPNml82,right,20161,gaba,1
5813014626,CL223,right,20162,acetylcholine,0
5813014640,LHPD2a2,right,20163,acetylcholine,0
5813014688,FC2A,right,20164,dopamine,0
5813014693,FB5G,left,20165,glutamate,1
5813014771,CL343,left,20166,serotonin,0
5813014777,FS3,right,20167,acetylcholine,0
5813014859,PFNp_b,noside,20168,acetylcholine,0
5813014873,EPG,noside,20169,acetylcholine,0
5813014882,PEG,noside,20170,glutamate,1
5813014891,PS160,left,20171,glutamate,1
5813014904,IB033,left,20172,glutamate,1
5813014907,aMe4,noside,20173,serotonin,0
5813014910,MC62,noside,20174,acetylcholine,0
5813014911,AOTU057,right,20175,gaba,1
5813015004,LHAV2c1,right,20176,acetylcholine,0
5813015045,aSP10B,right,20177,acetylcholine,0
5813015068,SMP561,right,20178,acetylcholine,0
5813015110,PLP028,right,20179,gaba,1
5813015174,AVLP141,right,20180,acetylcholine,0
5813015200,LC10,noside,20181,glutamate,1
5813015251,CL225,right,20182,glutamate,1
5813015345,Li14,right,20183,glutamate,1
5813015408,CL147,right,20184,glutamate,1
5813015576,ORN_DM4,left,20185,acetylcholine,0
5813015594,LAL150,right,20186,glutamate,1
5813015614,CL047,right,20187,glutamate,1
5813015763,LC10,noside,20188,acetylcholine,0
5813015764,LC10,noside,20189,acetylcholine,0
5813015808,FC1A,right,20190,acetylcholine,0
5813015963,FS2,right,20191,dopamine,0
5813015982,WEDPN7A,right,20192,acetylcholine,0
5813015995,vDeltaF,noside,20193,glutamate,1
5813015999,PFNa,noside,20194,acetylcholine,0
5813016041,LC10,noside,20195,acetylcholine,0
5813016056,LC10,noside,20196,acetylcholine,0
5813016057,LC10,noside,20197,acetylcholine,0
5813016065,LC10,noside,20198,glutamate,1
5813016067,AOTU061,right,20199,gaba,1
5813016076,LC10,noside,20200,glutamate,1
5813016150,IbSpsP,noside,20201,acetylcholine,0
5813016163,LHPV2f1_b,right,20202,gaba,1
5813016167,PFNp_b,noside,20203,glutamate,1
5813016179,LT45,left,20204,serotonin,0
5813016204,LHAV2b2_b,right,20205,acetylcholine,0
5813016254,IB004,left,20206,glutamate,1
5813016287,FC2B,right,20207,acetylcholine,0
5813016302,AVLP237_c,right,20208,acetylcholine,0
5813016303,PS289,left,20209,glutamate,1
5813016314,vDeltaA_a,noside,20210,dopamine,0
5813016320,FS3,right,20211,acetylcholine,0
5813016373,MC61,noside,20212,acetylcholine,0
5813016380,LC10,noside,20213,glutamate,1
5813016381,LC10,noside,20214,dopamine,0
5813016450,LHPV6k1,right,20215,glutamate,1
5813016455,aMe10,left,20216,acetylcholine,0
5813016506,CL235,left,20217,glutamate,1
5813016536,IB103,left,20218,glutamate,1
5813016553,FB8A,left,20219,glutamate,1
5813016568,FS2,left,20220,glutamate,1
5813016577,LC9,noside,20221,acetylcholine,0
5813016578,LC9,noside,20222,acetylcholine,0
5813016618,AVLP587,left,20223,glutamate,1
5813016634,CL089_a,right,20224,acetylcholine,0
5813016650,LC10,noside,20225,glutamate,1
5813016652,LC10,noside,20226,glutamate,1
5813016658,MC61,noside,20227,acetylcholine,0
5813016661,LC10,noside,20228,glutamate,1
5813016716,PS125,right,20229,neither,0
5813016762,PLP009,right,20230,glutamate,1
5813016796,PS107,left,20231,glutamate,1
5813016830,PFR_a,noside,20232,dopamine,0
5813016851,LC15,noside,20233,acetylcholine,0
5813016853,FS4B,right,20234,acetylcholine,0
5813016856,OCG08,noside,20235,neither,0
5813016900,FS1A,left,20236,dopamine,0
5813016911,LC29,right,20237,acetylcholine,0
5813016915,TuBu08,right,20238,acetylcholine,0
5813016933,AVLP566,right,20239,acetylcholine,0
5813016954,FC1C,right,20240,acetylcholine,0
5813016958,CL261,right,20241,acetylcholine,0
5813016987,LC10,noside,20242,glutamate,1
5813017315,AVLP479,right,20243,gaba,1
5813017402,ORN_VA1v,noside,20244,serotonin,0
5813017404,ORN_VA1v,noside,20245,serotonin,0
5813017409,ORN_VA1v,right,20246,acetylcholine,0
5813017410,ORN_VA1v,noside,20247,serotonin,0
5813017464,VES035,right,20248,gaba,1
5813017549,PS280,left,20249,glutamate,1
5813017600,IB106,left,20250,glutamate,1
5813017614,mALC6,left,20251,gaba,1
5813017914,AVLP222,right,20252,acetylcholine,0
5813018236,LPC1,noside,20253,acetylcholine,0
5813018423,ORN_VA1v,noside,20254,acetylcholine,0
5813018442,WED161_a,right,20255,glutamate,1
5813018460,il3LN6,right,20256,serotonin,0
5813018508,WED117,right,20257,acetylcholine,0
5813018603,WED133,right,20258,acetylcholine,0
5813018634,LLPC2b,noside,20259,glutamate,1
5813018683,JO-A/B/C,noside,20260,,0
5813018704,ORN_VA1v,noside,20261,serotonin,0
5813018705,ORN_VA1v,noside,20262,serotonin,0
5813018706,ORN_VA1v,noside,20263,serotonin,0
5813018707,ORN_VA1v,noside,20264,acetylcholine,0
5813018708,ORN_VA1v,noside,20265,serotonin,0
5813018714,ORN_VA1v,noside,20266,acetylcholine,0
5813018729,vLN25,right,20267,gaba,1
5813018752,WED118_b,right,20268,acetylcholine,0
5813018784,WEDPN15,right,20269,acetylcholine,0
5813018827,ORN_VC2,noside,20270,acetylcholine,0
5813018842,ORN_VC5,noside,20271,acetylcholine,0
5813018847,vLN27,right,20272,acetylcholine,0
5813018849,ORN_VC5,noside,20273,acetylcholine,0
5813018852,ORN_VC5,noside,20274,acetylcholine,0
5813019191,SAD026,right,20275,gaba,1
5813019196,ORN_VL1,right,20276,serotonin,0
5813019197,ORN_VL1,right,20277,serotonin,0
5813019487,SLP259,right,20278,glutamate,1
5813019496,PI2,noside,20279,,0
5813019513,PPL105,right,20280,dopamine,0
5813019517,SMP086,right,20281,glutamate,1
5813019526,SLP389,right,20282,dopamine,0
5813019528,SLP144,right,20283,glutamate,1
5813019543,SLP360,right,20284,acetylcholine,0
5813019560,SMP562,right,20285,dopamine,0
5813019567,PI1_b,noside,20286,octopamine,0
5813019588,FB6C_b,right,20287,octopamine,0
5813019607,PPL106,left,20288,dopamine,0
5813019609,KCab-s,right,20289,dopamine,0
5813019630,SLP240_c,right,20290,dopamine,0
5813019676,CRE099,right,20291,acetylcholine,0
5813019681,SMP078,left,20292,gaba,1
5813019732,SIP066,right,20293,glutamate,1
5813019763,KCab-s,right,20294,dopamine,0
5813019770,KCab-c,right,20295,dopamine,0
5813019772,KCab-c,right,20296,dopamine,0
5813019774,KCab-c,right,20297,dopamine,0
5813019779,KCg-m,right,20298,dopamine,0
5813019801,KCg-m,right,20299,dopamine,0
5813019807,SLP098,right,20300,glutamate,1
5813019833,SMP077,left,20301,gaba,1
5813019850,CRE048,right,20302,glutamate,1
5813019862,SMP572,right,20303,acetylcholine,0
5813019868,SLP064,right,20304,glutamate,1
5813019877,SLP386,right,20305,glutamate,1
5813019917,KCg-m,right,20306,dopamine,0
5813019920,SMP024,right,20307,glutamate,1
5813019955,SLP057,right,20308,gaba,1
5813019976,PPL104,left,20309,dopamine,0
5813019982,KCg-m,right,20310,dopamine,0
5813020002,LHPV4g1,right,20311,glutamate,1
5813020004,LHPV4a10_a,right,20312,glutamate,1
5813020038,LHPV4d10,right,20313,glutamate,1
5813020041,KCa'b'-ap1,right,20314,dopamine,0
5813020046,KCa'b'-ap2,right,20315,dopamine,0
5813020047,KCa'b'-ap2,right,20316,dopamine,0
5813020052,KCa'b'-ap2,right,20317,dopamine,0
5813020057,KCa'b'-ap2,right,20318,dopamine,0
5813020061,KCa'b'-ap1,right,20319,dopamine,0
5813020089,KCg-m,right,20320,dopamine,0
5813020132,KCg-m,right,20321,dopamine,0
5813020138,WEDPN3,right,20322,gaba,1
5813020143,PLP082,right,20323,acetylcholine,0
5813020271,KCa'b'-ap2,right,20324,dopamine,0
5813020274,KCab-m,right,20325,dopamine,0
5813020284,SMP381,left,20326,,0
5813020288,PAM08_b,left,20327,dopamine,0
5813020326,CL346,left,20328,glutamate,1
5813020347,DNp27,left,20329,dopamine,0
5813020382,VES078,right,20330,acetylcholine,0
5813020386,CL266_a,right,20331,acetylcholine,0
5813020388,PLP012,right,20332,acetylcholine,0
5813020395,ORN_DL3,right,20333,acetylcholine,0
5813020396,ORN_DA1,right,20334,acetylcholine,0
5813020409,ER2_c,right,20335,gaba,1
5813020424,PAM12,left,20336,dopamine,0
5813020453,ER5,right,20337,gaba,1
5813020455,ER3w_b,right,20338,gaba,1
5813020512,DNp16,right,20339,acetylcholine,0
5813020544,PS209,right,20340,acetylcholine,0
5813020556,PS079,right,20341,glutamate,1
5813020562,PS079,right,20342,glutamate,1
5813020568,ER3p_a,right,20343,gaba,1
5813020577,FB4J,left,20344,glutamate,1
5813020585,ER3p_a,right,20345,gaba,1
5813020587,ER3d_c,left,20346,gaba,1
5813020601,ATL026,right,20347,acetylcholine,0
5813020673,SMP252,right,20348,acetylcholine,0
5813020674,FS4C,left,20349,acetylcholine,0
5813020676,SMP182,right,20350,dopamine,0
5813020684,FB6H,right,20351,dopamine,0
5813020696,SMP337,right,20352,glutamate,1
5813020698,FB7B,right,20353,dopamine,0
5813020699,FS4A,left,20354,acetylcholine,0
5813020735,FB7A,right,20355,octopamine,0
5813020748,CL159,right,20356,acetylcholine,0
5813020750,SLP250,right,20357,glutamate,1
5813020751,SIP060,right,20358,dopamine,0
5813020752,SLP372,right,20359,acetylcholine,0
5813020785,SLP439,right,20360,dopamine,0
5813020789,SIP007,right,20361,glutamate,1
5813020800,SMP566,right,20362,dopamine,0
5813020803,SMP186,left,20363,dopamine,0
5813020809,SLP372,right,20364,acetylcholine,0
5813020812,SLP435,right,20365,glutamate,1
5813020817,SMP190,right,20366,dopamine,0
5813020828,MBON18,right,20367,acetylcholine,0
5813020830,KCab-m,right,20368,dopamine,0
5813020831,KCab-s,right,20369,dopamine,0
5813020840,SMP503,left,20370,dopamine,0
5813020846,CL021,right,20371,acetylcholine,0
5813020850,SMP364,right,20372,dopamine,0
5813020855,SMP328,right,20373,dopamine,0
5813020857,SMP568_d,right,20374,acetylcholine,0
5813020864,DNd01,right,20375,unknown,0
5813020965,PI1_a,noside,20376,serotonin,0
5813020969,SMP486_e,right,20377,dopamine,0
5813020988,LHMB1,right,20378,glutamate,1
5813020993,SIP067,right,20379,acetylcholine,0
5813020996,SMP384,left,20380,octopamine,0
5813021005,SMP507,right,20381,dopamine,0
5813021016,KCab-c,right,20382,dopamine,0
5813021017,KCab-c,right,20383,dopamine,0
5813021019,KCab-m,right,20384,dopamine,0
5813021023,KCab-c,right,20385,dopamine,0
5813021033,KCab-p,right,20386,dopamine,0
5813021046,CRE102,right,20387,glutamate,1
5813021065,CL269,right,20388,acetylcholine,0
5813021075,MDN,right,20389,acetylcholine,0
5813021079,MDN,left,20390,acetylcholine,0
5813021088,PI3,noside,20391,,0
5813021093,AVLP564,right,20392,acetylcholine,0
5813021112,PVLP119,right,20393,acetylcholine,0
5813021122,LAL143,right,20394,gaba,1
5813021135,KCab-c,right,20395,dopamine,0
5813021138,CRE044,left,20396,gaba,1
5813021174,KCa'b'-m,right,20397,dopamine,0
5813021192,LNd,right,20398,glutamate,1
5813021196,aMe17c,noside,20399,gaba,1
5813021221,CL125,right,20400,glutamate,1
5813021223,SLP129_b,right,20401,dopamine,0
5813021225,SMP320,right,20402,dopamine,0
5813021235,SIP065,right,20403,glutamate,1
5813021238,SMP374,right,20404,glutamate,1
5813021247,FB5E,right,20405,glutamate,1
5813021251,KCab-s,right,20406,dopamine,0
5813021261,PAM11,left,20407,dopamine,0
5813021263,KCab-s,right,20408,dopamine,0
5813021273,KCg-m,right,20409,dopamine,0
5813021275,KCg-m,right,20410,dopamine,0
5813021277,KCab-m,right,20411,dopamine,0
5813021289,KCg-m,right,20412,dopamine,0
5813021291,MB-C1,right,20413,gaba,1
5813021292,KCab-c,right,20414,dopamine,0
5813021294,KCg-m,right,20415,dopamine,0
5813021296,KCg-m,right,20416,dopamine,0
5813021301,KCab-s,right,20417,dopamine,0
5813021303,KCab-s,right,20418,dopamine,0
5813021304,KCab-s,right,20419,dopamine,0
5813021311,KCab-m,right,20420,dopamine,0
5813021312,KCab-m,right,20421,dopamine,0
5813021313,KCab-m,right,20422,dopamine,0
5813021314,KCab-m,right,20423,dopamine,0
5813021315,KCab-m,right,20424,dopamine,0
5813021316,KCab-c,right,20425,dopamine,0
5813021319,KCab-m,right,20426,dopamine,0
5813021326,KCab-m,right,20427,dopamine,0
5813021332,KCg-m,right,20428,dopamine,0
5813021341,KCg-m,right,20429,dopamine,0
5813021363,KCg-m,right,20430,dopamine,0
5813021379,KCg-m,right,20431,dopamine,0
5813021380,KCg-m,right,20432,dopamine,0
5813021382,KCg-m,right,20433,dopamine,0
5813021386,KCab-s,right,20434,dopamine,0
5813021397,KCab-c,right,20435,dopamine,0
5813021399,KCab-s,right,20436,dopamine,0
5813021400,KCab-m,right,20437,dopamine,0
5813021401,KCab-s,right,20438,dopamine,0
5813021404,KCab-m,right,20439,dopamine,0
5813021411,KCab-c,right,20440,dopamine,0
5813021415,KCg-m,right,20441,dopamine,0
5813021441,KCab-m,right,20442,dopamine,0
5813021446,KCab-c,right,20443,dopamine,0
5813021447,KCab-c,right,20444,dopamine,0
5813021449,KCab-m,right,20445,dopamine,0
5813021452,KCg-m,right,20446,dopamine,0
5813021463,KCab-m,right,20447,dopamine,0
5813021464,KCab-s,right,20448,dopamine,0
5813021465,KCab-m,right,20449,dopamine,0
5813021469,KCg-m,right,20450,dopamine,0
5813021471,KCab-c,right,20451,dopamine,0
5813021480,PLP069,right,20452,glutamate,1
5813021498,SMP398,right,20453,acetylcholine,0
5813021533,AVLP053,right,20454,acetylcholine,0
5813021535,SLP230,right,20455,acetylcholine,0
5813021562,AVLP050,right,20456,acetylcholine,0
5813021564,SMP410,right,20457,dopamine,0
5813021566,SMP587,right,20458,dopamine,0
5813021572,CL086_c,right,20459,acetylcholine,0
5813021574,CL247,right,20460,gaba,1
5813021576,SLP134,right,20461,glutamate,1
5813021583,AVLP210,right,20462,acetylcholine,0
5813021595,SMP236,right,20463,acetylcholine,0
5813021600,SIP070,right,20464,acetylcholine,0
5813021602,SMP198,right,20465,glutamate,1
5813021615,aMe23,noside,20466,glutamate,1
5813021632,LHAD4a1,right,20467,glutamate,1
5813021637,AVLP039,right,20468,acetylcholine,0
5813021642,KCa'b'-m,right,20469,dopamine,0
5813021645,KCa'b'-m,right,20470,dopamine,0
5813021647,KCab-m,right,20471,dopamine,0
5813021659,KCg-m,right,20472,dopamine,0
5813021666,aMe22,right,20473,glutamate,1
5813021728,LHPD2a4_c,right,20474,glutamate,1
5813021736,KCa'b'-ap2,right,20475,dopamine,0
5813021748,KCa'b'-ap2,right,20476,dopamine,0
5813021766,KCa'b'-ap2,right,20477,dopamine,0
5813021772,KCa'b'-m,right,20478,dopamine,0
5813021778,KCa'b'-m,right,20479,dopamine,0
5813021779,KCa'b'-ap2,right,20480,dopamine,0
5813021781,KCa'b'-ap2,right,20481,dopamine,0
5813021786,KCa'b'-m,right,20482,dopamine,0
5813021788,KCab-p,right,20483,dopamine,0
5813021792,KCa'b'-m,right,20484,dopamine,0
5813021799,KCa'b'-ap2,right,20485,dopamine,0
5813021805,KCa'b'-ap1,right,20486,dopamine,0
5813021806,KCa'b'-ap2,right,20487,dopamine,0
5813021808,KCa'b'-ap1,right,20488,dopamine,0
5813021809,KCa'b'-ap1,right,20489,dopamine,0
5813021812,KCa'b'-ap1,right,20490,dopamine,0
5813021822,KCa'b'-ap1,right,20491,dopamine,0
5813021832,KCa'b'-m,right,20492,dopamine,0
5813021844,PAM08_c,left,20493,dopamine,0
5813021848,KCa'b'-ap2,right,20494,dopamine,0
5813021856,KCa'b'-ap1,right,20495,dopamine,0
5813021865,KCg-m,right,20496,dopamine,0
5813021874,PLP231,right,20497,acetylcholine,0
5813021882,PLP231,right,20498,acetylcholine,0
5813021894,WED089,right,20499,acetylcholine,0
5813021895,PLP201,right,20500,acetylcholine,0
5813021899,PLP123,right,20501,acetylcholine,0
5813021904,PLP247,right,20502,glutamate,1
5813021911,PLP022,right,20503,gaba,1
5813021912,LHPV6f7,right,20504,acetylcholine,0
5813021923,CL091,right,20505,acetylcholine,0
5813021943,aMe20,right,20506,acetylcholine,0
5813021963,hDeltaK,noside,20507,octopamine,0
5813021985,CRE101,left,20508,acetylcholine,0
5813021989,KCab-c,right,20509,dopamine,0
5813021999,KCab-c,right,20510,dopamine,0
5813022026,LAL012,right,20511,acetylcholine,0
5813022037,KCa'b'-ap1,right,20512,dopamine,0
5813022042,KCab-c,right,20513,dopamine,0
5813022049,KCab-m,right,20514,dopamine,0
5813022050,KCab-c,right,20515,dopamine,0
5813022054,KCab-m,right,20516,dopamine,0
5813022060,KCg-m,right,20517,dopamine,0
5813022076,PAM12,left,20518,dopamine,0
5813022117,KCa'b'-ap2,right,20519,dopamine,0
5813022119,KCg-m,right,20520,dopamine,0
5813022133,KCg-m,right,20521,dopamine,0
5813022150,LHPV4c1_c,right,20522,glutamate,1
5813022160,SMP567,right,20523,dopamine,0
5813022163,SMP148,left,20524,gaba,1
5813022175,KCab-m,right,20525,dopamine,0
5813022199,CRE029_a,right,20526,glutamate,1
5813022201,PAM06_a,right,20527,dopamine,0
5813022203,KCg-m,right,20528,dopamine,0
5813022207,KCg-m,right,20529,dopamine,0
5813022210,KCg-m,right,20530,dopamine,0
5813022212,KCab-s,right,20531,dopamine,0
5813022232,KCg-d,right,20532,dopamine,0
5813022234,MBON30,right,20533,glutamate,1
5813022239,KCg-d,right,20534,dopamine,0
5813022257,CL303,right,20535,acetylcholine,0
5813022259,ATL034,right,20536,glutamate,1
5813022267,KCg-d,right,20537,dopamine,0
5813022272,aMe17b,noside,20538,,0
5813022274,DN1a,right,20539,glutamate,1
5813022281,EPG,noside,20540,glutamate,1
5813022337,SMP156,left,20541,acetylcholine,0
5813022339,SMP394,left,20542,acetylcholine,0
5813022341,MBON02,left,20543,dopamine,0
5813022343,SMP140,right,20544,glutamate,1
5813022352,KCg-m,right,20545,dopamine,0
5813022361,IB030,left,20546,glutamate,1
5813022370,CRE089,left,20547,acetylcholine,0
5813022375,IB017,right,20548,acetylcholine,0
5813022404,PAM01_b,left,20549,dopamine,0
5813022419,CRE038,right,20550,glutamate,1
5813022424,PPL103,right,20551,dopamine,0
5813022453,LHPV6f1,right,20552,acetylcholine,0
5813022455,AVLP166,right,20553,acetylcholine,0
5813022459,LHAD1b2_b,right,20554,acetylcholine,0
5813022469,AOTU007,right,20555,acetylcholine,0
5813022502,FB2F_a,left,20556,glutamate,1
5813022512,CL288,right,20557,gaba,1
5813022538,LC33b,right,20558,glutamate,1
5813022547,PS059,right,20559,gaba,1
5813022548,LAL026,right,20560,acetylcholine,0
5813022567,VES053,right,20561,acetylcholine,0
5813022591,PS002,right,20562,gaba,1
5813022599,PLP202,right,20563,gaba,1
5813022608,DNb03,right,20564,glutamate,1
5813022617,PS072,right,20565,glutamate,1
5813022629,PS013,right,20566,glutamate,1
5813022631,PS055,right,20567,glutamate,1
5813022702,PS055,right,20568,glutamate,1
5813022707,DNp16/17,right,20569,glutamate,1
5813022738,IB038,left,20570,glutamate,1
5813022759,CRE059,right,20571,acetylcholine,0
5813022764,AVLP037,right,20572,acetylcholine,0
5813022792,LAL145,right,20573,acetylcholine,0
5813022794,PLP253,right,20574,acetylcholine,0
5813022809,FB4F_b,left,20575,glutamate,1
5813022811,CRE080,right,20576,acetylcholine,0
5813022814,aIPg2,right,20577,acetylcholine,0
5813022816,AOTU045,right,20578,glutamate,1
5813022826,OA-ASM1,left,20579,serotonin,0
5813022858,CL203,right,20580,serotonin,0
5813022896,MBON21,right,20581,acetylcholine,0
5813022915,CRE084,left,20582,glutamate,1
5813022922,hDeltaH,noside,20583,acetylcholine,0
5813022923,FS1A,right,20584,dopamine,0
5813022925,FB4L,left,20585,serotonin,0
5813022932,PLP248,right,20586,glutamate,1
5813022935,LLPC3,noside,20587,glutamate,1
5813022949,FB5L,left,20588,glutamate,1
5813022950,vDeltaD,noside,20589,dopamine,0
5813022959,LT35,left,20590,gaba,1
5813022976,CL265,left,20591,acetylcholine,0
5813022999,AVLP242,right,20592,acetylcholine,0
5813023015,AVLP100,right,20593,acetylcholine,0
5813023089,AVLP577,right,20594,acetylcholine,0
5813023097,aMe4,noside,20595,acetylcholine,0
5813023100,SAD051_a,right,20596,acetylcholine,0
5813023101,JO-A/B/C,noside,20597,,0
5813023106,SAD083,right,20598,acetylcholine,0
5813023250,IB100,left,20599,glutamate,1
5813023260,IB096,left,20600,glutamate,1
5813023263,IB106,left,20601,glutamate,1
5813023313,VS,noside,20602,acetylcholine,0
5813023322,DNp06,right,20603,acetylcholine,0
5813023353,LT1,right,20604,acetylcholine,0
5813023370,AVLP516,right,20605,acetylcholine,0
5813023407,WED057,right,20606,gaba,1
5813023434,LT64,right,20607,acetylcholine,0
5813023450,LLPC2b,noside,20608,glutamate,1
5813023453,IB029,left,20609,acetylcholine,0
5813023478,vDeltaI,noside,20610,dopamine,0
5813023480,LC31,noside,20611,acetylcholine,0
5813023581,VS,noside,20612,acetylcholine,0
5813023615,PFNp_b,noside,20613,serotonin,0
5813023617,PVLP021,right,20614,gaba,1
5813023645,LC13,right,20615,acetylcholine,0
5813023698,LAL097,right,20616,glutamate,1
5813023700,LAL096,right,20617,glutamate,1
5813023739,PLP092,right,20618,acetylcholine,0
5813023853,PS225,right,20619,glutamate,1
5813023894,PS084,right,20620,glutamate,1
5813023910,PS226,right,20621,unknown,0
5813023929,WEDPN13,right,20622,acetylcholine,0
5813023983,PS054,right,20623,glutamate,1
5813024015,DNp02,right,20624,neither,0
5813024032,WED059,right,20625,acetylcholine,0
5813024035,SAD013,right,20626,gaba,1
5813024089,PS074,right,20627,glutamate,1
5813024193,SAD001,right,20628,acetylcholine,0
5813024201,VCH,left,20629,glutamate,1
5813024262,VS,noside,20630,glutamate,1
5813024287,PS220,right,20631,glutamate,1
5813024289,LPC1,noside,20632,acetylcholine,0
5813024308,LLPC1,noside,20633,acetylcholine,0
5813024339,lLN2R_a,right,20634,serotonin,0
5813024340,TRN_VP2,right,20635,acetylcholine,0
5813024345,ORN_VL1,right,20636,serotonin,0
5813024346,ORN_VL1,right,20637,serotonin,0
5813024368,WED030,right,20638,gaba,1
5813024414,PS218,right,20639,acetylcholine,0
5813024424,PS261,right,20640,acetylcholine,0
5813024430,SLP454,right,20641,serotonin,0
5813024441,AVLP422,right,20642,gaba,1
5813024601,VA1v_adPN,right,20643,acetylcholine,0
5813024602,ORN_VA1v,noside,20644,acetylcholine,0
5813024603,ORN_VA1v,noside,20645,acetylcholine,0
5813024605,ORN_VA1v,noside,20646,acetylcholine,0
5813024616,ORN_VA1v,noside,20647,serotonin,0
5813024618,ORN_VA1v,noside,20648,acetylcholine,0
5813024619,ORN_VA1v,noside,20649,serotonin,0
5813024620,ORN_VA1v,noside,20650,serotonin,0
5813024621,ORN_VA1v,noside,20651,serotonin,0
5813024623,ORN_VA1d,right,20652,serotonin,0
5813024692,M_adPNm3,right,20653,acetylcholine,0
5813024698,lLN2F_b,right,20654,acetylcholine,0
5813024701,ORN_VA1v,noside,20655,acetylcholine,0
5813024710,DL2d_adPN,right,20656,acetylcholine,0
5813024712,VM5d_adPN,right,20657,acetylcholine,0
5813024792,HBeyelet,noside,20658,gaba,1
5813024799,M_lPNm12,right,20659,acetylcholine,0
5813024803,LLPC2b,noside,20660,glutamate,1
5813024807,LLPC2c,noside,20661,acetylcholine,0
5813024808,LLPC2c,noside,20662,acetylcholine,0
5813024809,LLPC2a,noside,20663,acetylcholine,0
5813024810,LLPC2c,noside,20664,acetylcholine,0
5813024811,LLPC2b,noside,20665,glutamate,1
5813024813,LLPC2c,noside,20666,glutamate,1
5813024816,LLPC2c,noside,20667,acetylcholine,0
5813024817,LLPC2c,noside,20668,acetylcholine,0
5813024818,LLPC2c,noside,20669,acetylcholine,0
5813024821,LLPC2b,noside,20670,glutamate,1
5813024823,LLPC2c,noside,20671,acetylcholine,0
5813024844,LLPC2b,noside,20672,glutamate,1
5813024846,WED008,right,20673,acetylcholine,0
5813024910,SAD022,right,20674,gaba,1
5813024919,SAD051_a,right,20675,acetylcholine,0
5813024922,SAD051_b,right,20676,acetylcholine,0
5813024981,ORN_VL2a,right,20677,acetylcholine,0
5813024983,ORN_VL2a,left,20678,serotonin,0
5813025091,VS,noside,20679,glutamate,1
5813025198,ORN_VA1v,noside,20680,acetylcholine,0
5813025545,PI1_b,noside,20681,serotonin,0
5813025549,SAD031,right,20682,acetylcholine,0
5813025556,ORN_VL1,right,20683,serotonin,0
5813025591,ORN_VL1,right,20684,serotonin,0
5813025594,ORN_VL1,right,20685,acetylcholine,0
5813025654,ORN_VL1,right,20686,acetylcholine,0
5813025982,OCG01,noside,20687,glutamate,1
5813026023,JO-A/B/C,noside,20688,,0
5813026364,SMP497,right,20689,glutamate,1
5813026366,SMP498,right,20690,glutamate,1
5813026371,PI1_a,noside,20691,dopamine,0
5813026385,PI1_a,noside,20692,neither,0
5813026404,DNd01,left,20693,glutamate,1
5813026416,PI1_c,noside,20694,acetylcholine,0
5813026428,PI1_a,noside,20695,glutamate,1
5813026481,PS083,right,20696,glutamate,1
5813026514,FB6D,left,20697,octopamine,0
5813026579,CL087,right,20698,acetylcholine,0
5813026589,SMP082,right,20699,glutamate,1
5813026592,SMP449,right,20700,glutamate,1
5813026613,SMP530,right,20701,glutamate,1
5813026615,SLP031,right,20702,acetylcholine,0
5813026622,SLP191,right,20703,glutamate,1
5813026661,SMP079,right,20704,gaba,1
5813026703,AVLP491,right,20705,acetylcholine,0
5813026705,SMP589,right,20706,dopamine,0
5813026718,SMP592,right,20707,acetylcholine,0
5813026724,PVLP008_a,right,20708,glutamate,1
5813026745,SMP456,left,20709,acetylcholine,0
5813026773,l-LNv,noside,20710,serotonin,0
5813026780,SMP228,right,20711,glutamate,1
5813026785,SMP458,left,20712,acetylcholine,0
5813026936,DNp10,right,20713,acetylcholine,0
5813026993,PFNp_a,noside,20714,glutamate,1
5813027016,FB4Y,right,20715,dopamine,0
5813027050,SAD014,right,20716,gaba,1
5813027103,EPG,noside,20717,glutamate,1
5813027132,AVLP084,right,20718,gaba,1
5813027142,AVLP194_a,right,20719,acetylcholine,0
5813027235,LAL053,right,20720,glutamate,1
5813027244,WED092,right,20721,acetylcholine,0
5813027248,aMe17a,noside,20722,serotonin,0
5813027266,vpoEN,right,20723,acetylcholine,0
5813027276,AVLP080,right,20724,gaba,1
5813027278,AVLP429,right,20725,acetylcholine,0
5813027400,KCg-m,right,20726,dopamine,0
5813027460,KCg-m,right,20727,dopamine,0
5813027492,PS302,right,20728,acetylcholine,0
5813027518,PAM15_b,left,20729,dopamine,0
5813027584,KCab-m,right,20730,dopamine,0
5813027592,SMP376,right,20731,glutamate,1
5813027631,LC10,noside,20732,glutamate,1
5813027679,FB2H_a,left,20733,glutamate,1
5813027692,PS145,right,20734,glutamate,1
5813027704,KCg-m,right,20735,dopamine,0
5813027737,CRE043_c,right,20736,gaba,1
5813027747,KCab-c,right,20737,dopamine,0
5813027968,PS086,right,20738,glutamate,1
5813027974,PS288,left,20739,glutamate,1
5813027997,hDeltaG,noside,20740,dopamine,0
5813031344,CL240,right,20741,glutamate,1
5813031359,LC10,noside,20742,acetylcholine,0
5813031440,LC10,noside,20743,acetylcholine,0
5813031566,LC29,right,20744,acetylcholine,0
5813031567,LPLC1,right,20745,acetylcholine,0
5813031663,WED117,right,20746,acetylcholine,0
5813031700,WED118_b,right,20747,acetylcholine,0
5813031775,Li13,right,20748,gaba,1
5813031855,ORN_VL1,right,20749,serotonin,0
5813031935,AVLP548_b,right,20750,gaba,1
5813032245,KCab-c,right,20751,dopamine,0
5813032541,KCg-m,right,20752,dopamine,0
5813032552,KCg-m,right,20753,dopamine,0
5813032554,KCg-d,right,20754,dopamine,0
5813032590,PS024,right,20755,acetylcholine,0
5813032595,lLN2T_a,right,20756,serotonin,0
5813032600,PS209,right,20757,glutamate,1
5813032627,PS097,right,20758,gaba,1
5813032640,SMP228,right,20759,glutamate,1
5813032694,KCab-m,right,20760,dopamine,0
5813032702,KCab-c,right,20761,dopamine,0
5813032709,SIP063,right,20762,acetylcholine,0
5813032721,SLP085,right,20763,glutamate,1
5813032734,KCab-m,right,20764,dopamine,0
5813032740,WEDPN4,right,20765,gaba,1
5813032753,SLP084,right,20766,glutamate,1
5813032755,MC62,right,20767,acetylcholine,0
5813032759,KCab-m,right,20768,dopamine,0
5813032771,KCg-s2,right,20769,dopamine,0
5813032782,KCg-m,right,20770,dopamine,0
5813032811,KCa'b'-m,right,20771,dopamine,0
5813032813,PAM13,left,20772,dopamine,0
5813032847,SMP053,right,20773,glutamate,1
5813032849,AVLP211,right,20774,acetylcholine,0
5813032868,KCa'b'-ap2,right,20775,dopamine,0
5813032874,KCa'b'-ap2,right,20776,dopamine,0
5813032876,KCa'b'-ap1,right,20777,dopamine,0
5813032887,KCa'b'-ap1,right,20778,dopamine,0
5813032896,KCa'b'-ap2,right,20779,dopamine,0
5813032900,KCa'b'-ap2,right,20780,dopamine,0
5813032943,KCab-p,right,20781,dopamine,0
5813032946,KCab-c,right,20782,dopamine,0
5813032967,KCg-m,right,20783,dopamine,0
5813032997,PAM02,left,20784,dopamine,0
5813033000,MBON34,right,20785,glutamate,1
5813033009,KCab-s,right,20786,dopamine,0
5813033012,KCg-m,right,20787,dopamine,0
5813033033,CRE031,left,20788,glutamate,1
5813033059,KCg-m,right,20789,dopamine,0
5813033065,KCg-m,right,20790,dopamine,0
5813033086,KCg-d,right,20791,dopamine,0
5813033125,KCg-d,right,20792,dopamine,0
5813033127,KCa'b'-ap2,right,20793,dopamine,0
5813033144,KCg-m,right,20794,dopamine,0
5813033196,CRE054,right,20795,gaba,1
5813033208,KCa'b'-ap2,right,20796,dopamine,0
5813033215,PAM01_a,left,20797,dopamine,0
5813033226,KCg-m,right,20798,dopamine,0
5813033246,PS033,right,20799,acetylcholine,0
5813033255,CRE099,left,20800,acetylcholine,0
5813033259,KCab-c,right,20801,dopamine,0
5813033267,KCab-m,right,20802,dopamine,0
5813033277,KCab-m,right,20803,dopamine,0
5813033279,aMe14b,right,20804,acetylcholine,0
5813033283,PS209,right,20805,acetylcholine,0
5813033340,LAL070,right,20806,gaba,1
5813033371,AVLP535,right,20807,gaba,1
5813033379,IB091,right,20808,acetylcholine,0
5813033404,PLP188,right,20809,acetylcholine,0
5813033437,vDeltaE,noside,20810,dopamine,0
5813033443,SMP591,right,20811,dopamine,0
5813033483,WEDPN6B,right,20812,gaba,1
5813033529,PS283,left,20813,glutamate,1
5813033533,VS,noside,20814,glutamate,1
5813033535,FC2B,right,20815,dopamine,0
5813033561,AVLP435,right,20816,acetylcholine,0
5813033596,AVLP516,right,20817,acetylcholine,0
5813033600,WED143,right,20818,acetylcholine,0
5813033675,LC22,right,20819,acetylcholine,0
5813033678,LC32,noside,20820,acetylcholine,0
5813033712,AVLP579,left,20821,acetylcholine,0
5813033742,LC14,right,20822,acetylcholine,0
5813033784,PS228,right,20823,glutamate,1
5813033809,LC29,right,20824,acetylcholine,0
5813033850,LC45b,right,20825,acetylcholine,0
5813033869,SAD011,right,20826,gaba,1
5813033971,LT44b,left,20827,gaba,1
5813034001,SAD041,right,20828,serotonin,0
5813034018,PLP220,right,20829,dopamine,0
5813034081,M_vPNml58,right,20830,gaba,1
5813034099,LC12,noside,20831,dopamine,0
5813034101,LC12,noside,20832,gaba,1
5813034117,ORN_VL2p,right,20833,acetylcholine,0
5813034124,LLPC2b,noside,20834,glutamate,1
5813034151,LPLC2,right,20835,acetylcholine,0
5813034197,ORN_DP1l,right,20836,acetylcholine,0
5813034203,v2LN45,right,20837,acetylcholine,0
5813034209,LLPC2a,noside,20838,glutamate,1
5813034211,LLPC1,noside,20839,acetylcholine,0
5813034219,LLPC2a,noside,20840,glutamate,1
5813034239,VES051,right,20841,glutamate,1
5813034251,ORN_VL2a,right,20842,acetylcholine,0
5813034265,LLPC2c,noside,20843,glutamate,1
5813034284,LC18,noside,20844,acetylcholine,0
5813034301,ORN_DP1l,right,20845,acetylcholine,0
5813034306,v2LN34B,right,20846,acetylcholine,0
5813034310,LPC1,noside,20847,acetylcholine,0
5813034336,LC17,right,20848,acetylcholine,0
5813034341,JO-A/B/C,noside,20849,,0
5813034363,ORN_VA1v,noside,20850,serotonin,0
5813034364,ORN_VA1v,noside,20851,serotonin,0
5813034367,ORN_VA1v,noside,20852,acetylcholine,0
5813034368,ORN_VA1v,noside,20853,acetylcholine,0
5813034397,WED179,right,20854,serotonin,0
5813034409,HRN_VP4,right,20855,acetylcholine,0
5813034455,v2LN3B,right,20856,acetylcholine,0
5813034463,ORN_VL2a,right,20857,acetylcholine,0
5813034465,ORN_VA1d,noside,20858,acetylcholine,0
5813034469,PS072,right,20859,glutamate,1
5813034493,lLN2T_b,right,20860,serotonin,0
5813034529,SAD020,right,20861,acetylcholine,0
5813034531,lLN2R_a,right,20862,serotonin,0
5813034571,VM5v_adPN,right,20863,acetylcholine,0
5813034670,SAD079,right,20864,gaba,1
5813034676,ORN_VL1,right,20865,serotonin,0
5813034687,ORN_VL1,right,20866,serotonin,0
5813034689,ORN_VL1,right,20867,serotonin,0
5813034722,ORN_VL1,right,20868,serotonin,0
5813034749,ORN_VM1,noside,20869,serotonin,0
5813034753,ORN_VL1,right,20870,serotonin,0
5813034811,ORN_V,right,20871,serotonin,0
5813034868,JO-A/B/C,noside,20872,,0
5813035078,LHAV3a1_a,right,20873,acetylcholine,0
5813035115,LHAD3b1_d,right,20874,serotonin,0
5813035117,LHPD1a1,right,20875,glutamate,1
5813035150,LHAV4b6,right,20876,gaba,1
5813035164,LHPD3a4_b,right,20877,glutamate,1
5813035168,LHAV4g7_a,right,20878,gaba,1
5813035183,LHAV4e5,right,20879,gaba,1
5813035196,OCG08,noside,20880,unknown,0
5813035204,LHAV4g6_a,right,20881,gaba,1
5813035213,SLP079,right,20882,glutamate,1
5813035236,SMP307,right,20883,gaba,1
5813035242,LHAD1d1,right,20884,acetylcholine,0
5813035267,KCa'b'-ap1,right,20885,dopamine,0
5813035308,SLP228,right,20886,acetylcholine,0
5813035328,SMP525,right,20887,acetylcholine,0
5813035420,AVLP144,right,20888,acetylcholine,0
5813035477,LAL175,left,20889,acetylcholine,0
5813035500,LC10,noside,20890,glutamate,1
5813035526,FC1B,left,20891,acetylcholine,0
5813035545,LC10,noside,20892,acetylcholine,0
5813035558,KCab-s,right,20893,dopamine,0
5813035612,KCg-m,right,20894,dopamine,0
5813035613,KCa'b'-ap1,right,20895,dopamine,0
5813035694,aIPg2,right,20896,acetylcholine,0
5813035700,KCg-d,right,20897,dopamine,0
5813037780,LLPC2a,noside,20898,glutamate,1
5813037804,PLP209,right,20899,acetylcholine,0
5813037812,PS181,right,20900,acetylcholine,0
5813037826,AVLP098,right,20901,acetylcholine,0
5813037844,LC21,right,20902,acetylcholine,0
5813037866,hDeltaM,noside,20903,dopamine,0
5813037875,hDeltaJ,noside,20904,glutamate,1
5813037876,hDeltaG,noside,20905,dopamine,0
5813037879,PFNp_d,noside,20906,glutamate,1
5813037881,FS2,right,20907,acetylcholine,0
5813037890,AVLP060,right,20908,glutamate,1
5813037910,PS162,right,20909,gaba,1
5813037930,FC3,left,20910,acetylcholine,0
5813037947,aSP10C_b,right,20911,acetylcholine,0
5813037976,IB092,right,20912,glutamate,1
5813037982,WED088,right,20913,gaba,1
5813037984,WED085,right,20914,gaba,1
5813038013,LT36,right,20915,unknown,0
5813038026,SAD092,right,20916,unknown,0
5813038030,CL274,right,20917,acetylcholine,0
5813038035,AVLP233,right,20918,acetylcholine,0
5813038037,CL349,left,20919,glutamate,1
5813038104,AVLP126,right,20920,acetylcholine,0
5813038156,LC21,noside,20921,acetylcholine,0
5813038167,AVLP224_b,right,20922,acetylcholine,0
5813038168,LC26,noside,20923,acetylcholine,0
5813038173,FB2I_a,left,20924,glutamate,1
5813038177,AVLP468,right,20925,gaba,1
5813038182,LC15,noside,20926,acetylcholine,0
5813038196,LC9,noside,20927,acetylcholine,0
5813038197,LC9,right,20928,acetylcholine,0
5813038198,LC9,noside,20929,acetylcholine,0
5813038202,LC9,noside,20930,acetylcholine,0
5813038203,LC9,right,20931,acetylcholine,0
5813038224,ER3w_a,left,20932,gaba,1
5813038232,LC9,noside,20933,acetylcholine,0
5813038238,LC9,noside,20934,acetylcholine,0
5813038293,LC9,noside,20935,acetylcholine,0
5813038294,LC9,noside,20936,acetylcholine,0
5813038319,LPLC1,right,20937,acetylcholine,0
5813038320,LC12,noside,20938,gaba,1
5813038328,WED038,right,20939,glutamate,1
5813038332,CL118,right,20940,gaba,1
5813038350,AVLP175,right,20941,acetylcholine,0
5813038359,LAL029,right,20942,acetylcholine,0
5813038457,PS288,left,20943,glutamate,1
5813038491,WED002,right,20944,acetylcholine,0
5813038579,AVLP530,right,20945,acetylcholine,0
5813038661,OCG07,noside,20946,unknown,0
5813038679,LC17,noside,20947,gaba,1
5813038769,LPLC2,right,20948,acetylcholine,0
5813038793,DL2v_adPN,right,20949,acetylcholine,0
5813038821,LPLC2,right,20950,acetylcholine,0
5813038822,LPLC2,noside,20951,acetylcholine,0
5813038825,LPLC2,noside,20952,acetylcholine,0
5813038879,LC12,noside,20953,gaba,1
5813038880,LC12,noside,20954,gaba,1
5813038889,D_adPN,right,20955,acetylcholine,0
5813038918,LC17,noside,20956,gaba,1
5813038922,PS080,right,20957,glutamate,1
5813038958,LPC1,noside,20958,acetylcholine,0
5813038963,LPC1,noside,20959,glutamate,1
5813038964,LPC1,noside,20960,acetylcholine,0
5813038966,LPC1,noside,20961,acetylcholine,0
5813038972,LPC1,noside,20962,acetylcholine,0
5813038998,LPLC1,noside,20963,acetylcholine,0
5813039001,VES038,right,20964,gaba,1
5813039011,ORN_DL2v,right,20965,acetylcholine,0
5813039012,ORN_DP1m,left,20966,acetylcholine,0
5813039013,ORN_DM1,left,20967,acetylcholine,0
5813039124,PS043,right,20968,glutamate,1
5813039136,LPLC2,noside,20969,acetylcholine,0
5813039148,PVLP011,right,20970,gaba,1
5813039159,ORN_VA7l,noside,20971,serotonin,0
5813039161,ORN_VA7l,noside,20972,serotonin,0
5813039235,DM6_adPN,right,20973,acetylcholine,0
5813039309,lLN2P_b,right,20974,serotonin,0
5813039311,ORN_VL1,right,20975,serotonin,0
5813039315,DA1_lPN,right,20976,acetylcholine,0
5813039327,LLPC2a,noside,20977,glutamate,1
5813039328,LLPC2a,noside,20978,glutamate,1
5813039331,LLPC3,noside,20979,acetylcholine,0
5813039332,LLPC3,noside,20980,glutamate,1
5813039334,LLPC1,noside,20981,acetylcholine,0
5813039336,LC12,noside,20982,gaba,1
5813039386,PS116,right,20983,glutamate,1
5813039397,PS095,right,20984,gaba,1
5813039410,LC17,noside,20985,gaba,1
5813039420,ORN_VA5,noside,20986,serotonin,0
5813039422,WED152,right,20987,acetylcholine,0
5813039424,ORN_VC5,noside,20988,acetylcholine,0
5813039425,ORN_VC5,noside,20989,acetylcholine,0
5813039429,ORN_VC5,noside,20990,acetylcholine,0
5813039449,ORN_DM5,noside,20991,acetylcholine,0
5813039465,DL2v_adPN,right,20992,acetylcholine,0
5813039471,DC3_adPN,right,20993,acetylcholine,0
5813039475,LPC1,noside,20994,acetylcholine,0
5813039476,LPC1,noside,20995,acetylcholine,0
5813039477,LPC1,noside,20996,glutamate,1
5813039479,LPC1,noside,20997,glutamate,1
5813039480,LPC1,noside,20998,acetylcholine,0
5813039483,LPC1,noside,20999,acetylcholine,0
5813039484,LPC1,noside,21000,glutamate,1
5813039485,LPC1,noside,21001,acetylcholine,0
5813039499,LPC1,noside,21002,acetylcholine,0
5813039507,JO-A/B/C,noside,21003,,0
5813039561,LC24,noside,21004,acetylcholine,0
5813039857,SMP351,right,21005,dopamine,0
5813039859,SMP481,right,21006,glutamate,1
5813039860,SMP034,right,21007,glutamate,1
5813039875,SLP091,right,21008,acetylcholine,0
5813039877,SLP091,right,21009,acetylcholine,0
5813039880,SLP111_a,right,21010,gaba,1
5813039902,SMP406,right,21011,dopamine,0
5813039906,SLP396,right,21012,dopamine,0
5813039907,LHPV6a1,right,21013,acetylcholine,0
5813039910,SMP348,right,21014,dopamine,0
5813039919,SLP162,right,21015,acetylcholine,0
5813039922,SLP162,right,21016,acetylcholine,0
5813039931,LHAV2k9,right,21017,acetylcholine,0
5813039932,LHPD2a8,right,21018,glutamate,1
5813039962,SMP570,right,21019,acetylcholine,0
5813039980,LHAV2k3,right,21020,acetylcholine,0
5813039999,FS3,left,21021,acetylcholine,0
5813040000,FS3,left,21022,dopamine,0
5813040037,CL176,right,21023,glutamate,1
5813040092,LHAD3d5,right,21024,acetylcholine,0
5813040093,LHAV6f3_a,right,21025,acetylcholine,0
5813040095,LHAV6b3,right,21026,acetylcholine,0
5813040119,SLP407,right,21027,acetylcholine,0
5813040123,SMP459,right,21028,acetylcholine,0
5813040171,KCg-m,right,21029,dopamine,0
5813040190,CRE026,right,21030,glutamate,1
5813040205,MBON30,left,21031,glutamate,1
5813040216,MC61,noside,21032,acetylcholine,0
5813040224,AVLP474,right,21033,gaba,1
5813040233,EPG,noside,21034,acetylcholine,0
5813040277,PVLP115,right,21035,acetylcholine,0
5813040280,SAD021_c,right,21036,gaba,1
5813040285,AVLP552,right,21037,glutamate,1
5813040300,PFNp_b,noside,21038,dopamine,0
5813040309,PLP018,right,21039,gaba,1
5813040472,ORN_VM4,noside,21040,acetylcholine,0
5813040492,v2LN38,left,21041,gaba,1
5813040515,VP3+VP1l_ivPN,noside,21042,acetylcholine,0
5813040707,SLP259,right,21043,glutamate,1
5813040712,SMP512,left,21044,acetylcholine,0
5813040727,LHPV4j3,right,21045,glutamate,1
5813040766,SMP155,left,21046,gaba,1
5813040779,PS009,left,21047,acetylcholine,0
5813040847,ORN_DA2,noside,21048,acetylcholine,0
5813040903,LHAV2k1,right,21049,acetylcholine,0
5813040941,PAM02,left,21050,dopamine,0
5813041075,ORN_DM2,noside,21051,acetylcholine,0
5813041098,FC1C,right,21052,acetylcholine,0
5813041103,PS226,right,21053,unknown,0
5813041131,FS4A,left,21054,acetylcholine,0
5813041149,SMP080,left,21055,acetylcholine,0
5813041161,SMP311,left,21056,,0
5813041163,LHPV4i3_a,right,21057,glutamate,1
5813041169,SMP009,right,21058,acetylcholine,0
5813041172,SLP467,right,21059,acetylcholine,0
5813041180,FB4L,right,21060,serotonin,0
5813041206,KCg-m,right,21061,dopamine,0
5813041237,LAL023,right,21062,acetylcholine,0
5813041244,LHPV2a1_c,right,21063,gaba,1
5813041247,M_vPNml65,right,21064,gaba,1
5813041251,ATL012,right,21065,acetylcholine,0
5813041301,AVLP128,right,21066,acetylcholine,0
5813041304,LAL003,right,21067,acetylcholine,0
5813041316,ATL016,left,21068,glutamate,1
5813041323,AVLP279,right,21069,acetylcholine,0
5813041360,AVLP469,right,21070,gaba,1
5813041365,PFL1,noside,21071,acetylcholine,0
5813041382,IbSpsP,noside,21072,glutamate,1
5813041394,aSP10A,right,21073,acetylcholine,0
5813041405,FS2,left,21074,dopamine,0
5813041453,LC10,noside,21075,acetylcholine,0
5813041458,LHAV2g2_b,right,21076,acetylcholine,0
5813041468,WEDPN10A,right,21077,gaba,1
5813041478,PS289,left,21078,glutamate,1
5813041479,ORN_DM6,right,21079,acetylcholine,0
5813041497,hDeltaE,noside,21080,acetylcholine,0
5813041504,FS3,right,21081,acetylcholine,0
5813041510,hDeltaD,noside,21082,dopamine,0
5813041525,PLP046_b,right,21083,glutamate,1
5813041556,PFNp_c,noside,21084,acetylcholine,0
5813041581,PLP126,right,21085,acetylcholine,0
5813041596,vDeltaB,noside,21086,dopamine,0
5813041610,FC2C,left,21087,dopamine,0
5813041641,PLP110,right,21088,acetylcholine,0
5813041681,vDeltaH,noside,21089,dopamine,0
5813041684,FS1B,left,21090,dopamine,0
5813041705,FB6J,right,21091,glutamate,1
5813041707,CL158,right,21092,acetylcholine,0
5813041796,FB4X,left,21093,glutamate,1
5813041801,LC10,noside,21094,acetylcholine,0
5813042599,ORN_VM1,noside,21095,acetylcholine,0
5813042602,ORN_VM1,noside,21096,serotonin,0
5813042603,ORN_VM1,noside,21097,acetylcholine,0
5813042606,ORN_VM1,noside,21098,acetylcholine,0
5813042607,ORN_VM1,noside,21099,serotonin,0
5813042616,KCab-m,right,21100,dopamine,0
5813042659,MBON22,right,21101,acetylcholine,0
5813042873,LPLC1,right,21102,acetylcholine,0
5813042961,LAL046,right,21103,gaba,1
5813043073,SLP262,right,21104,glutamate,1
5813043629,LAL144,right,21105,acetylcholine,0
5813044139,PS225,right,21106,glutamate,1
5813044177,M_lPNm11A,right,21107,acetylcholine,0
5813044385,PLP135,right,21108,acetylcholine,0
5813044422,hDeltaK,noside,21109,dopamine,0
5813044501,PLP049,right,21110,glutamate,1
5813044569,LC10,noside,21111,glutamate,1
5813044638,CL277,right,21112,acetylcholine,0
5813044670,PFNv,noside,21113,glutamate,1
5813044712,FB4Z,left,21114,glutamate,1
5813044812,AOTU056,right,21115,gaba,1
5813044882,LC9,right,21116,acetylcholine,0
5813044889,MC61,noside,21117,glutamate,1
5813044940,LT51,right,21118,glutamate,1
5813044992,vDeltaF,noside,21119,glutamate,1
5813045007,MC61,noside,21120,glutamate,1
5813045024,LC26,noside,21121,glutamate,1
5813045027,LC24,noside,21122,glutamate,1
5813045050,ER3w_b,left,21123,gaba,1
5813045216,FB3C,right,21124,gaba,1
5813045288,PS223,right,21125,neither,0
5813045296,LAL165,right,21126,acetylcholine,0
5813045297,MC62,right,21127,acetylcholine,0
5813045346,PS273,right,21128,acetylcholine,0
5813045353,PS034,right,21129,acetylcholine,0
5813045396,PS222,right,21130,acetylcholine,0
5813045400,DNp17,right,21131,unknown,0
5813045401,PS225,right,21132,unknown,0
5813045442,IB099,left,21133,glutamate,1
5813045465,PVLP087,right,21134,acetylcholine,0
5813045475,LPC1,noside,21135,acetylcholine,0
5813045557,MC66,noside,21136,,0
5813045601,MC66,noside,21137,acetylcholine,0
5813045606,WED038,right,21138,gaba,1
5813045646,LC15,noside,21139,acetylcholine,0
5813045696,M_vPNml86,right,21140,gaba,1
5813045760,AVLP353,right,21141,acetylcholine,0
5813045787,OCG03,noside,21142,glutamate,1
5813045792,LPLC1,right,21143,acetylcholine,0
5813045806,PLP220,right,21144,acetylcholine,0
5813045867,LC22,right,21145,acetylcholine,0
5813046025,LLPC2b,noside,21146,glutamate,1
5813046027,LLPC2a,noside,21147,acetylcholine,0
5813046028,LLPC1,noside,21148,glutamate,1
5813046075,PVLP066,right,21149,acetylcholine,0
5813046117,LLPC2a,noside,21150,acetylcholine,0
5813046199,ORN_DC3,right,21151,acetylcholine,0
5813046209,ORN_VA1v,noside,21152,serotonin,0
5813046210,ORN_VA1v,noside,21153,acetylcholine,0
5813046237,LPC1,noside,21154,acetylcholine,0
5813046239,LPC1,noside,21155,acetylcholine,0
5813046241,LPC1,noside,21156,acetylcholine,0
5813046242,LPC1,noside,21157,acetylcholine,0
5813046300,LLPC2c,noside,21158,acetylcholine,0
5813046303,LLPC2c,noside,21159,acetylcholine,0
5813046306,LLPC1,noside,21160,glutamate,1
5813046478,LPLC2,right,21161,acetylcholine,0
5813046525,ORN_VC5,noside,21162,acetylcholine,0
5813046526,ORN_VC5,noside,21163,acetylcholine,0
5813046529,ORN_VC5,noside,21164,acetylcholine,0
5813046530,ORN_VC5,noside,21165,acetylcholine,0
5813046796,ORN_V,right,21166,serotonin,0
5813046951,pC1a,right,21167,acetylcholine,0
5813046962,SLP296,right,21168,glutamate,1
5813046963,FS4B,left,21169,acetylcholine,0
5813046968,LHCENT12,right,21170,glutamate,1
5813046991,SLP024_c,right,21171,glutamate,1
5813047004,LHAV3n1,right,21172,acetylcholine,0
5813047019,LHAD1b3,right,21173,acetylcholine,0
5813047024,SLP058,right,21174,gaba,1
5813047053,SLP078,right,21175,glutamate,1
5813047101,CL086_e,right,21176,acetylcholine,0
5813047130,LHPV5j5,right,21177,acetylcholine,0
5813047150,LHAV1d1,right,21178,acetylcholine,0
5813047157,PEN_b(PEN2),noside,21179,acetylcholine,0
5813047173,LHAV5a6_a,right,21180,acetylcholine,0
5813047174,LHPV5h2,right,21181,acetylcholine,0
5813047178,LHAV3b13,right,21182,acetylcholine,0
5813047192,LHAV1d2_b,right,21183,acetylcholine,0
5813047199,DNp24,right,21184,gaba,1
5813047212,LHAV2c1,right,21185,acetylcholine,0
5813047220,KCa'b'-m,right,21186,dopamine,0
5813047221,KCa'b'-m,right,21187,dopamine,0
5813047222,LHPV5b6,right,21188,acetylcholine,0
5813047255,LHAV6a10,right,21189,acetylcholine,0
5813047371,SLP122,right,21190,acetylcholine,0
5813047383,AVLP237_a,right,21191,acetylcholine,0
5813047407,LHAV5d1,right,21192,acetylcholine,0
5813047425,SMP604,left,21193,unknown,0
5813047446,ER2_a,left,21194,gaba,1
5813047453,LAL001,right,21195,acetylcholine,0
5813047467,AVLP524_a,right,21196,acetylcholine,0
5813047489,AVLP531,right,21197,gaba,1
5813047516,WED030,right,21198,gaba,1
5813047522,LT54,left,21199,gaba,1
5813047527,ORN_DL2d,right,21200,acetylcholine,0
5813047586,SLP316,right,21201,glutamate,1
5813047616,FB5I,left,21202,glutamate,1
5813047626,hDeltaK,noside,21203,glutamate,1
5813047637,LC10,noside,21204,acetylcholine,0
5813047644,AVLP438,right,21205,acetylcholine,0
5813047647,ER2_c,right,21206,gaba,1
5813047655,PLP212,right,21207,glutamate,1
5813047662,KCg-m,right,21208,dopamine,0
5813047676,KCa'b'-ap2,right,21209,dopamine,0
5813047683,LHPV6q1,right,21210,acetylcholine,0
5813047685,SLP357,right,21211,acetylcholine,0
5813047691,lLN1_c,right,21212,serotonin,0
5813047713,SLP280,right,21213,glutamate,1
5813047717,PI1_b,noside,21214,serotonin,0
5813047739,SMP367,right,21215,glutamate,1
5813047763,FB5AB,right,21216,dopamine,0
5813047772,DGI,right,21217,glutamate,1
5813047774,LHPD1b1,right,21218,glutamate,1
5813047784,PAM05,left,21219,dopamine,0
5813047790,KCa'b'-ap1,right,21220,dopamine,0
5813047793,ER4m,left,21221,gaba,1
5813047809,PS118,right,21222,glutamate,1
5813047832,AVLP475,right,21223,glutamate,1
5813047907,PI1_a,noside,21224,serotonin,0
5813047935,SAD093,right,21225,acetylcholine,0
5813047970,AVLP439,right,21226,acetylcholine,0
5813047990,AVLP190,right,21227,acetylcholine,0
5813047992,LPLC1,right,21228,acetylcholine,0
5813048007,PS095,right,21229,gaba,1
5813048042,Delta7,left,21230,glutamate,1
5813048055,PLP122,right,21231,acetylcholine,0
5813048096,CL283,right,21232,glutamate,1
5813048099,LHPV5b6,right,21233,acetylcholine,0
5813048127,CL235,right,21234,glutamate,1
5813048182,hDeltaB,noside,21235,acetylcholine,0
5813048214,PAM06_b,left,21236,dopamine,0
5813048229,CL171,right,21237,acetylcholine,0
5813048234,DNp24,left,21238,serotonin,0
5813048244,CRE075,left,21239,,0
5813048265,WED162,right,21240,acetylcholine,0
5813048268,LT52,right,21241,glutamate,1
5813048297,LHAV2c1,right,21242,acetylcholine,0
5813048298,LHPV4a7_c,right,21243,glutamate,1
5813048319,LHAV2b1,right,21244,acetylcholine,0
5813048346,LHPV5b2_b,right,21245,acetylcholine,0
5813048443,PVLP006,right,21246,glutamate,1
5813048447,LC10,noside,21247,acetylcholine,0
5813048450,LC10,noside,21248,acetylcholine,0
5813048451,LC10,noside,21249,acetylcholine,0
5813048452,LC10,noside,21250,acetylcholine,0
5813048521,CL226,right,21251,acetylcholine,0
5813048522,CL224,right,21252,acetylcholine,0
5813048530,FB7D,left,21253,glutamate,1
5813048536,vDeltaA_a,noside,21254,dopamine,0
5813048646,CL222,right,21255,acetylcholine,0
5813048647,CL226,right,21256,glutamate,1
5813048648,CL222,right,21257,acetylcholine,0
5813048670,LC6,noside,21258,acetylcholine,0
5813048692,AVLP129,right,21259,acetylcholine,0
5813048693,AVLP138,right,21260,acetylcholine,0
5813048745,CL300,right,21261,acetylcholine,0
5813048755,PFGs,noside,21262,glutamate,1
5813048837,PLP232,right,21263,acetylcholine,0
5813048880,LC10,noside,21264,acetylcholine,0
5813048896,ER2_c,right,21265,gaba,1
5813048920,LC12,right,21266,octopamine,0
5813049045,LHAV7b2,right,21267,acetylcholine,0
5813049102,IB053,right,21268,acetylcholine,0
5813049105,LHPV1c2,right,21269,acetylcholine,0
5813049136,SMP308,right,21270,gaba,1
5813049185,VS,noside,21271,acetylcholine,0
5813049193,LC9,right,21272,acetylcholine,0
5813049298,ORN_VL1,right,21273,serotonin,0
5813049372,PS277,right,21274,glutamate,1
5813049378,SMP311,right,21275,dopamine,0
5813049380,SIP029,right,21276,acetylcholine,0
5813049438,SMP285,left,21277,gaba,1
5813049443,LT82b,right,21278,acetylcholine,0
5813049445,FC2A,right,21279,octopamine,0
5813049472,DC4_adPN,left,21280,,0
5813049491,ATL011,right,21281,glutamate,1
5813049627,AVLP370,right,21282,acetylcholine,0
5813049745,ORN_VC5,noside,21283,serotonin,0
5813049824,FB6E,right,21284,glutamate,1
5813049834,KCa'b'-ap1,right,21285,dopamine,0
5813049870,LAL072,right,21286,glutamate,1
5813049879,LPC1,noside,21287,acetylcholine,0
5813049907,SLP390,right,21288,dopamine,0
5813049920,LHPV6g1,right,21289,glutamate,1
5813049931,ER5,left,21290,gaba,1
5813049934,ORN_VC5,noside,21291,serotonin,0
5813049946,PLP124,right,21292,acetylcholine,0
5813049948,ER4m,left,21293,gaba,1
5813049966,OA-ASM1,left,21294,serotonin,0
5813050000,PFNa,noside,21295,acetylcholine,0
5813050013,DM2_lPN,left,21296,,0
5813050022,ORN_VC5,noside,21297,acetylcholine,0
5813050102,LC9,noside,21298,acetylcholine,0
5813050145,LC9,right,21299,acetylcholine,0
5813050276,ORN_VA1v,noside,21300,acetylcholine,0
5813050455,DNp32,right,21301,serotonin,0
5813050499,AVLP082,right,21302,gaba,1
5813050604,LC10,noside,21303,acetylcholine,0
5813050676,ORN_VC3l,right,21304,acetylcholine,0
5813050720,ORN_VC5,noside,21305,acetylcholine,0
5813050727,VM7d_adPN,right,21306,acetylcholine,0
5813050729,VA7m_lPN,right,21307,acetylcholine,0
5813050739,ORN_VM1,noside,21308,acetylcholine,0
5813050747,FB6C_b,left,21309,octopamine,0
5813050750,ORN_VC5,noside,21310,acetylcholine,0
5813050751,ORN_VC5,noside,21311,acetylcholine,0
5813050758,FB6T,right,21312,glutamate,1
5813050765,KCa'b'-ap2,right,21313,dopamine,0
5813050767,ER4m,right,21314,gaba,1
5813050772,PLP032,left,21315,acetylcholine,0
5813050779,DNp16/17,right,21316,neither,0
5813050791,PS059,right,21317,gaba,1
5813050818,KCab-m,right,21318,dopamine,0
5813050820,KCab-m,right,21319,dopamine,0
5813050827,LPLC2,right,21320,acetylcholine,0
5813052205,LHAD1b2_c,right,21321,acetylcholine,0
5813052909,MBON29,left,21322,acetylcholine,0
5813053669,SMP016_a,right,21323,acetylcholine,0
5813053685,hDeltaF,noside,21324,dopamine,0
5813053688,SMP455,left,21325,acetylcholine,0
5813053698,AVLP546,right,21326,gaba,1
5813053712,IB017,left,21327,,0
5813053728,CL210_a,right,21328,acetylcholine,0
5813053731,AVLP023,right,21329,acetylcholine,0
5813053760,CL058,right,21330,acetylcholine,0
5813053783,PLP153,right,21331,acetylcholine,0
5813053805,AVLP494,right,21332,acetylcholine,0
5813053821,KCg-m,right,21333,dopamine,0
5813053831,SMP306,right,21334,gaba,1
5813053836,AVLP434_b,right,21335,acetylcholine,0
5813053846,FB4H,left,21336,glutamate,1
5813053851,FB5W,right,21337,glutamate,1
5813053860,PVLP151,left,21338,acetylcholine,0
5813053863,AVLP321,right,21339,acetylcholine,0
5813053866,ER4m,right,21340,gaba,1
5813053875,PS196,left,21341,acetylcholine,0
5813053878,KCg-m,right,21342,dopamine,0
5813053885,KCg-m,right,21343,dopamine,0
5813053886,KCg-m,right,21344,dopamine,0
5813053888,KCg-m,right,21345,dopamine,0
5813053891,LAL177,right,21346,acetylcholine,0
5813053907,PLP075,right,21347,gaba,1
5813053923,LAL047,right,21348,gaba,1
5813053935,KCg-m,right,21349,dopamine,0
5813053937,KCg-m,right,21350,dopamine,0
5813053957,PLP228,right,21351,acetylcholine,0
5813053966,AVLP324,right,21352,acetylcholine,0
5813053983,ER3w_b,right,21353,gaba,1
5813053988,ER3w_a,right,21354,gaba,1
5813053990,PS029,right,21355,acetylcholine,0
5813054019,WEDPN8A,right,21356,acetylcholine,0
5813054032,LC9,noside,21357,acetylcholine,0
5813054053,OA-ASM3,right,21358,serotonin,0
5813054061,DM2_lPN,left,21359,,0
5813054063,LC24,noside,21360,acetylcholine,0
5813054077,AVLP416,right,21361,acetylcholine,0
5813054079,CRE039,left,21362,glutamate,1
5813054085,KCg-m,right,21363,dopamine,0
5813054086,KCg-m,right,21364,dopamine,0
5813054096,PS155,right,21365,gaba,1
5813054104,PLP198,right,21366,acetylcholine,0
5813054141,PLP029,right,21367,glutamate,1
5813054145,PS175,right,21368,glutamate,1
5813054169,PLP182,right,21369,glutamate,1
5813054173,vDeltaB,noside,21370,dopamine,0
5813054186,PS033,right,21371,serotonin,0
5813054204,PS119,right,21372,acetylcholine,0
5813054304,PLP068,right,21373,acetylcholine,0
5813054307,WED045,right,21374,acetylcholine,0
5813054317,AVLP107,right,21375,acetylcholine,0
5813054342,KCab-s,right,21376,dopamine,0
5813054343,KCab-s,right,21377,dopamine,0
5813054347,PVLP137,right,21378,acetylcholine,0
5813054376,AVLP259,right,21379,acetylcholine,0
5813054384,PPM1203,right,21380,serotonin,0
5813054421,AVLP026,right,21381,acetylcholine,0
5813054443,LT63,right,21382,acetylcholine,0
5813054454,VES022,right,21383,gaba,1
5813054477,LC21,noside,21384,acetylcholine,0
5813054498,DNp17,right,21385,neither,0
5813054534,LC36,right,21386,acetylcholine,0
5813054566,PS296,right,21387,acetylcholine,0
5813054613,WED020_a,right,21388,acetylcholine,0
5813054622,lLN1_b,right,21389,serotonin,0
5813054643,KCab-m,right,21390,dopamine,0
5813054649,WED063_b,right,21391,acetylcholine,0
5813054659,CRE039,right,21392,glutamate,1
5813054675,PS077,right,21393,gaba,1
5813054697,VA1v_adPN,right,21394,acetylcholine,0
5813054710,ORN_DM1,right,21395,acetylcholine,0
5813054716,v2LN36,right,21396,acetylcholine,0
5813054719,ORN_VA1v,noside,21397,serotonin,0
5813054725,lLN1_b,right,21398,serotonin,0
5813054726,lLN2T_a,right,21399,serotonin,0
5813054729,ORN_DA1,right,21400,acetylcholine,0
5813054736,PS262,right,21401,glutamate,1
5813054748,LC14,right,21402,acetylcholine,0
5813054760,ORN_DM1,left,21403,acetylcholine,0
5813054773,l2LN18,right,21404,serotonin,0
5813054777,lLN1_b,right,21405,serotonin,0
5813054797,WED109,right,21406,acetylcholine,0
5813054821,WED036_b,right,21407,glutamate,1
5813054846,LAL156,right,21408,acetylcholine,0
5813054847,LAL058,right,21409,acetylcholine,0
5813054857,LAL083,right,21410,neither,0
5813054867,LPC1,noside,21411,acetylcholine,0
5813054882,AVLP261,right,21412,acetylcholine,0
5813054911,M_vPNml74,right,21413,gaba,1
5813054931,PS069,right,21414,acetylcholine,0
5813054961,WED049,right,21415,acetylcholine,0
5813054967,ORN_VM7v,noside,21416,acetylcholine,0
5813054974,AVLP346,right,21417,acetylcholine,0
5813054996,PS041,right,21418,acetylcholine,0
5813055019,AVLP203,right,21419,gaba,1
5813055025,VA3_adPN,right,21420,acetylcholine,0
5813055048,DC2_adPN,right,21421,acetylcholine,0
5813055080,LPLC1,right,21422,dopamine,0
5813055125,SAD057,right,21423,acetylcholine,0
5813055129,LC4,noside,21424,acetylcholine,0
5813055134,VES083,right,21425,neither,0
5813055147,VC4_adPN,right,21426,acetylcholine,0
5813055162,VA1d_adPN,right,21427,acetylcholine,0
5813055180,VA7m_lPN,right,21428,acetylcholine,0
5813055184,D_adPN,right,21429,acetylcholine,0
5813055222,AVLP093,right,21430,gaba,1
5813055277,lLN2T_a,right,21431,serotonin,0
5813055293,PS089,right,21432,gaba,1
5813055298,VES001,right,21433,glutamate,1
5813055328,WED072,right,21434,acetylcholine,0
5813055340,SAD045,right,21435,acetylcholine,0
5813055439,SAD021_a,right,21436,gaba,1
5813055448,vLN29,right,21437,gaba,1
5813055495,LT57,right,21438,acetylcholine,0
5813055535,SMP576,right,21439,dopamine,0
5813055629,WEDPN8C,right,21440,acetylcholine,0
5813055632,SAD080,right,21441,glutamate,1
5813055709,SLP074,right,21442,acetylcholine,0
5813055734,LHPV6a4_c,right,21443,acetylcholine,0
5813055748,SLP297,right,21444,glutamate,1
5813055749,SMP185,right,21445,acetylcholine,0
5813055759,SMP467,right,21446,dopamine,0
5813055760,SLP429,right,21447,acetylcholine,0
5813055766,SMP486_b,right,21448,acetylcholine,0
5813055768,SMP025,right,21449,glutamate,1
5813055769,SLP212,left,21450,dopamine,0
5813055773,SMP094,right,21451,glutamate,1
5813055790,SMP219,right,21452,glutamate,1
5813055798,SLP052,right,21453,gaba,1
5813055800,LHPD5d1,right,21454,acetylcholine,0
5813055813,SMP432_a,right,21455,acetylcholine,0
5813055817,PAL01,left,21456,dopamine,0
5813055825,SLP044_c,right,21457,acetylcholine,0
5813055833,CL042,right,21458,glutamate,1
5813055834,FB6A,right,21459,octopamine,0
5813055853,SLP065,right,21460,gaba,1
5813055859,SLP019,right,21461,glutamate,1
5813055862,SLP214,right,21462,glutamate,1
5813055865,LHAD1f2,right,21463,glutamate,1
5813055866,SLP015_a,right,21464,gaba,1
5813055889,KCab-s,right,21465,dopamine,0
5813055903,CL057,right,21466,acetylcholine,0
5813055904,aSP-f1B,right,21467,acetylcholine,0
5813055907,SLP015_b,right,21468,glutamate,1
5813055913,FB1C,right,21469,dopamine,0
5813055914,KCab-s,right,21470,dopamine,0
5813055916,KCab-c,right,21471,dopamine,0
5813055923,KCg-m,right,21472,dopamine,0
5813055924,KCg-m,right,21473,dopamine,0
5813055932,SMP307,right,21474,gaba,1
5813055949,SMP175,right,21475,acetylcholine,0
5813055963,LHPV4a11,right,21476,glutamate,1
5813055999,FC2A,left,21477,dopamine,0
5813056012,PFNp_b,noside,21478,octopamine,0
5813056020,SLP438,right,21479,dopamine,0
5813056026,LHPV5j4,right,21480,acetylcholine,0
5813056028,SLP438,right,21481,dopamine,0
5813056041,SMP418,right,21482,glutamate,1
5813056054,SMP050,right,21483,gaba,1
5813056057,SMP122,right,21484,glutamate,1
5813056071,SMP331,right,21485,acetylcholine,0
5813056072,VP1m_l2PN,right,21486,acetylcholine,0
5813056083,SLP339,right,21487,acetylcholine,0
5813056101,SMP381,right,21488,acetylcholine,0
5813056110,KCab-m,right,21489,dopamine,0
5813056120,KCg-m,right,21490,dopamine,0
5813056121,KCg-m,right,21491,dopamine,0
5813056183,KCg-d,right,21492,dopamine,0
5813056234,KCab-m,right,21493,dopamine,0
5813056243,SLP163,right,21494,acetylcholine,0
5813056257,SIP062,right,21495,acetylcholine,0
5813056261,CL361,right,21496,acetylcholine,0
5813056278,LHPV6i3,right,21497,acetylcholine,0
5813056280,LC10,noside,21498,glutamate,1
5813056299,KCa'b'-m,right,21499,dopamine,0
5813056300,KCa'b'-ap2,right,21500,dopamine,0
5813056305,KCa'b'-m,right,21501,dopamine,0
5813056307,KCa'b'-m,right,21502,dopamine,0
5813056309,KCg-m,right,21503,dopamine,0
5813056311,KCg-m,right,21504,dopamine,0
5813056313,KCa'b'-ap2,right,21505,dopamine,0
5813056321,AVLP343,right,21506,glutamate,1
5813056323,WEDPN7A,right,21507,acetylcholine,0
5813056327,KCa'b'-m,right,21508,dopamine,0
5813056355,KCab-s,right,21509,dopamine,0
5813056372,KCa'b'-m,right,21510,dopamine,0
5813056383,KCg-m,right,21511,dopamine,0
5813056386,LHAV2b5_b,right,21512,acetylcholine,0
5813056390,KCa'b'-ap2,right,21513,dopamine,0
5813056395,KCab-m,right,21514,dopamine,0
5813056410,FB4R,left,21515,glutamate,1
5813056414,KCg-m,right,21516,dopamine,0
5813056423,IB011,left,21517,gaba,1
5813056439,LLPC2c,noside,21518,acetylcholine,0
5813056441,AVLP451,right,21519,acetylcholine,0
5813056453,LC9,noside,21520,acetylcholine,0
5813056516,DNp16/17,right,21521,neither,0
5813056532,MC66,noside,21522,,0
5813056550,IB098,left,21523,glutamate,1
5813056596,DC4_adPN,right,21524,acetylcholine,0
5813056598,lLN2T_a,right,21525,serotonin,0
5813056615,LLPC2a,noside,21526,acetylcholine,0
5813056618,LLPC3,noside,21527,glutamate,1
5813056622,AVLP299_c,right,21528,acetylcholine,0
5813056637,SAD057,right,21529,acetylcholine,0
5813056642,ORN_DM2,left,21530,acetylcholine,0
5813056671,LC11,right,21531,acetylcholine,0
5813056694,ORN_VA1d,noside,21532,serotonin,0
5813056696,WEDPN8A,right,21533,acetylcholine,0
5813056704,ORN_VA1v,noside,21534,serotonin,0
5813056757,AVLP384,right,21535,acetylcholine,0
5813056768,FB1E_b,left,21536,glutamate,1
5813056797,ORN_VA3,noside,21537,acetylcholine,0
5813056881,SMP374,left,21538,glutamate,1
5813056887,SMP001,right,21539,glutamate,1
5813056890,SLP235,right,21540,acetylcholine,0
5813056896,SLP174,right,21541,glutamate,1
5813056909,SLP410,right,21542,acetylcholine,0
5813056917,LNd,right,21543,acetylcholine,0
5813056920,SLP223,right,21544,acetylcholine,0
5813056930,LHPV3a3_a,right,21545,acetylcholine,0
5813056932,SMP389,left,21546,,0
5813056934,PFNa,noside,21547,acetylcholine,0
5813056944,SMP160,right,21548,glutamate,1
5813056953,PEN_a(PEN1),noside,21549,glutamate,1
5813056984,AVLP492,right,21550,acetylcholine,0
5813057033,ATL037,left,21551,glutamate,1
5813057045,FB2M,left,21552,glutamate,1
5813057077,PLP182,right,21553,glutamate,1
5813057105,IB092,left,21554,glutamate,1
5813057148,SLP387,right,21555,glutamate,1
5813057153,SLP249,right,21556,glutamate,1
5813057162,SMP081,right,21557,glutamate,1
5813057164,PI1_b,noside,21558,gaba,1
5813057169,FB6C_b,right,21559,octopamine,0
5813057178,PVLP136,right,21560,acetylcholine,0
5813057187,KCab-s,right,21561,dopamine,0
5813057191,KCg-m,right,21562,dopamine,0
5813057210,KCg-m,right,21563,dopamine,0
5813057213,KCab-m,right,21564,dopamine,0
5813057216,LHAV6g1,right,21565,glutamate,1
5813057227,KCa'b'-m,right,21566,dopamine,0
5813057239,KCa'b'-m,right,21567,dopamine,0
5813057245,VES008,right,21568,acetylcholine,0
5813057263,PS100,right,21569,gaba,1
5813057274,FB4Y,left,21570,dopamine,0
5813057277,PS083,right,21571,glutamate,1
5813057293,WED098,right,21572,glutamate,1
5813057402,PS167,right,21573,acetylcholine,0
5813057404,WED180,right,21574,acetylcholine,0
5813057439,SLP454,right,21575,serotonin,0
5813057461,AVLP563,left,21576,glutamate,1
5813057464,FC2B,left,21577,glutamate,1
5813057468,KCg-m,right,21578,dopamine,0
5813057474,v2LN34D,right,21579,gaba,1
5813057481,SMP574,right,21580,dopamine,0
5813057542,VM7d_adPN,left,21581,,0
5813057546,ORN_VC5,noside,21582,acetylcholine,0
5813057548,AVLP341,right,21583,acetylcholine,0
5813057556,AVLP377,right,21584,acetylcholine,0
5813057573,KCab-c,right,21585,dopamine,0
5813057579,AVLP538,right,21586,dopamine,0
5813057594,ORN_VC5,noside,21587,acetylcholine,0
5813057606,aMe14b,right,21588,neither,0
5813057615,mALC6,left,21589,gaba,1
5813057660,LHAV3b8_b,right,21590,acetylcholine,0
5813057662,LHAV3b6_b,right,21591,acetylcholine,0
5813057675,PLP252,right,21592,glutamate,1
5813057723,PS019,right,21593,acetylcholine,0
5813057738,FB5X,left,21594,glutamate,1
5813057757,AVLP483,right,21595,gaba,1
5813057769,PS265,right,21596,acetylcholine,0
5813057774,AOTU042,left,21597,gaba,1
5813057853,AVLP164,right,21598,acetylcholine,0
5813057854,PVLP007,right,21599,glutamate,1
5813057859,SMP205,left,21600,,0
5813057861,SMP456,right,21601,acetylcholine,0
5813057864,vpoDN,right,21602,acetylcholine,0
5813057867,KCa'b'-ap1,right,21603,dopamine,0
5813057869,KCg-m,right,21604,dopamine,0
5813057881,LHPD4d2_b,right,21605,glutamate,1
5813057923,LHAV2a5_a,right,21606,acetylcholine,0
5813057933,SMP378,right,21607,acetylcholine,0
5813057942,KCa'b'-m,right,21608,dopamine,0
5813057947,PAM08_a,left,21609,dopamine,0
5813057956,KCg-m,right,21610,dopamine,0
5813057959,KCg-d,right,21611,dopamine,0
5813057963,FB3B,right,21612,gaba,1
5813057973,SMP388,right,21613,dopamine,0
5813058008,SIP021,right,21614,glutamate,1
5813058028,LHPV4c1_c,right,21615,glutamate,1
5813058047,SIP003_b,right,21616,acetylcholine,0
5813058048,MBON29,right,21617,acetylcholine,0
5813058050,PPL102,right,21618,dopamine,0
5813058069,KCab-m,right,21619,dopamine,0
5813058085,ATL023,right,21620,glutamate,1
5813058104,AVLP238,right,21621,acetylcholine,0
5813058106,KCab-m,right,21622,dopamine,0
5813058137,LHAV4a1_c,right,21623,gaba,1
5813058163,KCa'b'-ap2,right,21624,dopamine,0
5813058195,FB2I_a,left,21625,glutamate,1
5813058215,KCa'b'-ap2,right,21626,dopamine,0
5813058222,SMP546,right,21627,acetylcholine,0
5813058224,IB029,right,21628,acetylcholine,0
5813058229,SMP461,right,21629,acetylcholine,0
5813058258,AVLP473,left,21630,,0
5813058272,SIP024,right,21631,acetylcholine,0
5813058307,LC10,noside,21632,glutamate,1
5813058310,SMP212,right,21633,glutamate,1
5813058316,CRE043_b,left,21634,gaba,1
5813058319,CRE012,right,21635,gaba,1
5813058320,CRE005,right,21636,acetylcholine,0
5813058333,FB2K,right,21637,glutamate,1
5813058336,CL107,right,21638,acetylcholine,0
5813058338,FB8D,left,21639,glutamate,1
5813058342,PS002,right,21640,gaba,1
5813058350,AVLP496,right,21641,acetylcholine,0
5813058367,FB6I,left,21642,octopamine,0
5813058368,FB7A,left,21643,octopamine,0
5813058388,FC2B,right,21644,dopamine,0
5813058389,P6-8P9,right,21645,glutamate,1
5813058410,AVLP141,right,21646,acetylcholine,0
5813058416,PVLP004,right,21647,glutamate,1
5813058422,FB4N,left,21648,glutamate,1
5813058431,aMe12,right,21649,acetylcholine,0
5813058439,PLP188,right,21650,acetylcholine,0
5813058442,FB5N,left,21651,glutamate,1
5813058452,CRE106,left,21652,,0
5813058518,FC2C,right,21653,acetylcholine,0
5813059834,PEG,noside,21654,serotonin,0
5813059835,ER1_a,left,21655,gaba,1
5813059846,PS121,left,21656,acetylcholine,0
5813059875,FS2,right,21657,acetylcholine,0
5813059915,AVLP591,right,21658,acetylcholine,0
5813059951,KCa'b'-ap2,right,21659,dopamine,0
5813059997,IB103,left,21660,glutamate,1
5813060068,PPM1205,right,21661,serotonin,0
5813060163,LC17,noside,21662,gaba,1
5813060170,ORN_DM1,left,21663,serotonin,0
5813060176,AVLP377,right,21664,acetylcholine,0
5813060340,LC21,right,21665,acetylcholine,0
5813060361,ORN_VM5d,noside,21666,acetylcholine,0
5813060453,SAD040,right,21667,acetylcholine,0
5813060614,KCab-s,right,21668,dopamine,0
5813060643,KCab-p,right,21669,dopamine,0
5813060663,KCg-m,right,21670,dopamine,0
5813060697,SMP117_a,right,21671,glutamate,1
5813060701,FB5AA,right,21672,glutamate,1
5813060726,ExR5,right,21673,glutamate,1
5813060766,SLP326,right,21674,acetylcholine,0
5813060768,SMP600,right,21675,acetylcholine,0
5813060774,KCa'b'-ap2,right,21676,dopamine,0
5813060776,KCa'b'-ap2,right,21677,dopamine,0
5813060781,PLP001,right,21678,gaba,1
5813060787,FB2B_a,right,21679,octopamine,0
5813060798,KCg-m,right,21680,dopamine,0
5813060799,KCg-m,right,21681,dopamine,0
5813060811,KCg-m,right,21682,dopamine,0
5813060812,KCg-m,right,21683,dopamine,0
5813060817,PAM12,left,21684,dopamine,0
5813060834,LC9,noside,21685,acetylcholine,0
5813060840,LC28b,noside,21686,acetylcholine,0
5813060890,ORN_DM5,noside,21687,acetylcholine,0
5813060908,LLPC3,noside,21688,glutamate,1
5813060982,PS215,right,21689,acetylcholine,0
5813060993,SMP134,left,21690,glutamate,1
5813061016,PLP065,right,21691,acetylcholine,0
5813061024,VES067,right,21692,acetylcholine,0
5813061044,KCab-c,right,21693,dopamine,0
5813061049,PS034,right,21694,acetylcholine,0
5813061110,WED092,right,21695,acetylcholine,0
5813061112,PLP244,right,21696,octopamine,0
5813061114,ATL037,right,21697,glutamate,1
5813061116,FB2H_b,left,21698,glutamate,1
5813061126,PVLP070,right,21699,acetylcholine,0
5813061127,CL061,right,21700,acetylcholine,0
5813061177,FB6A,left,21701,octopamine,0
5813061197,LC4,noside,21702,acetylcholine,0
5813061200,WED181,right,21703,acetylcholine,0
5813061202,LAL132,right,21704,glutamate,1
5813061212,PAM08_e,left,21705,dopamine,0
5813061218,LT39,right,21706,gaba,1
5813061245,PVLP022,right,21707,gaba,1
5813061251,EPG,noside,21708,acetylcholine,0
5813061255,ORN_VA5,noside,21709,glutamate,1
5813061258,CRE102,left,21710,glutamate,1
5813061260,OA-VPM3,left,21711,octopamine,0
5813061299,AVLP183,right,21712,acetylcholine,0
5813061319,LPC1,noside,21713,acetylcholine,0
5813061371,LHPV6a6_b,right,21714,acetylcholine,0
5813061383,Delta7,right,21715,glutamate,1
5813061389,PI1_c,noside,21716,unknown,0
5813061392,DM1_lPN,left,21717,,0
5813061474,ORN_VM1,right,21718,acetylcholine,0
5813061495,FB6A,right,21719,octopamine,0
5813061512,MBON06,right,21720,glutamate,1
5813061530,LHAV4a5,right,21721,gaba,1
5813061538,MBON27,left,21722,acetylcholine,0
5813061541,FB4G,left,21723,glutamate,1
5813061560,PAM08_a,left,21724,dopamine,0
5813061564,LHAV2k2,right,21725,acetylcholine,0
5813061591,PVLP053,right,21726,acetylcholine,0
5813061597,KCa'b'-ap1,right,21727,dopamine,0
5813061625,KCab-m,right,21728,dopamine,0
5813061690,SLP059,right,21729,gaba,1
5813061722,hDeltaA,noside,21730,acetylcholine,0
5813061735,LC18,right,21731,acetylcholine,0
5813061760,AVLP424,right,21732,gaba,1
5813061805,PS209,right,21733,neither,0
5813061879,PAM14,right,21734,dopamine,0
5813061888,KCg-d,right,21735,dopamine,0
5813061934,SMP016_b,right,21736,acetylcholine,0
5813061974,SMP450,right,21737,glutamate,1
5813062009,LC9,noside,21738,acetylcholine,0
5813062036,WED077,right,21739,gaba,1
5813062050,CL090_d,right,21740,acetylcholine,0
5813062083,WED103,right,21741,glutamate,1
5813062096,LC22,right,21742,acetylcholine,0
5813062122,SAD008,right,21743,acetylcholine,0
5813062161,AVLP470,right,21744,acetylcholine,0
5813062184,ORN_DM4,left,21745,acetylcholine,0
5813062199,lLN1_c,right,21746,serotonin,0
5813062331,WEDPN14,right,21747,acetylcholine,0
5813062552,ATL006,right,21748,acetylcholine,0
5813062565,KCa'b'-ap1,right,21749,dopamine,0
5813062592,FB5V,left,21750,glutamate,1
5813062614,PLP155,right,21751,acetylcholine,0
5813062617,KCg-m,right,21752,dopamine,0
5813062631,KCg-m,right,21753,dopamine,0
5813062635,CL126,right,21754,glutamate,1
5813062637,KCg-m,right,21755,dopamine,0
5813062645,KCg-m,right,21756,dopamine,0
5813062647,FB4A,left,21757,glutamate,1
5813062649,CL255,right,21758,acetylcholine,0
5813062654,LC12,noside,21759,dopamine,0
5813062668,LT61,right,21760,acetylcholine,0
5813062698,PLP249,right,21761,gaba,1
5813062705,ORN_VA1v,noside,21762,acetylcholine,0
5813062722,LLPC2c,noside,21763,acetylcholine,0
5813062734,LLPC2c,noside,21764,glutamate,1
5813062759,LC15,right,21765,acetylcholine,0
5813062772,SLP265,right,21766,glutamate,1
5813062781,LHAD3a1,right,21767,acetylcholine,0
5813062805,PFR_a,noside,21768,dopamine,0
5813062830,KCab-c,right,21769,dopamine,0
5813062838,CRE022,left,21770,glutamate,1
5813062842,KCa'b'-m,right,21771,dopamine,0
5813062850,KCab-s,right,21772,dopamine,0
5813062858,FB1H,right,21773,dopamine,0
5813062862,KCg-m,right,21774,dopamine,0
5813062866,SIFa,noside,21775,octopamine,0
5813062871,PPM1202,right,21776,serotonin,0
5813062887,OCG01,noside,21777,glutamate,1
5813062942,PVLP004,right,21778,glutamate,1
5813063014,WED042,right,21779,acetylcholine,0
5813063019,LAL179,right,21780,acetylcholine,0
5813063087,PVLP014,right,21781,acetylcholine,0
5813063093,CL286,right,21782,acetylcholine,0
5813063137,SMP577,left,21783,dopamine,0
5813063140,KCa'b'-m,right,21784,dopamine,0
5813063150,aMe4,noside,21785,serotonin,0
5813063151,SMP217,right,21786,glutamate,1
5813063202,PS223,right,21787,acetylcholine,0
5813063216,SLP427,right,21788,acetylcholine,0
5813063224,KCa'b'-ap2,right,21789,dopamine,0
5813063229,KCab-s,right,21790,dopamine,0
5813063231,SAD024,right,21791,gaba,1
5813063239,VP5+Z_adPN,right,21792,acetylcholine,0
5813063280,PAM06_a,right,21793,dopamine,0
5813063375,hDeltaC,noside,21794,glutamate,1
5813063449,KCab-c,right,21795,dopamine,0
5813063527,KCa'b'-m,right,21796,dopamine,0
5813063587,pC1d,right,21797,acetylcholine,0
5813063829,CL356,right,21798,acetylcholine,0
5813063915,ATL028,right,21799,acetylcholine,0
5813064332,SMP201,right,21800,glutamate,1
5813064406,LHPV6k1,right,21801,glutamate,1
5813064407,LHPV4a2,right,21802,glutamate,1
5813064410,PLP030,right,21803,dopamine,0
5813064414,IB002,right,21804,glutamate,1
5813064427,KCa'b'-ap1,right,21805,dopamine,0
5813064478,SMP166,right,21806,gaba,1
5813064485,PS119,left,21807,acetylcholine,0
5813064789,LNd,right,21808,acetylcholine,0
5813064793,KCg-m,right,21809,dopamine,0
5813064828,SMP349,right,21810,dopamine,0
5813065004,FB4F_a,right,21811,glutamate,1
5813065110,OCG05,noside,21812,acetylcholine,0
5813065111,WED156,right,21813,acetylcholine,0
5813065148,AVLP346,right,21814,acetylcholine,0
5813065300,LAL136_a,right,21815,dopamine,0
5813065308,KCab-m,right,21816,dopamine,0
5813065321,PLP150,right,21817,acetylcholine,0
5813065332,IB076,left,21818,acetylcholine,0
5813065357,CL090_a,right,21819,acetylcholine,0
5813065365,FS1A,left,21820,dopamine,0
5813065443,KCab-s,right,21821,dopamine,0
5813065458,PVLP035,right,21822,gaba,1
5813065506,TuBu10,right,21823,acetylcholine,0
5813065519,CL249,right,21824,acetylcholine,0
5813066520,ORN_DM5,right,21825,,0
5813066684,v2LN5,right,21826,acetylcholine,0
5813066705,JO-A/B/C,noside,21827,,0
5813066748,AVLP360,right,21828,acetylcholine,0
5813066838,LAL102,right,21829,gaba,1
5813066988,HRN_VP1d,right,21830,acetylcholine,0
5813067019,WED118_a,right,21831,acetylcholine,0
5813067326,SLP351,right,21832,glutamate,1
5813067334,DNES2,right,21833,serotonin,0
5813067337,SLP346,right,21834,glutamate,1
5813067452,SMP509,right,21835,acetylcholine,0
5813067529,SLP240_b,right,21836,dopamine,0
5813067721,MBON14,left,21837,dopamine,0
5813067725,SLP202,right,21838,glutamate,1
5813067728,LHAD1b5,right,21839,acetylcholine,0
5813067732,AVLP470,right,21840,acetylcholine,0
5813067736,KCab-m,right,21841,dopamine,0
5813067761,KCab-m,right,21842,dopamine,0
5813067765,KCg-m,right,21843,dopamine,0
5813067769,LHAV6d1,right,21844,glutamate,1
5813067776,LHPV6f7,right,21845,acetylcholine,0
5813067779,KCab-s,right,21846,dopamine,0
5813067792,KCg-m,right,21847,dopamine,0
5813067793,KCg-m,right,21848,dopamine,0
5813067795,KCg-m,right,21849,dopamine,0
5813067817,KCg-m,right,21850,dopamine,0
5813067826,KCg-d,right,21851,dopamine,0
5813067833,KCg-m,right,21852,dopamine,0
5813067836,KCab-m,right,21853,dopamine,0
5813067839,CL210_b,right,21854,acetylcholine,0
5813067858,KCa'b'-ap2,right,21855,dopamine,0
5813067869,KCab-m,right,21856,dopamine,0
5813067886,CL313,right,21857,acetylcholine,0
5813067916,AVLP234,right,21858,acetylcholine,0
5813067943,LC9,noside,21859,acetylcholine,0
5813067945,LC9,noside,21860,acetylcholine,0
5813067961,vDeltaH,noside,21861,acetylcholine,0
5813067970,WED007,right,21862,acetylcholine,0
5813067984,PS221,right,21863,glutamate,1
5813068008,WED023,right,21864,gaba,1
5813068048,CL121,right,21865,gaba,1
5813068094,LC14,right,21866,unknown,0
5813068137,LLPC2c,noside,21867,acetylcholine,0
5813068147,LLPC2c,noside,21868,acetylcholine,0
5813068148,WED028,right,21869,gaba,1
5813068169,WED157,right,21870,acetylcholine,0
5813068174,SAD052,right,21871,acetylcholine,0
5813068224,ORN_VM4,noside,21872,acetylcholine,0
5813068239,LC17,noside,21873,dopamine,0
5813068272,PS241,right,21874,serotonin,0
5813068337,ORN_VA5,noside,21875,acetylcholine,0
5813068349,ORN_VM4,noside,21876,acetylcholine,0
5813068351,ORN_VL1,right,21877,acetylcholine,0
5813068406,JO-A/B/C,noside,21878,,0
5813068453,SMP287,left,21879,gaba,1
5813068484,aIPg4,right,21880,glutamate,1
5813068500,PLP052,right,21881,acetylcholine,0
5813068507,LHAV3b13,right,21882,acetylcholine,0
5813068559,AVLP396,right,21883,acetylcholine,0
5813068575,ATL008,left,21884,glutamate,1
5813068615,LC22,right,21885,acetylcholine,0
5813068669,LHCENT6,right,21886,gaba,1
5813068687,KCa'b'-m,right,21887,dopamine,0
5813068690,KCa'b'-m,right,21888,dopamine,0
5813068692,KCa'b'-ap2,right,21889,dopamine,0
5813068707,SMP026,right,21890,acetylcholine,0
5813068729,MBON14,right,21891,dopamine,0
5813068743,KCab-s,right,21892,dopamine,0
5813068748,LT42,right,21893,gaba,1
5813068752,KCa'b'-m,right,21894,dopamine,0
5813068769,CRE004,right,21895,acetylcholine,0
5813068792,CL086_c,right,21896,acetylcholine,0
5813068801,PLP015,right,21897,gaba,1
5813068804,AVLP451,right,21898,acetylcholine,0
5813068812,PS193,right,21899,glutamate,1
5813068840,DNp18,right,21900,acetylcholine,0
5813068915,NPFP1,left,21901,acetylcholine,0
5813068925,PVLP062,right,21902,acetylcholine,0
5813068964,CL089_b,right,21903,acetylcholine,0
5813068969,KCg-m,right,21904,dopamine,0
5813068978,LC14,right,21905,unknown,0
5813068984,KCa'b'-ap1,right,21906,dopamine,0
5813068997,ORN_VL1,right,21907,serotonin,0
5813069020,LT51,right,21908,glutamate,1
5813069046,LPLC1,right,21909,acetylcholine,0
5813069053,LC4,noside,21910,acetylcholine,0
5813069055,lLN1_b,right,21911,serotonin,0
5813069068,SAD021_a,right,21912,gaba,1
5813069072,SMP287,right,21913,gaba,1
5813069085,lLN2S,right,21914,serotonin,0
5813069087,AVLP244,right,21915,acetylcholine,0
5813069089,VL2a_adPN,right,21916,acetylcholine,0
5813069096,KCg-m,right,21917,dopamine,0
5813069102,CL282,right,21918,glutamate,1
5813069112,ORN_VC5,noside,21919,acetylcholine,0
5813069114,KCab-s,right,21920,dopamine,0
5813069140,AVLP127,right,21921,acetylcholine,0
5813069193,aMe19a,noside,21922,glutamate,1
5813069200,MC66,noside,21923,,0
5813069255,aMe14a,noside,21924,serotonin,0
5813069285,LHAV2k1,right,21925,acetylcholine,0
5813069320,AVLP274,right,21926,acetylcholine,0
5813069324,CL083,right,21927,acetylcholine,0
5813069331,FB6C_a,left,21928,octopamine,0
5813069337,CL103,right,21929,acetylcholine,0
5813069339,IbSpsP,noside,21930,glutamate,1
5813069348,ORN_VL2p,left,21931,acetylcholine,0
5813069377,LC4,noside,21932,acetylcholine,0
5813069379,KCa'b'-ap2,right,21933,dopamine,0
5813069385,KCa'b'-m,right,21934,dopamine,0
5813069447,VP2_l2PN,right,21935,acetylcholine,0
5813069449,CL253,right,21936,gaba,1
5813069462,AVLP064,right,21937,glutamate,1
5813069484,PS017,right,21938,neither,0
5813069489,AVLP299_b,right,21939,acetylcholine,0
5813069496,LAL084,right,21940,acetylcholine,0
5813069497,SMP254,right,21941,glutamate,1
5813069498,FB8F_b,right,21942,glutamate,1
5813069512,VES009,right,21943,acetylcholine,0
5813069523,PLP219,right,21944,acetylcholine,0
5813069528,LT51,right,21945,acetylcholine,0
5813069532,M_lvPNm34,right,21946,acetylcholine,0
5813069594,AVLP547,right,21947,gaba,1
5813069630,NPFL1-I,right,21948,octopamine,0
5813069636,SLP094,right,21949,glutamate,1
5813069640,SLP089,right,21950,glutamate,1
5813069648,LNd,right,21951,acetylcholine,0
5813069696,TuBu08,right,21952,acetylcholine,0
5813069792,KCg-m,right,21953,dopamine,0
5813069859,AstA1,right,21954,gaba,1
5813069942,ORN_VL1,right,21955,serotonin,0
5813069965,PAM05,left,21956,dopamine,0
5813069977,PAM08_c,left,21957,dopamine,0
5813069992,PLP203_b,right,21958,gaba,1
5813070019,AMMC-A1,right,21959,neither,0
5813070050,CL358,left,21960,serotonin,0
5813070070,CRE044,left,21961,gaba,1
5813070112,LHPV4a5_a,right,21962,glutamate,1
5813070171,AVLP248,right,21963,acetylcholine,0
5813070270,KCg-d,right,21964,dopamine,0
5813070362,AVLP269,right,21965,acetylcholine,0
5813070464,PFNp_b,noside,21966,octopamine,0
5813070465,PEN_b(PEN2),noside,21967,acetylcholine,0
5813070569,SMP013,right,21968,acetylcholine,0
5813070572,PVLP008_c,right,21969,glutamate,1
5813070581,KCg-m,right,21970,dopamine,0
5813070594,PS112,right,21971,glutamate,1
5813070613,AVLP099,right,21972,acetylcholine,0
5813070672,KCg-m,right,21973,dopamine,0
5813070872,DM6_adPN,right,21974,acetylcholine,0
5813070954,AVLP117,right,21975,acetylcholine,0
5813070991,CRE025,right,21976,glutamate,1
5813071020,FB5W,right,21977,glutamate,1
5813071027,FB6C_b,left,21978,octopamine,0
5813071028,FB7A,left,21979,octopamine,0
5813071068,SMP588,right,21980,dopamine,0
5813071078,SMP090,left,21981,glutamate,1
5813071231,hDeltaE,noside,21982,acetylcholine,0
5813071255,FB4D,left,21983,glutamate,1
5813071257,SMP442,right,21984,glutamate,1
5813071266,VES034_b,right,21985,gaba,1
5813071288,SMP297,right,21986,gaba,1
5813071289,SLP263,right,21987,glutamate,1
5813071292,PVLP116,right,21988,glutamate,1
5813071319,DN1pB,right,21989,glutamate,1
5813071320,AOTU046,right,21990,glutamate,1
5813071347,PLP160,right,21991,gaba,1
5813071348,PPL202,right,21992,dopamine,0
5813071354,CL080,right,21993,acetylcholine,0
5813071369,M_vPNml76,right,21994,gaba,1
5813071384,vLN26,right,21995,acetylcholine,0
5813071406,KCab-m,right,21996,dopamine,0
5813071409,M_vPNml66,right,21997,gaba,1
5813071475,FB7E,right,21998,glutamate,1
5813075020,MB-C1,right,21999,gaba,1
5813075024,VES063,right,22000,acetylcholine,0
5813075030,LAL041,right,22001,acetylcholine,0
5813075196,lLN2R_a,right,22002,serotonin,0
5813075410,PVLP008_c,right,22003,glutamate,1
5813075517,AVLP058,right,22004,glutamate,1
5813075524,AVLP005,right,22005,gaba,1
5813075607,LC4,noside,22006,acetylcholine,0
5813075613,vDeltaG,noside,22007,glutamate,1
5813075619,SLP393,right,22008,dopamine,0
5813075649,SLP146,right,22009,glutamate,1
5813075692,SMP390,right,22010,dopamine,0
5813075697,AVLP436,right,22011,acetylcholine,0
5813075713,SLP414,left,22012,glutamate,1
5813075715,aMe6c,noside,22013,gaba,1
5813075728,vDeltaE,noside,22014,glutamate,1
5813075748,FB4P_b,right,22015,glutamate,1
5813075753,ORN_VC5,noside,22016,acetylcholine,0
5813075754,LC28b,right,22017,acetylcholine,0
5813075792,LC21,right,22018,acetylcholine,0
5813075824,PAM09,right,22019,dopamine,0
5813075855,KCg-m,right,22020,dopamine,0
5813075875,SMP506,right,22021,acetylcholine,0
5813075909,SLP415,right,22022,glutamate,1
5813075931,SMP073,right,22023,glutamate,1
5813075932,SLP402,right,22024,glutamate,1
5813075998,hDeltaJ,noside,22025,dopamine,0
5813076017,MC61,noside,22026,serotonin,0
5813076043,FB5D,left,22027,glutamate,1
5813076272,WED119,right,22028,gaba,1
5813076338,PLP204,right,22029,gaba,1
5813076344,SAD045,right,22030,acetylcholine,0
5813076392,PLP187,right,22031,acetylcholine,0
5813076492,LC17,noside,22032,dopamine,0
5813076969,lLN2R_b,right,22033,serotonin,0
5813077121,ORN_VM4,noside,22034,acetylcholine,0
5813077405,DNd01,left,22035,gaba,1
5813077469,SMP090,left,22036,glutamate,1
5813077488,SMP401,left,22037,glutamate,1
5813077544,EPG,noside,22038,glutamate,1
5813077556,ER2_b,right,22039,gaba,1
5813077562,LHPV5i1,right,22040,acetylcholine,0
5813077567,SLP416,right,22041,glutamate,1
5813077572,KCg-m,right,22042,dopamine,0
5813077575,KCg-d,right,22043,dopamine,0
5813077579,KCa'b'-ap2,right,22044,dopamine,0
5813077582,KCa'b'-ap2,right,22045,dopamine,0
5813077583,KCa'b'-ap2,right,22046,dopamine,0
5813077589,KCab-p,right,22047,dopamine,0
5813077607,KCg-d,right,22048,dopamine,0
5813077610,KCg-m,right,22049,dopamine,0
5813077611,KCg-m,right,22050,dopamine,0
5813077613,KCg-m,right,22051,dopamine,0
5813077616,KCab-s,right,22052,dopamine,0
5813077633,AVLP479,right,22053,gaba,1
5813077655,LC14,right,22054,dopamine,0
5813077658,LC9,right,22055,acetylcholine,0
5813077663,LC9,noside,22056,acetylcholine,0
5813077698,PFNp_b,noside,22057,glutamate,1
5813077718,LLPC2c,noside,22058,acetylcholine,0
5813077729,PS118,right,22059,glutamate,1
5813077757,ORN_VL2a,right,22060,acetylcholine,0
5813077779,ORN_VA7m,noside,22061,acetylcholine,0
5813077788,VP2+Z_lvPN,right,22062,acetylcholine,0
5813077798,ORN_VA1v,noside,22063,acetylcholine,0
5813077810,VL2a_vPN,right,22064,gaba,1
5813077826,ORN_VC1,right,22065,acetylcholine,0
5813077829,ORN_VL1,right,22066,serotonin,0
5813077853,ORN_VM4,noside,22067,acetylcholine,0
5813077891,SMP486_d,right,22068,acetylcholine,0
5813077898,LHAV6a1_b,right,22069,acetylcholine,0
5813077945,SMP543,left,22070,gaba,1
5813077950,AVLP472,right,22071,acetylcholine,0
5813078004,WED106,right,22072,gaba,1
5813078053,KCab-s,right,22073,dopamine,0
5813078060,AVLP565,right,22074,acetylcholine,0
5813078062,SLP456,right,22075,acetylcholine,0
5813078064,KCa'b'-m,right,22076,dopamine,0
5813078068,ATL015,right,22077,acetylcholine,0
5813078074,SMP585,right,22078,neither,0
5813078086,PS021,right,22079,acetylcholine,0
5813078088,PS168,right,22080,acetylcholine,0
5813078095,aMe17a,noside,22081,acetylcholine,0
5813078107,PS131,left,22082,glutamate,1
5813078133,v2LN33,right,22083,gaba,1
5813078134,DNp15,right,22084,neither,0
5813078176,AVLP482,right,22085,gaba,1
5813078179,KCa'b'-ap2,right,22086,dopamine,0
5813078183,LC13,noside,22087,acetylcholine,0
5813078186,WED136,right,22088,acetylcholine,0
5813078194,LHAV3e1,right,22089,acetylcholine,0
5813078199,PS223,right,22090,glutamate,1
5813078215,LPC1,noside,22091,acetylcholine,0
5813078220,PS061,right,22092,neither,0
5813078261,LT53,right,22093,acetylcholine,0
5813078300,SMP304,right,22094,gaba,1
5813078323,KCa'b'-ap1,right,22095,dopamine,0
5813078340,SIP001,right,22096,acetylcholine,0
5813078350,AOTU002_a,right,22097,acetylcholine,0
5813078352,PS133,right,22098,serotonin,0
5813078438,LAL183,right,22099,acetylcholine,0
5813078440,lLN1_b,right,22100,serotonin,0
5813078454,H2,left,22101,glutamate,1
5813078487,SMP209,right,22102,glutamate,1
5813078494,PLP010,right,22103,glutamate,1
5813078497,SLP137,right,22104,glutamate,1
5813078499,KCa'b'-m,right,22105,dopamine,0
5813078504,SIP070,right,22106,dopamine,0
5813078507,KCab-s,right,22107,dopamine,0
5813078518,IB099,left,22108,glutamate,1
5813078542,SLP441,right,22109,acetylcholine,0
5813078550,FB2G_a,left,22110,glutamate,1
5813078552,KCab-s,right,22111,dopamine,0
5813078557,aMe13,right,22112,acetylcholine,0
5813078563,FB2H_a,right,22113,glutamate,1
5813078571,LAL134,left,22114,gaba,1
5813078595,CL357,left,22115,serotonin,0
5813078599,ORN_VC5,noside,22116,acetylcholine,0
5813078603,5-HTPMPV01,right,22117,serotonin,0
5813078621,AOTU035,left,22118,glutamate,1
5813078641,PLP162,right,22119,acetylcholine,0
5813078658,LC15,noside,22120,acetylcholine,0
5813078679,KCa'b'-ap1,right,22121,dopamine,0
5813078684,KCg-d,right,22122,dopamine,0
5813078708,ATL021,right,22123,glutamate,1
5813078739,SIP002,right,22124,acetylcholine,0
5813078988,vDeltaL,noside,22125,glutamate,1
5813079014,LC10,noside,22126,acetylcholine,0
5813079050,KCg-m,right,22127,dopamine,0
5813079174,KCab-m,right,22128,dopamine,0
5813079177,PS263,right,22129,acetylcholine,0
5813079192,LAL185,right,22130,acetylcholine,0
5813079193,FB4P_b,right,22131,glutamate,1
5813079228,M_lvPNm30,right,22132,acetylcholine,0
5813079244,LHAV7a3_b,right,22133,glutamate,1
5813079288,PVLP114,right,22134,acetylcholine,0
5813079341,FS4A,right,22135,acetylcholine,0
5813079417,CL251,left,22136,dopamine,0
5813079425,LAL079,right,22137,gaba,1
5813079452,SMP107,right,22138,glutamate,1
5813079489,KCg-m,right,22139,dopamine,0
5813079584,PVLP005,right,22140,glutamate,1
5813079585,LC14,right,22141,acetylcholine,0
5813080254,KCab-m,right,22142,dopamine,0
5813080260,AVLP153,right,22143,acetylcholine,0
5813080269,ER3a_a,left,22144,gaba,1
5813080272,ER3d_d,left,22145,gaba,1
5813080282,AVLP404,right,22146,acetylcholine,0
5813080343,KCab-m,right,22147,dopamine,0
5813080632,FC1B,right,22148,glutamate,1
5813080766,KCg-m,right,22149,dopamine,0
5813080768,SMP544,left,22150,gaba,1
5813080769,CRE031,right,22151,glutamate,1
5813080804,FC1D,left,22152,glutamate,1
5813080838,EPG,noside,22153,glutamate,1
5813080979,PEN_a(PEN1),noside,22154,acetylcholine,0
5813081174,KCg-m,right,22155,dopamine,0
5813081175,KCg-d,right,22156,dopamine,0
5813081176,KCg-d,right,22157,dopamine,0
5813081484,WED055_b,right,22158,gaba,1
5813081494,PFR_b,noside,22159,acetylcholine,0
5813081511,KCab-c,right,22160,dopamine,0
5813081686,PFNa,noside,22161,acetylcholine,0
5813081797,KCab-s,right,22162,dopamine,0
5813081799,WED030,right,22163,gaba,1
5813081818,FB7K,right,22164,glutamate,1
5813081845,LC10,noside,22165,acetylcholine,0
5813081849,SMP324,right,22166,dopamine,0
5813081864,FC2B,left,22167,dopamine,0
5813082111,LLPC2b,noside,22168,glutamate,1
5813082175,PAM12,left,22169,dopamine,0
5813082237,PS212,right,22170,acetylcholine,0
5813082239,VES005,right,22171,acetylcholine,0
5813082276,LAL162,right,22172,acetylcholine,0
5813082314,WED043,right,22173,acetylcholine,0
5813082459,CRE054,right,22174,gaba,1
5813082471,CL350,left,22175,glutamate,1
5813082481,SA2_b,left,22176,acetylcholine,0
5813082722,CRE021,left,22177,gaba,1
5813082723,CRE006,left,22178,glutamate,1
5813082780,SMP024,right,22179,glutamate,1
5813082781,AVLP301,right,22180,acetylcholine,0
5813082811,KCab-s,right,22181,dopamine,0
5813082847,KCab-c,right,22182,dopamine,0
5813082859,WED110,right,22183,acetylcholine,0
5813082948,FS4A,left,22184,acetylcholine,0
5813082964,ORN_DL3,right,22185,serotonin,0
5813083316,SMP451,right,22186,glutamate,1
5813083325,IB054,right,22187,acetylcholine,0
5813083359,CL198_b,right,22188,glutamate,1
5813083386,ORN_DA1,left,22189,acetylcholine,0
5813083541,ORN_DM6,left,22190,acetylcholine,0
5813083651,KCg-d,right,22191,dopamine,0
5813083687,PS044,right,22192,acetylcholine,0
5813083717,LHPV5h4,right,22193,acetylcholine,0
5813083719,KCab-m,right,22194,dopamine,0
5813083723,M_l2PNm17,right,22195,acetylcholine,0
5813083733,SIP026,right,22196,glutamate,1
5813083766,PVLP140,right,22197,gaba,1
5813083779,CRE022,right,22198,glutamate,1
5813083780,SMP385,right,22199,dopamine,0
5813083922,aSP10C_a,right,22200,acetylcholine,0
5813083990,KCg-m,right,22201,dopamine,0
5813084505,KCa'b'-ap1,right,22202,dopamine,0
5813084692,KCg-m,right,22203,dopamine,0
5813085192,WED037,right,22204,glutamate,1
5813085201,LC29,right,22205,acetylcholine,0
5813085202,WED026,right,22206,gaba,1
5813085240,KCa'b'-ap2,right,22207,dopamine,0
5813085919,ORN_DM2,right,22208,acetylcholine,0
5813085995,SLP039,right,22209,acetylcholine,0
5813086212,KCab-c,right,22210,dopamine,0
5813086586,FB4R,left,22211,glutamate,1
5813087438,LHAV6b2_a,right,22212,acetylcholine,0
5813087453,KCab-m,right,22213,dopamine,0
5813087454,SLP104,right,22214,glutamate,1
5813087496,FC1B,left,22215,acetylcholine,0
5813087531,SMP223,right,22216,glutamate,1
5813087532,IbSpsP,noside,22217,glutamate,1
5813087551,LHPV6a4_c,right,22218,acetylcholine,0
5813087620,SMP575,right,22219,acetylcholine,0
5813087621,LHAV4j1,right,22220,gaba,1
5813087650,MC64,noside,22221,glutamate,1
5813087655,LHAV2c1,right,22222,acetylcholine,0
5813087776,SIP080,right,22223,,0
5813087798,KCg-m,right,22224,dopamine,0
5813087817,PAM12,right,22225,dopamine,0
5813087831,KCab-c,right,22226,dopamine,0
5813087837,FB4A,right,22227,glutamate,1
5813087839,aMe5,noside,22228,acetylcholine,0
5813087868,CL208,right,22229,acetylcholine,0
5813087891,SMP544,right,22230,gaba,1
5813087898,ORN_DM6,left,22231,serotonin,0
5813087952,LC10,noside,22232,acetylcholine,0
5813087991,SMP278,right,22233,glutamate,1
5813087996,LAL087,right,22234,glutamate,1
5813088058,KCab-s,right,22235,dopamine,0
5813088360,SMP603,right,22236,unknown,0
5813088391,SLP094,right,22237,glutamate,1
5813088412,SMP220,right,22238,glutamate,1
5813088415,WED035,right,22239,glutamate,1
5813088420,VES038,right,22240,gaba,1
5813088458,FB6R,left,22241,glutamate,1
5813088464,AVLP371,right,22242,acetylcholine,0
5813088549,PLP150,right,22243,acetylcholine,0
5813088641,FC2A,right,22244,dopamine,0
5813088707,hDeltaI,noside,22245,acetylcholine,0
5813088708,AVLP401,right,22246,acetylcholine,0
5813088712,FB4D,left,22247,glutamate,1
5813088767,KCab-s,right,22248,dopamine,0
5813088784,IB063,right,22249,acetylcholine,0
5813088801,SLP405_c,right,22250,acetylcholine,0
5813088896,AVLP548_b,right,22251,gaba,1
5813088921,LAL175,left,22252,acetylcholine,0
5813088939,FB6P,left,22253,glutamate,1
5813089157,SMP154,right,22254,dopamine,0
5813089348,ORN_DM4,left,22255,acetylcholine,0
5813089462,LLPC2c,noside,22256,acetylcholine,0
5813089487,mAL1,right,22257,glutamate,1
5813089504,LHPD2b1_a,right,22258,acetylcholine,0
5813089732,LC14,right,22259,acetylcholine,0
5813089803,CRE043_c,left,22260,gaba,1
5813089804,KCab-m,right,22261,dopamine,0
5813090253,LAL033,right,22262,acetylcholine,0
5813090530,LHPV2a1_e,right,22263,gaba,1
5813090556,CRE019,right,22264,dopamine,0
5813090605,KCab-m,right,22265,dopamine,0
5813090624,ORN_VC3m,right,22266,acetylcholine,0
5813090649,AVLP094,right,22267,gaba,1
5813090747,VES034_b,right,22268,gaba,1
5813090752,M_vPNml81,right,22269,gaba,1
5813090755,PLP054,right,22270,acetylcholine,0
5813090784,CL349,left,22271,glutamate,1
5813090856,LC6,noside,22272,acetylcholine,0
5813090861,KCab-m,right,22273,dopamine,0
5813090944,LHAV4h1,right,22274,gaba,1
5813090947,PAM06_a,left,22275,dopamine,0
5813090997,KCg-d,right,22276,dopamine,0
5813091021,KCa'b'-ap1,right,22277,dopamine,0
5813091079,PS254,right,22278,acetylcholine,0
5813091091,CL169,right,22279,acetylcholine,0
5813091211,KCab-s,right,22280,dopamine,0
5813091313,KCab-m,right,22281,dopamine,0
5813091420,PAM05,left,22282,dopamine,0
5813091680,FB6J,left,22283,glutamate,1
5813091744,KCab-p,right,22284,dopamine,0
5813091758,PAM06_a,left,22285,dopamine,0
5813092260,SIP076,right,22286,acetylcholine,0
5813092319,SMP346,right,22287,glutamate,1
5813092931,KCab-p,right,22288,dopamine,0
5813092990,SMP107,right,22289,glutamate,1
5813093014,KCg-m,right,22290,dopamine,0
5813093028,LHAV2b6,right,22291,acetylcholine,0
5813093111,KCa'b'-ap2,right,22292,dopamine,0
5813093171,PAM04_a,left,22293,dopamine,0
5813093544,KCab-m,right,22294,dopamine,0
5813093836,PLP071,right,22295,acetylcholine,0
5813093847,KCg-d,right,22296,dopamine,0
5813094364,KCg-m,right,22297,dopamine,0
5813094560,IB084,left,22298,acetylcholine,0
5813094592,LHPV5h1,right,22299,acetylcholine,0
5813094619,CRE055,right,22300,gaba,1
5813094683,AOTU013,right,22301,acetylcholine,0
5813094743,KCg-m,right,22302,dopamine,0
5813094802,AVLP262,right,22303,acetylcholine,0
5813094811,CRE103,right,22304,acetylcholine,0
5813094916,SMP221,right,22305,glutamate,1
5813095018,KCa'b'-ap2,right,22306,dopamine,0
5813095193,DNp16,right,22307,acetylcholine,0
5813095238,KCab-m,right,22308,dopamine,0
5813095395,LHAD1b1_b,right,22309,dopamine,0
5813095472,KCa'b'-m,right,22310,dopamine,0
5813095523,KCg-m,right,22311,dopamine,0
5813095599,WED090,right,22312,acetylcholine,0
5813095667,PFNm_a,noside,22313,acetylcholine,0
5813095915,KCg-m,right,22314,dopamine,0
5813096054,VES066,right,22315,glutamate,1
5813096129,LHAD1d2,right,22316,acetylcholine,0
5813096198,SMP018_b,right,22317,acetylcholine,0
5813096260,KCa'b'-ap2,right,22318,dopamine,0
5813096281,KCab-c,right,22319,dopamine,0
5813096321,CL282,right,22320,glutamate,1
5813096489,VES081,right,22321,acetylcholine,0
5813096528,KCg-d,right,22322,dopamine,0
5813096626,LC40a,right,22323,acetylcholine,0
5813096638,SMP428,right,22324,dopamine,0
5813096699,PAM15_a,right,22325,dopamine,0
5813096718,SIP040,right,22326,glutamate,1
5813096913,CL147,right,22327,glutamate,1
5813097020,LAL060,right,22328,gaba,1
5813097021,WED002,right,22329,acetylcholine,0
5813097073,LHAV3k4,right,22330,acetylcholine,0
5813097084,ORN_VA6,noside,22331,acetylcholine,0
5813097142,AOTU053,right,22332,gaba,1
5813097323,CL232,right,22333,glutamate,1
5813097582,SLP336,right,22334,glutamate,1
5813097604,vDeltaK,noside,22335,glutamate,1
5813097615,CL364,right,22336,glutamate,1
5813097632,SMP432_a,right,22337,acetylcholine,0
5813097634,AVLP496,right,22338,acetylcholine,0
5813097926,SMP265,right,22339,acetylcholine,0
5813098080,LHAV4a1_b,right,22340,gaba,1
5813098176,WED164,right,22341,acetylcholine,0
5813098195,PLP181,right,22342,glutamate,1
5813098223,CRE035,right,22343,glutamate,1
5813098282,CL340,left,22344,acetylcholine,0
5813098306,LHAV3b1_a,right,22345,acetylcholine,0
5813098364,PS056,right,22346,glutamate,1
5813098368,AVLP478,right,22347,gaba,1
5813098374,SMP215,right,22348,glutamate,1
5813098375,SLP347,right,22349,glutamate,1
5813098586,Li19,right,22350,gaba,1
5813098710,WED057,right,22351,gaba,1
5813098738,KCab-s,right,22352,dopamine,0
5813098776,PAM02,right,22353,dopamine,0
5813098975,aIPg3,right,22354,acetylcholine,0
5813099340,AVLP166,right,22355,acetylcholine,0
5813099399,KCg-m,right,22356,dopamine,0
5813099605,SLP093,right,22357,glutamate,1
5813099653,FC1C,right,22358,acetylcholine,0
5813099667,LHPD2a3,right,22359,glutamate,1
5813099783,KCab-m,right,22360,dopamine,0
5813100896,PAM12,right,22361,dopamine,0
5813101387,KCg-m,right,22362,dopamine,0
5813102390,v2LN2,right,22363,gaba,1
5813102642,KCg-m,right,22364,dopamine,0
5813102910,LC13,right,22365,acetylcholine,0
5813103626,FC2C,left,22366,acetylcholine,0
5813103786,SAD069,right,22367,acetylcholine,0
5813104095,KCg-m,right,22368,dopamine,0
5813104096,KCg-m,right,22369,dopamine,0
5813104106,MC61,noside,22370,acetylcholine,0
5813104190,LAL136_b,right,22371,acetylcholine,0
5813104472,WED081,left,22372,gaba,1
5813104563,SIP013,right,22373,glutamate,1
5813104761,SMP076,left,22374,gaba,1
5813104910,FC1E,right,22375,acetylcholine,0
5813105172,DPM,right,22376,dopamine,0
5813105722,LHAV2m1,right,22377,gaba,1
5813105726,SLP402,right,22378,glutamate,1
5813105778,LAL100,left,22379,gaba,1
5813106089,LHAV2k10_b,right,22380,acetylcholine,0
5813106192,KCab-m,right,22381,dopamine,0
5813106497,KCab-m,right,22382,dopamine,0
5813107136,JO-A/B/C,noside,22383,,0
5813107445,LC12,noside,22384,gaba,1
5813107946,PLP157,right,22385,glutamate,1
5813108066,FS4B,right,22386,acetylcholine,0
5813108084,LHPV4c1_c,right,22387,glutamate,1
5813108129,SMP358,right,22388,acetylcholine,0
5813108151,v2LN4,right,22389,unknown,0
5813108230,DNp16/17,right,22390,glutamate,1
5813108981,PS072,right,22391,glutamate,1
5813108983,AVLP290,right,22392,acetylcholine,0
5813109327,SMP386,left,22393,acetylcholine,0
5813109792,LHAV3c1,right,22394,glutamate,1
5813109913,KCab-s,right,22395,dopamine,0
5813109941,PAM07,right,22396,dopamine,0
5813109987,LC10,noside,22397,acetylcholine,0
5813110152,KCab-s,right,22398,dopamine,0
5813110223,PVLP004,right,22399,glutamate,1
5813110238,KCab-s,right,22400,dopamine,0
5813110459,KCa'b'-ap1,right,22401,dopamine,0
5813110639,KCg-m,right,22402,acetylcholine,0
5813110928,KCab-s,right,22403,dopamine,0
5813111042,KCa'b'-ap1,right,22404,dopamine,0
5813111271,SMP482,left,22405,acetylcholine,0
5813111272,CL236,left,22406,acetylcholine,0
5813111563,vDeltaH,noside,22407,dopamine,0
5813111606,SMP095,right,22408,glutamate,1
5813112511,KCa'b'-ap1,right,22409,dopamine,0
5813113782,KCab-m,right,22410,dopamine,0
5813114253,KCab-m,right,22411,dopamine,0
5813114700,KCab-p,right,22412,dopamine,0
5813114971,KCab-p,right,22413,dopamine,0
5813115583,PLP149,right,22414,gaba,1
5813115796,aSP-g2,right,22415,acetylcholine,0
5813117126,VES040,right,22416,acetylcholine,0
5813117385,MBON27,right,22417,acetylcholine,0
5813122799,PFNp_b,noside,22418,octopamine,0
5813123042,CRE039,right,22419,glutamate,1
5813123584,ATL022,right,22420,acetylcholine,0
5813123585,CRE010,right,22421,glutamate,1
5813123748,PS020,right,22422,acetylcholine,0
5813123804,AOTU036,right,22423,unknown,0
5813124162,SMP322,right,22424,dopamine,0
5813124740,PAM07,left,22425,dopamine,0
5813125248,ORN_VL2a,right,22426,acetylcholine,0
5813125985,PS018,right,22427,acetylcholine,0
5813126031,VES003,right,22428,glutamate,1
5813127030,PAM06_a,right,22429,dopamine,0
5813127091,FB9A,right,22430,glutamate,1
5813127522,PFNp_d,noside,22431,glutamate,1
5813127525,PFNp_b,noside,22432,acetylcholine,0
5813127581,PFNp_a,noside,22433,acetylcholine,0
5813127603,FB6M,left,22434,glutamate,1
5813128237,vDeltaA_b,noside,22435,glutamate,1
5813128240,PFNp_b,noside,22436,glutamate,1
5813128308,PFNp_a,noside,22437,glutamate,1
5813128313,FS4A,left,22438,acetylcholine,0
5813128323,vDeltaI,noside,22439,dopamine,0
5813128387,CL188,right,22440,glutamate,1
5813128416,PFNp_b,noside,22441,octopamine,0
5813128431,FS4B,left,22442,acetylcholine,0
5813128537,PFNm_b,noside,22443,acetylcholine,0
5813128542,vDeltaG,noside,22444,glutamate,1
5813128545,vDeltaB,noside,22445,dopamine,0
5813128857,KCab-c,right,22446,dopamine,0
5813129271,FC2C,left,22447,acetylcholine,0
5813129316,LHAV6a1_b,right,22448,acetylcholine,0
5813129400,LHPV5g2,right,22449,acetylcholine,0
5813129453,LHPD2a2,right,22450,acetylcholine,0
5813129572,SLP323,right,22451,acetylcholine,0
5813129573,SMP299,right,22452,gaba,1
5813129668,ORN_DM6,right,22453,acetylcholine,0
5813130028,SMP407,right,22454,acetylcholine,0
5813130063,SIP081,left,22455,acetylcholine,0
5813130064,lLN1_a,right,22456,serotonin,0
5813130156,LC15,noside,22457,acetylcholine,0
5813130229,PS005_f,right,22458,glutamate,1
5813130366,FS1A,right,22459,dopamine,0
5813131327,LC10,noside,22460,acetylcholine,0
5813132408,SLP050,right,22461,acetylcholine,0
5813132512,AVLP345,right,22462,acetylcholine,0
5813132515,SMP051,right,22463,acetylcholine,0
5813132553,PS008_b,left,22464,glutamate,1
5813132687,ORN_VA1v,noside,22465,serotonin,0
5813132919,ORN_DL1,left,22466,acetylcholine,0
5813132949,lLN2P_c,right,22467,serotonin,0
5813133134,SMP488,right,22468,acetylcholine,0
5813133142,vDeltaC,noside,22469,glutamate,1
5813133312,AVLP176_d,right,22470,acetylcholine,0
5813133404,ORN_DL3,right,22471,acetylcholine,0
5813133450,IB097,left,22472,glutamate,1
5813133463,CRE043_c,right,22473,gaba,1
5813133489,WEDPN8C,right,22474,acetylcholine,0
5813133658,WED169,right,22475,acetylcholine,0
5813133660,PS032,right,22476,acetylcholine,0
5813133775,LHAV4i1,right,22477,gaba,1
5813133779,LC16,noside,22478,acetylcholine,0
5813134052,SMP116,left,22479,glutamate,1
5813134055,CRE065,right,22480,acetylcholine,0
5813134294,SMP069,left,22481,glutamate,1
5813134617,LHPV6b1,right,22482,acetylcholine,0
5813134848,ORN_DA1,left,22483,acetylcholine,0
5901118329,AVLP465,right,22484,gaba,1
5901118359,LC10,noside,22485,acetylcholine,0
5901118375,CL273,right,22486,acetylcholine,0
5901118380,PS255,left,22487,acetylcholine,0
5901192948,CRE001,right,22488,acetylcholine,0
5901193171,PVLP147,right,22489,acetylcholine,0
5901193173,PS005_d,right,22490,glutamate,1
5901193389,AVLP313,right,22491,acetylcholine,0
5901193401,WED030,right,22492,gaba,1
5901193416,SLP092,right,22493,glutamate,1
5901193482,SLP416,right,22494,glutamate,1
5901193485,KCg-m,right,22495,dopamine,0
5901193506,ORN_DM3,left,22496,acetylcholine,0
5901193523,SIP085,right,22497,neither,0
5901193572,WED003,right,22498,acetylcholine,0
5901193642,LHAD1f3_a,right,22499,glutamate,1
5901193671,CRE080,right,22500,acetylcholine,0
5901193715,LHAD1i2_a,right,22501,acetylcholine,0
5901193719,MC64,noside,22502,acetylcholine,0
5901193720,LAL146,right,22503,glutamate,1
5901193721,IB097,right,22504,glutamate,1
5901193783,LHAV4g4_a,right,22505,gaba,1
5901193788,LHPV4b1_a,right,22506,glutamate,1
5901193890,SMP150,left,22507,glutamate,1
5901194027,LHAV3c3,right,22508,glutamate,1
5901194039,LHAV4g2,right,22509,gaba,1
5901194250,M_lvPNm37,right,22510,acetylcholine,0
5901194314,PLP172,right,22511,gaba,1
5901194395,LHAV4k2,right,22512,gaba,1
5901194556,M_lvPNm37,right,22513,acetylcholine,0
5901194603,AVLP137,right,22514,acetylcholine,0
5901194801,ORN_VM3,noside,22515,acetylcholine,0
5901194947,ORN_VM5d,noside,22516,acetylcholine,0
5901194966,lLN13,right,22517,gaba,1
5901195038,LHAV4a3_b,right,22518,gaba,1
5901195066,LHPV4d2,right,22519,glutamate,1
5901195077,SLP029,right,22520,glutamate,1
5901195292,AVLP293,right,22521,acetylcholine,0
5901195323,SLP112,right,22522,acetylcholine,0
5901195352,LHPV4b8,right,22523,glutamate,1
5901195359,LHAV5a2_c,right,22524,acetylcholine,0
5901195361,SLP268,right,22525,glutamate,1
5901195487,SLP188_b,right,22526,gaba,1
5901195496,LHAD1b5,right,22527,acetylcholine,0
5901195498,SMP125,left,22528,glutamate,1
5901195610,DM5_lPN,left,22529,,0
5901195740,SLP229,right,22530,acetylcholine,0
5901195761,SLP021,right,22531,glutamate,1
5901195764,ORN_DL4,left,22532,acetylcholine,0
5901195871,ORN_VM4,noside,22533,acetylcholine,0
5901195929,PS237,right,22534,acetylcholine,0
5901195945,SMP121,right,22535,glutamate,1
5901196109,IB036,right,22536,glutamate,1
5901196159,SMP453,right,22537,glutamate,1
5901196176,LHPV5b1,right,22538,acetylcholine,0
5901196318,SLP096,right,22539,glutamate,1
5901196319,SMP563,right,22540,acetylcholine,0
5901196628,SMP315,right,22541,dopamine,0
5901196806,v2LN3A,right,22542,acetylcholine,0
5901196897,ORN_VA1v,noside,22543,gaba,1
5901196898,LPLC4,right,22544,acetylcholine,0
5901196917,MC61,noside,22545,glutamate,1
5901196925,KCg-d,right,22546,dopamine,0
5901196932,LHAV3i1,right,22547,acetylcholine,0
5901197108,SIP053,right,22548,acetylcholine,0
5901197274,SMP528,left,22549,,0
5901197700,PLP153,right,22550,acetylcholine,0
5901197726,KCg-m,right,22551,dopamine,0
5901197739,ORN_VM4,noside,22552,serotonin,0
5901197740,LC45b,right,22553,acetylcholine,0
5901197773,LHAV4b3,right,22554,gaba,1
5901197989,lLN9,right,22555,gaba,1
5901198043,PS038,right,22556,acetylcholine,0
5901198074,KCg-m,right,22557,dopamine,0
5901198526,CL090_e,right,22558,acetylcholine,0
5901198734,v2LN34A,right,22559,acetylcholine,0
5901198995,ORN_DA2,noside,22560,acetylcholine,0
5901199037,Li18,right,22561,,0
5901199075,LC20,noside,22562,gaba,1
5901199267,LC20,noside,22563,acetylcholine,0
5901199543,ORN_VA1d,noside,22564,serotonin,0
5901199598,v2LN41,right,22565,acetylcholine,0
5901199735,ORN_DM2,noside,22566,,0
5901200000,ORN_VA4,noside,22567,acetylcholine,0
5901200623,ATL043,right,22568,dopamine,0
5901200775,LC28b,right,22569,acetylcholine,0
5901200903,SMP101,right,22570,glutamate,1
5901201372,ORN_DM3,left,22571,serotonin,0
5901201379,ORN_DA2,noside,22572,gaba,1
5901201383,SLP297,right,22573,glutamate,1
5901201585,ORN_DM5,right,22574,,0
5901201676,LAL005,right,22575,acetylcholine,0
5901201909,SLP013,right,22576,glutamate,1
5901202018,LC13,noside,22577,acetylcholine,0
5901202025,ORN_VC5,noside,22578,acetylcholine,0
5901202076,KCab-c,right,22579,dopamine,0
5901202102,KCg-m,right,22580,dopamine,0
5901202219,AVLP377,right,22581,acetylcholine,0
5901202409,ORN_DA2,noside,22582,acetylcholine,0
5901202488,PS079,right,22583,glutamate,1
5901202812,AVLP379,right,22584,acetylcholine,0
5901202939,HRN_VP4,left,22585,acetylcholine,0
5901202967,AVLP229,right,22586,acetylcholine,0
5901203099,LC12,noside,22587,gaba,1
5901203180,PS008_a,right,22588,glutamate,1
5901203462,AVLP228,right,22589,acetylcholine,0
5901203491,PLP115_b,right,22590,acetylcholine,0
5901203505,SLP212,right,22591,dopamine,0
5901203557,PLP064_b,right,22592,acetylcholine,0
5901203559,LHPV5b2_c,right,22593,acetylcholine,0
5901203642,LC12,right,22594,acetylcholine,0
5901203671,PS079,right,22595,glutamate,1
5901203684,SAD045,right,22596,acetylcholine,0
5901203780,LHAV4g11,right,22597,gaba,1
5901203878,ORN_VC5,noside,22598,acetylcholine,0
5901203887,WEDPN8A,right,22599,acetylcholine,0
5901203987,SIP046,right,22600,glutamate,1
5901204110,WED146,right,22601,acetylcholine,0
5901204334,ORN_DA1,left,22602,acetylcholine,0
5901204412,LC18,noside,22603,acetylcholine,0
5901204502,MC64,noside,22604,acetylcholine,0
5901204564,ORN_DA1,right,22605,acetylcholine,0
5901204637,ORN_DL3,right,22606,serotonin,0
5901204684,ORN_DL2v,right,22607,acetylcholine,0
5901204861,ORN_DL4,left,22608,serotonin,0
5901205003,LLPC2a,noside,22609,acetylcholine,0
5901205169,PVLP028,right,22610,gaba,1
5901205545,PAM05,left,22611,dopamine,0
5901205770,KCab-s,right,22612,dopamine,0
5901205778,PS235,right,22613,acetylcholine,0
5901205793,SLP464,right,22614,acetylcholine,0
5901206005,ORN_VA3,right,22615,,0
5901206094,ORN_DL3,left,22616,serotonin,0
5901206247,ORN_VM4,noside,22617,serotonin,0
5901206553,il3LN6,left,22618,serotonin,0
5901206814,ORN_DL4,left,22619,serotonin,0
5901207252,LC20,noside,22620,acetylcholine,0
5901207528,KCab-c,right,22621,dopamine,0
5901208044,LHAD3a3_a,right,22622,acetylcholine,0
5901208549,CL258,right,22623,acetylcholine,0
5901208658,LHCENT13_c,right,22624,gaba,1
5901208687,LHPV5g2,right,22625,acetylcholine,0
5901209981,ORN_VC5,noside,22626,acetylcholine,0
5901210109,MC61,noside,22627,acetylcholine,0
5901210175,ORN_DL4,right,22628,serotonin,0
5901210481,ORN_DA1,left,22629,acetylcholine,0
5901210546,ORN_VM3,right,22630,acetylcholine,0
5901211087,Li13,right,22631,gaba,1
5901211214,LC12,noside,22632,dopamine,0
5901211896,WED092,left,22633,acetylcholine,0
5901211960,SLP352,right,22634,glutamate,1
5901212033,AVLP372,right,22635,acetylcholine,0
5901212200,PS053,right,22636,glutamate,1
5901212573,AVLP383,right,22637,acetylcholine,0
5901213440,CRE011,right,22638,acetylcholine,0
5901213494,SLP288,right,22639,glutamate,1
5901213624,SMP405,right,22640,dopamine,0
5901213720,WED163,right,22641,acetylcholine,0
5901213816,LHPV5j1,right,22642,acetylcholine,0
5901213819,CRE080,left,22643,acetylcholine,0
5901214312,Li18,right,22644,,0
5901214470,LPLC2,right,22645,dopamine,0
5901214610,CL069,right,22646,acetylcholine,0
5901214649,LC10,noside,22647,acetylcholine,0
5901214683,AVLP135,right,22648,acetylcholine,0
5901214746,MC64,noside,22649,glutamate,1
5901214760,PS285,left,22650,glutamate,1
5901214960,AVLP199,right,22651,acetylcholine,0
5901214983,AVLP380,right,22652,acetylcholine,0
5901215173,ORN_VA4,noside,22653,acetylcholine,0
5901215214,SLP433,right,22654,acetylcholine,0
5901215396,WED040_b,right,22655,glutamate,1
5901215422,WED024,right,22656,gaba,1
5901215446,LC4,noside,22657,acetylcholine,0
5901215703,PS038,right,22658,acetylcholine,0
5901215776,AVLP394,right,22659,gaba,1
5901215966,SMP400,left,22660,glutamate,1
5901216375,PS145,right,22661,glutamate,1
5901217539,LC34,right,22662,acetylcholine,0
5901217847,Li13,right,22663,gaba,1
5901217908,IB043,left,22664,gaba,1
5901218894,lLN2F_a,right,22665,serotonin,0
5901218930,CRE043_a,right,22666,gaba,1
5901218998,AVLP112,right,22667,acetylcholine,0
5901219012,AVLP383,right,22668,acetylcholine,0
5901219179,LHAV3c4,right,22669,glutamate,1
5901219180,AVLP286,right,22670,acetylcholine,0
5901219320,AVLP299_b,right,22671,acetylcholine,0
5901219475,WED109,right,22672,acetylcholine,0
5901221329,ORN_VL2p,right,22673,acetylcholine,0
5901221363,SMP310,right,22674,gaba,1
5901221584,LAL137,right,22675,acetylcholine,0
5901221890,SLP422,right,22676,dopamine,0
5901222244,LAL033,right,22677,acetylcholine,0
5901222683,CL151,right,22678,acetylcholine,0
5901222731,VP1d+VP4_l2PN2,right,22679,acetylcholine,0
5901222742,aMe6b,noside,22680,acetylcholine,0
5901222910,DM2_lPN,right,22681,acetylcholine,0
5901224041,SLP424,right,22682,acetylcholine,0
5901224667,MC61,noside,22683,serotonin,0
5901224672,AVLP355,right,22684,acetylcholine,0
5901225222,AVLP359,right,22685,acetylcholine,0
5901225358,AVLP534,right,22686,acetylcholine,0
5901225361,KCg-m,right,22687,dopamine,0
5901225612,vDeltaC,noside,22688,dopamine,0
5901226003,LAL059,right,22689,gaba,1
5901226269,LPLC2,noside,22690,acetylcholine,0
5901227188,WED032,right,22691,gaba,1
5901227537,SIP027,right,22692,gaba,1
5901230624,PS087,right,22693,glutamate,1
5901230686,IB099,left,22694,glutamate,1
5901232053,SMP272,left,22695,dopamine,0
6400000773,SMP411,right,22696,dopamine,0
7112579848,SLP169,right,22697,acetylcholine,0
7112579856,LC20,noside,22698,glutamate,1
7112613444,ORN_VL1,right,22699,serotonin,0
7112615127,AVLP335,right,22700,acetylcholine,0
7112617294,AVLP331,right,22701,acetylcholine,0
7112622044,LAL137,left,22702,acetylcholine,0
